Record_ID,Date,Marketing_Spend,Website_Visits,Unique_Visitors,Conversion_Rate,Average_Order_Value,Orders,Returning_Customer_Rate,Discount_Rate,Ad_Clicks,Email_Campaigns,Mobile_Traffic_Percent,Customer_Rating,Return_Rate,Shipping_Delay_Days,Product_Availability,Competitor_Price_Index,Seasonality_Index,Economic_Index,Sales_Channel,Region,Revenue
REC004084,2022-01-01,222.36,912,624,2.14,38.93,132,48.91,0,161,8,74.27,3.98,8.67,2,84.26,97.22,1.125,98.4,Mobile App,East,7331.58
REC001825,2022-01-01,142.37,880,623,3.9,11.97,119,53.31,20,185,12,64.79,3.59,8.84,1,92.39,96.51,0.974,90.75,Marketplace,North,1688.17
REC005875,2022-01-01,176.37,908,640,3.29,29.93,111,24.14,20,196,2,51.23,4.69,5.8,1,84.94,94.7,1.063,96.73,Website,North,3535.34
REC002455,2022-01-01,282.25,840,654,4.19,50.39,112,39.29,0,188,8,79.53,4.65,9.36,0,98.62,93.98,0.973,102.19,Website,South,7489.14
REC004938,2022-01-02,191.24,928,646,3.41,35.08,119,51.72,15,161,8,60.31,3.16,7.49,1,93.02,99.23,0.955,100.73,Website,Central,5053.11
REC004725,2022-01-02,95.76,899,616,2.76,40.6,112,19.6,0,182,1,58.1,4.46,11.23,1,95.32,108.05,1.139,93.55,Marketplace,North,5253.36
REC001502,2022-01-02,115.13,887,627,2.98,48.17,112,31.07,25,171,9,40.24,5.0,12.68,1,94.11,103.75,1.069,92.72,Website,East,6436.92
REC000309,2022-01-02,63.16,914,657,4.03,22.07,106,43.08,20,196,4,66.2,4.06,11.85,2,88.16,109.01,0.799,89.88,Mobile App,West,2589.84
REC004586,2022-01-02,268.74,892,571,4.18,21.77,131,44.07,10,171,12,51.75,4.94,6.58,0,92.68,110.61,0.955,98.61,Website,East,3460.64
REC002533,2022-01-02,192.66,910,606,3.36,44.89,117,52.54,10,172,6,62.43,3.07,7.39,3,100.0,110.38,0.97,102.9,Mobile App,South,6732.63
REC001085,2022-01-03,129.46,868,630,5.74,18.79,124,51.39,10,195,4,55.24,5.0,9.1,2,85.69,98.91,1.111,101.53,Marketplace,North,3273.65
REC003879,2022-01-03,184.48,923,658,4.83,12.93,108,49.05,20,200,7,46.28,3.82,2.9,1,87.96,118.1,1.065,107.33,Website,East,1787.28
REC001151,2022-01-03,152.98,903,643,2.03,89.68,118,44.05,30,206,11,66.27,4.11,12.27,1,94.03,111.06,0.983,101.38,Marketplace,North,9754.87
REC000026,2022-01-03,222.77,892,631,5.39,68.34,125,26.29,0,203,9,60.08,4.48,7.14,2,92.94,99.54,0.872,91.32,Website,West,10616.85
REC001347,2022-01-04,436.74,901,654,2.83,78.64,132,43.11,15,199,15,57.49,3.81,7.37,1,89.4,112.66,1.103,101.98,Website,South,12786.49
REC000720,2022-01-04,88.58,887,649,5.46,35.05,101,24.23,15,203,9,46.92,3.85,8.39,5,89.67,95.55,1.302,101.77,Website,East,4365.24
REC000086,2022-01-04,74.23,902,631,4.16,67.54,126,23.58,10,179,2,44.56,3.81,9.89,0,89.43,92.24,0.956,101.62,Mobile App,East,9736.59
REC001572,2022-01-04,192.98,903,649,4.12,59.37,121,24.4,20,211,5,58.07,4.12,10.13,0,94.11,86.52,0.813,99.65,Website,South,7290.52
REC000989,2022-01-05,340.15,931,594,4.97,60.16,106,44.21,0,205,5,50.17,4.91,10.38,2,91.45,103.31,1.332,92.38,Website,Central,8579.23
REC004189,2022-01-05,95.15,903,636,4.25,27.37,130,38.57,5,161,4,47.2,4.47,10.51,1,74.88,107.74,1.017,103.4,Mobile App,South,3429.57
REC002658,2022-01-05,220.64,898,630,4.31,42.16,130,37.67,25,177,7,52.57,3.66,4.72,0,94.74,108.1,0.914,97.4,Website,Central,6219.07
REC000850,2022-01-05,55.28,918,627,4.13,29.82,112,42.81,10,203,0,64.89,3.36,5.37,2,98.35,107.86,1.138,102.95,Mobile App,South,3902.76
REC004025,2022-01-06,65.09,889,639,4.31,61.77,114,26.99,10,180,11,48.87,4.23,11.37,2,89.44,116.51,1.187,98.54,Website,South,9409.9
REC005274,2022-01-06,250.19,934,655,4.37,19.45,116,44.07,15,191,3,50.64,3.75,8.41,1,94.87,95.5,1.274,100.56,Website,Central,3799.58
REC002418,2022-01-06,76.39,921,586,5.07,33.86,93,36.41,15,187,0,69.06,3.66,13.27,1,95.77,88.99,1.132,104.4,Mobile App,South,4390.87
REC003152,2022-01-06,88.78,946,673,3.19,36.7,137,44.57,20,202,9,49.32,4.52,1.78,1,80.18,96.48,0.869,88.96,Mobile App,South,5247.54
REC001822,2022-01-07,179.12,850,654,3.08,28.21,120,38.43,15,174,10,60.79,4.76,1.94,6,95.14,99.54,0.784,105.59,Website,North,3060.42
REC003187,2022-01-07,165.46,887,595,3.09,39.05,104,40.21,5,224,15,50.35,4.21,9.16,3,82.08,81.96,1.07,105.21,Mobile App,West,5398.99
REC000582,2022-01-07,190.68,884,651,3.56,18.11,110,50.32,5,194,10,50.88,3.99,8.63,1,89.26,81.73,1.002,111.91,Mobile App,West,2688.53
REC001785,2022-01-07,31.61,878,633,4.21,23.66,103,28.81,15,203,0,55.27,4.04,11.29,1,90.05,88.95,0.902,108.52,Mobile App,South,2605.15
REC004699,2022-01-08,274.52,921,637,2.51,21.52,117,38.72,25,215,1,77.12,3.2,9.57,4,91.37,105.59,1.279,97.5,Website,Central,3729.57
REC002936,2022-01-08,145.66,916,678,4.05,68.58,109,45.96,5,206,12,72.72,4.34,8.27,1,100.0,111.8,1.012,101.57,Mobile App,North,12808.69
REC005717,2022-01-08,347.79,880,638,3.39,42.03,129,34.26,20,189,9,55.62,4.43,5.91,2,87.66,120.6,0.966,103.55,Mobile App,West,5994.49
REC005704,2022-01-08,60.64,879,634,4.68,85.35,116,40.12,5,211,6,59.73,4.83,12.08,1,93.2,112.39,1.15,100.62,Mobile App,East,13561.55
REC002045,2022-01-08,160.44,936,636,1.85,28.22,120,56.05,10,207,0,72.32,3.88,10.25,0,93.3,100.36,1.317,106.62,Marketplace,Central,4440.33
REC001178,2022-01-09,225.33,908,632,3.77,60.41,111,12.32,25,185,8,67.71,3.58,11.08,2,91.69,97.18,1.028,96.18,Website,East,7109.06
REC000145,2022-01-09,260.05,926,627,5.41,28.29,130,34.81,0,160,7,70.05,3.39,4.58,2,95.3,92.53,1.265,90.5,Mobile App,South,6857.05
REC005361,2022-01-09,142.78,925,645,5.56,35.03,92,37.26,15,201,15,52.23,4.31,9.79,2,96.15,73.62,0.979,94.98,Mobile App,Central,3875.5
REC000540,2022-01-09,185.16,922,678,3.7,49.45,117,16.31,0,205,6,58.27,4.02,7.39,2,95.77,90.72,1.206,103.96,Marketplace,North,9020.37
REC005832,2022-01-09,138.66,890,638,3.16,26.72,114,30.74,10,222,9,47.55,4.38,12.88,2,88.42,118.34,1.229,104.37,Mobile App,Central,4011.44
REC000953,2022-01-10,122.16,921,635,5.15,39.8,111,32.43,0,215,10,63.28,3.84,9.76,3,94.53,116.14,0.947,85.55,Marketplace,East,5105.52
REC003554,2022-01-10,165.68,858,682,4.04,37.48,112,40.23,25,191,0,79.38,3.97,3.9,4,93.88,115.77,1.21,90.71,Mobile App,South,6248.38
REC003790,2022-01-10,127.59,856,644,4.57,31.09,117,31.09,20,180,0,44.23,4.06,11.0,4,88.64,96.31,1.173,101.22,Website,South,4372.89
REC003192,2022-01-11,63.45,917,639,1.01,19.53,96,36.61,25,182,14,63.2,3.94,7.65,3,90.81,94.83,1.305,98.07,Mobile App,West,3096.2
REC003700,2022-01-11,213.07,942,632,3.36,148.13,118,25.35,25,186,6,58.2,4.87,7.81,0,89.01,124.03,1.104,102.46,Mobile App,Central,23717.43
REC000808,2022-01-11,190.84,913,654,4.7,88.1,129,45.71,15,190,7,58.46,4.02,5.59,2,90.66,104.43,0.978,94.26,Website,East,12683.12
REC002116,2022-01-11,39.73,891,608,4.88,31.05,103,35.7,10,169,12,69.19,4.88,9.42,2,94.82,110.32,1.011,105.36,Website,North,4012.34
REC005744,2022-01-11,98.85,931,634,3.84,24.69,111,44.39,5,195,4,72.68,4.88,6.05,0,91.33,100.12,0.788,100.28,Marketplace,West,2421.18
REC001951,2022-01-12,106.23,926,660,5.56,54.04,120,33.73,20,195,8,31.48,3.27,5.22,1,79.92,102.89,0.845,90.32,Mobile App,West,6910.35
REC000731,2022-01-12,123.67,898,651,2.95,51.42,101,37.46,5,196,14,46.81,4.23,6.47,2,83.37,102.83,0.948,107.02,Marketplace,South,4579.91
REC004469,2022-01-12,156.07,889,683,4.89,25.68,108,45.25,15,196,1,59.27,3.2,6.59,2,86.81,99.75,0.797,99.85,Website,North,2919.52
REC005266,2022-01-13,459.66,916,613,4.56,51.67,106,33.27,15,178,6,32.92,3.06,5.69,1,100.0,72.35,1.107,95.59,Marketplace,East,7327.78
REC004357,2022-01-13,93.04,856,647,4.74,34.98,120,35.26,5,195,0,68.78,3.65,11.3,3,94.43,98.98,1.021,110.73,Mobile App,Central,4721.15
REC002252,2022-01-14,210.06,924,662,4.59,67.96,113,39.85,30,196,6,66.97,4.03,0.5,5,81.91,92.94,1.183,96.1,Mobile App,West,10617.47
REC005530,2022-01-14,326.35,971,630,3.02,73.14,118,68.96,5,194,15,38.55,4.54,13.13,4,100.0,102.17,1.034,107.13,Mobile App,East,13600.4
REC004621,2022-01-14,135.73,884,652,3.64,32.05,122,37.05,30,199,15,47.62,3.27,3.37,1,100.0,99.45,1.009,100.68,Website,South,4641.38
REC000334,2022-01-15,293.6,891,645,3.75,51.9,108,43.06,10,175,2,62.73,4.24,0.52,1,94.26,89.77,1.237,105.44,Website,East,10492.89
REC001671,2022-01-15,62.96,870,683,5.0,48.47,125,37.43,25,188,12,46.7,4.76,7.59,2,78.91,98.95,1.316,93.33,Mobile App,South,7918.38
REC002675,2022-01-15,326.55,891,612,3.2,30.49,115,63.29,15,171,5,71.25,4.25,6.89,2,82.62,115.81,1.025,102.18,Marketplace,East,3464.77
REC002181,2022-01-15,685.52,909,617,3.21,36.7,118,54.11,0,183,1,85.13,2.98,10.27,2,90.54,108.48,1.121,99.05,Website,East,5198.25
REC005539,2022-01-16,210.16,897,635,4.26,28.63,116,50.72,15,183,8,46.46,5.0,9.3,2,85.17,104.48,1.066,109.13,Mobile App,South,3908.49
REC000880,2022-01-17,102.43,927,647,1.56,72.77,134,36.25,5,185,11,62.08,3.33,7.04,1,89.22,90.17,0.935,106.93,Marketplace,Central,9567.51
REC004091,2022-01-17,151.92,884,619,4.01,25.02,130,35.35,30,181,5,54.99,4.63,4.41,2,100.0,104.01,0.827,101.53,Marketplace,South,3233.49
REC000395,2022-01-17,84.82,903,655,5.39,51.38,121,37.29,15,183,1,42.67,4.43,0.58,1,99.6,107.07,1.287,107.77,Marketplace,Central,9430.23
REC000108,2022-01-17,58.95,875,628,3.42,51.66,110,40.57,20,201,11,63.26,3.49,5.69,1,89.61,103.57,0.841,97.75,Mobile App,East,6169.33
REC004329,2022-01-18,68.26,895,638,4.57,8.39,112,37.6,0,179,4,90.0,3.75,6.08,0,78.74,84.69,1.25,105.4,Mobile App,Central,1216.3
REC000986,2022-01-18,26.56,886,644,4.61,22.89,106,42.9,10,189,2,77.99,4.69,6.63,0,87.1,106.74,0.981,105.79,Website,Central,2743.93
REC000700,2022-01-18,172.67,919,609,2.78,29.0,120,38.5,10,196,5,67.7,4.16,0.5,1,100.0,101.58,1.119,91.99,Mobile App,North,5899.75
REC002082,2022-01-18,319.14,886,616,4.73,17.43,109,41.05,10,204,14,65.26,2.54,8.97,1,76.52,98.27,0.834,102.0,Mobile App,South,1710.18
REC000754,2022-01-18,205.62,942,610,4.23,31.57,113,30.11,5,195,2,48.7,3.76,14.23,1,99.27,99.42,0.856,107.02,Mobile App,West,4733.58
REC000165,2022-01-18,126.14,881,585,3.41,61.83,117,43.83,30,168,3,52.11,4.2,5.52,3,96.24,83.81,1.227,109.4,Website,South,10265.67
REC004515,2022-01-18,100.47,883,600,1.43,35.78,109,43.62,10,207,10,59.29,3.7,5.79,0,90.55,111.57,0.751,91.35,Mobile App,East,4051.62
REC004926,2022-01-18,266.46,892,668,4.81,38.48,109,27.47,15,192,11,76.61,4.0,9.1,1,85.86,116.53,0.886,99.88,Mobile App,Central,4036.27
REC001600,2022-01-18,152.05,879,631,4.2,31.43,116,41.69,5,199,12,63.45,4.62,9.19,0,79.74,101.16,1.239,111.53,Website,East,4903.62
REC003431,2022-01-19,477.76,868,617,2.54,53.96,114,61.98,15,164,15,38.22,3.93,3.01,3,95.3,100.07,1.075,103.93,Website,Central,8093.97
REC003208,2022-01-19,102.98,889,619,2.9,62.27,107,51.06,0,194,15,33.49,3.85,4.85,1,91.3,109.81,1.345,99.93,Mobile App,East,12133.08
REC004341,2022-01-19,228.11,848,652,3.44,30.42,108,36.09,0,184,8,48.54,4.02,6.71,1,96.79,103.93,0.956,106.1,Mobile App,North,4302.88
REC005341,2022-01-20,126.34,844,693,4.48,29.46,130,37.42,10,197,15,48.43,3.59,11.1,2,92.61,99.31,1.216,96.34,Marketplace,West,5478.63
REC003411,2022-01-20,103.28,881,631,3.9,23.42,136,33.27,25,189,3,52.49,4.21,9.21,0,68.65,102.99,0.975,95.95,Marketplace,North,2694.43
REC001466,2022-01-20,97.07,914,604,3.04,18.38,104,37.45,15,195,14,42.89,4.21,8.26,1,91.91,86.24,0.952,103.03,Website,West,2450.66
REC002009,2022-01-20,114.66,923,615,4.32,55.87,115,35.51,15,181,12,47.98,4.31,1.2,3,100.0,79.28,1.229,103.41,Website,North,10001.88
REC001174,2022-01-20,122.35,920,639,3.55,50.18,140,29.84,20,217,9,86.37,4.03,2.93,4,76.89,97.24,0.928,98.41,Mobile App,North,6578.45
REC002664,2022-01-20,252.47,877,615,4.94,66.38,106,39.03,20,211,0,80.19,4.32,0.77,0,94.5,114.16,0.789,104.16,Website,South,7113.02
REC002739,2022-01-21,312.06,917,632,3.27,142.02,127,27.71,10,194,12,68.65,3.39,7.31,0,81.67,76.49,1.291,97.52,Mobile App,Central,28139.1
REC001749,2022-01-21,263.16,926,628,4.84,30.89,139,26.49,5,193,0,57.15,3.97,5.23,0,98.61,104.63,0.97,101.25,Marketplace,Central,4621.86
REC002345,2022-01-21,118.68,902,655,4.13,15.9,110,49.01,10,198,13,74.37,4.36,4.92,5,84.15,102.39,0.885,96.61,Marketplace,West,1689.32
REC004291,2022-01-21,139.76,916,618,2.88,23.0,125,33.83,15,183,10,58.33,4.46,3.28,4,93.83,118.33,1.204,93.02,Mobile App,Central,4232.83
REC004449,2022-01-22,637.02,909,658,4.84,25.38,105,26.99,10,209,0,59.3,3.63,7.08,1,94.0,100.55,1.301,98.21,Website,South,4989.97
REC005993,2022-01-23,332.25,891,637,2.15,98.95,108,47.35,25,195,15,72.93,4.73,12.43,2,89.62,107.19,1.144,97.41,Mobile App,South,14060.25
REC000704,2022-01-23,158.2,899,644,3.24,18.91,116,44.26,25,164,10,58.35,3.8,8.6,1,94.54,113.27,1.001,107.48,Marketplace,South,2564.25
REC004190,2022-01-23,356.66,928,646,3.63,41.17,108,30.18,5,212,12,37.84,3.6,3.81,2,91.77,103.96,1.209,96.42,Website,South,6796.85
REC000709,2022-01-23,181.55,902,651,2.87,103.48,112,33.26,25,182,3,68.29,3.64,7.43,1,92.13,97.12,0.758,97.97,Mobile App,South,10215.58
REC000601,2022-01-23,52.74,944,639,3.36,27.38,124,38.65,25,181,10,60.1,3.64,9.67,3,92.95,103.61,1.291,96.66,Website,North,5035.95
REC004259,2022-01-23,303.89,918,621,5.56,66.78,110,33.87,10,217,5,40.92,5.0,8.74,1,92.95,98.88,0.825,99.25,Website,Central,6899.94
REC001636,2022-01-24,461.46,926,654,4.35,44.24,110,49.41,10,183,15,56.32,3.64,10.55,2,88.1,110.92,0.901,107.57,Marketplace,West,4640.7
REC002446,2022-01-24,171.91,897,649,4.25,51.16,100,14.19,15,181,1,51.2,3.74,11.03,1,89.4,78.15,0.92,110.31,Website,East,5688.74
REC001968,2022-01-24,177.9,911,643,3.16,38.01,116,29.15,15,172,5,63.69,4.33,7.51,1,92.18,101.66,0.967,97.06,Mobile App,North,5917.45
REC004133,2022-01-24,275.26,908,627,3.31,27.31,97,50.39,10,200,6,67.45,4.69,5.75,1,100.0,90.68,1.314,95.48,Mobile App,Central,4649.24
REC000848,2022-01-24,371.51,913,655,3.64,16.77,116,37.44,15,191,5,54.13,4.22,2.72,1,84.88,108.18,0.774,108.49,Website,North,1990.82
REC001442,2022-01-24,255.58,920,607,6.28,35.53,135,58.36,10,196,15,46.23,3.36,5.78,0,84.76,93.41,0.958,100.31,Website,Central,5492.62
REC003971,2022-01-24,51.43,940,603,2.8,107.18,115,25.61,5,204,15,39.63,4.5,5.01,4,91.2,104.0,0.826,99.02,Website,East,10028.18
REC003625,2022-01-24,78.67,889,603,2.27,215.68,114,43.69,10,219,11,68.0,4.71,6.84,1,100.0,99.66,0.814,99.39,Website,East,24007.36
REC000478,2022-01-25,62.66,899,623,5.39,28.72,102,28.47,5,198,9,59.53,3.45,6.73,2,85.67,95.15,0.969,102.84,Marketplace,South,3241.04
REC002397,2022-01-25,118.83,890,656,2.99,27.23,131,65.06,0,181,7,63.08,3.79,4.21,2,81.81,84.49,1.339,102.65,Mobile App,South,5031.87
REC004463,2022-01-25,437.88,900,629,2.45,41.4,121,45.34,10,213,13,54.23,3.88,11.59,1,83.36,117.98,1.06,103.04,Website,East,6010.5
REC004879,2022-01-26,68.17,918,601,4.09,73.65,87,26.43,5,196,5,62.43,3.89,4.6,4,96.16,99.21,0.766,96.01,Mobile App,North,7353.02
REC005448,2022-01-26,252.94,881,679,6.19,29.98,108,31.83,10,195,7,58.62,3.15,5.65,3,97.93,100.94,0.964,96.71,Mobile App,South,4448.42
REC000314,2022-01-26,72.54,879,671,5.11,74.35,101,38.68,5,185,7,70.58,4.77,5.94,2,87.91,91.55,0.828,109.41,Marketplace,West,6986.19
REC000726,2022-01-27,136.16,880,644,3.39,42.71,130,26.06,20,204,10,60.43,3.81,6.88,1,77.86,115.35,1.128,103.76,Mobile App,Central,6495.69
REC002276,2022-01-27,144.65,896,666,3.48,11.62,140,32.04,15,195,14,61.79,3.89,6.99,2,86.95,114.88,1.2,105.02,Mobile App,East,2406.35
REC003800,2022-01-28,139.87,870,665,4.79,64.32,96,34.29,10,176,3,61.71,3.28,11.69,1,92.08,94.85,0.861,101.47,Website,East,5926.65
REC000835,2022-01-28,223.36,928,628,4.96,95.13,110,35.57,15,190,1,71.96,4.84,6.69,3,99.29,92.54,1.002,103.54,Website,North,15382.71
REC001143,2022-01-28,96.17,931,631,3.96,49.05,112,26.16,20,197,9,60.68,3.5,1.92,1,100.0,109.64,0.758,99.81,Website,East,5099.42
REC001355,2022-01-28,82.78,911,658,4.22,56.26,125,50.95,25,192,12,63.88,3.81,10.06,1,93.69,103.9,0.853,101.67,Mobile App,East,7681.31
REC005934,2022-01-29,207.23,899,639,2.47,72.1,111,14.72,20,188,1,51.9,4.75,10.37,1,94.24,84.46,1.257,94.08,Website,South,11085.38
REC003094,2022-01-29,327.98,893,605,4.63,89.26,139,17.6,10,184,14,44.0,4.12,11.12,1,86.33,88.86,1.103,99.29,Marketplace,East,12781.2
REC002442,2022-01-29,332.29,871,589,3.24,43.43,106,52.35,20,168,5,45.3,4.22,9.95,3,100.0,95.41,0.779,98.97,Website,East,5023.36
REC005981,2022-01-29,305.93,939,615,3.47,85.14,118,37.25,10,176,7,52.39,4.93,10.36,1,97.12,102.34,1.098,108.97,Website,West,14825.15
REC003653,2022-01-30,506.07,917,641,5.19,36.42,121,59.37,10,186,5,48.02,4.87,8.76,1,86.51,100.53,1.294,93.25,Mobile App,Central,7266.13
REC003556,2022-01-30,139.39,872,620,3.11,21.35,119,56.7,15,201,10,70.19,4.52,8.25,0,100.0,104.6,1.05,105.96,Website,South,3392.0
REC004658,2022-01-30,151.86,921,627,3.11,70.57,113,40.91,15,194,4,43.83,3.77,4.25,1,79.33,86.45,1.101,97.87,Mobile App,West,10440.03
REC000477,2022-01-30,219.12,867,644,3.01,15.58,117,40.41,10,178,4,69.55,4.75,6.02,1,85.9,109.51,0.88,99.41,Website,Central,1678.19
REC001827,2022-01-30,176.77,883,656,3.41,83.21,119,52.59,10,196,15,58.84,4.13,13.46,0,93.25,106.16,1.061,108.56,Website,Central,11927.84
REC005625,2022-01-31,606.78,920,593,5.09,50.46,101,57.69,0,177,9,34.4,4.37,4.93,1,85.29,106.36,1.247,105.27,Website,West,9473.59
REC002176,2022-01-31,238.22,869,677,3.75,17.75,116,52.93,10,176,15,64.56,4.24,9.12,3,85.8,95.92,0.809,105.5,Website,West,2534.79
REC002387,2022-02-01,74.17,874,630,3.65,15.89,96,25.09,5,217,8,77.69,3.49,8.79,2,89.2,94.5,1.289,101.74,Mobile App,West,2490.93
REC005451,2022-02-01,145.01,952,659,6.51,54.17,114,45.71,15,201,1,44.22,3.36,11.41,3,99.16,83.31,0.964,104.05,Mobile App,Central,9226.59
REC001179,2022-02-02,105.26,897,594,4.73,28.12,127,39.41,10,191,7,58.2,3.8,3.09,1,95.1,100.31,0.853,109.37,Website,Central,4194.2
REC004569,2022-02-02,241.19,876,609,2.2,75.3,105,44.7,0,213,7,41.58,4.54,2.01,2,91.46,114.32,0.833,106.37,Mobile App,East,8118.55
REC002291,2022-02-02,79.02,904,634,3.24,69.56,112,42.6,15,173,6,72.47,3.75,14.33,3,81.92,72.74,0.93,100.7,Mobile App,West,7258.16
REC000869,2022-02-02,33.76,860,628,3.66,60.39,103,35.75,5,171,8,41.51,4.03,7.54,0,84.34,76.58,0.774,94.83,Mobile App,East,5439.26
REC000482,2022-02-02,80.41,851,637,5.2,39.59,94,44.56,0,191,1,49.63,3.29,12.26,2,87.76,102.3,0.965,99.48,Mobile App,West,4755.04
REC000576,2022-02-02,89.82,932,625,3.33,96.57,113,63.55,5,159,12,69.3,3.19,7.4,1,91.52,126.26,1.186,109.49,Mobile App,East,19640.38
REC001371,2022-02-02,95.59,923,647,4.92,63.62,129,36.22,10,227,13,72.01,3.31,0.5,5,99.47,103.2,1.276,97.2,Website,Central,12136.82
REC002604,2022-02-02,48.71,891,614,4.83,76.21,119,51.73,0,209,1,52.31,2.66,4.71,1,83.63,89.99,1.326,103.97,Website,South,13344.89
REC005463,2022-02-03,468.37,919,632,3.18,29.28,110,31.11,5,194,15,76.48,4.1,5.25,0,87.77,97.58,0.753,97.51,Website,North,2762.51
REC005088,2022-02-03,214.35,890,650,3.79,35.37,94,31.11,20,203,11,53.82,3.49,6.84,1,84.09,97.61,0.93,114.17,Website,East,3732.49
REC004600,2022-02-03,252.14,941,655,5.01,40.49,117,44.82,0,191,7,54.84,4.2,7.72,2,88.17,94.12,1.165,92.9,Website,East,7392.56
REC000600,2022-02-04,211.82,947,628,2.57,26.47,125,49.86,10,170,5,52.24,4.52,3.48,2,100.0,95.29,1.262,103.72,Mobile App,North,5830.14
REC001675,2022-02-04,154.45,945,607,4.05,46.82,123,43.84,0,182,15,49.94,3.56,8.02,4,100.0,91.57,0.844,96.87,Marketplace,South,5577.62
REC005288,2022-02-05,201.44,963,693,3.96,42.58,115,26.64,10,182,10,56.19,4.6,7.21,3,95.22,81.74,0.968,101.44,Mobile App,South,5793.38
REC002889,2022-02-05,112.94,885,652,2.29,38.62,110,39.53,15,192,6,60.26,4.06,5.18,1,96.71,86.21,0.913,90.52,Website,West,5067.27
REC001982,2022-02-05,64.57,874,659,5.02,22.38,111,28.69,25,189,5,35.45,3.68,4.7,2,92.39,81.68,1.216,98.46,Website,Central,3132.46
REC003682,2022-02-06,162.44,896,619,4.37,45.48,134,29.92,25,185,2,38.62,3.89,8.1,0,84.1,97.83,1.347,102.7,Mobile App,West,11145.58
REC003677,2022-02-06,117.62,908,617,4.72,17.4,118,39.95,5,195,15,76.13,4.03,1.09,2,81.58,90.28,1.165,100.28,Marketplace,South,2661.61
REC005268,2022-02-06,139.38,905,621,5.33,64.21,121,37.84,20,197,8,39.63,3.26,8.41,3,93.23,98.79,1.103,98.6,Mobile App,Central,11311.61
REC005460,2022-02-06,109.49,915,633,3.46,30.61,121,45.2,10,188,0,74.28,4.09,6.67,1,81.29,75.12,0.791,101.18,Mobile App,Central,3310.39
REC004175,2022-02-06,116.65,925,639,4.04,78.71,108,35.84,10,179,15,64.99,3.67,9.09,1,83.17,84.34,0.797,103.18,Website,Central,6839.44
REC001481,2022-02-06,217.81,904,631,3.71,58.64,109,39.18,20,177,15,47.29,3.9,11.39,0,79.09,99.64,0.958,102.24,Website,East,6198.53
REC003748,2022-02-06,99.87,908,659,2.98,30.2,102,21.51,30,164,7,49.85,5.0,4.75,2,92.19,96.46,1.208,99.53,Website,West,4572.48
REC002055,2022-02-07,372.04,911,644,4.96,38.94,109,38.11,5,154,13,62.37,4.81,9.73,4,93.39,96.45,1.241,101.61,Mobile App,North,7072.59
REC002106,2022-02-07,75.81,863,628,2.3,51.86,103,56.78,15,166,11,44.05,3.3,9.24,1,87.44,102.65,1.052,99.23,Website,North,6805.57
REC001279,2022-02-07,254.54,958,650,3.77,35.38,124,49.7,5,177,14,51.03,4.17,6.51,1,86.83,84.91,1.258,93.4,Website,West,5498.31
REC000479,2022-02-08,151.54,896,638,3.04,59.34,110,9.54,15,175,13,59.1,4.69,9.66,0,88.63,120.17,1.006,90.87,Mobile App,Central,7691.48
REC004591,2022-02-08,238.41,934,686,3.39,42.04,112,37.64,15,191,1,74.65,4.02,4.18,0,99.87,106.07,0.75,106.3,Mobile App,South,5372.14
REC001915,2022-02-08,189.45,922,647,6.25,33.36,123,39.69,20,209,3,61.27,4.78,13.14,0,97.8,97.91,0.91,99.9,Mobile App,East,5491.56
REC001532,2022-02-08,181.35,866,634,3.62,38.13,103,23.47,10,188,8,60.93,3.93,7.84,2,100.0,119.87,1.349,101.95,Website,North,6219.43
REC002596,2022-02-08,99.54,900,657,4.62,69.35,109,63.27,30,200,15,53.4,4.77,9.47,1,91.39,87.6,1.101,91.92,Website,South,8564.6
REC004397,2022-02-09,134.76,873,626,4.91,14.95,117,28.03,25,179,0,57.66,4.91,10.72,3,94.49,95.87,0.978,101.19,Mobile App,West,2134.3
REC005538,2022-02-09,100.8,903,635,3.46,31.66,113,45.12,5,190,11,46.81,4.37,2.65,0,91.64,104.88,0.982,98.87,Website,South,3989.82
REC004267,2022-02-09,230.94,868,625,4.25,24.53,126,37.16,5,192,15,58.53,2.57,6.93,0,87.68,92.4,1.21,92.24,Marketplace,West,4841.08
REC000028,2022-02-09,106.05,875,656,4.76,26.63,104,29.7,10,185,15,53.43,4.64,3.34,2,77.21,104.35,1.072,106.24,Marketplace,East,2431.69
REC004885,2022-02-10,103.35,963,620,3.83,28.15,104,29.63,5,182,5,53.38,4.02,5.34,1,79.77,88.8,1.151,112.09,Website,North,3675.77
REC002383,2022-02-10,161.57,986,627,2.75,62.28,119,30.21,5,172,9,50.09,4.61,11.48,1,97.55,86.41,0.838,110.68,Marketplace,South,6800.05
REC001066,2022-02-10,163.08,896,641,4.18,93.97,130,31.3,25,172,3,71.12,3.47,2.68,0,89.57,97.18,0.765,101.63,Mobile App,North,14837.5
REC002344,2022-02-10,167.71,886,636,3.62,33.96,115,27.08,0,189,7,56.54,4.12,7.14,1,83.44,102.65,1.198,108.56,Marketplace,Central,4876.42
REC003824,2022-02-11,382.04,904,607,1.76,25.24,110,37.26,10,177,6,53.67,3.65,6.42,3,85.68,93.32,1.346,104.47,Mobile App,East,4507.5
REC005389,2022-02-11,58.77,886,656,3.24,26.35,111,34.54,0,181,15,38.31,3.91,5.68,2,82.76,121.12,1.21,103.24,Mobile App,West,3930.69
REC000889,2022-02-11,139.79,955,644,5.07,28.06,130,36.65,10,214,11,60.41,4.19,11.52,0,91.67,116.72,1.276,87.93,Marketplace,West,6268.43
REC002114,2022-02-11,89.4,870,671,3.76,47.55,122,50.68,0,199,12,56.68,4.31,3.53,2,97.03,91.29,1.138,100.34,Marketplace,North,8480.33
REC001713,2022-02-12,167.18,860,614,3.76,32.18,125,31.83,25,174,4,69.51,3.81,2.74,0,89.84,121.13,0.991,97.66,Mobile App,Central,4514.81
REC003198,2022-02-12,100.93,918,614,3.34,102.95,110,53.46,10,195,10,42.18,4.2,10.12,1,96.46,94.09,1.1,95.28,Marketplace,East,12535.57
REC003495,2022-02-12,215.83,902,635,2.26,13.39,122,35.44,25,186,15,47.3,3.91,2.74,1,84.36,113.56,0.909,93.95,Website,West,1681.74
REC005170,2022-02-14,109.53,892,652,5.22,87.38,119,48.79,0,194,13,45.12,4.17,11.8,0,97.43,107.87,0.845,94.59,Mobile App,South,14181.1
REC001734,2022-02-14,232.11,878,639,4.66,33.23,110,41.97,25,198,13,58.56,4.46,7.23,2,85.85,85.76,1.009,98.41,Website,West,4479.81
REC001613,2022-02-14,54.69,926,657,4.24,82.53,119,25.39,15,184,0,49.9,3.24,4.04,2,98.7,92.34,0.977,104.71,Website,North,12725.75
REC001019,2022-02-14,251.85,915,647,3.04,30.39,131,25.24,15,191,10,68.2,4.3,6.98,2,100.0,113.68,1.011,96.87,Website,West,5309.81
REC003307,2022-02-14,76.26,897,620,3.64,36.98,116,32.65,5,173,14,52.76,4.25,8.36,0,91.97,105.45,1.18,102.26,Mobile App,Central,6572.57
REC003373,2022-02-15,162.34,904,679,4.39,26.74,127,18.61,10,211,10,47.51,4.22,8.77,1,95.46,95.35,1.219,113.03,Website,East,5234.31
REC005923,2022-02-15,314.14,871,681,4.66,32.97,124,49.05,15,195,5,55.31,3.92,8.63,2,97.13,70.24,1.052,102.51,Mobile App,East,5451.65
REC004907,2022-02-16,281.31,940,623,3.9,41.58,126,48.92,5,209,9,55.46,3.75,9.78,2,89.99,97.71,0.939,89.52,Mobile App,South,5670.51
REC003633,2022-02-16,128.48,913,643,5.42,73.17,128,23.56,10,199,5,57.74,4.34,9.56,3,89.73,93.35,0.896,98.87,Website,South,10321.21
REC004374,2022-02-16,154.2,947,666,3.89,25.41,102,52.25,15,188,10,62.42,4.84,2.88,3,87.94,116.41,1.086,104.83,Website,East,3663.38
REC003016,2022-02-16,131.89,974,665,3.15,36.93,111,27.6,5,181,13,70.02,3.88,7.17,1,100.0,109.24,1.228,105.07,Website,East,6963.86
REC004060,2022-02-16,77.33,894,656,2.19,60.78,150,36.73,10,176,9,57.3,4.8,8.21,0,89.08,110.59,0.945,105.01,Website,North,10064.87
REC002266,2022-02-16,157.98,914,644,2.09,22.49,100,40.08,0,199,7,47.52,3.91,9.97,1,86.76,108.46,0.886,98.06,Website,Central,1848.46
REC000112,2022-02-16,257.58,900,623,4.95,40.64,106,51.99,30,195,9,54.98,4.67,2.84,1,95.91,100.28,0.785,99.07,Mobile App,Central,4938.07
REC005624,2022-02-16,453.13,855,659,5.05,78.07,122,38.45,10,209,5,48.59,4.54,10.94,3,100.0,91.98,1.032,101.78,Mobile App,West,14805.86
REC002036,2022-02-17,198.86,887,630,1.74,40.37,126,44.0,5,191,5,90.0,4.26,8.39,1,84.91,135.0,1.214,91.63,Marketplace,Central,5883.61
REC000012,2022-02-17,317.95,917,669,3.38,71.96,108,27.01,0,176,15,51.8,3.44,5.86,3,82.97,103.74,1.32,98.79,Marketplace,Central,9369.1
REC001847,2022-02-17,112.06,923,645,2.92,24.52,119,55.13,30,184,11,54.11,3.61,4.78,4,85.4,105.33,1.329,100.74,Website,North,4359.45
REC002726,2022-02-18,56.99,915,646,3.78,38.52,141,14.75,10,186,1,57.56,3.52,9.11,3,85.84,90.78,1.175,103.77,Marketplace,South,6317.32
REC001400,2022-02-18,264.55,888,652,3.03,39.32,144,22.35,10,162,4,35.16,2.6,6.26,1,85.19,111.05,1.284,93.55,Mobile App,West,9064.85
REC005942,2022-02-18,280.7,932,666,3.79,58.9,110,39.33,10,164,2,53.45,4.21,11.89,0,95.56,96.4,0.783,91.82,Marketplace,West,5490.15
REC003327,2022-02-18,265.71,867,646,3.31,67.26,125,48.45,25,193,6,55.96,2.63,9.57,4,79.13,135.0,0.968,94.64,Website,East,7258.67
REC000843,2022-02-19,104.4,893,696,2.5,17.45,103,41.63,5,204,3,59.62,4.03,9.98,1,88.43,111.59,1.062,95.86,Marketplace,North,1974.02
REC003230,2022-02-19,229.17,888,650,0.8,53.58,117,34.34,15,191,15,67.65,4.58,6.89,1,88.81,101.75,1.207,101.72,Website,South,7290.38
REC004564,2022-02-19,246.77,918,659,4.14,28.07,135,35.17,10,184,11,48.18,3.5,3.39,1,100.0,86.58,0.856,95.07,Website,East,4131.61
REC002004,2022-02-19,182.04,931,624,2.46,59.05,105,25.3,15,199,15,43.14,4.52,12.19,2,79.63,83.74,0.829,99.23,Website,West,5475.38
REC003255,2022-02-20,229.55,889,628,4.66,54.57,125,48.91,15,200,0,62.34,4.02,1.11,3,86.88,94.07,1.282,103.24,Website,North,10381.97
REC005108,2022-02-20,340.78,898,645,4.68,230.51,107,37.59,15,176,3,55.66,4.23,6.79,0,89.91,110.18,0.975,93.25,Website,East,26580.57
REC005525,2022-02-20,116.07,894,611,5.06,39.54,119,48.13,20,204,10,62.49,4.06,4.76,2,79.75,101.13,1.194,106.31,Mobile App,North,7247.21
REC002312,2022-02-20,367.89,941,639,4.15,35.21,121,36.99,15,163,1,76.87,4.55,10.73,1,90.98,112.8,0.893,105.32,Mobile App,East,5257.23
REC001043,2022-02-21,103.42,887,626,3.33,12.61,99,43.32,15,189,12,59.16,4.23,9.35,1,90.61,105.18,0.962,100.25,Website,East,1443.23
REC000075,2022-02-21,305.32,900,594,4.68,77.96,110,49.04,30,202,8,56.58,4.39,6.2,0,93.87,116.97,1.33,99.01,Website,West,12862.52
REC004719,2022-02-21,45.38,918,611,3.85,126.22,114,21.27,5,175,2,77.55,3.22,7.14,2,99.15,93.63,1.062,96.72,Mobile App,West,19291.72
REC002921,2022-02-21,84.59,861,598,3.6,39.95,124,45.35,25,184,6,41.98,3.34,8.89,1,100.0,85.46,1.336,102.24,Mobile App,Central,8680.1
REC002139,2022-02-22,370.48,946,677,4.67,56.12,104,31.85,10,210,10,40.77,4.74,5.62,0,100.0,112.54,1.315,100.42,Website,Central,9002.03
REC004209,2022-02-22,153.08,876,637,0.8,64.36,110,44.05,30,173,13,49.88,4.14,12.49,1,84.47,89.12,0.884,99.66,Marketplace,South,5427.62
REC004322,2022-02-22,266.72,920,627,3.41,39.78,105,40.77,5,178,2,63.63,4.77,16.28,1,97.27,83.44,1.185,97.23,Website,South,5501.58
REC000892,2022-02-22,141.3,917,662,3.33,56.5,108,35.24,25,174,2,58.46,4.28,9.3,1,87.5,81.47,1.168,106.51,Mobile App,East,9272.73
REC001349,2022-02-22,172.24,888,603,4.23,125.94,122,42.6,10,178,1,57.77,5.0,12.45,0,83.58,107.74,1.193,102.6,Website,Central,18659.16
REC004750,2022-02-23,110.53,859,645,4.13,47.72,109,54.92,10,214,10,68.55,3.33,11.24,2,92.56,72.29,0.79,110.7,Marketplace,East,4755.79
REC002248,2022-02-23,79.92,892,641,3.48,20.18,113,45.83,5,164,12,62.43,3.78,8.17,3,100.0,83.3,1.03,109.2,Mobile App,South,3421.14
REC000295,2022-02-23,156.35,895,654,5.22,47.7,122,43.87,25,217,1,65.45,3.99,11.17,3,93.62,107.45,1.184,100.57,Mobile App,West,10397.27
REC001753,2022-02-24,98.83,938,638,5.65,27.58,101,41.51,20,191,6,66.22,4.28,11.14,0,96.79,70.0,1.311,98.61,Website,East,5100.42
REC005842,2022-02-24,273.95,860,605,3.27,8.71,136,33.52,30,187,3,40.81,3.5,11.38,2,83.78,96.16,1.242,102.75,Marketplace,West,1402.52
REC002836,2022-02-24,221.74,923,629,3.86,25.14,98,29.8,10,207,3,38.24,4.61,7.24,2,87.93,121.48,1.02,95.07,Website,East,2817.12
REC001243,2022-02-25,114.06,893,631,3.81,26.44,125,59.62,15,198,9,67.73,4.58,5.25,2,89.12,92.04,1.26,105.04,Website,West,5610.19
REC001131,2022-02-25,260.04,903,651,6.71,68.12,126,20.27,15,195,2,49.86,4.15,6.77,2,98.28,93.03,0.793,101.97,Mobile App,West,10732.3
REC004614,2022-02-25,248.0,930,601,3.3,69.17,113,27.13,30,177,1,67.81,4.11,11.32,0,83.78,112.62,0.834,120.67,Marketplace,East,5807.61
REC003758,2022-02-26,273.95,871,576,3.35,9.24,102,38.76,15,180,11,46.81,3.31,8.56,1,85.02,84.88,1.218,96.44,Marketplace,West,1273.27
REC002495,2022-02-26,77.11,879,630,5.07,27.71,132,28.66,10,186,11,34.17,4.62,7.49,1,100.0,116.28,0.896,99.0,Website,North,3864.31
REC004409,2022-02-26,106.22,929,625,2.9,73.01,112,37.5,5,203,1,44.18,5.0,7.29,2,93.03,100.03,1.298,109.01,Marketplace,Central,12466.21
REC002595,2022-02-26,199.03,931,639,6.06,37.48,116,64.02,15,209,11,69.01,4.7,9.7,0,82.49,93.09,1.307,106.1,Marketplace,South,5814.58
REC000755,2022-02-26,76.03,900,632,3.13,20.82,113,34.65,25,175,1,49.63,3.3,9.77,2,86.09,106.26,1.217,97.77,Website,North,3089.65
REC002482,2022-02-26,57.24,911,677,4.17,55.48,119,20.54,5,197,3,78.11,4.77,0.5,0,86.81,105.37,0.789,104.24,Website,South,5821.96
REC001984,2022-02-26,60.54,866,630,3.98,43.39,111,51.46,10,152,7,58.79,4.29,12.87,2,93.18,94.77,1.123,94.88,Marketplace,North,5869.97
REC001177,2022-02-27,134.54,926,672,4.19,39.78,104,42.65,15,193,13,48.48,5.0,8.02,1,86.87,102.68,0.949,101.71,Mobile App,East,4339.45
REC004759,2022-02-27,255.61,913,601,5.25,95.37,129,48.64,10,197,14,80.42,3.59,0.5,1,82.88,97.58,0.862,106.43,Website,East,14262.71
REC001120,2022-02-27,174.11,892,673,0.8,27.4,105,27.88,15,189,0,61.32,2.53,7.87,0,90.78,104.0,1.222,93.33,Mobile App,North,4531.44
REC000143,2022-02-28,195.24,903,646,4.53,15.29,104,32.15,20,196,11,74.55,3.15,5.86,2,90.38,119.21,1.119,93.28,Mobile App,North,2275.81
REC003188,2022-02-28,56.09,922,629,3.23,44.9,120,50.33,20,184,0,52.13,4.25,3.54,0,100.0,91.42,0.976,102.37,Mobile App,North,6704.65
REC003405,2022-02-28,90.74,935,647,4.49,19.07,102,33.74,0,189,1,62.73,3.49,5.05,2,99.17,115.45,0.79,104.4,Mobile App,West,2261.67
REC005924,2022-02-28,63.19,914,610,3.64,31.19,123,21.31,0,181,11,41.34,4.48,11.03,1,93.0,109.63,0.939,96.47,Marketplace,West,4284.99
REC002959,2022-02-28,274.51,861,639,4.86,36.66,125,49.24,0,208,9,45.04,4.0,8.34,1,100.0,81.13,0.919,89.39,Website,South,5415.86
REC003149,2022-03-01,143.07,894,635,4.26,8.24,102,38.55,0,196,11,54.98,3.94,1.24,1,92.11,112.44,0.786,99.51,Website,East,806.01
REC001739,2022-03-01,123.51,890,631,3.05,77.0,108,45.62,25,209,1,78.83,4.44,13.12,6,92.59,92.8,0.979,101.31,Website,Central,9030.49
REC004328,2022-03-01,377.96,897,656,2.61,22.62,105,59.67,5,198,3,65.82,3.6,11.47,2,88.22,101.43,0.886,97.72,Mobile App,Central,2371.89
REC000741,2022-03-01,102.73,858,632,4.69,18.2,103,21.13,10,194,1,67.15,4.68,5.65,2,88.87,110.34,1.014,96.15,Website,West,2181.95
REC003623,2022-03-02,97.18,914,694,4.68,39.49,119,36.84,10,209,12,36.34,3.58,14.85,1,98.62,103.02,1.057,102.58,Mobile App,South,6315.13
REC004229,2022-03-02,374.18,870,665,2.97,84.44,117,66.97,0,212,8,43.1,4.15,10.76,1,78.63,117.17,0.821,101.75,Mobile App,North,8728.7
REC004371,2022-03-02,358.0,916,682,4.87,15.34,126,35.46,10,179,11,56.74,3.37,6.99,0,100.0,113.19,1.11,97.81,Marketplace,Central,2617.27
REC002085,2022-03-02,214.73,887,624,4.92,28.45,119,30.61,10,188,8,41.23,4.2,2.02,0,95.62,88.2,1.244,97.94,Mobile App,West,6188.69
REC005899,2022-03-02,418.45,925,633,1.03,39.92,111,12.76,0,197,4,56.11,4.22,5.29,2,98.15,81.91,0.869,98.93,Website,Central,5184.41
REC000124,2022-03-02,159.03,895,662,3.0,41.33,112,21.93,20,205,11,65.86,4.2,6.87,3,90.53,98.76,1.317,98.91,Marketplace,East,6284.54
REC002884,2022-03-02,42.2,906,623,3.34,83.7,110,25.68,5,207,13,61.03,4.18,3.53,1,85.75,108.18,1.204,84.02,Marketplace,South,10374.72
REC000550,2022-03-02,94.12,889,628,3.87,53.4,109,23.59,0,178,14,61.82,5.0,5.14,1,96.52,107.44,0.851,102.11,Mobile App,East,7007.83
REC005936,2022-03-03,70.74,889,631,3.92,23.94,115,61.03,20,207,14,46.82,3.54,4.01,1,91.15,93.89,1.083,99.26,Website,South,3755.46
REC001812,2022-03-03,182.93,948,604,4.62,36.68,122,41.92,20,200,11,45.49,4.24,4.18,2,92.78,101.16,1.139,103.92,Website,East,6234.85
REC003328,2022-03-04,85.43,838,636,3.75,31.91,132,46.69,20,181,9,51.07,3.86,6.24,2,94.03,107.28,1.175,96.71,Website,West,5843.92
REC004274,2022-03-04,277.61,900,646,3.2,26.25,126,33.39,15,220,0,50.34,3.37,3.24,0,88.62,99.94,1.128,102.48,Mobile App,East,4819.0
REC002443,2022-03-04,94.33,936,626,3.48,60.15,115,56.87,30,207,2,45.73,3.55,4.14,1,91.08,107.39,1.065,91.37,Website,South,8157.69
REC004113,2022-03-04,182.87,923,632,4.76,22.11,115,24.3,0,209,3,72.02,4.02,14.9,1,88.81,125.5,1.299,99.05,Website,North,4026.04
REC001185,2022-03-04,237.84,902,675,4.99,26.73,113,57.31,0,190,1,73.53,3.87,4.31,2,94.64,105.73,1.079,98.96,Mobile App,North,5000.41
REC003523,2022-03-04,142.29,917,636,4.14,60.73,108,32.39,10,201,13,68.97,4.24,7.36,2,98.73,127.08,1.092,89.78,Marketplace,North,9509.75
REC000916,2022-03-04,20.19,903,641,4.9,17.62,114,38.45,15,182,2,70.07,4.06,14.78,2,86.64,76.33,1.273,103.8,Mobile App,West,3446.94
REC002386,2022-03-04,227.63,913,653,2.2,27.58,102,39.52,15,197,15,45.24,4.19,8.61,1,89.26,105.28,0.82,107.28,Marketplace,North,2597.41
REC003862,2022-03-05,211.05,921,624,3.42,29.65,109,21.66,5,184,13,80.04,3.85,9.02,2,87.9,105.7,0.846,97.14,Mobile App,North,3189.05
REC005348,2022-03-05,273.31,839,638,2.01,24.15,109,42.9,20,166,8,43.79,3.88,6.47,1,94.87,92.86,1.213,99.26,Website,Central,3859.71
REC004941,2022-03-05,60.7,903,669,4.23,36.99,121,25.69,20,162,15,42.11,2.67,12.59,1,92.7,116.47,1.109,109.38,Website,East,6399.92
REC001880,2022-03-06,497.37,867,663,5.26,33.61,109,44.94,5,199,6,46.5,4.35,8.64,1,93.32,90.03,0.807,98.46,Mobile App,South,4283.25
REC003945,2022-03-06,65.51,908,637,5.1,54.97,99,19.85,0,194,9,51.99,5.0,5.87,1,100.0,109.96,0.905,96.7,Website,West,6865.94
REC003024,2022-03-06,224.74,904,642,4.27,31.72,94,36.74,15,188,6,48.06,3.69,9.72,1,95.4,86.31,0.959,98.75,Mobile App,East,3694.08
REC003385,2022-03-06,82.98,919,631,2.33,28.91,109,26.19,25,162,2,50.95,4.34,10.55,0,89.48,99.8,1.154,92.98,Website,West,4160.01
REC005801,2022-03-07,32.08,885,641,4.07,75.65,113,41.61,5,209,4,51.24,3.9,1.58,2,93.94,95.66,1.329,110.48,Website,Central,14373.37
REC003158,2022-03-07,84.56,897,632,3.53,70.94,114,26.91,25,201,10,70.56,3.78,7.46,1,97.1,97.42,0.806,100.91,Mobile App,Central,8990.26
REC004134,2022-03-07,433.79,831,660,3.89,71.74,113,48.27,15,197,1,87.92,4.12,3.52,2,92.14,96.9,1.256,109.71,Website,South,13873.31
REC001480,2022-03-07,104.01,862,674,2.83,60.05,108,23.33,10,190,14,63.82,4.85,4.39,0,93.66,116.67,1.078,112.95,Website,South,9010.66
REC003692,2022-03-07,151.46,907,654,4.36,27.98,111,29.14,20,186,12,63.53,4.25,6.96,2,83.79,103.55,0.916,99.84,Marketplace,West,3077.5
REC001417,2022-03-07,230.35,894,649,3.47,21.64,107,48.41,15,190,0,64.2,4.23,4.92,2,89.87,87.63,0.853,107.25,Marketplace,East,2369.47
REC005053,2022-03-08,240.88,825,614,4.02,78.4,110,23.96,15,187,0,52.13,4.51,6.79,1,69.72,109.96,1.059,97.24,Mobile App,Central,8840.56
REC002197,2022-03-08,78.5,911,671,4.31,69.25,123,20.05,5,221,15,55.29,3.64,11.78,0,100.0,103.25,1.239,96.74,Website,North,14590.71
REC001783,2022-03-08,135.69,901,660,2.78,48.41,121,36.1,25,178,5,62.77,4.44,6.45,1,91.08,106.54,0.924,95.86,Marketplace,East,6261.9
REC005462,2022-03-09,156.75,866,664,1.52,65.72,96,22.07,10,198,2,52.64,3.71,0.56,2,93.38,93.97,0.776,104.54,Website,East,5923.2
REC005581,2022-03-09,84.27,860,614,3.78,35.22,109,25.33,20,183,3,36.65,4.32,11.03,1,83.97,87.88,0.93,95.11,Website,Central,3279.93
REC003414,2022-03-09,96.87,888,677,3.57,28.53,97,48.53,0,203,10,51.31,3.31,4.89,2,97.04,101.3,1.044,94.68,Website,West,4216.97
REC001123,2022-03-09,85.23,855,628,3.96,87.93,116,57.7,30,218,13,55.32,4.42,12.75,1,90.08,110.88,1.009,108.38,Website,East,12346.47
REC002736,2022-03-10,215.09,921,644,3.46,21.21,108,49.75,20,184,1,63.14,4.44,7.54,1,89.06,121.23,0.916,96.98,Website,West,2827.25
REC002717,2022-03-10,169.39,875,640,4.13,30.63,120,34.52,0,188,8,70.03,4.77,10.2,2,84.02,104.2,1.0,99.78,Mobile App,North,4404.94
REC001549,2022-03-10,316.44,945,656,5.17,87.14,123,41.18,15,194,1,41.82,3.73,12.72,0,90.32,111.51,0.863,106.13,Website,Central,12069.9
REC002666,2022-03-11,350.12,912,706,4.16,67.96,115,44.87,25,191,7,59.53,4.71,1.99,1,85.03,111.16,0.805,101.64,Marketplace,West,7844.2
REC001780,2022-03-11,24.08,905,637,3.89,83.03,109,56.03,15,184,3,63.41,3.71,9.05,2,93.77,85.84,1.338,94.88,Mobile App,South,15435.09
REC001441,2022-03-11,326.33,924,661,4.18,47.33,104,36.07,10,190,5,59.84,4.89,4.91,0,100.0,98.58,1.135,99.38,Website,South,7316.23
REC004498,2022-03-11,364.78,980,607,5.03,47.68,128,36.43,10,181,4,60.98,4.05,2.99,1,90.45,102.53,1.313,102.11,Website,West,9691.34
REC002089,2022-03-11,319.05,881,604,3.59,33.35,117,32.39,20,189,8,49.92,3.39,8.69,4,95.71,83.95,1.247,98.4,Website,South,5081.28
REC001826,2022-03-11,181.82,891,618,3.23,44.75,104,46.42,20,200,8,55.12,3.48,5.88,2,100.0,99.29,1.284,100.96,Marketplace,Central,7767.59
REC000732,2022-03-12,158.34,876,671,3.27,43.48,114,41.01,5,175,3,67.65,4.39,6.42,0,99.22,86.99,1.03,100.13,Website,South,6676.69
REC005184,2022-03-12,121.48,1009,631,3.08,38.61,130,27.17,15,187,5,64.7,4.64,6.6,1,88.54,104.01,1.057,94.09,Mobile App,North,5890.23
REC002769,2022-03-12,569.7,870,653,3.48,70.53,109,57.36,10,166,5,42.64,4.24,5.14,1,91.57,116.71,0.988,106.72,Marketplace,South,7633.11
REC003280,2022-03-12,114.52,870,613,4.98,23.55,106,43.67,20,182,7,57.14,3.76,8.3,2,69.75,117.43,1.039,102.82,Marketplace,Central,2323.61
REC000386,2022-03-12,63.6,933,611,3.51,21.99,107,29.21,25,178,13,58.46,5.0,7.46,0,77.1,93.57,0.92,107.09,Website,North,1961.08
REC005474,2022-03-13,166.46,903,636,5.33,20.69,111,46.86,20,191,2,52.0,3.57,9.5,2,80.21,98.51,0.849,105.39,Marketplace,Central,2118.09
REC000712,2022-03-13,268.77,930,634,4.19,31.71,113,40.79,15,159,14,43.94,5.0,13.06,4,90.12,76.18,1.034,108.08,Website,West,5521.67
REC004562,2022-03-13,137.35,878,640,2.02,53.53,119,18.0,0,193,2,48.65,5.0,7.88,0,94.86,111.37,1.028,104.71,Mobile App,South,8530.38
REC004537,2022-03-13,511.96,921,655,3.48,59.13,111,50.34,25,196,4,38.16,5.0,4.91,2,86.52,101.32,0.886,96.89,Marketplace,Central,5584.38
REC002351,2022-03-13,151.28,894,651,3.19,88.61,116,71.87,10,214,5,66.41,3.44,4.81,4,95.09,97.81,0.774,107.89,Mobile App,North,12710.97
REC005941,2022-03-14,224.95,864,659,3.58,31.92,113,35.17,15,199,9,66.3,3.9,7.19,1,85.29,102.17,0.858,113.9,Mobile App,West,4200.79
REC005546,2022-03-14,122.86,852,631,3.05,51.03,120,30.86,15,175,3,66.18,4.54,3.79,1,100.0,96.43,0.843,104.88,Mobile App,West,7314.83
REC003487,2022-03-15,119.41,880,683,0.8,31.29,115,15.19,10,218,8,54.83,4.66,2.76,0,85.23,93.52,0.867,98.88,Mobile App,Central,2754.18
REC000180,2022-03-15,281.95,932,659,2.54,16.28,118,38.81,15,171,0,65.14,3.89,8.78,0,73.72,121.15,1.291,98.32,Website,South,2276.46
REC002077,2022-03-15,540.89,885,634,5.73,39.78,134,32.2,15,184,1,60.04,3.42,5.99,3,95.53,100.3,0.899,104.11,Mobile App,North,6362.28
REC000013,2022-03-15,99.11,869,677,3.02,51.16,107,55.51,30,193,9,58.63,4.7,6.11,0,94.33,110.63,1.286,103.9,Mobile App,North,10158.32
REC005653,2022-03-15,77.08,920,676,5.31,38.62,108,45.17,0,170,13,33.72,4.56,8.15,1,84.15,89.49,0.8,103.23,Mobile App,East,4648.83
REC000742,2022-03-16,286.04,907,687,3.56,67.96,128,35.77,20,186,13,57.05,3.31,3.69,4,85.73,100.76,0.881,100.03,Website,North,8106.23
REC002688,2022-03-16,198.27,841,626,4.28,126.81,117,39.62,20,214,11,57.17,4.15,7.48,2,99.28,107.05,1.268,107.56,Website,South,21470.25
REC003619,2022-03-17,162.68,885,630,5.55,132.91,120,33.27,5,159,7,51.22,3.93,8.1,1,87.32,89.87,1.208,102.65,Website,Central,23888.5
REC003488,2022-03-17,163.41,916,649,3.08,37.09,121,21.35,15,197,10,50.34,4.41,6.39,5,91.03,97.03,1.16,110.01,Website,West,6657.22
REC004288,2022-03-17,212.54,896,669,5.86,44.16,108,43.14,15,178,11,45.89,3.47,3.8,1,90.31,89.91,1.177,89.44,Website,East,7010.63
REC002090,2022-03-18,69.37,930,627,5.97,86.3,118,21.67,20,185,0,52.84,3.32,6.62,0,76.19,115.87,1.207,92.24,Marketplace,Central,11442.74
REC001512,2022-03-18,101.5,857,621,3.31,41.11,107,41.12,15,200,2,54.04,4.3,6.14,2,83.89,100.88,0.987,98.33,Marketplace,West,4565.35
REC004382,2022-03-18,166.91,898,586,1.5,48.98,120,46.46,15,199,12,71.81,4.68,10.19,1,79.97,110.08,0.768,97.12,Website,Central,4236.09
REC001894,2022-03-18,158.49,914,625,4.36,23.18,108,36.86,25,203,8,54.17,4.92,8.04,0,95.73,115.31,0.989,96.86,Mobile App,North,3019.48
REC000144,2022-03-19,71.21,902,661,3.07,40.75,110,59.5,10,210,2,65.99,5.0,12.05,0,90.92,108.05,1.157,99.96,Mobile App,East,5481.59
REC005138,2022-03-19,99.8,875,616,3.61,38.83,104,31.55,10,163,8,52.59,3.59,2.98,0,92.59,95.48,1.01,100.37,Mobile App,Central,4731.24
REC002389,2022-03-20,279.87,932,605,5.32,30.08,112,26.88,10,188,1,78.1,4.75,6.51,1,80.34,97.07,1.011,96.42,Website,Central,3849.24
REC005655,2022-03-20,68.41,884,613,3.23,26.73,138,40.7,10,185,14,69.84,4.69,5.87,3,80.09,96.05,1.023,97.91,Marketplace,Central,3090.53
REC001203,2022-03-20,966.67,856,675,4.3,64.81,104,8.55,5,221,5,41.16,4.87,15.39,0,92.41,104.79,1.242,97.04,Mobile App,South,11405.09
REC004892,2022-03-20,53.94,915,671,6.21,38.18,131,19.99,0,203,12,44.42,4.5,8.93,2,100.0,99.75,1.222,98.44,Mobile App,South,7911.48
REC001517,2022-03-20,308.25,856,628,3.65,16.5,121,46.5,5,193,7,54.2,4.02,10.34,3,100.0,87.0,0.963,104.54,Website,South,2503.38
REC005493,2022-03-21,151.83,871,620,5.38,48.89,96,26.58,10,187,8,52.28,2.4,5.92,0,90.76,94.21,1.075,97.0,Website,West,5898.45
REC001724,2022-03-21,138.31,891,654,3.33,19.29,126,43.84,15,165,11,71.01,4.78,9.19,1,94.09,103.72,0.993,101.71,Website,Central,2799.2
REC000774,2022-03-21,167.77,895,640,2.8,22.77,107,41.24,0,186,13,64.22,4.62,7.38,2,90.25,110.5,0.838,100.32,Website,West,2704.85
REC003210,2022-03-21,157.01,920,656,4.4,55.43,106,25.83,15,172,4,55.91,4.37,7.95,1,89.44,91.13,1.259,98.55,Website,Central,7677.19
REC004876,2022-03-22,484.26,919,639,3.33,72.65,131,38.78,25,194,12,42.22,4.97,10.33,1,95.31,98.06,0.881,102.54,Marketplace,Central,9322.31
REC005686,2022-03-22,95.28,938,633,5.13,17.82,113,35.88,10,182,4,51.4,4.82,5.57,2,99.72,107.42,0.769,95.08,Website,West,1636.88
REC004185,2022-03-22,96.11,945,595,2.47,17.87,104,45.05,0,185,4,49.13,3.62,6.32,0,96.91,85.76,1.096,104.33,Website,North,2945.4
REC000955,2022-03-22,170.04,920,623,4.02,20.35,109,47.17,15,192,11,52.77,3.7,11.6,4,89.54,101.26,1.216,88.43,Website,North,3089.87
REC005617,2022-03-23,75.6,905,635,5.37,9.83,120,42.37,20,164,12,62.96,4.41,0.5,0,88.92,114.53,1.242,95.91,Mobile App,North,2217.71
REC002609,2022-03-23,246.54,869,580,4.9,36.86,103,8.0,10,208,7,39.8,4.97,3.14,1,86.52,115.32,0.776,104.92,Marketplace,West,2973.72
REC001895,2022-03-23,117.37,864,665,5.19,31.58,111,16.16,20,214,14,83.07,4.06,5.1,1,87.99,95.28,1.2,97.03,Mobile App,East,5508.42
REC005082,2022-03-24,234.63,853,616,4.51,40.67,115,35.62,15,190,3,55.53,3.42,5.97,1,96.53,111.79,1.123,102.82,Website,East,6925.98
REC000759,2022-03-24,121.42,855,684,5.06,31.66,101,47.28,25,185,12,44.2,4.27,10.38,2,79.52,104.85,1.016,99.85,Mobile App,West,4399.41
REC005066,2022-03-24,122.95,908,620,4.0,51.68,106,47.01,0,202,6,55.05,4.7,8.17,5,91.64,113.53,0.94,100.99,Mobile App,Central,6685.08
REC002083,2022-03-24,414.62,899,613,4.11,127.7,100,35.77,25,200,14,31.99,4.73,6.44,0,89.84,90.18,1.029,97.93,Website,North,14181.62
REC005592,2022-03-24,120.79,851,631,3.77,76.62,122,36.09,20,209,3,59.11,3.91,4.41,1,95.11,105.9,1.151,100.2,Mobile App,West,17679.76
REC001194,2022-03-24,48.55,870,617,4.06,15.91,118,30.74,25,197,3,65.87,4.29,2.09,4,90.68,119.4,1.21,95.68,Mobile App,West,2891.5
REC003374,2022-03-24,140.77,891,652,4.34,38.26,120,36.23,10,200,7,31.88,3.78,8.16,2,100.0,110.55,0.765,95.92,Website,East,5119.18
REC000642,2022-03-24,70.33,855,662,4.2,72.78,114,25.28,25,189,13,42.87,5.0,3.62,1,84.21,97.78,1.185,98.52,Mobile App,West,13281.85
REC001090,2022-03-25,279.82,913,671,6.18,27.88,116,43.86,0,186,10,43.83,3.85,6.86,2,98.93,88.07,1.284,101.33,Mobile App,North,6811.6
REC001121,2022-03-25,68.98,939,638,1.38,21.57,102,55.13,0,185,10,56.34,3.85,15.54,1,92.44,89.53,1.248,97.04,Mobile App,East,3245.48
REC004986,2022-03-26,78.7,882,656,3.34,26.25,113,48.62,5,210,4,87.96,4.19,5.46,3,80.3,88.4,1.238,98.19,Mobile App,North,4216.54
REC004896,2022-03-27,246.47,864,672,5.69,33.63,111,49.48,20,174,5,58.93,3.86,7.69,2,92.22,108.49,1.053,90.16,Mobile App,South,5452.99
REC004297,2022-03-27,99.42,931,659,2.78,41.45,109,29.74,10,176,10,61.68,5.0,0.59,1,97.44,81.66,1.258,99.62,Mobile App,Central,6502.53
REC002810,2022-03-28,75.42,901,678,3.08,32.9,105,26.56,10,175,6,58.47,4.38,6.97,1,92.54,101.41,0.773,101.81,Website,North,3027.2
REC004221,2022-03-28,266.18,878,666,2.19,50.68,112,21.71,10,193,8,58.06,3.84,7.88,2,98.41,123.11,0.986,101.01,Marketplace,South,6216.49
REC003393,2022-03-28,122.8,922,625,4.9,20.44,107,35.12,10,190,11,68.03,4.11,5.08,1,96.0,115.72,1.164,98.21,Mobile App,Central,3570.03
REC003689,2022-03-28,116.74,912,611,4.9,72.4,108,29.28,10,185,7,31.92,3.48,11.74,0,85.93,101.63,0.896,107.04,Mobile App,North,8417.97
REC003542,2022-03-29,227.34,884,641,4.64,55.09,120,49.26,10,216,9,62.5,4.5,6.4,2,87.72,96.48,1.319,94.71,Website,North,11713.08
REC003008,2022-03-29,77.97,907,644,3.89,35.96,139,35.53,15,197,5,58.83,4.4,5.41,2,94.62,104.74,1.13,102.62,Website,South,7048.0
REC001664,2022-03-29,292.0,911,603,3.0,35.27,125,42.08,5,210,9,82.43,3.63,3.96,1,100.0,108.28,0.844,104.35,Website,North,4876.62
REC002678,2022-03-29,90.47,880,652,5.42,64.35,116,23.19,25,216,8,41.4,4.45,6.34,1,85.75,113.72,1.228,104.2,Website,West,9569.09
REC001187,2022-03-30,115.04,936,646,2.46,69.27,120,32.91,15,176,5,48.97,5.0,11.05,1,91.86,98.45,0.844,109.59,Website,South,7768.25
REC003097,2022-03-30,185.0,888,630,2.87,33.08,128,31.69,10,168,14,33.52,4.35,10.19,1,76.75,113.88,1.054,101.42,Website,North,4520.44
REC000130,2022-03-30,58.85,874,626,4.84,25.07,115,25.34,20,185,8,53.66,4.06,0.5,1,100.0,108.83,1.079,107.51,Mobile App,North,5726.51
REC003567,2022-03-30,326.03,864,598,3.51,43.96,126,13.93,20,217,9,55.65,5.0,11.73,1,90.97,114.53,1.319,96.01,Website,South,7903.71
REC003392,2022-03-30,508.98,881,576,5.42,41.18,115,54.64,10,168,0,57.47,4.59,2.3,0,97.62,121.92,0.836,95.85,Website,East,5845.96
REC000411,2022-03-31,172.47,953,678,2.7,81.25,106,32.36,15,183,9,54.87,4.52,9.11,1,86.08,100.89,1.198,105.58,Marketplace,Central,10866.29
REC000404,2022-03-31,287.71,879,670,5.06,24.58,110,18.35,5,179,0,35.88,5.0,10.85,3,95.23,112.28,1.344,98.84,Website,Central,4852.04
REC003060,2022-03-31,51.36,902,612,4.61,26.39,122,49.51,20,182,9,44.29,3.99,7.18,1,100.0,116.1,0.782,96.35,Website,West,3516.44
REC002813,2022-04-01,434.03,888,677,2.36,33.81,113,43.47,25,192,13,69.17,3.68,4.33,1,75.91,91.51,1.163,98.47,Marketplace,North,4661.7
REC001845,2022-04-01,74.53,910,661,4.56,20.29,109,30.48,0,201,9,65.25,4.69,7.07,0,96.18,88.19,1.286,103.31,Website,West,4339.05
REC004246,2022-04-01,304.94,883,622,3.13,16.07,128,19.77,0,194,4,42.25,4.24,9.56,0,100.0,125.62,0.919,102.62,Marketplace,South,2197.92
REC003809,2022-04-01,213.31,922,601,4.76,29.6,96,45.14,30,180,10,54.13,4.87,7.45,2,100.0,111.25,1.265,94.0,Mobile App,East,4808.77
REC000919,2022-04-01,394.47,922,636,4.34,48.3,121,28.87,5,209,2,72.81,3.91,9.42,1,96.98,93.72,1.138,109.8,Mobile App,Central,10286.6
REC003217,2022-04-01,213.2,862,641,6.56,57.9,119,41.3,10,208,3,34.02,4.55,7.9,2,95.27,89.37,0.966,89.43,Website,West,10386.78
REC002981,2022-04-02,43.7,916,615,2.84,100.4,98,50.03,5,198,7,50.09,5.0,12.53,0,83.16,109.57,1.29,90.3,Website,West,15379.24
REC002853,2022-04-02,498.36,928,627,4.74,38.62,117,40.59,15,197,3,71.81,4.78,3.74,1,94.21,91.21,0.84,97.71,Website,South,6098.26
REC002227,2022-04-02,164.51,875,612,4.01,14.76,112,21.29,0,209,4,37.14,4.47,4.64,1,90.32,82.02,1.291,99.03,Website,North,2595.25
REC005080,2022-04-02,107.0,897,593,3.21,18.87,107,50.77,15,203,12,43.09,3.84,6.77,1,91.03,93.9,1.031,95.39,Marketplace,East,2361.96
REC002160,2022-04-02,130.07,894,602,2.29,15.91,125,31.25,20,217,4,67.4,3.8,7.85,0,93.1,76.52,1.09,105.67,Website,East,2661.36
REC000184,2022-04-03,120.66,887,683,2.56,52.42,100,45.79,30,209,14,46.61,4.58,8.6,1,83.62,95.5,1.024,95.9,Marketplace,Central,5052.7
REC000924,2022-04-03,176.08,857,626,3.22,37.89,126,37.96,15,197,8,55.25,3.96,8.86,0,89.26,94.58,1.219,101.28,Mobile App,North,7217.03
REC000330,2022-04-03,338.82,898,645,3.48,12.35,116,27.63,5,201,5,54.45,3.48,8.34,3,78.76,106.89,1.036,95.96,Website,West,1644.39
REC005125,2022-04-03,171.44,888,641,3.82,49.47,116,37.31,5,203,9,61.95,4.06,10.61,1,91.06,79.7,1.348,110.11,Website,East,9255.68
REC000507,2022-04-04,122.21,856,626,3.72,58.2,110,43.99,25,202,11,58.93,5.0,6.52,2,95.76,102.42,0.981,106.26,Website,West,7820.39
REC004048,2022-04-04,149.25,940,683,5.74,37.1,118,46.15,0,198,7,59.03,5.0,8.48,2,94.0,84.88,1.125,99.66,Mobile App,East,8249.02
REC004083,2022-04-04,12.42,966,643,3.97,87.9,112,37.75,20,187,1,42.63,4.54,4.24,1,80.28,90.18,1.089,99.47,Website,East,12456.74
REC004057,2022-04-04,252.48,901,641,3.31,20.84,127,39.09,15,182,14,45.91,3.56,2.3,2,85.4,81.15,1.296,100.12,Mobile App,South,3901.26
REC004560,2022-04-04,45.69,932,634,4.94,83.68,105,50.09,15,176,8,42.27,3.66,8.78,3,80.12,102.15,0.871,97.28,Website,North,9179.7
REC001665,2022-04-04,230.01,929,605,3.33,53.57,100,44.54,30,183,2,79.75,4.48,4.0,1,83.53,81.76,1.286,101.03,Website,North,7608.72
REC004182,2022-04-04,183.09,890,629,3.68,22.61,125,56.81,15,195,14,62.02,3.28,0.5,0,79.51,100.18,1.104,91.25,Website,West,3760.86
REC005886,2022-04-05,683.24,888,623,4.83,60.78,112,46.88,30,181,1,55.63,4.83,17.39,1,100.0,97.55,0.988,97.35,Marketplace,West,8901.62
REC004298,2022-04-05,211.88,919,641,4.4,31.48,111,45.83,15,200,3,55.41,3.04,8.52,0,90.06,95.79,0.757,101.62,Website,East,2814.84
REC004578,2022-04-05,98.37,849,645,3.69,53.77,122,35.5,10,198,0,34.41,3.69,12.12,3,89.05,100.93,1.177,97.04,Website,East,8145.37
REC003931,2022-04-05,202.16,914,629,3.33,36.42,105,27.83,10,234,15,73.2,4.6,14.58,2,95.14,95.05,0.896,100.97,Website,West,4276.65
REC003943,2022-04-05,80.1,860,669,3.48,62.69,118,46.89,25,200,10,55.11,3.77,11.97,0,92.87,102.05,0.848,100.69,Marketplace,North,6550.89
REC001208,2022-04-06,394.61,914,604,4.54,25.87,109,31.94,10,174,13,64.38,3.91,3.16,4,76.9,106.88,1.092,91.91,Mobile App,Central,3347.66
REC001510,2022-04-06,103.78,916,649,4.54,34.02,117,29.73,5,197,3,57.74,4.12,3.25,1,90.62,93.91,0.753,100.52,Website,West,4206.77
REC005759,2022-04-06,205.89,879,659,4.95,36.25,129,36.62,5,210,0,62.34,4.6,9.45,4,93.33,112.3,0.852,96.68,Mobile App,Central,4703.35
REC005779,2022-04-06,244.01,878,652,2.94,60.97,100,41.81,0,190,5,46.65,4.37,11.07,1,96.83,90.82,0.911,100.67,Website,Central,6737.04
REC000009,2022-04-07,59.04,906,656,5.46,56.47,119,22.06,15,160,15,29.76,4.53,3.27,1,90.45,98.28,0.754,96.7,Mobile App,South,7068.75
REC005647,2022-04-07,187.3,862,637,4.26,80.5,119,59.56,10,176,11,61.39,3.65,0.5,2,85.15,106.74,1.113,97.44,Website,North,11951.94
REC004247,2022-04-07,345.83,874,655,5.04,89.52,118,34.48,10,208,14,72.76,3.68,5.1,1,91.36,99.79,1.009,100.68,Website,South,14057.21
REC001397,2022-04-08,321.68,918,642,5.0,39.0,113,42.12,15,204,2,62.39,4.38,9.54,1,98.5,101.95,1.095,103.89,Website,Central,6028.39
REC002042,2022-04-08,150.25,938,643,5.0,39.13,136,42.33,5,194,3,55.94,4.6,6.92,1,97.22,98.28,0.754,94.36,Mobile App,South,5775.4
REC001277,2022-04-09,92.35,893,607,4.23,122.7,122,30.54,0,193,7,55.13,3.54,4.27,4,97.1,102.57,0.927,95.98,Mobile App,Central,19580.21
REC005808,2022-04-09,36.87,854,654,4.58,70.14,139,50.92,10,186,9,49.19,3.94,12.24,0,98.48,100.68,0.812,89.53,Website,South,9195.78
REC001942,2022-04-09,322.94,925,629,2.14,10.07,114,59.67,10,200,13,48.19,3.92,1.74,1,94.68,104.77,1.141,104.61,Website,West,1873.53
REC003366,2022-04-09,110.65,866,688,5.88,27.25,101,26.05,20,184,2,65.37,2.93,1.99,3,90.48,91.38,1.06,103.4,Website,East,3968.3
REC001777,2022-04-10,150.41,894,633,4.04,24.57,134,36.16,15,186,14,68.41,4.22,8.77,0,89.9,94.27,0.958,105.75,Mobile App,North,3993.25
REC003922,2022-04-10,107.29,912,670,4.8,18.56,107,49.74,0,202,14,81.39,4.78,5.95,0,80.69,92.02,0.961,103.42,Marketplace,West,2234.93
REC000912,2022-04-10,436.05,887,640,4.53,25.38,121,40.81,5,205,3,56.36,3.85,6.44,1,81.11,116.68,0.794,107.23,Website,Central,2765.88
REC001867,2022-04-10,165.44,845,624,5.18,23.85,122,57.77,0,186,4,51.32,3.89,4.74,0,98.14,96.18,1.109,97.42,Mobile App,South,4632.11
REC000034,2022-04-10,121.09,895,609,3.29,45.71,106,40.68,10,182,10,52.27,3.6,1.14,1,87.51,109.28,1.294,102.79,Mobile App,Central,8123.98
REC000104,2022-04-10,431.67,919,667,3.02,56.18,113,26.19,5,208,0,55.6,4.2,0.5,0,90.08,109.49,1.104,99.07,Website,North,7551.51
REC001112,2022-04-10,117.28,914,645,4.08,20.7,114,42.25,20,209,8,40.35,4.4,7.08,3,95.33,96.23,1.222,101.8,Website,South,3260.3
REC002133,2022-04-11,135.46,912,614,2.64,38.86,126,22.09,25,180,10,53.06,3.96,7.03,2,100.0,108.35,0.865,99.75,Mobile App,South,5973.63
REC000793,2022-04-11,222.67,909,639,5.89,28.22,126,42.89,10,223,4,65.71,4.36,5.68,1,89.83,86.37,1.158,92.44,Website,North,6238.41
REC004284,2022-04-11,101.84,889,654,3.34,41.29,93,28.44,15,191,4,42.85,4.3,5.42,0,98.25,94.5,0.882,98.74,Mobile App,South,3953.35
REC000551,2022-04-12,147.89,929,645,3.26,100.86,118,36.22,10,190,6,43.66,4.08,16.74,0,90.1,127.44,0.83,95.53,Mobile App,Central,11679.55
REC003121,2022-04-12,224.4,917,619,4.43,89.91,109,31.11,5,176,9,54.38,4.5,4.7,1,95.09,103.37,0.959,94.97,Website,North,11354.22
REC005217,2022-04-13,231.59,886,629,2.88,33.39,134,40.16,10,215,6,66.87,5.0,1.47,2,92.81,88.86,1.083,90.1,Website,North,5546.74
REC004375,2022-04-13,191.3,887,617,5.42,51.38,106,23.72,25,199,3,76.73,5.0,14.64,1,99.59,97.41,1.015,107.08,Website,West,7171.11
REC001025,2022-04-13,32.27,873,632,4.19,17.79,121,35.81,20,206,11,59.66,4.72,4.95,2,90.61,116.31,1.267,99.75,Marketplace,Central,2918.95
REC002047,2022-04-13,144.65,920,576,4.86,15.13,122,36.93,20,190,14,60.0,5.0,9.84,2,85.65,97.99,0.778,104.08,Mobile App,Central,1767.43
REC005827,2022-04-13,163.72,938,665,2.96,72.66,123,30.6,0,168,9,58.69,3.32,9.13,4,100.0,87.83,1.26,103.92,Mobile App,West,12924.55
REC005840,2022-04-13,183.27,865,649,4.69,91.69,124,28.56,15,221,1,51.37,4.36,8.76,1,85.85,95.78,0.819,101.68,Website,North,10410.17
REC002752,2022-04-14,194.64,876,621,4.06,49.15,101,47.07,5,209,11,78.95,4.09,8.25,1,89.89,92.33,1.021,98.35,Website,North,5993.54
REC003027,2022-04-14,63.38,879,688,3.98,32.55,114,39.43,15,193,10,53.26,3.78,3.8,1,91.08,84.43,0.899,96.68,Website,West,4672.42
REC003593,2022-04-14,122.81,913,658,2.54,40.98,120,61.43,5,193,14,64.82,4.75,8.27,3,98.57,92.98,1.187,100.81,Marketplace,South,6969.4
REC003171,2022-04-15,351.01,922,635,1.82,114.27,114,24.59,15,191,0,65.7,4.68,9.37,1,86.7,101.49,1.338,97.36,Mobile App,South,18005.36
REC002804,2022-04-15,82.12,987,666,4.56,29.63,113,36.59,5,194,7,69.53,3.68,4.68,2,100.0,85.73,1.271,103.95,Website,South,5688.11
REC004208,2022-04-16,115.63,925,642,4.97,27.71,118,55.1,10,204,6,46.17,4.77,5.37,2,98.96,92.52,0.996,102.77,Marketplace,East,3729.03
REC005489,2022-04-16,58.69,927,619,3.3,61.98,107,37.24,15,208,8,51.98,4.86,0.5,1,83.39,87.71,1.146,100.68,Mobile App,South,9506.01
REC000456,2022-04-16,169.13,936,613,2.35,41.48,101,42.71,15,204,2,53.82,3.12,4.62,1,79.93,96.95,1.104,101.87,Website,East,5168.38
REC005130,2022-04-16,215.6,938,640,3.54,41.15,112,56.4,5,181,0,75.75,3.86,18.18,0,94.97,101.06,0.893,100.15,Website,North,5081.96
REC000006,2022-04-17,225.53,920,669,4.31,77.12,115,25.43,20,182,11,29.55,3.87,8.74,2,87.1,89.27,0.846,93.89,Marketplace,North,7741.97
REC001229,2022-04-17,52.37,862,660,2.7,61.43,113,29.84,20,196,9,67.71,4.88,11.54,1,100.0,114.1,1.016,96.17,Mobile App,Central,8724.56
REC000043,2022-04-17,207.49,938,633,4.4,120.58,125,25.16,15,179,9,53.7,3.87,0.5,0,100.0,107.74,0.878,105.68,Website,South,16016.1
REC002371,2022-04-17,143.68,933,646,4.58,21.43,118,35.54,5,198,4,49.08,4.19,5.8,1,100.0,95.28,1.083,97.71,Website,North,3271.65
REC000286,2022-04-17,45.03,915,629,3.24,31.46,101,45.21,25,191,15,53.48,4.03,5.18,2,98.67,96.59,1.221,96.02,Mobile App,South,5072.55
REC003534,2022-04-17,68.76,934,614,2.81,27.97,108,39.98,15,170,4,58.44,2.64,2.63,2,90.95,127.41,1.297,104.72,Marketplace,North,4135.93
REC004542,2022-04-18,244.2,887,595,4.22,35.04,112,8.0,5,180,4,54.03,4.3,3.87,1,93.78,130.41,1.328,102.02,Marketplace,South,5978.79
REC002408,2022-04-18,91.03,859,641,2.63,36.89,122,43.09,5,213,9,48.69,4.39,6.02,0,86.17,106.12,1.344,104.48,Marketplace,East,6479.88
REC000752,2022-04-18,63.36,971,639,2.78,33.68,89,37.06,15,185,8,66.09,4.0,9.31,1,99.66,93.7,1.345,95.38,Mobile App,East,5964.75
REC003609,2022-04-18,71.91,895,661,2.11,46.71,119,49.38,15,174,7,60.83,4.12,5.27,2,88.87,114.12,0.911,103.42,Marketplace,North,5176.38
REC005287,2022-04-18,213.95,924,669,3.56,31.82,97,28.83,15,191,10,41.65,3.9,11.46,2,98.31,98.44,0.758,93.37,Mobile App,Central,2831.41
REC004948,2022-04-19,110.36,895,661,3.76,23.86,106,32.92,15,193,7,56.05,3.18,14.09,2,89.21,85.36,0.967,104.83,Website,North,2643.7
REC002998,2022-04-19,106.89,859,633,3.57,34.38,99,50.08,15,197,14,65.05,5.0,8.76,0,98.04,108.34,0.914,106.9,Website,South,4409.88
REC002600,2022-04-19,214.34,932,639,4.58,42.21,127,23.31,15,185,2,52.1,4.25,6.95,2,89.16,95.17,1.192,97.4,Mobile App,South,7703.38
REC002428,2022-04-20,168.54,892,643,3.81,70.55,113,31.27,5,205,6,56.23,3.52,5.83,5,91.26,106.93,1.136,105.85,Website,West,10645.96
REC002636,2022-04-20,45.57,893,691,4.85,59.06,116,28.06,30,209,3,58.88,4.54,8.64,3,100.0,74.21,0.941,105.62,Website,South,7925.89
REC002493,2022-04-20,321.04,924,656,3.36,13.9,119,37.37,25,199,5,58.95,3.91,9.52,2,92.81,95.4,0.916,103.92,Marketplace,South,1678.42
REC004636,2022-04-20,317.36,892,682,1.42,51.88,116,53.86,15,186,2,66.84,4.1,8.08,1,96.57,100.39,1.183,104.96,Marketplace,Central,8525.01
REC000959,2022-04-20,117.31,853,626,2.17,47.88,119,40.25,5,191,8,48.4,4.39,7.33,0,94.32,94.01,1.222,96.95,Website,West,7866.13
REC002441,2022-04-21,98.92,903,636,4.14,26.86,114,38.48,0,189,6,68.3,4.35,7.87,0,84.92,113.36,0.796,98.07,Website,South,2611.92
REC000735,2022-04-22,83.23,922,690,2.93,42.19,112,43.65,0,191,6,35.72,3.32,16.6,1,98.42,96.28,0.882,98.79,Website,South,4845.53
REC000381,2022-04-22,270.62,978,632,3.91,53.7,110,37.53,25,194,1,67.08,4.52,7.16,0,76.05,97.92,1.261,102.2,Mobile App,North,8976.53
REC000016,2022-04-22,78.93,911,603,3.32,21.12,117,27.66,10,195,12,47.47,4.95,0.7,2,92.1,110.76,1.074,100.63,Website,West,2829.45
REC000496,2022-04-22,97.28,920,664,2.61,41.25,110,24.02,20,180,1,63.61,4.17,5.44,3,94.01,98.82,1.25,101.76,Mobile App,East,6933.58
REC005114,2022-04-22,127.54,845,631,4.13,23.38,117,36.96,10,183,7,59.01,4.96,7.58,1,94.21,89.76,0.753,103.47,Mobile App,South,2387.53
REC001332,2022-04-22,70.93,952,589,1.3,17.51,105,35.1,30,170,15,53.58,4.41,0.5,1,89.37,101.66,0.849,102.12,Website,South,1722.24
REC002796,2022-04-23,137.28,924,647,2.89,16.1,120,46.97,10,177,5,53.61,4.99,7.58,1,93.98,87.35,1.213,102.65,Website,East,2788.03
REC005910,2022-04-23,222.0,892,619,6.78,31.47,127,39.33,5,169,3,66.2,2.97,8.78,0,92.76,99.34,1.072,101.63,Mobile App,Central,5839.33
REC005030,2022-04-23,83.55,923,643,4.78,49.58,132,47.14,10,201,7,62.86,3.32,8.4,3,69.76,102.75,1.069,101.22,Marketplace,East,6135.51
REC005008,2022-04-24,138.43,883,697,3.38,52.92,102,31.02,20,192,13,57.99,3.12,6.49,2,100.0,117.45,0.833,92.22,Website,East,5435.74
REC000587,2022-04-24,441.12,889,671,3.16,58.2,120,47.07,10,178,2,46.62,3.54,9.82,4,80.72,93.15,1.085,93.95,Mobile App,North,9305.12
REC000010,2022-04-24,119.06,948,633,2.6,29.04,127,37.21,10,199,0,53.34,3.93,3.31,1,84.47,98.21,0.912,96.33,Marketplace,South,3386.28
REC005814,2022-04-24,76.67,849,644,4.63,32.58,112,20.67,10,197,2,60.64,4.19,12.88,2,87.37,76.06,0.951,93.29,Mobile App,North,4063.06
REC003042,2022-04-24,109.59,894,646,1.55,41.77,122,40.36,0,200,14,48.03,4.47,5.68,0,88.17,77.78,0.906,97.96,Website,Central,4139.59
REC001792,2022-04-24,222.36,928,621,4.84,48.36,120,53.53,5,173,10,63.2,3.77,7.71,3,94.48,82.07,1.085,91.75,Mobile App,East,9260.67
REC005486,2022-04-24,402.89,895,677,4.32,30.82,104,48.99,25,169,6,59.26,4.05,9.28,1,84.36,89.66,0.782,88.62,Website,East,2640.38
REC001945,2022-04-24,165.52,942,638,1.78,90.0,102,26.8,10,194,12,65.74,4.2,14.84,4,82.77,85.41,1.094,109.03,Mobile App,Central,11293.28
REC000408,2022-04-24,119.23,895,629,3.59,71.87,103,36.44,25,181,10,56.26,3.4,11.87,2,83.35,93.45,1.127,95.46,Website,South,8338.54
REC004505,2022-04-25,283.08,921,631,4.6,73.74,107,10.38,10,176,3,53.28,3.45,9.07,0,91.84,91.72,1.339,99.56,Website,East,13756.8
REC003901,2022-04-25,178.66,943,634,4.03,87.76,121,47.77,25,200,10,66.4,2.96,8.55,0,92.84,80.96,0.866,98.71,Website,East,10986.87
REC003085,2022-04-25,168.07,874,611,4.82,48.37,113,22.43,5,194,10,72.72,5.0,9.29,0,93.81,89.86,1.201,99.53,Marketplace,West,7882.1
REC003427,2022-04-25,112.01,924,660,4.98,176.8,119,62.38,30,193,8,63.21,4.43,3.55,2,96.63,97.47,0.902,93.71,Marketplace,North,24341.61
REC005954,2022-04-26,89.21,894,624,4.21,32.2,110,44.58,5,184,2,64.84,4.01,9.53,2,92.71,112.27,0.813,99.13,Marketplace,South,2775.34
REC001667,2022-04-26,77.11,908,654,4.08,23.71,126,34.84,15,192,5,58.23,4.05,7.69,2,89.51,100.91,1.261,109.66,Website,South,4575.04
REC003212,2022-04-27,52.99,940,664,4.33,22.72,111,40.13,0,193,3,58.94,4.78,11.79,2,96.91,98.92,1.036,93.0,Mobile App,East,3254.54
REC002584,2022-04-27,335.4,893,664,4.18,92.86,122,25.47,15,198,12,43.42,3.97,9.13,0,93.48,102.35,1.027,110.02,Marketplace,Central,13403.8
REC005156,2022-04-27,148.6,900,623,6.15,29.32,116,32.59,30,197,11,50.63,4.5,6.77,2,92.66,94.87,1.115,100.6,Mobile App,Central,4155.74
REC002697,2022-04-28,151.1,985,629,4.03,43.0,113,27.37,0,194,15,49.37,4.14,11.98,2,97.1,101.27,1.191,102.42,Website,Central,7405.51
REC005378,2022-04-28,76.7,828,658,3.26,39.66,115,23.88,10,183,4,46.08,3.9,8.64,3,94.71,93.25,1.217,95.62,Website,North,6599.02
REC001016,2022-04-28,307.23,885,643,2.88,74.72,110,36.88,0,188,1,63.12,3.85,2.14,1,95.51,111.19,0.988,101.49,Mobile App,North,10405.62
REC004994,2022-04-29,165.17,929,688,3.62,13.15,119,39.29,0,183,0,56.19,3.69,10.14,1,92.42,111.84,0.808,91.43,Website,Central,1643.14
REC002856,2022-04-29,208.13,922,629,3.91,71.91,137,34.22,15,180,10,64.27,4.11,1.34,2,97.48,70.0,0.894,105.29,Website,Central,10713.82
REC005673,2022-04-29,234.03,920,638,5.58,26.45,94,41.5,10,186,15,44.76,4.8,6.3,3,72.8,112.71,0.919,94.43,Website,North,2587.73
REC000515,2022-04-29,211.68,889,634,2.38,23.51,139,40.86,30,189,11,56.23,3.51,9.42,0,81.59,107.29,0.965,97.88,Website,North,3074.22
REC005129,2022-04-30,446.26,924,604,4.05,47.88,113,48.89,5,200,5,58.08,4.79,4.97,3,85.31,118.85,0.803,107.13,Mobile App,South,6026.31
REC005414,2022-04-30,84.86,887,660,5.47,124.75,120,51.54,20,173,3,90.0,4.68,2.42,0,85.49,100.59,0.858,94.39,Mobile App,South,16076.86
REC003464,2022-05-01,324.04,947,608,3.78,21.38,132,63.14,10,195,9,54.15,4.61,2.62,1,95.48,97.17,1.208,110.62,Marketplace,North,4348.35
REC005317,2022-05-01,94.99,891,642,5.86,28.37,121,37.53,0,171,15,56.3,3.82,15.46,0,87.4,108.02,0.951,108.97,Marketplace,North,3508.15
REC004708,2022-05-01,128.12,894,618,2.54,43.86,131,32.6,10,204,2,70.58,3.97,6.5,1,91.25,111.07,1.057,111.11,Mobile App,Central,7976.01
REC004044,2022-05-01,357.27,898,654,6.61,28.14,114,37.88,5,186,10,40.74,4.17,8.93,1,88.09,105.62,0.893,103.14,Website,Central,3305.83
REC004946,2022-05-01,109.46,862,600,2.65,25.59,108,37.09,10,178,5,58.77,4.34,4.66,1,99.53,113.56,0.799,99.36,Website,East,2951.48
REC002179,2022-05-01,208.43,883,658,5.03,39.13,129,40.05,15,180,13,63.83,3.79,12.44,2,100.0,101.59,0.767,97.53,Mobile App,Central,5560.36
REC005860,2022-05-01,249.39,900,654,6.1,41.4,117,35.06,15,209,2,39.18,3.76,8.18,2,99.53,115.86,1.042,96.93,Website,Central,6522.69
REC005667,2022-05-01,48.85,930,640,2.97,53.18,108,32.2,15,219,8,59.74,4.05,12.31,3,86.2,74.78,1.262,100.91,Website,West,8535.89
REC002992,2022-05-02,103.63,909,665,5.38,16.01,116,51.47,0,182,10,44.75,4.8,6.14,1,92.65,101.81,1.013,96.58,Marketplace,West,2647.37
REC001294,2022-05-02,119.96,874,634,3.56,53.05,130,40.75,0,176,5,40.35,4.02,8.35,1,84.52,85.68,1.268,98.95,Mobile App,North,10207.06
REC001606,2022-05-02,107.46,893,615,1.78,99.19,114,38.24,10,183,8,53.95,4.33,5.95,1,96.45,76.26,0.795,105.03,Mobile App,West,11022.56
REC000627,2022-05-02,292.39,853,643,5.24,36.38,119,29.07,20,174,4,45.39,4.11,9.2,1,90.65,106.22,0.784,111.21,Mobile App,South,4274.08
REC002505,2022-05-03,32.93,910,693,1.93,25.15,121,40.45,5,199,7,57.19,3.57,9.44,0,98.32,109.45,1.084,100.6,Mobile App,Central,4581.14
REC005402,2022-05-03,153.23,900,629,3.81,66.48,126,25.89,0,196,0,57.98,4.07,1.43,1,90.42,98.98,1.32,107.75,Marketplace,Central,11533.89
REC000897,2022-05-03,153.27,900,670,5.32,26.37,119,21.78,15,194,10,56.41,4.03,10.28,0,79.93,93.0,1.156,95.8,Website,North,3289.91
REC005844,2022-05-03,76.24,873,616,3.64,31.65,115,24.07,15,190,14,69.52,3.89,11.35,1,99.67,116.67,1.123,95.33,Mobile App,Central,5207.27
REC003911,2022-05-04,64.62,896,629,4.0,45.37,112,30.28,0,203,0,69.55,3.69,4.62,0,100.0,94.13,1.012,100.32,Marketplace,Central,7863.1
REC001135,2022-05-04,175.18,973,654,4.2,35.11,123,43.88,5,178,2,75.84,4.58,4.27,2,79.61,94.75,0.922,109.71,Website,North,4757.2
REC002778,2022-05-04,84.36,888,620,3.53,62.35,117,53.63,10,190,14,67.05,4.16,9.39,5,81.66,114.49,1.193,97.52,Website,Central,9495.12
REC002598,2022-05-04,210.82,953,652,2.58,42.17,122,22.82,20,200,5,30.08,4.43,3.9,0,77.13,91.33,0.782,100.73,Mobile App,West,4778.55
REC003140,2022-05-04,52.38,849,634,4.85,64.55,114,50.73,10,191,2,46.79,4.85,7.99,2,77.11,95.1,1.331,92.94,Mobile App,North,11260.65
REC000811,2022-05-04,160.66,886,622,4.51,58.53,103,34.9,20,190,9,61.15,4.33,8.34,1,97.86,95.2,1.11,104.43,Mobile App,South,8521.88
REC001070,2022-05-05,76.14,892,603,3.9,84.59,114,56.63,20,186,9,89.33,3.68,6.91,3,100.0,96.34,1.188,105.74,Mobile App,North,16347.18
REC003111,2022-05-05,75.41,873,640,3.68,61.41,109,40.87,20,203,15,86.51,3.88,12.22,1,99.29,92.57,1.34,101.55,Mobile App,East,10221.61
REC002485,2022-05-05,58.21,895,632,1.22,11.72,124,45.56,5,182,1,74.63,4.52,8.9,1,92.97,92.62,1.319,102.81,Mobile App,East,2298.41
REC001306,2022-05-05,155.97,941,616,3.21,39.24,85,49.8,25,189,7,63.81,4.47,8.87,0,89.94,103.87,1.32,86.44,Website,North,5952.36
REC000425,2022-05-06,215.89,966,652,5.93,38.63,102,39.04,10,194,5,66.25,3.91,4.9,1,96.88,110.52,1.01,92.29,Mobile App,West,6397.41
REC002568,2022-05-06,58.86,882,676,4.4,75.49,133,43.08,5,199,4,51.23,3.33,6.65,1,85.75,82.54,0.93,99.96,Marketplace,South,9496.55
REC004580,2022-05-06,77.03,925,681,3.65,27.22,114,20.78,10,182,14,78.78,3.84,4.84,0,96.81,97.92,1.164,88.11,Website,East,4514.12
REC001699,2022-05-06,92.68,956,647,2.31,21.61,99,41.42,15,189,3,58.21,3.85,11.68,1,89.27,123.83,1.332,102.77,Marketplace,West,3259.12
REC002003,2022-05-07,106.93,905,625,4.43,44.0,107,40.17,30,196,5,51.07,3.87,8.29,1,87.9,109.19,0.938,89.47,Mobile App,South,4137.61
REC000464,2022-05-07,149.91,933,661,1.69,30.62,99,36.2,20,196,10,66.89,4.65,6.89,2,97.67,104.17,0.826,95.66,Website,East,3049.44
REC000502,2022-05-07,163.51,933,668,3.16,45.18,163,32.16,0,191,3,57.31,3.97,2.62,1,89.97,98.59,0.928,98.05,Website,South,8198.98
REC002759,2022-05-08,318.88,909,627,4.14,49.12,103,45.77,10,191,9,64.23,4.47,1.89,1,91.62,101.66,1.254,99.62,Mobile App,East,8404.56
REC004021,2022-05-08,275.51,900,620,5.21,22.59,129,44.1,15,174,8,28.75,4.49,5.96,2,82.86,95.35,1.317,103.98,Website,Central,4623.44
REC005429,2022-05-08,262.74,927,648,4.46,40.74,122,12.99,20,178,4,53.34,4.42,10.05,3,91.26,106.61,0.911,96.45,Marketplace,Central,4679.06
REC003964,2022-05-08,133.27,923,576,5.16,76.13,113,34.66,30,185,4,61.36,4.93,9.73,1,100.0,110.35,0.916,103.13,Website,Central,10516.07
REC003845,2022-05-09,214.1,907,648,4.52,57.36,106,19.52,15,198,3,50.39,4.75,7.59,0,92.57,90.63,0.96,96.92,Website,West,7202.93
REC001879,2022-05-09,383.16,870,623,4.71,38.48,112,42.92,25,171,6,48.87,4.37,12.76,2,92.23,122.6,0.819,105.92,Mobile App,Central,4502.82
REC001014,2022-05-09,106.11,868,619,2.23,40.41,102,39.99,15,199,3,73.22,4.46,9.94,3,80.85,91.48,1.266,97.57,Marketplace,South,4393.51
REC002548,2022-05-10,132.65,930,678,2.68,43.11,101,38.39,0,195,8,72.93,4.44,3.67,2,97.8,106.69,0.784,99.37,Website,West,4814.26
REC002814,2022-05-10,62.46,856,639,3.35,74.94,136,30.2,10,193,3,80.85,4.74,1.25,1,83.25,98.55,1.038,94.96,Mobile App,Central,11991.61
REC004553,2022-05-10,145.23,920,628,4.75,28.4,118,31.87,5,189,1,45.92,4.04,7.11,1,98.18,103.72,1.08,94.69,Mobile App,West,5546.09
REC005137,2022-05-10,227.77,911,676,3.92,27.8,100,37.46,10,181,12,67.25,4.14,9.49,1,100.0,102.31,1.305,96.34,Mobile App,East,5706.63
REC002188,2022-05-11,67.16,969,683,3.26,82.64,97,60.56,10,199,2,43.67,3.84,10.11,0,93.02,101.73,1.142,101.76,Marketplace,Central,9930.31
REC004201,2022-05-11,72.31,929,621,3.22,51.04,123,25.72,25,185,11,64.89,4.54,15.47,2,88.8,101.7,0.876,105.54,Mobile App,West,6808.91
REC001516,2022-05-11,442.0,923,639,3.63,22.76,96,10.24,25,183,5,59.65,3.71,10.12,0,99.32,109.12,1.065,104.91,Marketplace,South,2625.16
REC001708,2022-05-11,23.14,891,631,1.77,38.8,122,41.43,30,189,12,72.25,5.0,4.94,0,99.34,100.4,1.299,108.57,Mobile App,West,7517.83
REC003739,2022-05-11,640.86,888,614,3.79,55.59,121,47.5,5,189,10,51.79,3.42,12.84,1,84.79,99.71,0.914,101.59,Website,West,7577.53
REC003179,2022-05-11,162.01,888,622,6.1,40.78,117,37.85,30,193,9,44.75,4.16,2.9,0,89.32,86.22,1.348,114.91,Website,South,8539.92
REC004433,2022-05-11,26.96,901,653,1.2,40.3,118,31.97,20,173,5,86.77,3.27,2.93,3,99.44,94.25,0.801,96.58,Website,Central,4413.12
REC005833,2022-05-12,90.02,912,652,3.65,87.53,120,28.8,0,212,5,59.66,2.88,9.0,2,92.35,83.68,1.176,99.34,Website,East,13469.27
REC001786,2022-05-12,375.63,886,627,2.95,45.48,121,41.89,10,199,8,53.19,5.0,4.8,2,96.58,116.45,1.207,95.67,Mobile App,West,10551.71
REC003647,2022-05-13,591.02,886,603,3.42,52.51,109,35.97,10,186,14,53.19,3.97,8.64,3,91.94,92.26,1.23,106.18,Website,West,9709.86
REC002546,2022-05-13,345.74,927,616,2.84,64.52,128,46.37,10,199,15,48.21,4.31,3.87,1,87.34,102.6,0.998,102.65,Mobile App,East,10222.36
REC000310,2022-05-14,46.75,899,632,5.21,43.74,126,41.38,15,190,2,77.09,4.76,7.13,1,91.38,99.85,1.189,96.8,Website,Central,7335.36
REC002306,2022-05-14,189.75,919,655,4.93,25.17,121,16.47,15,161,12,84.81,3.3,6.18,1,86.49,95.63,0.834,108.39,Mobile App,West,3242.09
REC001630,2022-05-14,173.69,901,675,4.18,41.48,106,45.53,20,183,2,44.49,4.36,4.88,1,82.13,106.78,1.211,99.99,Website,East,6220.83
REC000937,2022-05-14,275.65,918,608,4.02,27.98,136,39.09,10,185,9,58.23,4.02,13.07,1,83.49,96.77,1.212,99.39,Mobile App,Central,4990.87
REC004853,2022-05-15,130.24,960,672,3.17,36.03,113,41.62,20,202,7,56.6,3.96,8.31,0,91.06,112.09,0.868,95.99,Marketplace,North,3809.06
REC005705,2022-05-15,299.95,883,653,3.86,69.44,104,29.07,10,216,10,75.15,3.77,7.96,1,82.79,97.48,1.336,101.35,Website,East,10650.18
REC004595,2022-05-15,187.42,814,641,1.48,53.38,110,40.39,5,199,10,65.93,4.22,14.69,3,83.41,114.81,1.057,95.18,Website,East,4458.74
REC000155,2022-05-16,90.46,926,608,3.41,17.53,124,52.49,15,162,13,55.03,5.0,3.95,2,86.61,103.44,1.296,95.95,Website,South,3160.56
REC001216,2022-05-16,110.99,944,605,3.93,31.0,110,31.17,5,206,0,32.69,4.41,7.26,0,93.16,109.06,1.074,102.04,Website,South,4771.21
REC005246,2022-05-16,108.63,938,665,3.36,56.73,108,37.4,25,178,15,59.9,4.36,9.33,3,97.7,119.86,0.816,104.07,Mobile App,East,7032.59
REC002840,2022-05-17,137.35,885,646,4.46,19.67,114,33.76,0,195,12,51.16,3.61,5.45,1,98.05,113.5,1.111,100.04,Website,West,3352.16
REC005758,2022-05-17,69.36,970,675,4.18,36.96,128,24.9,15,178,4,67.57,3.88,1.41,2,78.51,99.93,1.073,99.6,Mobile App,South,5511.28
REC002611,2022-05-17,118.92,943,648,5.93,63.17,114,20.82,10,178,4,59.14,4.47,0.5,2,92.67,92.8,0.834,98.03,Website,Central,8414.1
REC001693,2022-05-17,73.34,840,667,4.31,13.81,114,43.49,15,169,8,76.03,4.58,9.47,1,76.27,90.16,0.801,99.6,Mobile App,West,1416.96
REC001293,2022-05-18,1039.4,904,673,3.99,52.81,135,50.83,20,181,9,53.22,3.38,4.56,0,95.26,76.51,1.234,100.78,Website,West,14019.0
REC000246,2022-05-18,268.42,944,659,3.98,27.81,105,41.11,25,172,2,52.58,3.95,3.74,1,94.48,94.43,0.78,106.65,Website,East,2518.6
REC003467,2022-05-18,47.15,897,642,5.57,43.41,86,40.72,15,199,12,42.68,4.35,10.82,1,85.86,103.67,0.942,94.86,Mobile App,South,4080.27
REC004428,2022-05-19,482.77,933,625,3.37,60.24,117,45.67,15,193,0,66.55,4.86,7.08,2,88.42,77.14,0.829,110.67,Mobile App,Central,7399.54
REC001368,2022-05-19,67.43,907,682,5.14,47.52,112,31.44,0,167,1,65.89,3.69,15.73,3,91.64,70.64,1.328,98.85,Mobile App,Central,8143.11
REC005351,2022-05-19,90.85,891,633,3.05,45.58,126,38.52,10,209,14,63.6,3.95,4.97,3,95.55,87.62,1.242,96.77,Mobile App,South,8675.82
REC005459,2022-05-19,199.76,890,651,3.53,61.46,109,51.11,10,201,8,69.03,4.67,5.36,3,78.19,94.49,0.793,102.0,Marketplace,East,4590.78
REC002535,2022-05-20,71.28,902,628,3.41,39.83,110,32.52,25,158,2,63.08,3.43,9.91,0,88.28,102.15,0.752,99.96,Website,Central,3286.05
REC003267,2022-05-20,72.96,903,666,4.93,31.33,112,35.49,15,206,15,90.0,3.87,6.62,2,93.41,75.08,1.153,96.52,Website,South,3978.12
REC000082,2022-05-20,348.79,940,640,2.91,78.2,99,27.52,15,179,11,37.88,3.85,6.04,3,93.69,79.46,0.823,97.27,Mobile App,North,9192.0
REC002607,2022-05-20,78.97,851,657,6.65,42.17,126,25.6,30,186,13,61.48,3.97,4.84,0,85.56,115.14,0.811,105.69,Mobile App,West,4700.33
REC002773,2022-05-20,73.69,878,676,3.14,51.42,125,61.72,5,190,0,54.99,4.31,7.29,0,89.62,109.35,0.977,102.4,Website,East,7870.79
REC003320,2022-05-21,205.16,904,681,3.31,26.17,113,50.31,15,196,14,90.0,4.63,5.61,2,100.0,103.41,1.098,102.53,Website,East,5218.74
REC002788,2022-05-21,288.75,889,624,4.69,109.33,127,50.44,20,205,1,33.01,3.85,9.99,2,86.8,105.05,1.13,96.34,Website,North,17249.71
REC002896,2022-05-21,191.41,867,662,2.57,59.87,118,40.08,0,179,3,33.22,4.18,6.29,3,83.38,108.78,1.229,101.12,Website,West,8590.8
REC003401,2022-05-21,55.89,917,596,4.43,56.71,109,55.1,20,204,11,57.37,3.42,3.64,2,92.21,99.67,1.137,111.41,Website,Central,7616.02
REC001252,2022-05-21,140.1,931,645,3.73,28.97,111,20.07,20,183,11,58.67,3.97,4.33,0,81.08,98.05,1.241,109.22,Mobile App,West,4881.54
REC000098,2022-05-21,106.75,889,643,4.54,26.46,120,19.11,30,191,12,49.51,3.69,15.55,0,99.7,98.34,0.773,106.84,Mobile App,South,3405.74
REC002786,2022-05-21,64.37,901,628,6.01,53.49,110,56.84,0,195,0,54.51,3.71,8.32,2,93.39,110.84,1.142,102.65,Website,Central,9257.4
REC005790,2022-05-21,201.3,880,611,3.63,100.43,112,38.12,5,189,12,47.01,3.37,3.43,1,87.51,109.67,0.841,96.53,Website,Central,11707.87
REC002850,2022-05-22,44.7,896,661,1.89,92.02,129,37.4,20,168,5,38.0,4.13,8.99,2,83.47,119.88,1.18,100.56,Website,West,16519.28
REC001977,2022-05-23,752.61,896,616,4.79,76.85,118,44.14,0,191,3,67.48,3.82,13.15,2,84.45,90.47,0.977,95.82,Website,East,7340.35
REC002221,2022-05-23,71.9,939,645,5.02,39.12,123,37.46,10,186,9,71.21,4.0,12.42,3,70.25,110.68,0.807,100.65,Website,Central,3247.63
REC004669,2022-05-23,398.21,892,669,4.64,21.53,116,30.54,25,203,1,53.59,3.63,9.85,6,91.63,86.67,0.95,98.24,Mobile App,East,3168.95
REC003885,2022-05-23,78.6,906,651,3.99,32.11,114,46.68,10,167,7,71.26,3.65,4.48,0,83.93,107.34,1.121,99.97,Mobile App,North,4541.17
REC001478,2022-05-24,102.51,942,649,2.92,20.24,115,31.4,20,170,4,49.15,4.19,6.63,0,84.21,111.4,1.142,103.65,Website,East,2926.85
REC004733,2022-05-24,92.67,920,660,4.0,57.86,108,33.82,10,188,2,50.57,4.46,0.5,0,100.0,89.14,0.928,107.6,Marketplace,West,8439.71
REC002422,2022-05-24,105.02,859,637,4.04,46.35,129,17.89,10,179,3,49.56,3.95,4.84,2,88.56,107.69,1.292,100.6,Mobile App,East,9256.51
REC000273,2022-05-24,99.42,920,659,5.41,30.52,109,34.56,15,215,3,49.29,4.19,19.42,0,95.18,96.54,0.785,104.9,Website,East,3355.4
REC003243,2022-05-25,169.87,920,657,3.94,133.54,108,57.33,30,188,1,56.31,3.2,7.66,2,98.19,109.34,1.004,95.31,Mobile App,West,21588.28
REC000780,2022-05-25,114.57,990,626,3.43,58.17,120,51.1,5,171,10,43.47,4.86,11.32,1,94.42,78.5,1.091,92.97,Website,West,10748.0
REC000896,2022-05-25,152.57,920,653,4.31,38.71,107,33.19,15,206,13,54.26,3.57,8.73,1,93.68,104.47,1.017,97.83,Mobile App,West,5350.77
REC005597,2022-05-25,200.51,906,652,2.49,18.37,101,32.53,10,178,13,64.92,4.27,2.9,0,91.89,85.72,1.268,101.69,Website,North,2861.71
REC005357,2022-05-25,114.58,881,682,4.38,18.73,122,57.42,10,220,3,55.79,3.23,6.21,2,92.55,92.45,1.087,108.53,Mobile App,East,3589.1
REC002797,2022-05-26,81.01,859,630,5.56,79.3,109,43.75,5,196,4,46.0,4.56,9.02,2,80.98,101.37,1.312,106.12,Website,Central,12911.02
REC001609,2022-05-26,35.31,890,657,2.88,42.16,113,75.0,20,192,14,66.22,3.38,7.95,1,89.17,125.05,0.823,100.89,Website,Central,4516.5
REC004764,2022-05-26,158.16,865,630,5.08,25.42,113,35.87,20,204,0,52.33,4.22,10.23,2,87.69,89.85,0.97,95.98,Mobile App,South,3299.13
REC001433,2022-05-26,154.04,907,605,2.94,43.46,99,30.49,5,174,11,53.64,4.28,12.21,0,86.55,87.69,1.081,97.18,Mobile App,East,5997.93
REC005643,2022-05-26,122.06,913,630,2.86,27.41,111,30.62,30,214,11,59.24,4.24,10.97,1,89.59,83.49,0.831,98.1,Mobile App,North,3175.93
REC001154,2022-05-26,354.86,980,639,4.01,70.07,132,37.2,15,195,6,50.71,3.91,7.96,2,84.63,114.11,1.03,101.92,Marketplace,East,8432.29
REC001859,2022-05-27,164.65,888,641,3.75,86.36,133,38.73,25,187,3,79.22,2.74,10.86,0,91.31,89.86,1.16,99.75,Mobile App,South,15607.09
REC000050,2022-05-27,274.09,886,657,5.71,57.74,111,55.72,15,179,11,81.86,3.52,5.78,1,94.18,107.93,0.753,100.41,Mobile App,Central,6784.66
REC003744,2022-05-28,136.74,920,666,2.32,30.26,99,39.25,10,181,0,45.74,4.93,3.78,3,99.5,109.1,1.267,98.4,Website,North,5041.24
REC002152,2022-05-28,113.52,917,637,3.68,33.32,123,30.63,10,200,9,66.48,3.75,6.92,1,100.0,101.13,0.966,91.44,Website,West,5234.74
REC005051,2022-05-28,115.95,884,639,3.54,23.32,118,43.62,0,184,10,64.21,3.81,7.02,3,91.25,93.51,1.313,100.04,Mobile App,South,4334.96
REC002694,2022-05-28,248.49,944,642,3.82,20.25,118,49.69,15,175,5,72.52,4.69,0.5,1,79.28,94.56,0.865,99.23,Website,Central,2346.92
REC001709,2022-05-28,252.46,914,668,4.45,61.44,117,39.89,25,195,11,59.19,3.55,8.57,2,95.66,77.73,0.916,97.86,Website,Central,8502.67
REC004369,2022-05-28,35.04,872,671,3.48,69.66,111,34.62,15,177,1,28.26,3.46,10.15,1,91.31,121.5,0.99,105.55,Marketplace,Central,9069.56
REC005011,2022-05-28,139.97,850,649,3.76,71.02,123,34.07,0,218,14,55.16,3.74,1.29,3,85.53,94.03,0.871,94.88,Website,West,8030.99
REC005662,2022-05-29,59.92,838,614,2.83,35.53,107,38.27,5,183,10,68.67,3.84,1.6,0,85.62,88.48,0.942,93.98,Website,Central,3574.51
REC004760,2022-05-29,96.56,900,633,4.51,97.87,101,41.07,15,220,3,67.5,4.0,3.23,0,100.0,93.6,0.843,97.02,Website,West,13023.23
REC003300,2022-05-30,173.92,933,635,4.25,75.83,123,63.59,15,217,10,62.36,4.11,6.3,0,92.54,99.1,1.187,98.37,Website,North,13722.74
REC003234,2022-05-30,184.91,905,682,3.2,48.02,110,39.09,10,194,8,84.66,4.07,8.87,0,86.6,108.28,0.898,107.86,Marketplace,West,5264.68
REC000282,2022-05-30,173.47,911,682,3.41,21.69,117,33.45,20,199,6,53.22,4.39,0.5,1,85.8,111.42,1.141,99.65,Website,East,3104.62
REC004180,2022-05-30,77.7,866,636,4.66,19.36,103,16.3,15,187,10,50.81,4.43,6.0,2,98.29,95.57,1.144,105.98,Mobile App,Central,2793.46
REC001432,2022-05-31,181.76,917,666,4.94,16.26,106,40.41,5,170,12,58.9,3.92,6.36,1,81.83,97.22,1.147,99.2,Website,South,2272.31
REC002971,2022-05-31,111.75,857,640,2.94,26.25,113,52.14,5,200,11,63.25,4.5,2.66,0,78.42,105.4,1.056,95.89,Mobile App,South,3945.77
REC004258,2022-05-31,192.49,890,681,2.31,26.19,120,39.77,20,181,7,71.54,4.07,4.88,1,86.88,116.12,0.841,98.67,Website,Central,2620.72
REC002440,2022-05-31,58.79,902,625,4.07,79.55,141,32.35,10,186,9,57.89,4.64,12.56,1,88.69,89.68,1.331,89.96,Marketplace,West,16627.14
REC002154,2022-06-01,156.38,928,617,0.8,20.26,107,32.22,15,204,7,50.12,3.25,7.39,1,86.49,105.78,0.811,98.01,Marketplace,East,1669.24
REC001363,2022-06-01,146.69,918,603,4.99,78.57,149,53.32,10,176,3,50.72,4.43,6.23,1,82.15,110.29,1.07,90.89,Website,North,14376.07
REC001323,2022-06-01,85.63,890,650,2.4,56.49,109,22.49,5,187,14,55.17,3.84,5.98,0,100.0,109.88,1.334,97.68,Website,Central,8883.07
REC001241,2022-06-02,123.33,894,646,3.61,94.01,123,35.93,5,188,5,38.29,3.96,6.23,2,90.6,119.44,0.861,106.49,Website,South,11291.12
REC001971,2022-06-02,306.5,883,636,2.0,21.32,122,33.55,30,217,9,58.9,4.02,11.98,2,100.0,109.22,1.294,105.02,Mobile App,East,4418.65
REC005789,2022-06-03,96.32,874,661,5.34,41.55,97,34.95,10,180,8,76.42,3.58,10.22,2,89.45,115.76,1.339,94.17,Mobile App,Central,6279.85
REC004015,2022-06-03,109.49,906,652,2.79,48.34,103,47.38,0,192,13,55.75,3.99,5.0,0,87.9,111.76,1.135,93.55,Website,North,4922.31
REC000501,2022-06-03,287.82,905,658,3.31,24.63,114,31.39,15,173,4,58.89,4.21,4.9,3,96.7,102.36,1.096,105.81,Website,South,3612.07
REC003402,2022-06-03,182.48,890,649,3.67,33.55,97,25.46,15,205,8,47.67,4.72,7.48,4,100.0,85.62,1.055,102.36,Mobile App,East,4754.98
REC003752,2022-06-03,188.84,880,667,3.57,50.32,136,25.75,30,210,5,53.18,4.12,4.88,1,86.81,102.7,0.94,107.36,Website,Central,7606.13
REC005073,2022-06-03,172.32,916,681,3.84,22.71,101,54.63,10,182,8,31.76,3.77,3.27,1,88.75,96.71,1.262,99.09,Website,West,3648.29
REC000855,2022-06-03,105.8,915,644,3.75,13.0,102,46.31,20,199,1,49.66,4.93,7.85,3,100.0,113.77,0.82,102.69,Website,North,1312.71
REC003903,2022-06-03,383.4,921,616,2.19,96.22,97,30.1,10,192,11,66.89,4.04,2.94,1,96.58,74.21,0.762,102.2,Website,South,8266.37
REC005657,2022-06-03,203.41,928,627,3.52,27.69,113,55.47,10,194,1,65.01,4.07,7.06,1,94.96,84.81,1.092,102.7,Marketplace,Central,4132.21
REC001623,2022-06-04,118.89,906,638,3.77,19.82,125,35.19,25,179,3,61.39,4.67,2.04,0,96.34,98.82,1.145,95.57,Mobile App,West,4396.59
REC001835,2022-06-04,107.5,921,672,2.53,27.95,95,18.91,20,208,6,44.03,3.99,16.34,0,96.9,106.37,1.291,99.31,Marketplace,West,4146.7
REC002079,2022-06-05,91.91,890,619,3.16,51.51,129,42.24,10,167,14,62.95,3.35,6.67,2,88.51,113.33,0.897,99.46,Mobile App,Central,7452.73
REC004984,2022-06-05,105.97,869,615,5.41,16.88,132,40.75,10,187,14,77.52,4.19,3.28,3,96.55,85.55,1.242,98.05,Website,East,3942.67
REC005950,2022-06-06,175.76,919,666,6.08,115.84,108,23.16,25,177,10,60.07,4.41,2.04,1,82.99,92.16,0.778,94.18,Marketplace,North,10530.92
REC001896,2022-06-06,116.08,929,649,3.74,20.74,100,43.01,25,196,10,50.54,4.29,1.75,0,91.6,82.58,1.288,91.07,Marketplace,South,3429.47
REC005371,2022-06-07,169.76,916,685,2.87,29.25,115,37.55,0,207,15,60.23,3.7,15.4,3,89.22,95.66,1.185,106.01,Mobile App,Central,4731.83
REC003741,2022-06-07,222.49,913,647,4.96,35.61,105,59.28,20,215,9,54.53,4.11,9.61,3,76.36,93.14,1.13,93.9,Mobile App,East,4898.16
REC001999,2022-06-07,367.22,865,633,2.06,45.22,118,15.76,20,196,10,58.67,4.24,4.91,2,85.27,107.09,0.884,109.22,Mobile App,Central,4790.74
REC002412,2022-06-07,324.37,925,591,1.0,182.98,116,30.57,15,192,12,73.21,4.3,1.73,0,94.29,91.9,1.279,103.02,Website,South,32803.89
REC001458,2022-06-08,115.44,939,619,4.14,45.89,128,51.18,0,195,11,59.36,3.1,4.97,0,94.78,109.51,0.782,102.47,Mobile App,North,6746.44
REC005767,2022-06-08,77.95,923,647,4.1,66.54,127,40.07,5,205,4,58.93,5.0,7.27,1,91.03,104.22,0.951,95.37,Mobile App,Central,9955.43
REC001624,2022-06-08,348.86,888,623,3.12,44.18,116,54.39,20,176,9,60.81,4.54,7.28,2,91.07,102.65,1.048,99.27,Website,West,5530.54
REC001762,2022-06-08,293.09,930,652,3.38,26.89,125,34.03,15,189,5,40.29,4.78,6.19,1,89.75,76.36,1.121,103.73,Marketplace,East,4731.86
REC001764,2022-06-08,124.27,871,611,2.16,82.73,132,62.91,5,190,5,59.53,4.41,5.3,2,88.5,100.21,1.106,101.92,Mobile App,South,16406.94
REC000382,2022-06-08,56.24,911,642,2.79,27.14,129,59.75,15,175,7,52.28,3.84,12.62,0,94.88,115.82,0.784,104.51,Mobile App,South,3755.7
REC000055,2022-06-08,143.75,900,639,5.88,36.26,99,42.11,0,182,13,58.28,4.53,5.57,2,91.98,77.27,0.761,95.88,Website,North,3699.1
REC005304,2022-06-08,156.57,904,612,2.78,20.78,119,27.17,5,196,2,46.54,5.0,9.38,1,90.77,99.27,1.164,96.46,Mobile App,East,3693.06
REC000725,2022-06-09,231.89,893,717,4.73,18.51,124,37.56,0,208,3,64.14,3.55,7.68,2,100.0,100.48,0.9,103.45,Mobile App,Central,3001.87
REC005959,2022-06-09,289.88,960,671,4.53,29.83,109,24.04,15,176,4,50.84,4.82,8.0,2,96.0,105.6,1.228,104.4,Marketplace,West,5524.01
REC001956,2022-06-09,142.88,832,616,3.34,56.03,108,59.07,10,209,6,52.61,4.22,0.5,0,93.18,80.47,0.838,101.2,Mobile App,East,7582.33
REC005479,2022-06-09,107.09,913,648,2.92,16.46,110,18.2,25,195,6,51.09,4.59,5.83,1,98.36,92.91,1.239,99.02,Website,North,2565.85
REC001024,2022-06-10,298.16,835,661,3.02,46.72,111,31.5,5,209,12,46.06,4.5,7.74,3,100.0,108.75,0.965,99.03,Website,North,6851.44
REC003338,2022-06-10,158.19,908,630,4.47,47.55,117,51.08,5,207,12,61.42,4.08,9.16,4,76.95,86.95,0.839,100.72,Website,West,5163.45
REC002830,2022-06-10,235.74,867,651,3.36,60.77,107,25.99,25,172,13,64.2,3.69,11.92,0,86.36,108.26,1.288,100.78,Marketplace,North,8101.54
REC004767,2022-06-11,479.01,861,636,4.04,91.45,117,63.44,0,196,14,61.3,3.55,4.16,1,99.04,113.34,1.097,96.68,Mobile App,Central,17756.29
REC005235,2022-06-11,42.31,910,601,4.2,28.5,117,15.07,20,192,5,46.24,3.55,1.32,2,75.81,111.07,1.338,102.88,Mobile App,Central,4392.15
REC003613,2022-06-11,139.99,859,611,2.58,86.44,125,25.74,5,205,6,31.92,4.8,9.9,1,100.0,105.21,0.934,102.43,Website,Central,14086.38
REC003662,2022-06-11,62.3,896,617,4.77,41.2,115,37.62,10,206,14,79.19,4.57,3.29,2,82.72,100.91,1.306,103.44,Website,South,6817.13
REC001506,2022-06-11,73.34,895,640,3.64,94.91,139,60.62,20,183,7,42.73,4.18,9.04,1,98.9,98.62,1.102,97.54,Marketplace,Central,14805.63
REC001453,2022-06-11,215.84,913,645,3.39,39.95,121,51.38,15,207,11,71.14,4.6,5.78,1,93.72,72.13,1.19,108.97,Mobile App,Central,7954.76
REC004153,2022-06-11,162.58,917,653,4.52,53.98,109,8.0,0,176,14,61.28,4.11,8.39,1,91.36,113.13,1.085,107.17,Marketplace,South,6017.53
REC004806,2022-06-11,143.64,898,641,3.84,29.01,102,33.9,5,173,8,55.56,4.32,11.21,2,70.8,85.83,1.069,97.04,Mobile App,South,2714.79
REC001262,2022-06-12,113.98,912,636,2.78,28.34,117,28.81,10,190,7,63.49,4.23,4.93,0,70.96,110.7,1.187,98.91,Mobile App,West,4295.61
REC002469,2022-06-12,151.33,907,623,4.07,32.14,116,65.84,0,183,0,53.07,3.94,11.54,1,90.1,88.93,1.348,102.68,Website,South,6337.31
REC001227,2022-06-13,249.77,899,646,4.45,45.61,127,59.56,25,232,0,33.98,3.67,7.36,1,96.48,106.11,0.893,100.7,Marketplace,East,6176.48
REC005788,2022-06-13,35.28,883,625,2.32,26.52,116,39.93,10,200,7,55.19,4.21,4.18,1,94.62,87.75,0.839,100.16,Website,North,2898.8
REC002764,2022-06-13,121.59,946,637,3.05,34.23,101,40.11,20,183,11,38.13,4.45,9.29,0,100.0,90.11,0.965,106.49,Marketplace,South,3893.34
REC004289,2022-06-14,167.77,954,643,2.07,29.54,101,34.31,5,202,11,58.84,3.89,8.49,2,87.22,110.16,1.138,106.49,Website,South,3809.05
REC002504,2022-06-14,188.31,923,638,3.87,9.4,105,54.79,10,190,1,56.09,4.6,6.33,4,89.38,91.13,1.049,100.22,Mobile App,West,1447.48
REC005325,2022-06-14,418.64,902,637,4.61,16.17,118,41.49,20,220,4,50.42,5.0,11.9,0,93.17,70.0,1.117,98.9,Mobile App,South,2884.52
REC000938,2022-06-14,201.25,886,653,4.58,25.17,124,23.35,5,190,12,65.09,3.81,11.62,0,80.16,92.85,1.337,108.15,Mobile App,North,5005.75
REC002378,2022-06-14,258.51,885,645,3.76,64.52,112,37.36,10,174,15,43.34,4.82,0.5,1,83.28,101.25,0.973,98.92,Mobile App,South,8022.67
REC001127,2022-06-15,187.61,1000,671,3.51,85.21,101,42.69,20,201,1,47.64,4.57,7.97,0,86.35,90.44,1.032,99.95,Mobile App,West,12470.5
REC005963,2022-06-15,312.52,912,588,4.08,43.73,112,29.99,20,154,2,57.03,4.11,8.75,2,96.8,99.76,0.761,99.04,Mobile App,Central,5521.59
REC000333,2022-06-15,86.31,936,646,3.7,74.62,120,43.51,10,190,5,48.6,3.78,8.71,1,96.76,104.22,1.287,96.76,Marketplace,Central,12637.18
REC000683,2022-06-15,58.46,929,636,3.79,37.36,110,54.18,25,197,13,46.32,4.53,13.0,0,95.98,84.09,1.306,91.48,Website,South,6385.04
REC005472,2022-06-15,178.25,902,610,3.58,33.25,114,43.35,30,175,15,80.04,4.85,11.5,1,90.39,106.29,1.128,98.34,Marketplace,East,4079.49
REC000362,2022-06-15,184.44,857,612,4.48,21.26,110,40.45,5,192,4,67.95,3.89,7.3,1,82.36,88.67,1.277,96.13,Marketplace,South,2891.87
REC004676,2022-06-16,42.29,839,689,3.23,22.7,103,8.0,10,205,3,58.46,3.51,13.81,1,94.32,90.29,0.819,98.05,Website,South,1868.67
REC004352,2022-06-16,208.33,882,646,5.28,22.84,119,16.09,20,184,7,56.7,4.62,2.08,2,98.34,84.53,0.753,90.68,Mobile App,South,2555.51
REC001407,2022-06-16,53.83,935,682,3.53,28.44,119,42.8,15,202,10,57.16,3.67,6.56,0,84.45,113.64,1.006,106.45,Website,North,3931.91
REC003051,2022-06-16,948.68,906,619,4.0,34.1,112,8.0,5,187,9,74.26,5.0,7.46,1,92.55,126.35,0.919,95.22,Website,Central,4910.63
REC005213,2022-06-16,93.52,907,624,2.24,26.75,118,30.85,25,191,3,62.84,4.69,11.22,4,89.7,103.25,1.221,90.33,Website,Central,3548.97
REC004999,2022-06-16,177.15,937,648,1.64,50.06,107,45.52,5,179,6,42.3,3.99,6.91,3,95.7,115.75,1.189,93.87,Website,North,8283.21
REC004482,2022-06-17,140.6,936,643,3.95,45.58,141,37.56,10,177,9,54.39,2.97,4.61,1,89.45,95.32,1.148,97.26,Mobile App,West,10913.6
REC003731,2022-06-17,102.89,963,630,4.51,38.03,116,37.12,10,196,4,64.29,4.53,11.91,2,76.63,94.94,1.253,102.5,Mobile App,South,5550.32
REC004927,2022-06-17,122.73,871,654,2.25,55.79,106,44.69,10,187,6,65.58,3.71,6.48,2,87.08,102.0,1.129,106.94,Website,Central,7343.07
REC000247,2022-06-18,133.14,912,630,4.67,198.02,123,37.92,15,180,5,56.03,4.01,5.6,1,88.28,114.9,1.037,97.36,Website,Central,29241.14
REC001679,2022-06-18,153.82,920,620,6.18,59.94,98,47.02,0,201,1,41.61,3.0,7.89,1,94.88,105.79,0.751,97.01,Website,South,6040.91
REC004188,2022-06-18,276.78,861,613,1.13,37.18,108,51.09,10,183,5,56.5,4.82,3.92,1,100.0,120.62,0.954,97.97,Website,North,5840.22
REC000795,2022-06-18,81.63,894,642,3.72,43.37,129,61.87,0,195,1,61.17,4.49,10.71,3,93.42,108.0,1.168,93.34,Website,West,8156.99
REC004987,2022-06-19,146.42,894,621,5.03,38.58,111,34.64,5,192,6,43.88,4.42,4.9,0,84.45,102.24,1.225,90.99,Mobile App,North,7008.55
REC002078,2022-06-19,122.39,881,638,2.67,27.63,102,42.44,20,193,11,55.71,4.12,7.03,0,95.87,92.04,1.092,101.64,Mobile App,East,4452.26
REC003397,2022-06-19,84.53,875,645,3.57,94.14,100,37.33,20,196,5,63.41,3.79,6.83,2,88.27,106.29,1.05,107.14,Website,East,9818.89
REC001423,2022-06-19,161.52,874,638,2.93,14.67,109,48.73,15,171,9,54.05,3.8,12.75,2,88.42,89.11,1.023,108.61,Mobile App,North,2203.0
REC000763,2022-06-20,198.73,891,667,4.52,42.29,101,43.55,15,194,2,52.6,3.99,9.47,2,81.86,110.08,1.139,88.69,Mobile App,South,5588.83
REC003878,2022-06-20,155.01,909,637,3.84,19.73,119,31.6,10,177,15,70.5,4.48,3.41,2,99.55,84.56,1.045,100.26,Website,West,3454.14
REC005583,2022-06-20,389.74,921,612,3.98,20.79,108,29.84,15,189,13,58.14,3.73,5.74,1,100.0,120.89,0.812,103.71,Mobile App,East,2673.67
REC002444,2022-06-20,150.35,918,634,2.46,51.09,118,34.33,10,206,4,64.84,4.29,9.33,0,92.16,105.16,1.223,95.63,Mobile App,North,10185.52
REC001886,2022-06-20,106.57,906,606,1.9,23.78,133,48.31,25,194,7,50.14,4.2,6.3,0,97.8,88.06,1.229,98.24,Mobile App,North,5427.77
REC003940,2022-06-21,165.39,953,654,2.04,47.09,127,46.15,30,186,12,54.7,3.91,2.28,1,90.77,83.11,1.025,95.51,Mobile App,North,7180.28
REC002720,2022-06-21,218.38,883,619,4.01,7.77,104,32.82,5,188,0,60.31,3.71,2.76,3,95.34,81.91,1.297,94.73,Marketplace,South,1324.21
REC002471,2022-06-21,148.53,906,651,5.06,46.66,105,37.16,20,191,9,58.51,3.07,10.61,0,84.93,104.28,1.096,93.1,Mobile App,South,6534.27
REC002711,2022-06-21,74.87,931,620,3.67,20.88,122,33.83,10,194,14,49.78,4.51,9.13,1,82.11,79.97,0.798,101.98,Mobile App,East,2221.12
REC001402,2022-06-21,42.08,913,654,1.97,31.8,128,55.97,15,200,8,50.73,4.72,10.23,2,90.75,104.63,1.001,97.31,Mobile App,East,5522.83
REC001569,2022-06-21,139.82,916,647,4.84,47.47,146,37.69,5,192,11,59.5,3.45,13.35,0,91.83,101.51,1.18,105.1,Website,East,10203.43
REC003508,2022-06-21,48.33,919,627,2.37,25.03,120,58.18,20,194,9,51.29,3.64,7.47,3,89.5,103.22,1.051,101.36,Website,West,4126.76
REC005025,2022-06-22,32.53,876,644,3.17,52.69,94,43.15,30,190,14,44.23,5.0,14.09,0,80.97,94.15,1.304,95.26,Website,North,6261.0
REC003020,2022-06-22,179.94,852,645,4.29,52.83,103,8.0,10,191,15,83.18,5.0,3.54,1,83.08,95.56,1.076,103.44,Website,East,6933.61
REC001351,2022-06-22,201.86,884,617,3.66,30.66,132,30.95,25,186,9,32.92,3.58,14.77,0,97.04,91.27,1.337,112.1,Website,Central,5929.07
REC004721,2022-06-22,394.93,897,638,5.16,127.84,110,45.05,10,178,13,48.21,4.35,7.15,0,94.75,90.25,1.117,100.6,Marketplace,Central,21086.89
REC002957,2022-06-22,60.76,867,645,2.63,58.61,100,63.44,10,183,3,58.65,4.63,6.9,1,91.62,105.8,0.818,93.43,Website,West,6524.02
REC005263,2022-06-23,191.37,947,667,5.09,47.22,114,42.52,30,196,14,70.12,4.03,7.51,1,84.49,109.99,0.853,100.46,Website,Central,5471.08
REC005958,2022-06-23,405.84,906,614,3.54,137.81,118,25.19,20,190,15,51.62,4.22,10.52,1,87.96,114.39,0.951,99.34,Website,North,16693.72
REC004393,2022-06-23,89.47,881,661,3.25,18.79,109,34.56,5,176,5,43.78,4.09,5.03,0,89.7,113.25,1.092,97.87,Website,South,2940.94
REC002706,2022-06-23,89.21,885,633,3.77,31.25,122,36.19,25,184,7,39.23,4.6,5.7,4,92.58,109.65,0.911,107.61,Website,Central,3517.62
REC002167,2022-06-23,113.7,867,640,3.3,57.49,98,31.26,20,170,9,57.08,3.21,5.36,4,79.64,81.32,1.2,101.72,Website,West,7221.74
REC001392,2022-06-23,76.21,877,632,2.65,44.28,112,43.36,5,176,15,57.47,3.76,8.39,0,88.89,86.22,1.213,94.37,Mobile App,South,7379.08
REC005999,2022-06-24,326.28,877,651,4.52,27.41,119,60.77,10,173,3,36.52,4.23,6.22,1,91.26,93.17,1.069,102.57,Website,South,4403.78
REC000511,2022-06-24,223.8,899,606,3.73,63.86,111,29.59,10,181,9,62.3,5.0,8.93,0,94.78,94.16,1.157,96.98,Website,East,9911.87
REC002470,2022-06-24,120.31,930,561,4.56,34.6,131,40.3,15,159,2,54.71,2.85,8.6,1,88.8,99.26,1.286,96.78,Website,North,6628.09
REC000865,2022-06-24,152.37,894,662,2.96,95.86,115,29.28,0,206,11,61.53,3.91,6.17,4,87.0,112.7,1.283,104.84,Mobile App,South,15408.15
REC003413,2022-06-24,109.44,887,668,3.75,53.47,97,67.89,10,184,1,61.89,4.88,10.93,2,97.4,102.38,1.212,98.26,Mobile App,South,8616.34
REC001207,2022-06-25,178.87,880,620,4.98,54.54,115,25.55,30,170,9,46.34,3.72,8.98,2,99.22,91.37,0.758,97.04,Marketplace,East,5900.24
REC005603,2022-06-25,463.02,853,668,3.56,53.47,98,38.3,15,190,12,65.86,4.52,8.53,0,100.0,98.6,1.233,102.35,Mobile App,North,9882.04
REC000830,2022-06-25,290.22,960,689,3.15,16.76,113,47.86,0,189,8,46.34,3.05,3.87,2,90.65,112.32,1.141,90.64,Marketplace,West,2532.48
REC000952,2022-06-25,61.87,891,624,3.41,44.6,119,46.68,20,188,8,75.47,4.08,10.34,0,86.74,105.66,0.881,102.34,Website,North,5332.01
REC003035,2022-06-25,97.86,875,582,4.6,79.69,119,26.54,10,190,1,65.6,3.72,5.65,1,90.63,92.71,0.924,101.17,Website,West,11569.6
REC001023,2022-06-25,224.71,879,629,4.6,49.38,119,50.66,10,180,9,43.78,4.14,5.76,2,91.74,98.35,0.879,100.84,Mobile App,South,7221.82
REC002367,2022-06-25,217.56,895,665,4.81,56.42,103,49.04,15,179,15,43.28,4.01,6.88,0,80.73,88.54,1.216,109.05,Mobile App,South,7216.55
REC004378,2022-06-25,78.01,917,612,3.78,22.14,120,50.54,10,198,11,53.28,4.22,9.32,1,83.45,101.01,1.176,96.64,Marketplace,Central,3046.27
REC004873,2022-06-25,135.1,895,652,3.16,32.71,109,30.1,20,184,7,64.35,4.46,12.63,0,86.17,96.83,0.774,100.96,Website,East,3793.16
REC002519,2022-06-26,114.64,919,628,2.79,10.66,115,46.12,20,212,0,60.65,3.39,7.92,1,78.87,107.17,1.205,98.16,Website,East,1429.69
REC000972,2022-06-26,131.31,946,667,4.17,47.49,93,43.37,20,175,13,29.78,4.36,10.74,1,89.82,116.57,1.305,101.11,Mobile App,East,8067.13
REC003474,2022-06-26,173.47,852,671,5.02,101.34,113,48.69,5,183,8,48.31,3.5,8.88,1,94.54,103.43,0.832,105.98,Website,West,13587.55
REC003928,2022-06-27,268.19,902,649,4.7,45.94,127,22.59,20,192,5,48.41,3.67,2.41,5,88.73,87.02,1.034,102.54,Marketplace,North,6098.32
REC004321,2022-06-27,272.9,904,609,4.86,53.73,134,54.11,0,171,4,44.87,4.25,6.84,1,87.96,99.11,1.338,98.64,Website,West,12686.98
REC003690,2022-06-27,62.4,928,657,3.48,78.55,116,27.67,25,176,13,60.12,4.38,9.44,1,86.3,106.33,1.162,99.05,Mobile App,West,12186.18
REC002058,2022-06-27,321.47,950,646,4.43,23.63,122,60.04,5,181,0,70.75,4.27,6.33,3,85.29,107.34,0.823,103.48,Marketplace,North,2589.03
REC001110,2022-06-27,169.14,920,608,5.04,28.13,108,35.12,25,182,1,46.35,3.74,7.44,1,83.08,97.1,1.105,99.23,Website,West,3507.88
REC004304,2022-06-28,52.6,890,611,2.4,53.66,117,42.19,30,194,7,56.1,3.73,4.35,1,93.59,104.71,1.337,99.43,Mobile App,South,9980.14
REC004260,2022-06-28,73.95,877,652,4.53,60.96,102,39.03,5,181,3,44.52,4.54,8.79,1,100.0,84.63,0.792,88.37,Marketplace,Central,6644.83
REC002857,2022-06-28,208.09,885,663,3.61,86.68,116,53.12,0,197,2,60.49,3.81,7.62,1,86.95,95.26,1.336,97.26,Mobile App,Central,19497.86
REC001703,2022-06-28,255.4,949,618,3.86,40.41,112,49.22,0,198,8,51.18,4.05,3.6,0,89.42,104.93,0.89,101.34,Website,West,5111.07
REC003244,2022-06-28,110.89,929,629,4.73,52.71,122,30.84,10,188,12,68.45,3.46,6.9,1,96.65,103.11,1.345,103.91,Website,West,12750.75
REC003905,2022-06-28,216.36,909,655,4.46,36.15,118,25.72,20,189,6,59.97,3.92,3.47,4,93.32,80.34,0.911,99.75,Website,West,4906.2
REC005456,2022-06-29,289.02,874,588,4.23,82.14,116,46.02,10,191,11,43.83,5.0,10.6,2,78.64,74.68,1.137,96.4,Mobile App,North,13056.7
REC003641,2022-06-29,164.59,912,634,3.04,137.91,100,13.22,10,208,11,34.46,3.53,1.8,1,87.24,110.3,0.895,94.82,Website,Central,10748.04
REC003950,2022-06-29,122.21,866,643,4.34,38.13,115,39.91,10,193,9,56.89,3.2,4.44,2,81.53,102.24,0.906,96.82,Website,South,4613.05
REC000486,2022-06-29,109.03,943,636,2.64,42.85,137,45.4,10,197,3,65.54,5.0,5.82,1,97.43,94.99,1.172,96.96,Website,West,9366.29
REC005658,2022-06-29,147.83,883,659,6.04,23.67,116,40.27,15,194,14,38.38,4.43,2.76,1,94.19,96.31,0.87,101.35,Marketplace,West,2847.95
REC000470,2022-06-30,71.52,862,683,3.66,31.88,117,15.58,20,203,9,70.27,3.87,5.2,2,98.93,95.8,1.339,93.38,Mobile App,North,6995.6
REC001299,2022-06-30,233.29,922,635,4.22,52.66,116,30.38,15,192,15,54.66,4.87,9.02,3,98.02,93.34,1.256,100.86,Mobile App,West,10618.16
REC000531,2022-06-30,267.08,925,627,3.74,31.86,107,36.63,20,218,3,33.5,3.06,2.46,3,89.6,99.85,0.882,98.64,Website,West,3689.44
REC002945,2022-06-30,58.48,909,583,3.68,14.58,120,44.28,10,196,7,74.16,3.89,8.33,0,87.58,99.5,1.266,100.91,Website,West,2568.65
REC002399,2022-06-30,88.0,865,638,5.16,57.62,109,53.24,20,174,3,60.75,4.11,8.58,1,97.97,104.88,0.895,99.11,Marketplace,East,7116.31
REC004088,2022-06-30,199.57,927,619,4.13,44.82,117,50.18,5,170,14,49.25,3.65,5.03,1,95.53,99.35,0.899,94.7,Mobile App,West,6919.62
REC003180,2022-07-01,111.87,896,639,3.61,56.1,124,23.05,15,189,11,40.92,3.65,5.07,1,100.0,107.72,1.0,105.85,Website,South,8104.27
REC000571,2022-07-01,74.38,931,615,3.1,93.91,109,30.45,15,169,11,48.04,4.67,3.37,3,94.14,103.35,1.102,97.82,Website,West,14164.68
REC003129,2022-07-01,91.86,925,610,4.67,36.0,115,54.38,10,194,9,41.97,4.09,16.6,3,85.74,90.5,1.123,102.19,Mobile App,Central,6472.87
REC004217,2022-07-01,145.11,880,614,2.92,33.58,123,46.07,0,180,3,42.02,3.61,7.9,1,93.17,97.78,1.272,92.4,Mobile App,West,7685.36
REC001114,2022-07-01,137.59,883,629,1.2,23.33,117,43.38,5,184,7,73.65,5.0,10.03,1,100.0,80.3,0.767,107.06,Mobile App,South,2834.19
REC001899,2022-07-01,460.58,868,642,3.63,75.75,117,49.11,10,180,11,60.19,4.82,4.84,3,100.0,108.32,1.308,100.32,Marketplace,East,17422.6
REC004812,2022-07-02,101.41,920,631,2.57,31.39,112,24.16,25,197,14,47.88,4.91,0.5,3,78.44,93.3,1.02,101.19,Mobile App,Central,3167.66
REC001877,2022-07-02,284.15,895,628,5.24,32.38,127,21.6,15,173,13,54.34,2.97,9.63,2,87.05,118.96,1.3,96.76,Mobile App,East,7446.1
REC005260,2022-07-02,83.99,861,638,3.22,18.17,114,51.4,0,187,1,26.61,3.53,10.54,1,86.44,88.81,1.134,104.83,Mobile App,North,3168.53
REC003634,2022-07-02,277.93,856,647,3.19,50.07,108,27.39,10,210,10,62.15,4.67,5.65,2,100.0,85.01,1.105,88.7,Mobile App,Central,7283.48
REC004646,2022-07-02,73.97,884,613,2.85,46.87,102,57.8,15,187,7,48.63,3.77,4.6,1,78.39,112.85,1.215,99.81,Mobile App,Central,6314.48
REC002574,2022-07-02,15.65,923,636,5.59,37.82,107,47.92,10,195,0,49.85,4.71,5.93,1,97.56,110.89,1.183,94.2,Website,Central,6815.41
REC002638,2022-07-02,124.45,912,640,3.35,29.73,118,37.41,10,205,6,52.42,4.14,6.91,1,91.84,96.06,1.279,110.41,Website,West,6149.09
REC004478,2022-07-02,278.63,908,649,2.56,39.47,117,32.69,15,176,4,44.17,3.49,11.06,2,85.72,94.31,1.148,98.94,Marketplace,East,5489.81
REC005369,2022-07-02,144.19,909,641,3.71,44.83,116,48.7,0,170,14,63.76,3.91,9.5,0,87.71,95.64,1.008,101.86,Website,Central,5957.71
REC004816,2022-07-02,221.52,895,623,3.78,40.73,121,44.77,10,209,2,51.73,4.47,11.12,1,80.12,97.57,0.829,98.02,Website,Central,3918.54
REC002423,2022-07-03,353.13,926,595,4.91,17.65,121,40.4,10,199,1,68.74,4.71,11.5,0,79.0,75.18,0.893,110.96,Website,South,2050.95
REC005120,2022-07-03,126.13,940,652,2.46,23.16,122,59.17,10,181,8,64.37,4.34,13.25,3,85.97,102.22,1.038,103.92,Marketplace,East,2375.33
REC003297,2022-07-03,204.46,888,635,5.58,18.12,113,34.94,20,186,2,48.9,3.95,6.95,2,74.58,104.04,1.117,101.11,Website,South,1951.08
REC003278,2022-07-03,198.74,925,650,3.8,78.2,110,34.71,25,174,13,84.99,4.45,6.5,1,87.99,94.13,0.876,109.58,Mobile App,South,9791.1
REC002792,2022-07-03,44.83,900,697,4.11,47.63,110,57.71,5,190,3,73.79,3.46,3.96,0,93.49,98.51,1.01,103.09,Marketplace,West,6750.91
REC000593,2022-07-03,95.5,984,603,5.51,39.52,113,39.06,25,192,14,66.37,3.97,4.66,1,97.6,102.85,1.232,105.93,Mobile App,East,8819.35
REC002080,2022-07-03,90.92,913,656,3.03,92.58,112,42.84,20,184,1,48.07,4.35,10.94,2,100.0,111.52,1.202,98.24,Marketplace,West,13540.97
REC005294,2022-07-04,359.67,947,672,3.43,68.73,117,39.84,10,200,2,67.54,3.97,9.25,0,90.74,93.42,0.947,93.49,Website,North,8905.03
REC003091,2022-07-04,143.75,864,623,4.06,30.32,115,50.96,10,190,11,63.63,4.36,7.98,1,100.0,113.29,1.115,98.75,Mobile App,East,6409.19
REC005527,2022-07-04,85.94,919,632,2.98,64.31,121,32.82,10,207,5,56.17,4.28,13.44,4,92.53,119.84,1.1,100.1,Website,East,10050.84
REC005475,2022-07-04,135.05,895,599,3.14,17.04,118,36.5,10,196,8,67.12,3.47,10.86,5,94.99,113.89,0.956,93.24,Website,East,2280.25
REC001576,2022-07-05,90.99,899,662,3.88,33.06,122,26.13,10,180,7,41.04,3.99,5.56,0,87.57,97.66,1.001,95.69,Marketplace,Central,4509.16
REC003428,2022-07-05,128.8,921,657,5.34,19.5,102,42.39,10,182,14,54.55,4.27,5.1,2,93.32,112.55,1.085,99.07,Marketplace,West,2510.07
REC004407,2022-07-06,301.38,913,671,3.75,58.25,119,37.24,25,184,12,51.31,3.38,9.88,5,100.0,116.23,0.777,108.36,Marketplace,West,7377.91
REC002904,2022-07-06,222.14,891,647,5.1,28.13,113,28.41,5,191,5,63.14,4.41,8.69,4,97.77,95.11,1.064,103.57,Website,Central,4464.96
REC001598,2022-07-06,72.27,878,632,2.52,49.14,110,54.3,10,165,0,59.9,3.99,4.34,1,100.0,110.02,1.003,105.91,Marketplace,Central,5920.57
REC002028,2022-07-07,36.94,917,638,4.75,50.07,111,47.64,15,183,13,48.85,4.53,6.78,2,97.79,109.12,1.212,106.93,Marketplace,East,9373.39
REC003714,2022-07-07,99.72,858,643,3.6,47.87,111,51.26,25,198,7,32.72,3.87,7.14,2,80.5,79.99,1.209,107.01,Mobile App,Central,7686.14
REC005061,2022-07-07,344.56,890,678,3.61,74.61,116,45.9,5,182,13,64.58,4.29,6.68,1,93.28,101.63,1.095,96.78,Marketplace,West,12269.69
REC003110,2022-07-07,140.6,908,670,5.52,97.64,109,55.15,15,174,1,46.69,4.55,10.64,2,100.0,97.5,1.329,91.11,Website,South,18481.54
REC004338,2022-07-07,63.72,862,663,4.17,132.52,122,45.45,0,184,12,58.44,4.25,6.92,2,88.63,109.57,1.226,108.91,Mobile App,North,23737.52
REC002161,2022-07-07,550.4,859,643,1.96,22.77,119,32.39,20,199,14,60.23,3.85,6.85,3,83.65,113.2,1.246,97.27,Mobile App,West,4100.11
REC004177,2022-07-09,112.38,923,640,2.78,55.39,125,40.84,20,202,2,50.5,3.98,6.95,1,92.44,99.62,0.99,103.63,Website,East,8498.61
REC005497,2022-07-09,314.78,926,654,2.17,23.51,109,54.91,10,203,0,51.87,4.34,6.98,4,85.75,100.97,1.226,97.69,Marketplace,East,2657.09
REC005074,2022-07-09,101.04,956,624,2.81,84.41,110,32.69,0,201,5,70.52,4.67,6.69,2,92.57,110.65,1.17,102.52,Marketplace,East,11393.1
REC002868,2022-07-10,279.41,933,667,5.0,49.92,116,26.54,20,188,3,49.99,4.18,8.25,0,96.27,86.51,0.954,96.48,Marketplace,North,6667.73
REC004726,2022-07-10,118.52,887,670,3.78,23.96,119,35.99,5,194,13,50.71,3.98,7.87,2,98.83,95.32,1.154,97.59,Website,West,4203.7
REC005631,2022-07-10,159.57,904,629,6.15,61.27,105,49.92,5,188,14,55.02,3.49,8.23,1,97.26,114.96,1.0,102.03,Website,North,10004.34
REC004823,2022-07-11,57.49,908,660,3.75,30.29,106,36.22,25,177,7,25.39,4.74,7.87,3,90.76,92.01,1.265,100.3,Mobile App,South,4756.07
REC004550,2022-07-11,161.26,938,638,1.86,8.92,105,44.7,5,170,12,66.34,4.15,6.58,1,91.34,90.53,0.921,101.71,Website,East,1133.73
REC001773,2022-07-11,23.41,907,632,4.2,44.75,126,38.04,10,192,1,50.91,4.59,1.72,0,96.47,85.82,1.169,94.8,Website,South,8323.43
REC000401,2022-07-11,72.45,939,639,3.42,17.44,95,35.43,30,180,15,52.19,4.54,10.31,1,89.9,91.58,1.147,93.05,Mobile App,East,2271.28
REC005640,2022-07-11,64.05,873,637,3.77,47.17,112,17.84,10,185,4,30.51,3.3,7.7,4,92.18,97.12,1.217,99.81,Mobile App,West,9014.71
REC004919,2022-07-11,364.22,903,642,4.82,36.14,111,17.79,30,206,3,58.84,3.25,1.52,1,100.0,103.87,1.037,95.73,Marketplace,East,5615.43
REC000512,2022-07-11,704.69,892,655,4.47,29.89,121,38.33,5,193,8,66.66,4.99,5.19,4,96.33,127.45,1.267,96.76,Website,Central,6067.44
REC000790,2022-07-11,120.03,928,655,5.58,38.45,112,46.45,20,191,12,63.74,3.8,9.82,3,100.0,111.3,1.107,97.77,Website,West,6758.4
REC004747,2022-07-11,80.65,888,673,3.45,47.98,121,36.67,0,197,10,50.56,3.71,2.6,2,97.6,94.73,1.346,105.44,Mobile App,Central,9885.59
REC002285,2022-07-12,56.4,910,663,4.02,94.72,102,38.66,10,188,10,48.92,3.7,7.46,1,100.0,102.95,1.161,97.36,Website,West,15546.08
REC000572,2022-07-12,150.33,911,613,3.74,43.38,136,46.01,20,181,5,56.59,4.48,13.45,0,97.87,101.97,1.252,99.22,Website,North,10377.88
REC002068,2022-07-12,83.59,891,637,4.29,13.63,111,43.28,20,191,1,60.94,3.86,10.1,0,100.0,114.71,0.829,101.7,Website,South,1718.37
REC001725,2022-07-12,375.48,905,649,3.99,34.31,126,39.29,0,199,12,57.89,3.89,10.84,2,80.8,96.93,1.148,101.64,Mobile App,North,6143.81
REC005421,2022-07-13,90.39,934,651,3.98,153.82,123,52.34,20,198,12,70.02,3.77,9.12,0,93.9,102.36,1.314,105.14,Mobile App,Central,35795.88
REC005885,2022-07-13,96.94,901,662,4.26,26.44,119,32.4,10,186,9,66.4,4.78,4.87,2,96.54,108.42,1.107,99.56,Marketplace,East,3749.4
REC002314,2022-07-13,144.72,894,615,3.89,25.64,112,45.29,20,165,7,54.22,3.93,10.5,1,91.12,117.69,1.093,98.28,Mobile App,South,3583.94
REC000105,2022-07-13,114.55,938,658,3.47,66.62,116,31.07,20,184,11,82.54,4.46,9.29,0,86.05,101.35,1.175,100.27,Website,East,10055.92
REC002800,2022-07-13,98.04,858,687,2.15,20.64,95,34.05,0,191,15,63.96,3.65,5.83,1,83.62,75.02,1.279,92.4,Mobile App,East,2559.39
REC002873,2022-07-13,356.32,937,629,3.66,24.54,115,47.94,10,204,8,66.98,3.13,2.69,1,88.5,73.06,1.28,100.52,Website,North,4306.86
REC004530,2022-07-14,200.95,891,638,3.31,12.37,117,60.84,10,189,15,42.39,2.89,6.23,2,90.55,110.3,1.039,95.39,Mobile App,Central,1924.75
REC003015,2022-07-14,154.9,867,656,3.82,16.74,124,37.15,25,195,15,68.18,3.84,5.88,0,100.0,82.0,1.212,101.86,Website,East,3323.83
REC004924,2022-07-14,164.76,882,624,5.12,41.5,114,27.79,15,189,5,46.86,3.56,5.68,3,86.92,111.97,0.819,97.45,Website,West,4801.34
REC005416,2022-07-14,87.88,927,624,3.51,27.65,109,38.1,5,201,0,73.67,3.9,4.81,3,96.17,113.79,1.082,112.97,Website,East,4433.12
REC000230,2022-07-14,186.03,864,676,3.61,60.54,114,51.88,25,216,6,70.23,3.87,5.22,0,91.29,95.51,1.078,100.11,Website,South,9141.19
REC000966,2022-07-15,118.5,892,630,3.05,56.56,90,64.31,0,206,3,42.64,3.48,10.66,2,97.6,95.1,0.953,106.19,Website,Central,5313.73
REC003669,2022-07-15,143.02,861,675,4.53,73.02,111,61.3,0,185,1,63.94,3.1,4.51,2,95.61,115.73,1.057,101.31,Mobile App,East,12006.03
REC004522,2022-07-15,112.18,888,628,4.73,39.25,128,46.52,0,178,10,46.3,4.58,8.89,3,86.15,89.02,1.13,92.55,Website,West,8289.46
REC004225,2022-07-16,112.38,887,608,4.26,35.52,116,58.9,30,188,12,78.4,4.51,12.87,4,91.0,99.63,1.313,94.95,Marketplace,South,4746.62
REC004006,2022-07-16,79.31,896,635,0.8,57.98,115,45.8,25,223,13,44.67,4.09,9.48,0,88.48,114.47,1.188,104.77,Mobile App,North,10546.34
REC002613,2022-07-16,133.6,933,616,4.68,40.64,117,39.4,30,198,14,64.19,4.46,9.91,1,85.48,118.68,0.854,92.79,Marketplace,North,4064.51
REC002201,2022-07-17,169.73,948,632,4.34,27.17,124,26.56,0,202,12,45.05,4.67,3.55,2,91.09,96.98,1.238,104.73,Website,East,4785.23
REC004492,2022-07-17,114.2,956,642,3.11,24.54,99,39.62,15,188,11,60.17,4.23,7.24,1,97.13,108.27,1.302,110.51,Marketplace,West,4000.2
REC000169,2022-07-17,130.49,894,652,3.27,39.46,130,53.59,10,188,11,66.95,3.39,12.21,0,87.65,104.52,1.142,102.83,Mobile App,South,7192.68
REC005695,2022-07-17,319.29,930,640,2.91,27.39,98,43.34,0,189,10,71.65,4.03,8.97,1,86.78,92.46,0.781,98.5,Website,South,2358.91
REC001794,2022-07-17,266.9,913,675,2.72,48.09,89,15.79,15,193,0,33.76,4.02,5.29,1,87.52,98.3,1.098,103.33,Website,West,5023.97
REC005326,2022-07-18,97.06,883,591,4.25,125.79,122,45.62,10,186,6,59.89,4.21,8.85,1,89.94,94.98,0.986,102.12,Marketplace,Central,16181.59
REC000686,2022-07-19,367.32,870,614,1.5,33.81,129,36.82,25,189,13,37.04,4.16,5.08,2,92.69,73.11,0.969,98.7,Website,West,5243.48
REC003541,2022-07-19,192.5,900,639,4.33,41.47,112,32.8,30,175,13,62.22,4.44,6.57,1,92.91,72.29,1.145,92.25,Marketplace,North,6106.39
REC005724,2022-07-19,47.55,841,639,3.75,29.86,121,45.22,20,177,8,62.99,4.44,9.68,0,84.68,99.57,1.018,99.4,Website,East,4145.66
REC004451,2022-07-19,125.95,902,629,3.61,77.86,131,25.06,10,172,3,59.71,4.75,7.89,1,87.14,98.68,0.895,101.79,Mobile App,North,11990.55
REC000476,2022-07-19,145.32,904,638,4.71,59.87,124,33.77,10,186,4,43.91,4.73,8.16,1,90.18,94.98,1.016,106.68,Marketplace,West,9592.91
REC005809,2022-07-20,161.65,955,658,4.25,56.2,113,38.67,15,209,1,47.36,4.32,7.15,0,84.37,113.76,0.813,108.49,Mobile App,South,6582.18
REC001079,2022-07-20,114.08,932,652,6.1,55.98,101,63.15,5,180,4,51.49,3.87,6.32,2,94.02,120.31,0.813,100.18,Website,Central,5586.46
REC002641,2022-07-20,46.24,908,645,4.64,21.99,103,32.44,15,191,1,52.58,4.99,6.46,1,77.41,121.33,0.775,102.5,Mobile App,North,1994.48
REC001515,2022-07-21,101.66,925,624,2.46,40.84,117,23.56,15,191,6,50.28,4.08,3.11,4,88.33,74.81,0.885,99.9,Website,East,4174.99
REC001037,2022-07-21,493.95,870,632,5.16,70.5,96,27.03,5,200,3,32.48,4.66,11.11,1,90.62,119.9,1.263,99.77,Website,South,10961.05
REC001909,2022-07-21,108.17,891,649,4.25,49.23,128,40.18,20,203,3,68.09,3.44,10.81,2,91.0,91.94,1.346,100.76,Website,North,10763.8
REC002520,2022-07-21,134.93,923,629,4.27,47.12,126,34.84,15,171,12,73.78,4.56,5.16,2,80.21,97.82,0.883,99.61,Website,North,5319.84
REC004475,2022-07-21,262.37,904,637,3.67,30.85,112,32.57,10,200,6,56.39,3.85,12.02,0,96.91,102.14,1.251,87.7,Mobile App,Central,5799.3
REC001036,2022-07-21,78.76,920,640,1.8,33.07,115,46.43,20,209,11,61.72,3.81,4.52,4,96.25,110.23,1.225,104.17,Website,South,5570.45
REC002461,2022-07-22,54.01,909,617,3.87,49.73,133,47.96,0,175,0,64.2,3.76,8.26,0,87.79,96.36,1.234,106.13,Website,East,9145.55
REC002564,2022-07-22,130.21,889,629,3.18,26.54,126,19.11,25,186,2,66.04,3.47,5.32,2,78.4,92.37,1.214,98.04,Website,West,4297.96
REC001366,2022-07-22,58.13,903,681,2.99,34.08,125,41.08,15,167,5,55.97,4.03,5.62,1,91.34,107.59,0.96,104.24,Mobile App,South,4847.07
REC004979,2022-07-22,98.72,897,643,3.73,45.66,129,54.22,25,168,15,61.07,4.26,7.54,1,90.02,112.89,0.895,103.49,Website,East,6774.66
REC000661,2022-07-22,71.75,902,672,3.01,34.78,119,31.55,10,188,11,46.88,3.57,11.26,1,89.37,102.11,0.769,94.1,Mobile App,North,3944.71
REC001740,2022-07-23,23.49,930,667,4.54,47.5,113,53.49,20,189,6,70.22,4.4,8.08,1,88.39,94.78,1.238,108.54,Mobile App,South,9514.21
REC001610,2022-07-23,306.12,932,644,4.2,31.27,112,42.3,5,181,13,70.1,3.93,12.46,2,86.7,109.28,1.29,105.46,Website,West,6052.89
REC004707,2022-07-23,111.69,887,635,2.63,84.84,128,52.56,15,180,12,49.41,4.42,8.22,2,100.0,88.19,1.088,101.57,Website,North,16071.47
REC004381,2022-07-23,200.96,923,623,3.55,21.79,111,22.48,10,197,3,62.71,4.54,7.31,0,83.83,107.52,0.931,95.52,Marketplace,West,2592.31
REC002838,2022-07-23,48.4,867,651,3.85,29.12,126,32.86,25,181,6,56.53,4.09,2.65,2,84.53,78.72,0.763,104.97,Website,South,2972.89
REC001130,2022-07-25,425.28,911,622,4.27,45.69,133,25.14,0,197,0,65.99,4.14,4.75,2,83.77,97.89,0.877,103.25,Mobile App,East,7014.81
REC001855,2022-07-25,42.42,895,612,4.34,74.86,99,45.64,0,183,10,57.72,3.98,10.64,1,89.61,101.59,0.761,104.02,Mobile App,Central,7198.3
REC005496,2022-07-25,275.56,928,631,2.53,29.18,125,36.29,25,193,1,47.56,4.61,4.22,1,97.52,84.99,1.17,102.1,Website,East,5161.7
REC001281,2022-07-25,275.26,911,628,2.33,166.64,107,29.42,15,174,13,38.92,4.27,11.39,0,93.9,111.64,0.894,103.35,Website,South,18633.81
REC001551,2022-07-25,95.43,907,643,2.47,33.22,125,27.84,30,204,7,51.1,4.79,10.01,3,87.04,88.98,0.978,105.09,Website,Central,4402.64
REC004996,2022-07-26,136.15,832,651,2.69,58.87,102,56.58,25,202,8,48.24,4.16,7.99,3,86.97,111.82,0.806,112.52,Mobile App,South,5813.68
REC002990,2022-07-26,173.11,896,636,5.37,35.53,119,30.01,30,206,2,34.84,3.35,4.27,1,88.16,103.64,1.29,90.61,Website,East,6599.1
REC005570,2022-07-26,137.43,831,601,3.3,61.98,103,36.59,5,209,4,81.76,3.91,5.91,2,98.85,103.15,0.981,101.38,Website,South,7726.99
REC004917,2022-07-27,83.31,934,592,3.66,34.95,116,53.21,15,188,15,74.23,4.08,8.04,1,88.21,102.8,1.202,104.99,Marketplace,North,5328.47
REC000549,2022-07-27,84.63,880,666,5.09,27.08,123,52.99,10,179,2,50.85,3.49,7.78,6,87.83,102.38,1.106,96.4,Marketplace,East,4240.89
REC005027,2022-07-27,108.35,933,642,3.99,26.49,105,37.84,0,187,10,36.71,4.09,5.75,0,77.2,101.5,1.049,105.6,Website,South,2872.17
REC005871,2022-07-27,45.06,938,641,3.73,24.61,114,43.24,5,187,10,36.78,3.7,7.02,0,95.38,113.91,0.897,101.36,Website,North,3115.59
REC003150,2022-07-27,67.92,878,634,3.98,75.38,112,17.66,10,178,9,43.2,4.38,8.99,2,93.55,112.6,0.877,101.55,Marketplace,East,6770.81
REC004985,2022-07-28,214.9,936,615,5.32,113.23,120,23.28,10,190,6,74.12,4.09,9.02,0,95.96,90.22,1.188,96.69,Mobile App,East,26174.04
REC002845,2022-07-28,22.47,937,670,3.32,22.82,111,18.11,10,216,6,77.54,4.35,5.24,3,99.35,97.31,0.825,98.63,Website,West,2613.82
REC003013,2022-07-28,212.59,929,630,1.85,42.84,115,35.52,5,182,7,63.5,4.36,11.96,3,88.92,101.23,1.171,103.52,Website,Central,5904.22
REC003652,2022-07-29,180.36,903,625,3.21,51.55,117,25.35,15,203,1,31.54,3.8,10.54,1,100.0,96.73,1.028,94.56,Marketplace,Central,7576.78
REC001853,2022-07-29,283.74,882,643,4.71,34.9,110,46.28,20,185,10,76.08,4.32,2.24,1,87.33,83.12,1.083,91.34,Website,West,4912.1
REC001976,2022-07-29,161.41,906,647,4.61,23.11,106,30.07,30,191,7,42.24,4.04,5.8,5,98.68,114.23,1.178,104.74,Mobile App,West,4075.91
REC002046,2022-07-30,280.87,853,646,4.0,22.81,120,23.69,0,167,0,43.98,4.13,5.89,2,89.66,77.01,1.103,97.56,Website,North,3417.95
REC004870,2022-07-30,187.42,885,659,3.68,36.72,117,36.57,30,187,14,57.12,4.07,11.08,1,97.08,91.09,1.211,106.43,Website,West,6882.42
REC005023,2022-07-30,530.85,941,630,3.6,17.17,109,38.5,5,195,4,83.25,4.21,1.96,2,93.0,87.43,0.9,105.03,Mobile App,West,2520.11
REC003271,2022-07-30,122.44,909,655,3.56,46.1,104,44.5,25,189,8,53.93,3.15,9.54,0,77.69,89.31,1.347,98.48,Mobile App,South,7161.88
REC001567,2022-07-30,159.72,904,645,2.63,7.66,128,51.57,5,196,13,42.58,3.71,6.92,0,100.0,93.36,0.843,95.11,Website,South,1066.72
REC005559,2022-07-31,124.13,920,664,4.67,18.81,115,35.49,20,204,14,77.71,4.43,4.32,1,96.82,95.43,0.871,100.59,Website,South,2280.41
REC004045,2022-07-31,188.34,878,694,4.9,64.59,106,35.4,0,204,12,50.99,3.39,10.14,1,94.95,109.85,1.326,100.5,Marketplace,South,9570.93
REC005906,2022-07-31,149.33,900,670,4.71,48.53,113,42.33,20,186,9,41.52,4.68,3.83,1,96.52,85.99,1.338,101.01,Website,Central,10324.34
REC000707,2022-07-31,51.12,873,627,3.21,95.38,106,21.03,15,197,3,60.88,4.28,2.05,2,80.2,113.04,1.063,101.74,Website,Central,10315.7
REC005652,2022-07-31,190.45,934,665,4.55,25.81,125,17.37,10,174,5,43.25,4.59,5.24,0,98.17,123.21,1.194,98.5,Website,East,5239.72
REC001017,2022-08-01,186.16,941,621,3.58,33.24,99,45.11,15,192,13,60.01,4.0,7.41,1,94.93,81.75,0.831,104.06,Website,Central,3479.95
REC001482,2022-08-01,140.23,874,650,3.41,29.07,93,49.2,10,206,6,61.66,5.0,2.7,3,88.48,118.45,1.276,96.38,Marketplace,South,3150.26
REC004609,2022-08-01,56.1,911,667,5.62,43.84,101,35.61,15,195,15,59.31,4.29,4.24,2,89.29,94.09,1.165,96.05,Mobile App,West,8114.14
REC004675,2022-08-01,240.19,880,662,2.21,39.15,103,37.61,30,208,8,56.76,4.49,3.24,3,97.14,109.91,0.788,99.1,Mobile App,South,3738.41
REC002538,2022-08-01,59.88,874,611,2.82,40.75,108,35.15,0,191,11,83.91,3.75,6.59,5,100.0,90.38,1.026,92.17,Website,South,4760.52
REC001799,2022-08-01,192.18,881,632,4.06,72.9,105,48.25,5,186,7,50.8,4.45,5.52,0,85.52,117.91,1.071,97.57,Mobile App,East,9748.45
REC000622,2022-08-02,359.84,926,666,2.19,50.72,107,28.94,20,203,9,70.45,3.84,4.95,1,88.01,97.46,0.887,93.04,Mobile App,East,6450.26
REC001952,2022-08-02,119.15,869,639,4.79,41.18,136,51.62,10,194,8,58.62,4.17,14.2,3,86.52,114.02,0.928,100.88,Mobile App,East,6465.16
REC000969,2022-08-02,180.28,889,610,2.8,78.82,101,27.64,10,190,5,56.73,3.54,5.43,1,94.26,102.7,1.08,105.49,Website,East,10015.56
REC000038,2022-08-02,69.86,946,673,5.04,26.24,98,18.66,10,186,9,48.93,3.7,2.07,1,90.68,95.45,1.297,102.07,Website,Central,4229.58
REC000570,2022-08-03,96.59,905,628,4.58,39.52,100,49.54,10,185,10,60.91,4.19,10.87,1,84.89,111.64,1.307,103.52,Website,South,5500.66
REC003521,2022-08-03,72.75,863,639,3.35,21.24,121,59.59,15,192,1,55.4,3.76,3.06,2,93.58,87.68,1.247,95.0,Marketplace,North,4068.64
REC000886,2022-08-03,381.31,937,640,4.52,93.61,104,8.77,0,206,8,70.97,4.7,5.59,1,88.38,109.66,1.009,100.91,Website,East,11628.74
REC005188,2022-08-03,115.35,886,681,3.98,41.54,121,36.64,5,169,0,66.36,4.15,13.43,1,93.85,90.77,0.938,108.96,Mobile App,North,6533.47
REC002572,2022-08-03,158.97,890,623,4.19,29.77,126,46.51,20,164,3,42.49,4.36,9.63,1,96.43,79.14,1.092,111.06,Mobile App,West,5652.92
REC002319,2022-08-04,354.04,885,600,3.41,45.8,111,46.23,15,191,9,50.78,4.68,5.09,3,100.0,104.35,0.886,102.05,Marketplace,South,5309.92
REC002951,2022-08-04,23.59,876,661,4.24,32.49,107,22.84,25,181,0,39.53,3.84,11.7,0,84.77,135.0,1.184,107.82,Mobile App,West,4960.25
REC000249,2022-08-04,424.93,948,588,2.69,35.91,102,50.88,25,191,0,50.42,4.82,11.03,0,90.05,91.89,0.891,101.04,Mobile App,Central,3663.81
REC004216,2022-08-04,95.63,872,636,4.61,17.71,122,27.81,10,210,0,58.33,4.3,8.19,2,89.04,108.4,1.102,97.89,Website,East,2877.7
REC004910,2022-08-05,146.79,900,635,4.87,41.26,117,29.84,10,190,5,58.53,3.64,11.99,3,95.67,105.84,1.19,105.22,Marketplace,South,5443.42
REC003472,2022-08-05,350.11,901,645,3.12,49.0,113,42.37,10,202,6,44.24,3.84,8.77,2,84.75,115.34,1.202,106.55,Marketplace,West,7617.28
REC002714,2022-08-05,42.45,903,612,4.18,64.94,102,52.47,10,194,8,70.27,4.82,4.43,2,97.73,107.12,0.895,97.01,Marketplace,West,7410.14
REC004127,2022-08-05,217.52,903,652,4.84,28.58,120,39.51,0,159,0,61.47,4.41,10.16,2,93.08,76.88,0.901,96.83,Website,North,3857.09
REC002920,2022-08-05,232.65,910,672,4.28,48.71,110,24.26,10,166,4,40.43,3.02,6.86,4,90.23,95.26,1.052,103.56,Website,North,6032.36
REC005506,2022-08-05,101.11,924,658,4.34,10.22,129,25.63,0,169,9,45.7,4.61,7.39,4,87.4,91.13,0.81,107.64,Mobile App,West,1219.17
REC003805,2022-08-06,130.9,874,610,3.99,72.11,126,43.26,5,212,5,36.01,4.35,0.5,2,90.22,93.15,0.817,90.2,Website,Central,9522.02
REC002943,2022-08-06,177.24,927,662,4.93,39.83,116,41.01,25,194,11,41.76,3.62,8.47,2,100.0,104.69,0.779,99.32,Website,South,4112.32
REC000611,2022-08-06,85.35,882,644,4.99,58.81,102,24.93,30,192,10,60.26,4.17,13.47,3,84.58,95.56,1.285,102.03,Mobile App,North,9578.68
REC004541,2022-08-06,97.55,878,645,4.4,31.34,115,37.86,15,203,7,48.71,5.0,11.46,2,85.38,89.46,1.186,106.24,Mobile App,Central,4321.5
REC005700,2022-08-07,237.25,880,642,4.71,71.9,118,48.64,25,184,0,49.31,3.88,4.5,0,79.88,86.96,1.2,101.29,Mobile App,East,12559.62
REC001937,2022-08-07,166.66,896,589,4.05,30.68,111,28.05,15,192,8,60.76,4.55,4.19,1,91.14,131.37,0.799,97.52,Mobile App,East,3411.57
REC001978,2022-08-07,165.08,875,601,1.43,65.0,119,29.0,25,203,11,54.83,2.44,8.99,0,86.18,93.0,1.272,106.62,Mobile App,Central,11429.96
REC000875,2022-08-08,114.41,923,656,3.6,47.19,121,56.89,15,160,1,53.8,4.13,6.68,1,86.18,118.1,1.048,109.48,Marketplace,South,7250.29
REC002438,2022-08-08,270.36,874,638,5.86,15.37,127,51.12,10,200,10,78.32,3.78,8.23,1,89.41,103.02,1.2,93.91,Mobile App,East,2882.02
REC004792,2022-08-08,293.75,895,647,3.94,25.86,103,75.0,10,193,7,42.61,4.06,9.47,1,93.92,93.72,0.761,96.3,Mobile App,South,2743.92
REC002837,2022-08-08,277.68,911,623,3.78,30.76,117,46.73,15,178,1,48.0,4.44,9.89,4,87.38,113.84,1.342,98.88,Website,Central,5040.47
REC002292,2022-08-08,168.79,917,667,2.79,41.17,116,29.94,30,204,4,58.09,4.55,7.27,1,98.98,106.06,1.038,100.27,Website,Central,6144.92
REC005495,2022-08-09,184.42,936,625,4.69,16.56,129,56.98,25,206,1,70.05,4.61,4.47,2,91.97,106.08,1.308,101.79,Website,South,3606.93
REC000671,2022-08-09,58.17,881,629,3.43,56.61,103,31.01,5,209,15,51.54,4.72,13.23,3,88.73,102.01,0.84,93.6,Marketplace,South,3843.87
REC000243,2022-08-09,154.08,874,664,2.14,48.15,105,20.83,15,210,9,83.62,4.88,7.33,0,86.7,88.58,1.195,105.4,Marketplace,East,5838.94
REC003061,2022-08-09,87.46,914,645,2.33,86.65,118,54.31,0,189,13,69.78,3.57,2.55,1,96.3,100.15,1.197,105.12,Marketplace,West,14509.62
REC003531,2022-08-10,206.15,923,660,2.37,95.23,102,31.25,25,196,4,59.0,3.97,10.98,2,89.53,86.64,0.873,103.12,Mobile App,East,9348.96
REC002573,2022-08-10,62.51,899,639,3.9,15.4,112,56.05,20,209,9,41.89,4.01,5.53,0,93.37,106.32,1.29,101.62,Website,East,2660.93
REC000348,2022-08-11,104.7,877,665,4.21,67.02,110,49.35,10,169,2,55.89,4.1,9.14,2,88.07,108.25,0.812,92.87,Website,Central,7023.45
REC005471,2022-08-12,75.16,904,624,1.72,24.24,129,36.5,0,197,6,34.49,4.36,4.57,0,89.2,100.4,0.813,97.42,Marketplace,Central,2601.08
REC001204,2022-08-12,153.26,920,647,4.17,64.18,132,50.36,15,220,5,47.15,3.38,3.4,1,83.4,90.7,1.261,110.36,Website,Central,13600.79
REC005182,2022-08-12,140.13,901,641,3.86,16.81,117,26.77,10,181,14,54.98,3.73,8.44,1,86.39,84.75,0.913,97.82,Website,South,1955.4
REC004440,2022-08-12,247.29,993,589,5.2,48.35,112,39.21,30,194,5,71.39,4.82,3.83,3,88.15,103.17,1.344,95.24,Mobile App,East,8931.67
REC004631,2022-08-12,41.24,919,644,2.93,58.71,108,39.55,25,176,4,53.4,4.53,1.51,1,81.51,78.55,1.245,102.5,Website,Central,7821.0
REC002566,2022-08-13,101.42,855,656,4.06,32.51,107,38.58,30,194,2,52.02,4.19,9.8,1,100.0,107.07,0.799,97.26,Website,East,3805.82
REC000015,2022-08-13,288.01,889,617,0.8,65.04,116,44.79,5,213,9,80.11,4.26,1.64,1,97.54,119.47,0.962,102.6,Mobile App,East,9315.34
REC002362,2022-08-13,165.78,912,612,2.89,128.0,131,47.56,10,209,9,63.91,4.48,8.34,1,81.47,88.69,1.313,92.71,Mobile App,North,25274.12
REC003597,2022-08-13,214.2,888,614,3.08,160.22,108,22.93,0,175,11,72.91,4.61,5.7,5,91.67,94.52,0.766,107.93,Website,West,16201.24
REC005578,2022-08-13,282.57,900,669,3.07,13.07,116,40.54,25,186,3,46.12,4.44,5.76,2,92.66,114.9,0.817,94.45,Website,North,1234.3
REC000491,2022-08-14,149.83,887,615,2.56,60.63,100,30.61,5,189,15,63.36,3.68,10.41,4,94.45,89.26,1.232,98.87,Website,Central,8232.67
REC003290,2022-08-14,155.6,945,652,4.74,99.28,107,15.55,20,198,0,43.28,4.46,10.66,2,88.69,101.42,1.133,101.27,Mobile App,South,14409.04
REC005204,2022-08-15,80.6,948,647,6.22,11.39,120,36.09,5,179,12,43.36,3.14,4.62,3,81.1,100.39,0.999,103.85,Mobile App,North,1754.69
REC002375,2022-08-15,52.95,919,635,5.12,26.06,118,41.2,25,195,14,60.48,4.88,7.89,1,92.39,113.91,0.989,102.32,Mobile App,East,3586.25
REC001704,2022-08-15,142.03,885,651,4.15,31.24,113,39.19,10,180,11,70.28,4.29,6.15,2,95.69,94.54,1.123,101.3,Website,West,6023.81
REC004437,2022-08-15,582.62,911,688,2.21,40.33,109,47.36,0,197,0,47.48,4.46,8.92,0,90.48,91.28,0.998,101.59,Website,South,4986.06
REC002892,2022-08-15,404.98,907,643,3.25,25.31,97,28.78,0,203,5,60.19,4.3,8.72,4,94.6,115.99,1.174,100.13,Mobile App,North,3815.06
REC000729,2022-08-16,180.97,884,638,5.69,28.14,124,33.02,15,185,8,60.77,4.75,5.54,0,91.53,101.69,1.143,107.34,Website,Central,5744.38
REC002539,2022-08-16,75.54,883,668,4.47,30.33,119,30.1,15,191,14,48.18,4.44,8.02,0,100.0,72.74,1.151,110.54,Marketplace,South,5492.44
REC001081,2022-08-16,389.12,882,613,4.22,48.11,128,50.13,30,177,12,66.66,4.29,9.27,3,86.42,95.24,0.756,105.21,Mobile App,West,6540.29
REC002912,2022-08-17,262.62,869,639,5.07,57.53,128,29.19,15,194,1,68.82,3.95,11.05,4,98.05,126.91,0.799,104.74,Mobile App,South,9593.81
REC003425,2022-08-17,108.13,868,610,1.93,24.43,118,35.78,20,195,14,41.86,4.1,9.25,1,87.04,115.1,0.933,98.08,Mobile App,West,3552.97
REC001985,2022-08-18,629.69,909,679,3.49,31.66,113,12.35,20,200,0,61.22,4.76,12.01,4,87.9,110.72,0.879,105.03,Mobile App,North,3568.15
REC004639,2022-08-18,178.15,913,678,3.91,54.24,121,35.72,5,199,8,56.74,3.56,4.44,3,87.93,107.32,1.197,101.76,Website,South,9520.23
REC004401,2022-08-18,347.52,847,592,3.93,39.28,109,34.65,25,194,7,78.89,3.44,4.8,2,96.34,98.73,1.031,102.91,Mobile App,East,6239.88
REC004249,2022-08-19,116.33,855,656,4.07,48.82,123,40.96,20,177,13,40.95,4.51,5.13,0,96.13,97.87,0.874,94.6,Website,North,6756.35
REC001633,2022-08-19,472.81,975,660,3.96,17.74,96,40.23,15,192,10,64.97,2.9,6.93,1,95.47,99.51,0.828,99.99,Website,North,1680.97
REC002808,2022-08-19,197.0,907,615,3.91,23.26,114,51.71,10,191,3,59.57,3.88,5.24,1,100.0,102.18,0.909,101.7,Mobile App,East,3600.21
REC005682,2022-08-19,228.38,896,653,4.08,9.22,117,44.2,25,188,7,54.7,4.41,11.13,2,79.92,97.28,0.995,104.31,Marketplace,South,1055.03
REC001018,2022-08-19,239.14,937,626,3.51,91.06,105,40.12,15,186,11,59.38,4.57,7.11,1,76.99,99.55,1.156,102.01,Website,East,12564.81
REC002311,2022-08-19,84.08,876,638,4.12,27.01,116,21.6,10,196,13,77.8,4.91,13.82,0,88.8,100.69,0.771,99.15,Website,West,3082.29
REC001399,2022-08-19,147.66,880,640,1.63,76.25,117,14.51,5,197,5,70.12,3.53,7.03,1,96.26,84.34,1.28,91.39,Mobile App,South,11558.42
REC000856,2022-08-20,62.92,883,647,4.84,52.02,109,38.29,5,202,14,47.43,4.48,1.14,0,88.46,85.96,0.865,102.06,Mobile App,Central,6075.92
REC000437,2022-08-20,240.89,948,657,5.03,37.34,123,32.63,20,178,12,51.35,3.64,5.19,1,83.9,113.47,0.94,103.51,Mobile App,West,5786.79
REC002256,2022-08-21,103.31,843,647,2.27,31.14,122,39.98,5,187,8,51.23,3.98,12.2,0,75.55,113.15,1.31,100.15,Marketplace,South,4225.63
REC003257,2022-08-21,67.05,896,658,4.01,13.14,120,25.38,5,207,0,67.12,5.0,6.83,1,80.4,97.43,0.83,96.64,Website,East,1275.4
REC000653,2022-08-21,174.75,897,627,4.22,60.13,121,28.07,30,187,11,43.65,3.7,10.09,0,90.33,86.32,0.83,107.84,Website,Central,5927.35
REC005002,2022-08-22,97.91,867,631,4.04,61.53,111,47.68,25,179,6,71.3,4.14,7.9,1,86.29,99.01,0.97,103.15,Mobile App,East,9521.51
REC004317,2022-08-22,65.48,861,628,4.08,24.13,119,45.45,10,183,14,74.74,3.93,6.37,1,85.88,112.75,1.071,100.11,Website,East,3737.6
REC001498,2022-08-22,56.16,944,667,4.73,51.06,136,55.5,5,195,2,60.78,3.72,16.58,2,95.19,90.71,1.236,99.22,Mobile App,East,11857.22
REC003288,2022-08-22,62.39,892,667,3.15,24.98,112,42.03,20,176,0,69.51,3.79,15.69,1,87.05,80.64,1.294,101.4,Marketplace,Central,3185.75
REC005160,2022-08-22,84.77,923,626,4.13,63.0,120,59.01,10,181,2,79.99,5.0,4.48,4,78.33,98.79,1.128,98.65,Website,West,8980.59
REC003782,2022-08-23,290.73,874,619,2.34,113.3,104,39.27,25,195,8,59.81,3.71,4.47,1,89.26,101.48,1.069,106.46,Website,South,14561.61
REC004561,2022-08-23,202.07,889,623,3.98,13.18,124,54.38,20,206,8,36.78,3.6,1.94,1,90.45,77.24,0.938,101.8,Website,North,1998.19
REC002129,2022-08-23,176.9,889,644,2.78,106.68,116,37.47,20,186,2,38.94,4.95,3.92,0,95.48,94.97,1.345,104.06,Mobile App,East,21199.23
REC003003,2022-08-24,149.88,878,652,4.23,25.13,128,38.79,5,179,1,63.95,3.93,12.46,2,91.6,107.55,0.775,98.53,Mobile App,West,3629.79
REC005267,2022-08-24,103.42,901,671,3.52,17.0,120,31.48,30,182,1,60.89,4.5,8.91,1,94.43,106.08,0.83,100.03,Marketplace,South,1841.3
REC002819,2022-08-25,192.7,894,572,3.83,35.24,113,44.89,30,183,10,69.02,2.88,4.81,1,100.0,88.66,0.866,99.99,Website,West,5284.13
REC000750,2022-08-25,129.68,909,651,3.91,47.9,123,43.71,10,181,13,59.85,3.82,3.69,1,80.32,93.32,0.835,105.2,Website,Central,5010.97
REC005946,2022-08-26,90.84,922,586,3.29,47.61,120,17.62,0,182,13,49.48,4.73,13.69,1,93.81,83.68,1.292,92.26,Website,East,8185.68
REC002528,2022-08-26,423.46,878,640,1.69,22.19,131,38.27,5,197,13,67.56,5.0,7.6,2,84.45,89.2,1.307,91.0,Website,East,3824.93
REC003877,2022-08-26,105.81,897,641,5.2,90.9,123,41.72,10,178,11,58.1,4.03,17.21,2,84.77,94.92,0.961,104.41,Website,West,12485.1
REC000628,2022-08-27,184.41,902,591,3.04,45.2,117,39.82,5,164,9,69.91,3.72,11.63,0,89.09,99.55,0.83,98.45,Marketplace,West,5180.35
REC000270,2022-08-27,48.38,930,673,4.19,26.7,134,24.7,30,166,13,63.79,4.22,3.26,1,89.06,114.07,0.878,97.57,Mobile App,East,3984.95
REC003535,2022-08-27,133.32,891,637,3.49,71.8,107,21.83,20,166,1,63.48,3.97,8.54,2,87.71,84.82,0.977,99.27,Website,West,9114.03
REC005211,2022-08-27,120.73,922,665,3.3,22.74,113,44.55,15,192,5,68.12,4.63,7.52,2,74.58,94.69,1.281,108.67,Mobile App,North,3493.79
REC002930,2022-08-28,84.49,911,619,2.47,100.7,111,47.75,25,185,11,52.08,4.26,1.52,3,100.0,110.25,0.992,94.66,Mobile App,North,14902.47
REC001138,2022-08-29,787.89,923,634,3.7,22.33,115,10.89,10,184,0,35.03,3.68,6.49,3,82.59,70.0,0.942,103.84,Mobile App,South,2817.99
REC004093,2022-08-29,72.92,943,641,5.17,62.29,126,46.11,5,198,3,61.22,4.33,4.39,0,97.45,90.77,0.942,101.51,Website,South,8741.02
REC005989,2022-08-29,216.9,971,624,2.66,90.52,106,26.62,15,178,6,58.64,4.3,7.61,1,85.21,95.99,1.118,100.95,Website,South,12566.27
REC005566,2022-08-29,243.61,924,636,2.4,20.57,107,41.05,0,177,4,68.34,3.85,10.98,0,88.53,129.77,1.179,92.08,Website,West,2904.5
REC000353,2022-08-30,110.6,924,617,4.92,31.43,108,47.88,15,168,8,65.15,4.06,11.54,2,84.47,98.79,1.238,105.11,Mobile App,North,4853.46
REC003978,2022-08-30,164.84,843,610,6.61,33.12,107,38.1,20,174,8,57.36,3.35,7.57,1,84.37,97.47,1.189,103.06,Website,South,4797.94
REC001255,2022-08-30,303.85,924,663,4.94,30.24,123,48.13,15,184,9,31.85,4.56,14.61,1,85.99,89.49,0.983,99.2,Marketplace,West,4371.93
REC000722,2022-08-31,160.7,929,590,2.54,74.78,106,38.73,10,201,14,59.86,3.38,7.32,5,87.07,86.58,1.084,100.11,Mobile App,North,10265.34
REC003387,2022-08-31,439.44,882,632,5.42,20.79,102,30.46,5,197,6,60.16,4.49,6.04,2,80.58,88.03,0.913,100.32,Mobile App,North,2283.68
REC005148,2022-08-31,49.96,908,620,3.25,79.15,120,37.09,5,213,1,45.79,4.11,5.46,1,93.14,89.36,1.167,96.57,Website,North,12419.51
REC002466,2022-09-01,51.42,879,653,4.17,39.73,105,38.29,15,180,10,89.58,4.46,7.93,0,84.32,94.58,1.059,108.98,Mobile App,North,5159.09
REC004004,2022-09-01,118.24,895,614,4.2,19.17,114,50.63,10,199,2,59.9,5.0,6.56,1,98.02,93.23,1.345,104.34,Website,West,4336.01
REC004714,2022-09-01,362.11,927,603,3.57,35.98,115,36.34,10,186,9,57.42,4.62,7.65,2,94.09,106.9,0.772,102.32,Mobile App,South,4444.81
REC005720,2022-09-02,154.12,887,644,4.4,29.2,136,40.17,0,189,13,70.52,3.88,8.72,2,82.54,82.8,1.058,108.38,Website,West,4977.82
REC001144,2022-09-02,87.72,904,690,3.13,60.5,121,22.01,20,200,13,72.01,4.22,4.28,3,93.54,113.98,0.773,102.62,Mobile App,South,6528.78
REC001815,2022-09-03,562.75,916,636,3.67,41.46,121,43.19,5,195,14,56.37,3.11,10.88,3,88.16,92.5,1.015,98.32,Website,South,5997.9
REC001041,2022-09-03,203.3,852,636,5.11,72.31,103,18.41,0,214,7,53.75,4.73,10.68,2,80.2,110.4,1.331,91.94,Mobile App,Central,9704.62
REC003952,2022-09-03,74.93,946,637,3.1,39.85,110,17.89,10,200,3,65.18,4.96,7.79,2,93.66,107.6,0.818,100.81,Website,West,4040.23
REC005393,2022-09-03,95.76,879,616,3.47,25.51,136,27.5,20,167,10,49.41,4.42,7.94,1,92.72,78.2,0.917,92.54,Website,Central,3173.69
REC005202,2022-09-03,58.54,878,639,2.39,60.57,102,59.47,0,200,9,48.76,3.22,3.25,1,100.0,102.02,1.254,92.94,Mobile App,Central,11661.18
REC005004,2022-09-04,121.42,863,673,5.67,43.9,113,59.76,15,171,11,38.97,4.21,10.51,4,89.34,100.42,1.184,87.43,Mobile App,North,9285.61
REC002905,2022-09-04,142.4,938,653,4.57,24.67,127,39.76,10,197,14,59.33,3.5,2.9,3,100.0,101.71,1.053,96.23,Marketplace,Central,4510.38
REC003829,2022-09-04,90.5,863,615,4.94,68.55,108,24.62,20,179,10,61.89,4.48,7.58,0,99.34,111.65,1.228,102.71,Mobile App,South,11341.54
REC001735,2022-09-04,58.7,919,611,5.0,34.32,121,24.96,15,200,13,40.34,4.21,4.16,5,94.06,108.83,0.944,102.77,Website,South,5045.17
REC003218,2022-09-04,610.83,906,656,4.23,44.58,129,8.0,30,183,11,75.8,4.16,5.11,5,96.0,108.26,0.883,95.81,Marketplace,South,5079.47
REC000263,2022-09-05,129.22,920,627,2.64,34.25,124,25.51,15,187,6,48.58,4.66,7.77,0,96.06,88.32,1.284,96.15,Mobile App,West,7542.05
REC005313,2022-09-05,87.68,881,641,2.79,92.58,112,59.11,25,181,9,62.86,3.99,1.47,2,87.33,105.49,1.256,89.06,Mobile App,West,15611.53
REC003562,2022-09-05,402.48,882,661,3.61,19.76,117,29.43,15,205,7,71.71,3.39,3.02,2,94.66,73.41,0.797,98.48,Mobile App,North,2775.67
REC002516,2022-09-06,70.99,881,686,3.08,95.18,149,38.06,10,206,1,66.93,3.88,7.65,1,94.27,102.66,0.919,100.74,Mobile App,West,20782.67
REC000390,2022-09-06,153.67,862,647,1.86,22.72,133,49.69,20,163,4,20.0,3.24,6.22,0,89.21,104.79,1.114,93.93,Website,South,3624.92
REC000508,2022-09-06,175.3,958,668,4.91,38.23,106,40.3,10,173,0,46.11,4.85,6.93,2,90.62,83.87,0.958,101.42,Website,South,4165.0
REC002718,2022-09-07,82.41,889,654,4.11,24.39,110,21.88,5,164,2,67.47,5.0,2.69,1,93.84,93.7,0.783,102.4,Website,North,2171.88
REC003050,2022-09-07,125.09,843,622,2.64,28.82,113,34.66,10,174,14,63.94,4.98,5.81,4,98.93,111.91,1.058,93.26,Mobile App,North,4466.32
REC003746,2022-09-07,390.46,898,669,2.87,53.04,110,35.88,10,200,6,63.86,3.92,11.8,1,87.03,104.57,0.962,95.44,Mobile App,North,6632.65
REC005310,2022-09-07,155.59,873,609,2.91,64.65,96,12.7,10,186,0,54.76,4.18,7.43,2,86.37,86.75,1.271,95.1,Website,North,8600.61
REC004805,2022-09-08,253.55,924,658,2.72,42.25,138,50.62,15,217,15,46.12,3.79,2.73,1,85.8,87.42,1.198,95.31,Mobile App,East,7591.48
REC001862,2022-09-08,392.0,899,635,4.72,99.88,108,51.66,10,186,5,55.92,3.95,14.12,0,85.58,86.48,0.922,103.1,Website,West,9854.43
REC004262,2022-09-08,139.76,944,646,2.59,43.14,115,41.84,0,193,11,76.72,4.33,9.44,0,81.45,92.99,0.945,91.93,Marketplace,South,4502.61
REC003898,2022-09-08,173.54,910,632,3.27,23.84,123,27.99,25,200,8,43.27,4.38,2.54,0,83.79,116.67,0.751,98.37,Marketplace,South,2189.5
REC004346,2022-09-08,101.88,865,613,3.67,40.37,115,34.6,10,186,4,50.7,5.0,5.06,0,94.49,110.48,1.127,98.79,Website,South,5833.96
REC003068,2022-09-08,91.9,907,635,2.61,46.33,108,41.33,20,195,5,62.61,4.69,6.65,1,88.12,103.7,1.178,96.52,Mobile App,East,7176.36
REC003153,2022-09-08,53.38,890,629,3.92,36.91,122,32.04,15,183,1,68.71,4.32,4.86,2,98.9,93.77,1.264,88.43,Mobile App,East,9187.06
REC003622,2022-09-08,121.55,895,641,3.37,56.22,107,61.59,15,194,12,49.82,3.74,3.65,3,88.19,115.83,0.938,94.22,Website,West,6869.38
REC003881,2022-09-08,288.27,883,644,4.77,75.23,121,25.97,20,167,5,52.78,4.39,9.1,0,100.0,100.21,0.8,105.76,Website,West,12197.68
REC001465,2022-09-09,54.56,891,641,1.86,30.79,101,49.84,10,177,7,63.75,5.0,14.06,0,88.47,87.07,0.88,92.45,Website,Central,2601.66
REC001030,2022-09-09,190.96,914,620,4.36,25.31,116,50.1,20,191,2,47.32,3.78,12.91,2,89.36,113.71,0.87,91.65,Mobile App,South,3488.34
REC003620,2022-09-09,105.2,866,658,2.84,109.57,100,37.13,5,214,6,32.15,4.8,3.64,1,79.79,95.47,1.02,93.24,Website,South,10874.19
REC003330,2022-09-10,135.18,867,657,1.1,23.89,124,40.59,10,212,0,50.77,4.65,3.67,0,90.12,89.6,0.946,95.25,Mobile App,North,3696.89
REC005656,2022-09-10,93.27,908,589,3.9,53.21,109,26.96,5,194,11,45.28,3.73,9.35,2,85.88,114.03,1.23,105.1,Marketplace,North,7380.9
REC001964,2022-09-11,346.83,887,689,3.74,16.93,112,53.5,10,169,7,42.69,4.32,9.46,0,89.55,99.32,0.763,93.27,Website,East,1767.87
REC000529,2022-09-11,238.78,880,633,2.72,53.5,153,47.1,20,194,6,57.5,3.9,7.51,1,81.74,114.29,1.28,102.52,Mobile App,Central,10113.11
REC005883,2022-09-12,535.75,872,625,4.42,59.77,111,35.84,15,200,2,40.05,4.5,1.43,0,83.19,99.05,1.235,92.35,Website,West,10190.11
REC000646,2022-09-12,256.39,900,617,4.16,29.71,111,28.59,20,183,4,53.94,4.38,12.3,1,93.42,89.69,0.96,97.66,Mobile App,North,4542.86
REC004709,2022-09-12,135.15,928,628,2.84,81.07,119,31.69,0,181,2,47.9,4.57,7.04,2,92.22,88.66,1.22,102.64,Website,East,13015.37
REC004638,2022-09-12,279.32,887,684,2.78,31.77,114,31.18,0,183,5,38.75,4.41,5.75,1,93.57,92.24,1.293,100.17,Website,South,4987.73
REC001861,2022-09-12,16.65,864,624,3.97,59.83,126,8.0,10,194,8,56.43,4.52,8.59,4,97.77,89.87,1.295,101.47,Website,North,11725.46
REC001626,2022-09-13,200.11,888,626,3.8,15.81,130,46.61,5,196,4,69.26,3.92,7.21,1,97.87,116.29,1.186,105.87,Mobile App,North,3860.96
REC002350,2022-09-13,187.77,929,635,5.15,62.89,128,44.54,25,203,2,42.26,3.63,5.66,1,94.93,87.95,1.167,88.34,Mobile App,Central,12943.35
REC000062,2022-09-13,507.8,889,619,4.8,50.98,108,29.63,0,181,3,57.42,3.03,5.15,5,88.85,103.96,1.199,106.45,Website,East,8235.97
REC002847,2022-09-13,472.7,887,683,3.77,60.12,103,42.3,10,177,14,20.0,4.32,7.57,3,94.86,96.48,0.875,102.21,Marketplace,West,6003.55
REC003196,2022-09-14,109.01,933,646,3.99,78.62,138,36.59,15,204,5,56.96,3.76,2.67,2,87.78,113.41,1.338,104.29,Marketplace,North,15562.32
REC002358,2022-09-14,85.83,918,623,4.62,98.57,132,11.38,5,217,14,64.82,4.17,0.5,1,82.73,76.48,1.136,97.77,Website,East,18436.19
REC005455,2022-09-15,121.53,904,623,2.84,64.92,116,41.97,10,203,12,67.13,4.11,7.63,0,99.13,80.94,0.909,105.77,Website,South,8435.73
REC003603,2022-09-15,158.67,956,659,3.95,32.54,129,55.02,10,168,12,47.74,4.69,8.93,0,95.73,107.94,1.316,111.52,Mobile App,East,8845.07
REC005432,2022-09-16,133.31,903,619,4.31,33.52,112,47.18,0,188,0,50.19,3.47,9.14,3,84.22,113.76,0.986,99.81,Mobile App,South,4191.08
REC005823,2022-09-16,242.94,851,623,3.77,36.13,126,40.11,0,196,3,63.06,4.48,5.91,0,81.55,104.24,0.784,108.87,Marketplace,South,3621.92
REC001245,2022-09-16,96.93,924,665,3.06,38.62,129,23.13,0,196,11,50.63,2.99,7.02,0,97.37,115.83,0.869,91.21,Website,East,5339.29
REC001477,2022-09-16,171.02,893,634,4.69,45.15,142,43.94,20,177,6,57.79,4.19,7.9,1,93.3,96.64,1.306,110.86,Website,North,11373.28
REC004555,2022-09-17,69.84,935,621,3.73,23.79,114,66.24,0,193,6,24.16,3.51,7.35,2,96.15,91.1,0.926,106.48,Mobile App,North,4000.37
REC000196,2022-09-17,155.0,881,629,4.79,75.18,122,54.74,10,174,12,60.98,4.85,3.48,0,83.12,77.23,0.886,107.88,Website,South,10217.26
REC004690,2022-09-17,227.96,905,637,5.62,92.45,115,26.29,15,206,13,43.02,4.25,0.5,2,98.23,116.05,0.818,109.14,Marketplace,Central,10614.69
REC002404,2022-09-17,163.94,845,606,2.03,39.16,106,32.65,10,186,6,56.15,4.42,5.27,1,76.28,86.74,1.016,99.87,Mobile App,West,3990.98
REC004488,2022-09-17,87.75,884,648,2.89,17.48,101,38.23,15,186,5,70.46,4.94,6.01,1,90.16,98.65,0.854,98.0,Website,Central,1501.09
REC001378,2022-09-17,223.04,906,654,4.18,16.9,113,42.37,15,197,11,41.85,4.2,4.57,1,84.2,105.86,1.091,104.62,Website,East,2205.95
REC004154,2022-09-18,74.92,882,664,4.1,64.09,124,41.46,20,174,9,69.57,3.85,8.91,2,85.9,121.22,1.19,104.5,Mobile App,North,11373.83
REC005601,2022-09-18,373.18,844,655,2.96,83.79,113,39.53,15,191,9,42.26,3.75,6.24,0,93.98,105.42,1.2,101.17,Website,East,14589.23
REC001769,2022-09-18,234.0,936,695,5.67,32.72,144,43.72,15,194,2,52.12,3.88,13.46,0,90.08,73.09,0.871,99.23,Website,North,5017.3
REC004387,2022-09-19,300.66,873,623,4.6,44.82,111,49.57,25,190,12,57.59,4.2,8.31,2,85.96,107.76,1.05,102.91,Website,Central,5707.89
REC005176,2022-09-19,206.56,881,676,4.49,47.55,108,47.15,15,187,2,50.81,4.33,10.27,1,82.91,88.05,0.95,108.02,Marketplace,North,5438.92
REC002332,2022-09-19,187.82,893,659,5.66,49.14,114,41.91,5,203,0,29.9,3.74,12.42,1,92.02,103.56,1.332,102.16,Marketplace,Central,8055.77
REC001685,2022-09-19,74.39,860,629,3.46,25.83,121,42.59,10,187,11,81.38,3.68,14.73,1,96.91,100.48,0.77,99.17,Website,Central,2678.49
REC001953,2022-09-19,155.15,914,652,4.15,36.27,101,34.75,20,175,7,72.15,4.75,6.55,0,81.02,91.28,1.002,102.46,Website,North,4763.44
REC005777,2022-09-19,393.19,880,642,3.1,31.71,114,34.7,0,186,5,49.25,3.91,9.67,4,82.62,109.11,1.263,108.15,Marketplace,South,4444.45
REC004762,2022-09-19,56.83,937,623,4.41,49.94,124,66.48,25,203,5,77.12,3.43,6.29,3,86.24,122.96,0.787,100.48,Website,South,5558.43
REC001622,2022-09-20,440.29,876,642,4.49,63.28,129,42.25,5,210,15,46.04,4.82,12.83,5,88.42,97.38,0.802,98.92,Website,North,7216.77
REC000091,2022-09-20,116.25,908,656,5.84,24.08,105,50.49,10,169,1,50.35,4.14,5.45,5,100.0,121.35,0.878,100.86,Website,Central,3318.66
REC005874,2022-09-21,123.26,875,634,3.49,34.66,140,29.92,0,181,4,46.08,3.89,7.75,1,86.06,84.83,0.946,101.16,Website,East,5955.81
REC003200,2022-09-21,320.8,911,649,4.74,27.15,98,47.86,20,227,11,47.35,4.82,6.59,0,97.31,94.91,0.845,101.32,Website,South,2692.39
REC002544,2022-09-22,69.96,920,639,3.56,15.32,113,45.08,25,194,6,63.69,3.95,8.43,2,89.63,111.04,1.324,103.14,Website,North,2520.76
REC000465,2022-09-22,127.82,911,608,3.03,38.83,112,47.47,20,190,3,49.91,4.39,10.18,2,96.39,105.41,1.15,90.73,Website,East,5673.43
REC001195,2022-09-22,61.7,859,630,4.53,36.8,124,41.44,10,161,5,60.22,3.4,3.76,1,81.5,126.53,1.004,93.82,Mobile App,South,5180.36
REC003336,2022-09-23,143.82,902,652,4.29,64.45,107,56.62,20,188,9,52.05,4.01,5.3,2,86.86,98.25,0.883,102.4,Website,South,6009.46
REC000092,2022-09-23,133.26,916,628,4.09,32.34,111,46.98,25,174,0,56.11,3.35,12.63,1,97.91,94.98,1.278,103.36,Mobile App,North,6734.55
REC003086,2022-09-23,192.59,912,615,3.34,20.39,135,30.98,30,199,3,57.32,5.0,3.64,1,90.14,110.08,1.026,97.9,Mobile App,West,3837.26
REC005755,2022-09-24,79.29,915,667,1.62,35.62,103,37.77,15,211,4,49.66,4.2,6.96,5,93.84,96.43,1.113,98.78,Mobile App,East,4322.54
REC002321,2022-09-24,106.31,891,645,3.86,62.87,108,34.5,30,178,15,67.64,5.0,13.13,1,82.31,95.7,0.896,96.08,Marketplace,South,5434.52
REC002473,2022-09-24,218.78,925,634,5.0,16.49,108,25.84,15,178,11,55.45,4.05,9.68,2,90.73,98.46,0.985,93.71,Website,West,2309.5
REC004551,2022-09-24,149.03,886,638,5.23,86.26,113,44.48,10,171,3,79.46,4.49,11.58,2,91.57,106.57,1.221,102.88,Mobile App,West,16057.69
REC004576,2022-09-25,124.47,946,616,3.08,86.77,117,31.94,15,199,8,59.89,3.97,5.14,1,80.39,105.53,1.203,104.83,Website,Central,10993.15
REC001962,2022-09-25,176.68,913,652,4.15,40.53,135,44.98,5,194,10,65.36,4.1,6.26,5,94.34,110.48,0.779,104.24,Mobile App,North,6102.54
REC002381,2022-09-26,89.66,858,619,3.23,37.56,112,34.04,5,192,1,62.44,3.67,6.81,1,100.0,89.56,1.228,93.91,Website,North,7252.76
REC000523,2022-09-26,152.17,920,613,4.01,43.45,126,32.07,30,204,5,59.98,3.94,4.02,2,88.42,89.55,1.256,106.94,Mobile App,Central,9319.23
REC004727,2022-09-26,254.29,939,636,5.86,55.2,98,37.2,10,156,6,65.92,4.09,9.43,3,91.18,109.53,0.946,90.78,Mobile App,Central,6734.78
REC003979,2022-09-27,74.12,904,617,4.58,87.63,123,56.29,30,204,2,54.31,3.63,6.01,0,89.45,99.83,1.214,103.51,Mobile App,East,17522.84
REC000745,2022-09-27,681.77,942,632,2.41,40.74,113,42.56,5,189,0,78.83,4.07,7.32,0,99.51,96.77,0.81,94.97,Mobile App,North,5810.36
REC003703,2022-09-27,117.95,902,605,2.91,16.74,111,36.89,15,166,2,59.5,3.21,9.88,3,87.67,100.56,1.138,109.45,Website,South,2127.97
REC002555,2022-09-27,279.54,849,643,4.89,47.79,118,25.79,5,215,15,58.99,4.36,3.68,1,81.16,101.0,0.853,101.89,Website,North,5242.11
REC000748,2022-09-27,169.64,885,644,3.15,54.5,118,51.68,5,196,1,56.51,4.28,4.24,1,97.68,98.23,0.834,98.51,Mobile App,East,7839.09
REC002807,2022-09-28,65.88,931,631,4.98,19.07,106,32.47,15,180,9,35.3,3.04,8.61,0,94.12,129.71,0.944,100.03,Mobile App,South,1995.21
REC005469,2022-09-28,135.88,896,649,3.13,33.13,112,31.35,5,195,1,68.75,4.43,13.9,1,83.36,103.14,1.145,100.48,Website,North,5042.14
REC005046,2022-09-28,82.95,899,634,5.07,26.16,111,47.78,10,221,2,53.85,5.0,11.52,1,91.93,105.08,1.239,105.91,Marketplace,East,4032.25
REC005635,2022-09-28,235.2,886,615,4.65,53.66,111,47.49,5,170,13,48.78,4.84,5.55,3,86.49,106.74,0.848,105.59,Website,Central,6301.55
REC005961,2022-09-29,123.95,897,639,4.63,50.97,93,44.91,15,191,14,53.83,4.8,9.84,1,77.23,86.85,0.771,93.04,Website,South,3820.01
REC000113,2022-09-29,85.79,914,645,4.15,46.36,119,36.16,15,169,9,63.18,4.92,10.1,1,95.99,100.68,1.308,110.35,Website,Central,10164.59
REC002372,2022-09-30,288.79,872,642,0.94,49.12,107,26.34,30,186,8,57.62,4.23,5.07,1,98.35,106.84,1.276,99.58,Website,Central,6949.33
REC000762,2022-09-30,95.73,888,659,3.66,88.18,98,41.63,30,217,3,64.94,3.61,13.64,1,83.5,81.9,0.914,96.55,Mobile App,North,8968.45
REC003077,2022-09-30,317.07,936,636,3.19,28.82,134,33.41,15,180,12,63.83,4.4,0.5,0,90.24,114.01,0.963,100.13,Website,North,4587.12
REC001034,2022-09-30,40.92,936,662,1.8,34.69,120,46.04,20,190,0,44.24,4.47,10.11,2,96.15,101.02,1.03,96.34,Website,North,4546.25
REC004305,2022-09-30,219.8,927,597,3.59,131.23,101,33.28,0,201,9,73.25,2.71,0.5,2,90.7,88.78,1.221,98.91,Website,South,18637.38
REC005692,2022-09-30,186.53,900,606,3.85,29.8,115,42.37,15,191,13,31.61,4.37,9.22,1,83.57,98.4,0.923,99.87,Mobile App,North,3858.59
REC002754,2022-10-01,150.35,879,654,4.12,40.17,121,63.0,15,184,8,64.24,3.55,10.23,1,99.16,79.93,1.017,102.73,Website,Central,7086.56
REC001938,2022-10-01,519.68,876,623,2.94,42.81,111,30.23,10,202,5,57.99,4.48,7.0,2,97.98,90.92,1.188,104.75,Marketplace,Central,6620.23
REC002115,2022-10-01,90.57,914,639,4.36,36.63,120,33.67,5,180,0,64.03,4.77,10.4,2,93.2,91.25,1.13,90.69,Mobile App,North,6460.45
REC005795,2022-10-01,362.04,892,690,4.65,48.91,125,36.25,15,173,4,38.96,4.73,8.12,1,100.0,106.27,1.127,99.1,Mobile App,North,10524.41
REC005126,2022-10-01,66.41,914,620,3.7,13.27,104,49.19,5,218,9,38.3,3.76,5.06,1,87.25,98.6,1.164,93.69,Website,East,1787.9
REC003610,2022-10-01,87.13,913,613,3.41,79.52,111,35.78,25,204,13,55.07,4.14,11.61,1,96.88,93.79,0.847,98.88,Website,West,8953.66
REC002978,2022-10-02,139.38,884,690,4.4,66.91,122,37.14,5,165,14,62.71,3.75,2.92,1,94.43,91.35,0.953,98.11,Mobile App,West,11741.44
REC004903,2022-10-02,193.98,876,591,5.87,18.92,115,30.0,10,206,0,42.34,4.53,7.63,2,85.41,110.92,1.028,102.45,Website,Central,2252.47
REC003525,2022-10-02,107.13,859,668,1.54,40.92,107,52.48,25,182,5,36.57,4.38,4.24,2,74.41,103.87,0.841,95.57,Mobile App,East,3908.47
REC001134,2022-10-02,403.46,907,704,2.06,43.01,131,55.89,15,168,5,61.56,3.33,7.4,0,78.6,102.87,1.134,108.9,Mobile App,East,7150.97
REC004396,2022-10-02,224.89,876,683,5.42,65.88,109,51.22,10,208,3,44.76,5.0,7.82,1,85.14,87.88,1.052,101.52,Marketplace,Central,7684.22
REC003515,2022-10-03,104.47,888,688,3.33,31.56,106,37.92,15,197,9,47.84,4.12,10.05,2,94.53,70.0,1.097,97.28,Mobile App,South,4823.81
REC004339,2022-10-03,1334.4,898,661,3.48,87.13,122,35.37,10,207,10,75.77,4.08,7.75,1,93.11,91.78,0.958,96.16,Website,South,12325.57
REC004829,2022-10-03,195.09,941,612,3.24,62.49,118,34.45,5,189,4,36.76,3.68,8.72,1,100.0,92.61,0.802,96.05,Marketplace,South,7063.69
REC004705,2022-10-04,72.56,917,665,4.29,32.82,109,41.89,15,180,5,79.87,4.72,7.0,2,100.0,71.53,1.115,97.48,Mobile App,Central,5323.03
REC002039,2022-10-04,85.8,890,630,3.27,34.0,118,39.29,15,182,13,29.08,4.35,10.49,0,93.2,84.99,1.017,87.82,Mobile App,West,5450.42
REC004543,2022-10-05,89.21,879,618,4.94,65.74,151,53.27,10,176,6,55.53,4.67,10.51,1,98.13,106.35,1.25,107.24,Marketplace,North,15899.38
REC001712,2022-10-05,164.93,851,605,2.03,31.25,95,38.61,0,193,13,31.11,4.28,17.81,1,92.08,93.42,1.253,97.84,Website,West,3980.77
REC005549,2022-10-05,194.6,894,681,3.82,24.66,119,24.81,25,179,5,60.58,5.0,1.72,2,98.42,119.33,1.168,97.19,Marketplace,Central,3954.58
REC002588,2022-10-05,375.45,935,660,6.37,31.28,129,20.01,20,204,7,52.58,5.0,10.45,3,86.62,102.09,1.219,101.73,Marketplace,Central,5347.89
REC004494,2022-10-06,89.12,869,617,4.78,17.26,110,29.3,10,182,15,70.95,3.52,10.95,2,86.53,111.28,0.971,98.44,Mobile App,East,1636.7
REC003436,2022-10-06,87.94,940,642,5.21,48.89,108,49.8,25,198,12,61.87,3.9,10.66,1,94.44,81.42,0.934,101.04,Mobile App,North,7240.78
REC001833,2022-10-06,300.98,924,598,3.5,31.49,134,51.09,10,204,5,42.27,3.69,3.59,0,90.65,91.15,1.137,101.35,Website,East,6418.86
REC002262,2022-10-06,109.57,867,635,4.5,55.56,114,40.35,0,192,7,81.08,4.7,5.82,4,85.09,109.23,1.2,97.72,Mobile App,South,9018.1
REC003607,2022-10-06,193.33,910,587,2.88,41.3,116,48.81,25,202,11,81.38,4.47,7.57,1,87.73,94.61,0.771,97.75,Marketplace,Central,3903.74
REC005315,2022-10-07,129.33,949,639,3.13,46.05,116,27.57,20,170,7,85.66,4.9,7.54,0,88.33,114.76,1.295,100.9,Website,North,7623.08
REC005733,2022-10-07,519.2,839,642,4.56,18.28,122,42.15,10,188,6,48.0,4.18,6.95,1,86.88,83.02,1.191,94.26,Website,South,3193.57
REC001215,2022-10-08,104.44,923,625,1.96,11.78,107,48.19,20,186,0,47.82,4.42,9.15,2,94.76,98.16,0.951,99.02,Marketplace,North,1501.06
REC004132,2022-10-08,210.36,970,646,3.12,18.15,103,58.99,25,178,7,58.82,3.86,3.12,0,91.83,112.03,1.04,101.41,Marketplace,North,1842.27
REC003191,2022-10-08,211.04,933,612,3.37,35.7,121,56.15,5,191,7,48.43,3.91,9.36,1,93.3,78.65,1.225,95.17,Mobile App,East,6621.09
REC005134,2022-10-08,79.82,892,607,3.83,45.93,107,40.82,10,182,11,38.85,4.15,7.49,0,73.99,107.67,1.307,103.15,Mobile App,Central,5957.63
REC005033,2022-10-09,110.12,883,629,2.89,38.91,102,40.11,10,200,10,66.82,4.05,2.12,3,99.43,103.38,1.128,97.5,Website,Central,6216.53
REC000423,2022-10-09,28.07,898,617,3.96,127.22,112,46.66,15,185,6,54.23,4.82,5.5,2,76.27,82.13,1.091,100.56,Website,Central,14244.13
REC000699,2022-10-09,208.2,898,651,2.35,35.79,109,43.35,10,179,1,58.6,4.11,4.38,2,87.06,108.0,1.187,105.41,Website,East,4821.98
REC004960,2022-10-09,52.14,964,653,2.98,73.51,106,47.2,15,190,12,76.19,4.32,3.94,2,96.38,80.69,0.862,98.41,Website,West,8106.82
REC003999,2022-10-09,111.25,934,630,3.54,36.56,112,35.59,25,168,14,47.6,4.09,9.11,0,93.34,95.53,0.985,105.3,Marketplace,West,4940.01
REC000192,2022-10-09,63.89,871,618,4.02,42.97,118,53.4,0,181,8,47.57,3.88,9.0,2,92.23,95.09,0.929,103.93,Mobile App,East,6303.54
REC001884,2022-10-09,111.42,846,631,1.39,55.37,121,50.77,30,188,6,40.83,3.75,4.62,1,84.27,97.16,1.022,101.83,Mobile App,East,6923.41
REC001220,2022-10-09,115.93,923,643,5.69,47.65,120,33.55,5,188,3,37.27,2.67,14.69,1,92.61,98.76,1.034,97.43,Mobile App,South,7423.49
REC001315,2022-10-10,74.91,926,656,3.59,21.07,112,37.2,15,152,12,55.88,4.31,9.8,1,94.18,105.92,1.334,103.32,Website,North,3221.84
REC001793,2022-10-10,180.01,913,662,2.94,57.13,102,43.14,0,180,13,43.81,4.18,12.66,1,87.94,127.0,0.814,96.77,Marketplace,East,4418.53
REC004476,2022-10-10,217.12,915,612,3.99,59.68,120,27.5,5,212,12,60.44,3.39,10.57,1,76.28,103.92,1.165,104.54,Website,South,9613.54
REC003725,2022-10-10,225.71,865,678,3.93,22.66,110,38.4,15,156,14,75.5,3.82,5.28,3,97.98,119.09,1.238,92.18,Marketplace,North,4001.28
REC004645,2022-10-11,268.12,891,676,4.72,23.24,113,21.14,5,191,1,79.86,3.0,7.41,2,82.43,76.44,1.08,97.49,Website,North,2781.89
REC001390,2022-10-11,123.24,884,627,5.2,109.89,126,53.68,15,174,6,52.23,3.76,11.88,1,85.34,97.09,0.883,93.21,Website,East,15855.04
REC004257,2022-10-11,386.71,930,627,4.5,27.89,113,43.67,30,164,0,57.21,4.04,9.82,2,94.38,87.64,0.884,94.93,Website,South,3255.33
REC003439,2022-10-12,78.75,861,636,2.5,42.71,115,38.76,15,178,14,60.75,3.89,5.68,1,96.23,90.1,1.292,92.97,Mobile App,North,9392.76
REC003310,2022-10-12,142.63,888,626,3.31,71.42,108,28.67,25,198,14,54.1,4.45,1.81,0,89.6,96.11,1.291,92.45,Website,Central,10673.96
REC001860,2022-10-12,101.79,911,568,2.26,28.98,111,49.5,30,190,1,82.83,3.21,7.53,1,92.67,97.76,1.137,97.49,Website,North,4260.81
REC000677,2022-10-12,74.68,934,662,1.45,35.55,112,34.01,30,210,5,51.44,5.0,9.15,2,76.27,95.31,1.285,108.23,Mobile App,East,5030.74
REC000816,2022-10-13,90.97,876,637,4.0,43.68,119,57.37,10,192,15,51.71,4.43,6.8,1,88.7,104.88,1.273,97.26,Website,South,7737.22
REC001948,2022-10-13,83.31,846,647,3.6,43.68,119,46.34,0,181,7,42.68,4.81,5.82,2,83.42,107.0,1.208,101.42,Marketplace,West,5876.85
REC003162,2022-10-13,34.26,901,618,3.45,50.44,95,37.11,15,184,13,57.05,4.95,7.04,1,82.18,104.12,1.191,99.83,Mobile App,Central,5452.79
REC001955,2022-10-13,119.18,883,665,4.27,125.25,119,44.37,10,180,12,50.42,3.36,9.36,2,100.0,112.02,0.826,98.24,Website,West,16756.53
REC005537,2022-10-13,61.35,877,647,5.21,99.37,102,16.94,15,184,12,75.34,4.89,4.27,2,90.42,78.36,1.179,104.08,Website,West,12382.88
REC003123,2022-10-14,400.51,851,682,2.05,72.21,110,35.55,10,210,1,43.68,4.94,14.21,0,100.0,96.21,1.327,104.92,Website,East,13569.64
REC003279,2022-10-14,96.48,894,654,2.33,30.98,118,45.66,5,194,0,62.1,5.0,8.73,1,84.32,98.44,0.934,96.84,Website,South,4157.45
REC004110,2022-10-14,430.43,859,645,3.91,45.14,108,35.28,10,190,3,60.91,4.17,8.11,1,95.76,117.22,0.774,99.7,Mobile App,East,4741.65
REC001259,2022-10-14,110.39,898,642,5.0,41.92,110,71.86,5,178,0,67.7,3.89,4.71,0,96.07,118.6,0.899,95.91,Website,East,6028.37
REC001650,2022-10-14,269.9,916,644,4.04,50.64,115,47.19,5,179,10,48.66,4.9,8.54,2,95.96,84.98,1.228,100.63,Mobile App,South,9800.44
REC001805,2022-10-14,111.44,882,645,3.99,80.88,122,28.37,20,195,0,46.8,4.92,11.8,2,87.72,124.04,0.878,101.16,Website,North,11735.03
REC002799,2022-10-15,97.3,923,623,4.3,57.96,130,33.84,10,194,10,49.74,4.11,8.36,2,100.0,91.72,0.881,102.04,Website,West,9936.81
REC000594,2022-10-15,157.3,885,604,3.55,25.19,124,57.6,15,191,5,55.49,3.97,9.64,0,100.0,107.26,0.867,96.83,Mobile App,South,4400.91
REC003987,2022-10-15,392.49,880,638,4.2,28.21,125,39.9,5,202,0,62.26,4.04,7.45,0,96.95,90.55,1.232,96.64,Website,East,5691.7
REC004665,2022-10-15,387.68,891,646,2.96,45.02,137,41.69,15,199,6,63.69,3.35,9.09,0,85.5,85.46,0.971,108.02,Mobile App,Central,7720.56
REC004022,2022-10-15,148.78,954,624,3.45,37.87,132,29.64,10,172,7,58.02,3.38,13.21,0,87.24,103.77,1.014,103.45,Mobile App,North,6779.05
REC005401,2022-10-16,281.48,872,651,2.63,62.32,116,22.51,25,178,2,36.74,5.0,13.19,1,87.39,108.57,1.02,94.85,Mobile App,East,9196.26
REC000544,2022-10-16,245.04,912,673,3.04,20.05,119,19.17,5,188,2,77.91,3.22,7.09,2,100.0,125.7,1.177,105.55,Mobile App,Central,3117.7
REC001882,2022-10-16,75.17,883,662,2.29,38.18,106,16.03,25,203,5,59.73,4.41,3.02,0,85.19,107.94,1.229,99.42,Website,North,5416.3
REC003672,2022-10-17,131.05,898,600,5.48,23.87,115,46.05,10,201,13,61.06,4.51,12.87,1,73.22,113.04,1.081,99.69,Mobile App,North,3424.44
REC003643,2022-10-17,168.82,887,612,3.38,107.31,121,27.86,10,177,5,71.46,4.2,10.0,2,86.24,86.11,1.305,95.84,Marketplace,East,19181.72
REC000223,2022-10-18,98.48,894,643,3.58,30.63,121,45.23,5,174,7,57.42,4.15,9.83,2,82.9,124.99,0.906,101.82,Website,West,3873.26
REC001219,2022-10-18,535.26,892,691,6.81,23.14,123,67.28,25,170,13,45.61,4.5,11.44,2,86.43,104.74,1.27,91.92,Mobile App,East,5055.87
REC000041,2022-10-18,484.87,907,650,1.98,111.29,113,66.76,25,187,9,45.52,3.98,9.24,4,90.43,95.85,1.229,90.26,Mobile App,North,22190.94
REC001846,2022-10-18,241.97,923,661,4.25,27.44,115,57.03,15,193,12,61.95,4.29,6.71,0,98.73,105.76,0.931,109.63,Website,South,3877.52
REC003270,2022-10-19,224.4,928,654,3.16,45.56,120,26.82,0,185,10,52.22,3.85,5.36,0,93.68,93.16,1.161,102.18,Mobile App,South,7122.15
REC001638,2022-10-19,59.35,886,637,3.84,32.09,115,45.56,25,192,15,53.19,3.9,0.5,1,100.0,114.46,1.182,97.25,Marketplace,Central,5160.9
REC003812,2022-10-19,153.74,897,610,3.32,33.06,123,22.24,0,173,8,65.94,4.7,12.84,3,94.13,103.53,1.068,99.59,Mobile App,West,5660.66
REC000867,2022-10-19,64.96,877,623,3.77,56.8,116,47.86,10,193,12,58.33,4.28,1.28,1,84.22,101.43,1.296,96.62,Website,East,9611.06
REC003969,2022-10-20,141.77,913,620,2.46,19.94,115,25.4,20,180,0,44.94,3.98,5.35,2,94.15,90.69,0.919,108.05,Website,North,2668.27
REC004981,2022-10-20,538.37,930,613,6.49,54.43,132,48.26,5,194,9,51.63,4.23,7.94,1,95.58,121.38,0.94,90.71,Website,East,8776.3
REC003073,2022-10-20,245.46,888,621,4.02,41.46,94,49.17,25,191,3,45.78,4.86,3.2,3,81.41,116.78,1.18,93.83,Website,South,4448.25
REC004385,2022-10-20,697.64,873,656,4.87,54.2,119,40.96,5,193,5,44.79,3.99,11.18,3,92.9,93.7,1.129,106.69,Website,Central,8543.04
REC002174,2022-10-20,171.4,910,663,3.77,53.67,102,44.23,10,205,2,41.87,3.99,9.93,3,90.66,87.83,1.234,97.51,Website,South,7072.25
REC004523,2022-10-20,34.42,925,635,2.75,86.6,112,52.63,15,177,7,74.64,4.51,6.02,4,96.66,110.29,1.261,95.74,Mobile App,Central,18424.43
REC000398,2022-10-21,106.16,879,647,6.24,36.29,121,34.33,0,196,7,64.29,3.2,6.45,0,89.67,121.6,0.84,96.65,Mobile App,Central,5081.85
REC000950,2022-10-21,169.64,896,665,6.92,19.6,132,36.07,10,188,13,58.73,3.48,11.6,1,94.1,70.0,1.081,94.94,Mobile App,Central,3563.99
REC000308,2022-10-21,138.74,917,647,3.88,72.55,122,30.43,20,189,12,62.12,3.73,1.63,3,100.0,98.63,1.208,97.84,Website,West,15587.14
REC003232,2022-10-21,82.19,864,627,3.63,28.05,112,56.27,10,194,1,66.13,4.49,4.86,0,99.46,95.87,1.048,103.4,Marketplace,West,4540.0
REC000643,2022-10-21,120.89,868,601,4.53,39.17,104,28.58,20,180,4,52.28,4.53,7.14,1,94.24,105.58,1.163,106.38,Mobile App,West,7074.61
REC002041,2022-10-22,80.81,879,661,5.27,17.66,109,52.62,5,188,7,53.72,4.69,9.6,1,89.31,121.47,0.989,102.28,Mobile App,Central,2750.47
REC001008,2022-10-22,161.98,891,647,3.26,45.52,110,43.69,10,188,3,65.37,3.55,3.26,1,91.1,114.07,1.05,99.73,Mobile App,West,6705.38
REC005121,2022-10-22,87.79,896,645,6.58,28.3,117,36.85,15,166,2,62.49,3.62,8.42,1,89.64,107.96,1.133,96.8,Mobile App,Central,4894.23
REC003980,2022-10-22,102.85,899,615,3.56,59.33,124,36.68,5,200,4,58.36,4.46,5.87,1,97.36,99.42,0.91,100.64,Website,North,7876.2
REC003650,2022-10-22,144.06,913,677,2.14,35.43,127,29.93,25,201,7,68.75,3.57,7.39,1,79.23,75.11,1.302,98.76,Website,West,6487.57
REC005571,2022-10-23,142.0,897,637,3.68,49.25,110,45.77,15,182,4,66.6,3.69,7.48,4,95.7,111.77,0.931,92.92,Mobile App,East,6928.59
REC000461,2022-10-23,253.22,915,632,4.12,46.92,96,37.11,0,200,8,43.82,4.2,7.21,0,99.16,116.85,0.765,90.75,Mobile App,North,4685.31
REC000463,2022-10-23,85.92,891,637,5.62,35.42,100,30.2,5,192,0,66.34,4.41,9.0,3,82.76,89.25,0.977,89.53,Website,East,3635.7
REC005107,2022-10-23,66.87,896,621,4.43,48.94,116,37.92,20,183,14,52.73,4.29,5.24,2,93.81,121.92,1.236,103.96,Mobile App,West,10932.09
REC001374,2022-10-23,180.0,912,651,6.2,56.43,109,44.38,5,185,5,78.49,4.46,9.1,2,84.09,91.86,0.873,99.47,Website,West,6810.38
REC003786,2022-10-23,199.08,938,677,2.87,45.61,106,45.32,15,185,3,58.34,3.23,12.92,1,84.79,107.53,1.063,106.68,Website,East,5008.82
REC001817,2022-10-24,191.09,852,665,3.61,53.92,123,38.67,15,195,4,70.61,5.0,13.11,5,78.57,113.74,1.095,102.06,Marketplace,East,7342.78
REC001804,2022-10-24,197.86,879,631,5.35,35.02,121,27.33,15,198,13,67.14,5.0,1.62,0,81.63,114.95,0.929,106.45,Mobile App,Central,5292.1
REC003674,2022-10-24,135.0,865,665,1.73,20.05,112,39.17,5,188,9,51.63,4.27,10.99,1,94.53,115.31,1.316,95.38,Mobile App,South,3738.09
REC003804,2022-10-24,158.91,915,629,4.39,35.64,117,36.47,20,178,4,67.38,3.51,7.95,4,98.82,112.25,0.908,100.28,Website,North,4595.96
REC002864,2022-10-24,195.69,859,629,4.15,54.22,111,23.72,10,193,14,61.18,3.57,12.34,2,100.0,126.21,1.269,97.03,Mobile App,South,9974.46
REC000115,2022-10-24,277.79,898,636,4.07,20.98,118,58.26,15,200,15,55.08,4.24,4.11,1,97.49,79.31,1.092,104.99,Mobile App,North,4529.64
REC002581,2022-10-25,437.17,889,660,2.56,123.82,117,28.97,10,194,9,58.97,5.0,13.13,0,80.36,78.23,0.847,109.07,Website,West,13153.26
REC005007,2022-10-25,148.11,904,646,4.3,21.63,113,22.59,15,182,4,65.59,3.96,6.3,3,83.67,106.56,1.289,95.94,Website,East,3521.84
REC004611,2022-10-25,125.22,874,663,2.37,16.82,107,39.04,20,198,15,50.25,3.63,9.27,3,75.64,113.11,1.118,101.06,Mobile App,West,2275.29
REC004255,2022-10-25,216.21,881,646,3.66,56.2,139,63.91,15,187,10,67.81,4.73,5.38,1,96.3,101.56,0.966,91.61,Mobile App,North,11641.07
REC001564,2022-10-25,410.01,892,590,3.53,32.03,127,28.14,25,215,5,39.85,4.98,12.18,2,90.82,83.34,0.929,96.88,Marketplace,West,4126.73
REC001972,2022-10-25,198.56,908,644,4.46,77.64,102,34.26,0,192,3,65.9,4.71,6.81,1,86.14,100.53,1.269,102.45,Marketplace,East,11730.08
REC000845,2022-10-26,159.23,909,559,3.63,97.04,113,33.86,5,195,14,49.88,3.12,1.71,4,100.0,94.15,1.147,100.39,Website,Central,16978.17
REC001656,2022-10-26,91.17,890,647,3.42,35.22,116,37.9,20,178,1,49.29,4.31,9.6,1,96.99,118.53,1.13,88.93,Marketplace,South,4983.62
REC005542,2022-10-26,180.03,924,632,1.11,76.84,97,27.18,15,185,0,67.16,3.5,9.69,2,85.48,118.31,1.094,106.36,Marketplace,East,7643.63
REC001001,2022-10-27,261.63,925,642,5.57,34.84,117,8.0,5,196,13,50.23,4.62,7.04,1,89.33,108.36,0.866,98.99,Marketplace,Central,3579.46
REC002826,2022-10-27,122.27,859,631,2.62,94.97,105,35.08,10,189,10,38.27,3.95,13.72,0,76.15,87.85,0.771,98.71,Mobile App,West,9136.83
REC002877,2022-10-28,241.48,912,651,3.17,141.62,129,46.64,10,189,13,45.28,3.43,2.94,0,96.45,104.57,1.02,100.21,Marketplace,East,19609.32
REC000987,2022-10-28,96.53,876,627,3.37,32.34,103,51.58,20,207,15,39.63,3.64,8.6,0,92.68,101.08,1.33,105.2,Mobile App,South,5165.75
REC005579,2022-10-28,48.17,907,621,4.06,35.61,125,8.51,5,187,4,49.5,3.76,5.05,2,87.51,101.63,1.159,102.65,Website,Central,5779.03
REC005044,2022-10-28,212.16,883,662,3.68,86.92,107,20.63,0,194,11,44.15,4.4,7.34,3,100.0,99.15,1.038,102.32,Mobile App,West,14364.94
REC003004,2022-10-28,141.6,848,639,3.53,57.34,103,42.18,5,189,3,51.51,4.5,4.98,2,93.84,98.78,1.14,96.88,Website,East,7032.75
REC002331,2022-10-29,170.36,921,697,3.46,11.45,101,46.17,15,199,10,54.01,3.84,7.96,1,90.89,110.6,1.312,96.56,Mobile App,East,1811.53
REC003691,2022-10-29,142.48,883,668,4.18,22.42,116,49.84,5,215,10,53.06,3.84,5.55,2,97.01,87.23,1.07,92.43,Mobile App,Central,3301.08
REC005329,2022-10-29,398.79,921,621,2.89,44.22,103,42.63,20,196,11,57.88,4.29,9.59,0,89.47,108.96,0.982,97.06,Mobile App,East,5585.02
REC001690,2022-10-29,160.42,917,618,1.72,25.02,115,38.8,10,193,6,83.68,3.84,9.06,1,90.93,93.0,1.098,89.63,Website,West,3654.6
REC001818,2022-10-29,225.89,976,637,3.2,12.41,119,48.1,10,194,11,68.26,4.21,3.64,1,88.59,108.76,0.859,109.96,Mobile App,West,1757.44
REC004370,2022-10-29,161.69,875,637,4.17,23.27,141,37.21,5,185,1,65.76,4.2,6.35,2,88.69,74.09,0.852,103.46,Website,West,3864.24
REC001479,2022-10-30,77.6,914,648,2.47,10.74,136,59.67,10,183,7,61.65,3.47,13.92,2,94.52,106.13,1.305,93.07,Mobile App,West,2674.75
REC001282,2022-10-30,55.22,940,616,3.59,40.49,115,22.67,15,185,3,53.84,5.0,11.99,0,93.69,105.99,0.8,99.65,Mobile App,Central,5246.25
REC003563,2022-10-30,85.91,916,614,5.13,64.97,122,44.31,0,169,5,60.72,4.15,11.7,1,88.41,94.7,1.275,90.69,Mobile App,South,10323.58
REC001603,2022-10-30,127.41,879,621,4.17,48.45,126,58.4,15,200,14,62.71,4.86,10.56,1,100.0,115.74,0.968,97.79,Website,South,8115.28
REC001169,2022-10-31,551.34,862,675,5.12,42.79,112,32.69,0,196,1,52.77,3.46,5.79,0,89.04,101.44,1.288,98.45,Mobile App,East,9907.65
REC005600,2022-10-31,14.57,934,648,3.81,42.26,113,26.11,0,180,12,38.17,4.37,9.1,1,94.94,114.72,0.775,101.8,Mobile App,North,4909.25
REC003142,2022-10-31,109.28,924,666,1.37,38.75,120,53.75,5,185,5,56.21,3.73,9.45,3,90.29,88.69,0.905,109.95,Website,Central,4514.17
REC005565,2022-10-31,125.27,882,643,3.34,29.81,123,20.82,10,176,8,47.27,4.43,4.94,1,88.36,96.79,1.11,100.7,Mobile App,Central,5072.98
REC005672,2022-11-01,61.13,952,602,3.45,33.76,114,18.04,10,197,2,64.78,4.63,9.67,2,92.49,109.96,0.794,100.33,Website,East,3391.84
REC002637,2022-11-01,180.75,968,653,3.24,55.94,107,37.59,10,183,12,90.0,5.0,4.73,3,83.46,93.51,0.81,98.95,Website,North,5366.09
REC005435,2022-11-01,224.46,879,644,2.34,15.07,117,47.54,5,203,2,70.78,4.44,8.69,1,85.89,126.86,1.212,102.11,Website,North,2411.41
REC004390,2022-11-01,182.42,884,654,2.89,36.84,141,14.97,0,184,10,44.77,4.38,18.94,0,79.64,96.96,0.85,94.56,Mobile App,North,4859.33
REC004056,2022-11-02,379.99,889,641,4.1,49.75,119,39.52,10,172,12,33.34,3.75,11.76,1,86.52,97.15,0.973,104.41,Website,North,6325.23
REC001103,2022-11-02,80.09,882,632,3.63,106.01,114,50.8,25,199,12,70.75,4.57,4.45,2,89.51,85.05,1.054,100.24,Mobile App,Central,15588.01
REC003998,2022-11-02,92.9,874,635,2.79,50.91,109,17.14,15,189,14,62.65,4.6,9.29,2,86.42,80.07,1.051,96.49,Mobile App,East,6293.64
REC003376,2022-11-02,55.25,917,644,4.37,31.08,120,20.27,5,190,6,47.82,5.0,6.95,2,89.29,90.78,0.901,88.45,Website,Central,3735.02
REC005133,2022-11-03,341.43,874,635,5.14,19.61,113,29.96,25,196,11,42.44,4.31,5.21,2,83.51,77.57,0.932,95.74,Mobile App,Central,2351.0
REC001828,2022-11-03,65.17,865,652,3.85,71.75,111,34.95,10,180,0,82.34,3.55,4.31,0,86.87,97.6,0.945,97.5,Mobile App,West,10981.01
REC002970,2022-11-03,68.44,860,649,2.69,30.72,114,30.27,0,177,9,73.19,4.63,14.52,2,81.5,114.3,1.187,113.06,Mobile App,South,4705.75
REC005282,2022-11-03,210.76,851,612,3.68,82.82,109,56.63,15,180,11,63.87,4.26,8.0,1,95.82,97.83,1.328,98.09,Website,North,15210.43
REC005452,2022-11-04,108.25,924,702,3.41,41.96,121,31.69,15,178,14,73.69,3.78,6.93,0,85.82,70.2,1.065,95.58,Website,West,5698.67
REC001891,2022-11-04,226.03,893,615,4.17,23.41,133,48.49,10,233,0,59.96,4.52,3.85,1,96.11,89.14,1.05,106.21,Website,West,4430.81
REC003023,2022-11-04,140.64,878,628,4.48,68.21,104,39.08,15,184,7,61.5,4.57,2.87,2,88.15,100.99,0.801,101.96,Mobile App,South,7417.0
REC003137,2022-11-05,134.13,929,641,2.84,106.87,114,32.19,0,183,10,64.39,3.44,0.78,0,91.25,96.85,1.203,99.38,Mobile App,West,17665.8
REC003796,2022-11-05,201.89,891,674,3.61,64.67,111,41.47,0,179,8,45.42,4.72,3.85,3,82.76,101.53,1.131,97.41,Mobile App,West,9240.68
REC004268,2022-11-05,271.68,950,640,5.95,27.31,134,38.28,10,182,11,71.02,3.71,4.67,0,82.83,97.42,1.152,89.17,Marketplace,West,4113.57
REC004141,2022-11-05,111.95,893,682,3.98,101.4,107,25.17,25,192,8,20.0,4.22,7.7,2,95.35,100.52,0.851,93.71,Mobile App,South,11756.18
REC002925,2022-11-05,405.67,875,664,2.11,40.61,115,45.7,20,182,6,66.73,4.57,4.08,2,89.69,70.0,0.902,96.98,Mobile App,Central,5943.68
REC002098,2022-11-05,157.17,884,646,3.46,41.18,119,41.13,0,187,0,47.65,3.77,13.26,1,79.31,97.0,0.937,98.32,Marketplace,North,4725.99
REC002526,2022-11-06,318.92,865,612,5.02,54.85,138,52.88,10,184,5,48.13,5.0,12.43,2,92.84,90.54,0.857,97.99,Website,West,8566.25
REC003837,2022-11-07,598.19,916,599,4.12,95.94,107,24.44,10,194,7,58.88,5.0,6.57,4,84.35,85.28,1.271,110.34,Marketplace,North,14969.0
REC005972,2022-11-07,248.47,910,669,2.77,40.82,122,22.05,15,183,6,58.03,4.2,9.37,2,87.27,111.61,0.776,105.83,Marketplace,Central,3221.91
REC004138,2022-11-07,365.62,871,614,3.27,26.25,120,29.83,20,197,4,76.72,4.1,8.8,2,90.11,87.96,0.763,99.88,Website,West,2783.39
REC003195,2022-11-07,484.43,888,676,4.52,100.03,127,25.43,25,191,4,46.9,4.79,12.58,0,76.23,98.11,0.806,99.73,Website,West,10876.2
REC002815,2022-11-07,148.11,905,653,4.95,72.5,131,33.24,25,191,10,57.4,4.42,1.91,6,79.0,97.89,0.946,100.65,Website,Central,9102.69
REC004678,2022-11-07,96.79,892,609,3.16,39.04,119,26.27,15,175,3,45.8,3.79,11.26,0,95.89,107.18,1.2,103.22,Mobile App,Central,7184.47
REC004694,2022-11-07,67.32,899,590,2.17,31.79,112,36.88,10,193,7,46.38,3.66,9.81,1,96.42,105.62,1.001,96.25,Marketplace,Central,3563.44
REC003740,2022-11-07,86.78,886,602,3.96,120.68,101,54.19,25,183,5,60.23,3.8,5.3,2,93.29,121.12,0.84,98.82,Mobile App,West,14839.45
REC003830,2022-11-08,110.73,890,598,4.07,32.18,124,24.61,0,170,6,53.0,4.66,1.5,0,85.41,97.49,0.83,98.58,Marketplace,North,3560.86
REC005702,2022-11-08,138.67,888,620,3.78,32.79,99,46.19,0,181,11,41.37,4.31,3.13,1,80.0,77.0,1.045,101.89,Mobile App,West,3908.75
REC004786,2022-11-08,145.48,888,659,2.24,47.06,122,31.66,20,197,13,55.08,3.91,8.92,3,85.15,72.79,0.798,98.06,Marketplace,Central,4148.9
REC000504,2022-11-08,157.53,827,650,2.63,37.98,103,22.6,20,194,1,51.83,4.08,10.27,2,95.6,114.81,1.274,111.85,Mobile App,North,4813.52
REC001775,2022-11-08,92.11,901,639,5.31,27.7,126,29.35,10,190,8,49.44,3.71,6.6,1,86.17,80.12,0.873,95.02,Website,South,3151.09
REC002347,2022-11-08,76.2,909,616,2.72,39.98,131,65.0,10,182,8,52.41,4.54,8.44,3,96.64,109.05,1.186,97.11,Website,South,7142.22
REC003251,2022-11-08,106.66,833,659,3.21,56.86,111,35.41,10,185,14,66.75,3.57,9.07,1,100.0,79.13,1.071,103.16,Mobile App,East,10096.01
REC004532,2022-11-09,153.19,907,610,3.03,53.12,114,20.16,20,173,8,50.65,3.99,4.97,3,97.4,91.0,0.832,94.25,Marketplace,North,5234.15
REC000208,2022-11-09,97.47,877,655,3.07,32.26,105,18.41,10,199,11,69.08,3.85,4.42,1,82.57,106.3,0.752,93.84,Mobile App,Central,2639.07
REC001741,2022-11-09,258.31,836,658,4.14,45.22,108,37.36,30,173,14,54.86,3.53,0.5,4,89.17,121.96,0.908,97.22,Marketplace,South,4187.52
REC004826,2022-11-09,103.25,888,607,2.8,69.3,115,35.16,15,201,12,49.2,3.61,9.98,0,81.35,112.48,1.2,104.44,Marketplace,South,9951.66
REC004583,2022-11-09,134.02,926,662,3.96,13.17,103,42.63,5,195,9,70.49,4.22,10.01,3,91.29,87.07,1.088,95.82,Mobile App,East,1655.0
REC001541,2022-11-10,232.12,880,633,3.86,37.55,110,38.97,20,169,14,71.29,4.42,6.45,0,100.0,100.12,1.251,104.56,Website,East,6767.61
REC003875,2022-11-10,49.0,867,648,4.99,39.21,120,28.17,0,191,6,69.46,3.92,10.26,1,88.78,89.37,1.106,102.16,Website,West,6955.22
REC002727,2022-11-10,266.2,875,624,2.98,47.01,112,29.55,25,184,11,58.38,5.0,9.83,3,93.71,103.9,0.924,99.27,Website,South,5471.85
REC000999,2022-11-10,321.44,884,655,4.39,29.65,101,31.26,15,189,2,43.43,3.62,4.4,1,83.88,91.86,1.234,103.66,Mobile App,West,4432.54
REC003390,2022-11-11,128.99,893,639,3.59,187.52,117,34.73,10,162,8,53.63,3.66,4.32,2,79.51,105.85,1.222,100.5,Mobile App,West,34201.31
REC003668,2022-11-12,553.86,914,654,3.22,59.12,113,22.43,10,229,13,68.91,4.06,4.0,2,90.59,97.37,1.341,97.88,Website,South,10380.84
REC004521,2022-11-13,97.17,895,674,2.59,32.53,134,52.8,10,186,12,62.36,4.44,5.05,2,97.95,80.83,1.137,99.89,Website,South,6949.77
REC001484,2022-11-13,100.36,972,659,3.66,36.72,116,11.44,0,206,0,70.36,4.19,9.4,2,90.17,116.56,1.215,100.81,Website,East,5916.06
REC002360,2022-11-14,115.54,869,634,3.22,166.35,128,51.11,10,201,15,53.2,4.39,5.53,1,82.33,96.28,1.06,99.84,Website,North,24012.18
REC001055,2022-11-14,232.57,865,660,2.21,42.22,111,36.75,15,175,8,53.68,4.5,2.13,3,83.9,111.27,0.895,99.72,Mobile App,West,4831.91
REC003311,2022-11-15,351.06,906,640,3.3,41.28,110,56.12,25,207,13,69.23,4.2,4.69,3,91.63,103.1,1.205,100.93,Marketplace,North,6771.16
REC002879,2022-11-15,154.65,905,612,3.96,17.4,102,28.29,10,200,8,69.09,4.02,9.14,3,91.09,126.92,1.017,94.15,Website,Central,2293.69
REC004399,2022-11-15,80.52,883,648,4.62,106.16,128,37.95,30,190,5,51.54,4.7,9.73,6,86.35,103.92,1.065,95.42,Website,West,16907.14
REC002639,2022-11-15,589.51,903,661,2.96,62.42,111,35.93,15,183,4,60.42,3.61,5.23,0,69.48,81.74,1.181,108.33,Website,East,7392.18
REC004539,2022-11-15,172.85,929,632,3.74,62.38,122,8.0,25,187,10,54.82,4.11,9.52,1,96.68,99.11,0.924,112.56,Website,West,8661.48
REC003408,2022-11-15,99.3,899,647,3.2,16.49,122,8.0,5,179,1,56.34,4.12,9.14,1,92.19,105.35,0.807,94.05,Mobile App,East,1746.51
REC005563,2022-11-16,65.96,941,656,4.62,29.16,113,43.26,10,174,1,59.83,3.98,5.71,3,96.67,100.95,1.01,98.9,Mobile App,North,4636.19
REC001678,2022-11-17,575.08,873,609,5.42,21.44,134,65.48,15,195,13,62.75,5.0,6.79,0,100.0,98.07,1.115,103.41,Mobile App,Central,5314.71
REC002274,2022-11-17,215.83,884,670,5.89,58.36,107,28.5,25,181,8,51.3,4.26,4.85,1,86.78,89.83,0.898,105.49,Website,East,6047.13
REC004140,2022-11-17,299.66,933,615,5.03,35.19,113,44.08,10,199,6,49.01,4.39,7.44,3,96.74,120.71,1.225,97.1,Website,East,7137.7
REC004116,2022-11-18,128.58,885,658,3.86,64.19,139,31.22,0,198,5,73.4,3.99,4.52,1,95.31,93.41,0.762,91.45,Website,West,7637.07
REC000125,2022-11-18,199.96,860,634,5.04,47.86,114,45.76,25,198,5,35.97,4.0,13.02,0,99.29,103.68,1.329,98.14,Mobile App,East,10231.12
REC001337,2022-11-18,95.34,874,647,2.31,39.1,94,42.88,5,178,13,71.93,3.28,10.1,2,92.7,96.63,0.795,103.12,Website,West,3835.3
REC004814,2022-11-18,116.56,852,658,2.37,78.27,98,42.37,10,199,8,38.87,4.21,4.42,1,93.34,92.22,0.84,98.01,Website,North,8107.86
REC003337,2022-11-18,176.54,911,634,2.5,28.91,123,35.61,5,175,13,63.25,4.33,4.22,0,94.93,109.35,1.12,91.73,Mobile App,West,5827.64
REC000219,2022-11-19,115.0,891,641,3.17,71.74,121,42.47,5,203,3,70.69,4.44,5.76,0,88.2,101.97,1.14,97.2,Mobile App,Central,11264.87
REC001580,2022-11-19,380.96,903,648,3.78,37.93,124,34.51,10,182,4,61.19,4.24,9.87,1,89.99,102.53,0.952,100.07,Mobile App,North,5694.03
REC003253,2022-11-19,116.77,836,614,4.71,31.07,124,39.27,5,185,14,64.46,3.23,8.53,0,92.43,82.54,1.249,102.89,Website,South,6244.49
REC005037,2022-11-19,37.03,931,605,5.12,25.6,96,66.62,10,217,6,40.9,3.29,7.91,0,94.39,90.85,1.026,108.26,Mobile App,Central,3784.12
REC000127,2022-11-20,83.58,865,605,4.49,38.31,119,46.45,15,186,0,73.81,4.11,8.26,0,92.03,104.58,1.093,101.26,Marketplace,South,5494.04
REC000728,2022-11-20,163.17,844,629,5.25,28.95,121,35.66,30,189,10,73.54,3.93,3.58,6,100.0,96.17,0.833,103.35,Website,North,3968.41
REC004980,2022-11-20,95.05,898,677,3.5,62.26,130,33.47,10,199,2,36.86,3.31,10.96,1,95.79,94.05,0.837,109.4,Website,West,9124.15
REC002241,2022-11-21,116.35,892,626,6.8,72.62,103,17.05,10,171,6,77.72,4.96,7.3,2,96.56,110.73,0.763,97.22,Website,North,7843.48
REC001202,2022-11-21,129.72,875,691,3.79,58.9,110,42.05,20,192,10,66.1,4.02,5.98,4,78.09,109.8,1.112,99.11,Website,West,7695.02
REC000758,2022-11-21,302.89,914,669,2.46,78.04,127,8.0,5,202,10,54.77,4.37,5.79,3,100.0,104.28,1.319,100.26,Mobile App,North,18474.07
REC004279,2022-11-21,474.69,928,629,4.57,72.47,114,44.15,15,166,3,60.97,4.54,3.69,1,89.23,98.18,1.245,98.03,Marketplace,South,12925.84
REC001768,2022-11-22,125.27,908,625,6.21,13.57,113,28.06,10,197,2,60.8,4.74,8.49,1,93.57,84.05,0.815,94.48,Website,East,1619.29
REC001159,2022-11-22,238.98,917,686,4.13,76.76,108,67.49,30,192,7,41.9,3.48,13.09,2,76.57,102.59,0.856,92.21,Mobile App,Central,6418.89
REC000206,2022-11-22,101.56,900,634,3.48,17.09,126,26.09,5,215,4,53.46,3.72,7.82,1,93.32,96.3,1.278,103.0,Website,South,3250.37
REC003038,2022-11-22,127.07,917,651,0.8,28.01,103,41.38,30,205,6,67.45,4.37,11.73,0,97.05,102.8,1.172,108.32,Website,West,4182.21
REC002121,2022-11-22,131.13,883,642,3.71,15.17,129,30.25,25,200,10,46.82,3.74,5.64,2,90.37,95.51,1.346,110.52,Marketplace,West,2941.64
REC003832,2022-11-23,305.67,858,635,5.79,97.49,131,25.82,10,215,7,44.8,4.38,8.88,1,84.56,100.51,0.905,101.44,Website,Central,11684.62
REC002259,2022-11-24,145.96,898,664,3.14,26.81,112,40.53,20,196,2,45.88,3.88,10.95,0,93.32,87.59,0.923,93.04,Mobile App,South,3118.39
REC003576,2022-11-24,69.35,950,658,4.32,44.75,122,40.21,20,183,5,51.44,3.9,4.91,0,91.92,100.11,0.92,109.0,Mobile App,West,7547.46
REC003959,2022-11-24,350.63,880,605,2.37,47.13,107,32.26,10,204,12,41.16,3.26,13.03,0,87.79,100.25,0.826,107.08,Mobile App,East,5021.17
REC005289,2022-11-24,74.94,864,620,2.14,17.29,108,20.42,10,190,9,60.22,4.37,7.66,2,98.01,90.68,0.842,90.97,Website,West,1612.52
REC004859,2022-11-25,808.86,909,676,3.14,111.56,98,27.6,30,186,14,55.26,3.42,2.67,2,97.43,100.53,0.896,94.19,Website,East,13259.36
REC002885,2022-11-25,288.77,846,660,3.83,28.31,108,30.61,30,177,4,69.27,4.98,4.62,1,83.86,108.82,0.787,100.58,Website,Central,2353.86
REC001998,2022-11-26,371.52,918,622,4.33,66.39,99,23.59,10,197,9,60.53,5.0,8.95,3,89.03,121.27,0.822,97.97,Website,North,6773.02
REC005052,2022-11-26,85.49,863,693,1.43,41.78,117,29.18,10,184,9,42.61,3.72,9.53,2,82.88,99.75,0.944,102.63,Marketplace,South,4357.04
REC000604,2022-11-26,223.32,890,646,4.51,64.86,121,39.03,15,201,6,53.48,4.49,8.83,5,91.84,121.01,1.099,96.86,Mobile App,South,10410.41
REC004186,2022-11-26,94.29,864,638,4.41,35.41,101,32.08,5,198,6,65.75,4.51,1.39,1,80.6,98.55,1.063,107.37,Website,North,4325.63
REC000480,2022-11-27,82.28,903,665,2.03,27.88,116,52.39,15,181,5,56.04,4.37,7.47,1,77.68,100.67,1.284,101.76,Marketplace,West,4148.32
REC002612,2022-11-27,298.96,864,655,3.0,40.03,117,52.29,20,173,4,58.07,3.3,4.3,0,94.34,105.53,0.908,96.14,Mobile App,South,5244.71
REC005230,2022-11-27,865.9,912,596,3.22,38.09,114,25.27,15,193,4,54.94,3.62,11.3,0,88.29,92.46,1.21,105.67,Website,North,5927.81
REC000296,2022-11-27,308.51,902,652,3.51,46.42,113,41.09,5,196,4,79.94,4.51,5.67,1,87.33,109.39,1.07,105.55,Marketplace,West,6928.69
REC000771,2022-11-28,50.98,886,667,3.73,24.02,115,46.9,10,194,15,53.57,3.68,8.47,0,97.96,97.38,1.096,107.01,Website,North,4403.22
REC002682,2022-11-28,53.36,870,659,4.75,44.27,124,40.67,10,184,6,54.72,3.18,13.65,0,100.0,115.01,1.247,102.75,Website,East,9612.77
REC003571,2022-11-28,296.52,878,651,3.33,41.12,109,32.93,10,184,5,48.71,4.91,6.34,0,89.18,115.55,1.282,108.98,Website,West,8123.27
REC003026,2022-11-28,203.56,924,631,1.67,41.92,116,44.38,15,190,2,69.31,4.24,0.5,0,89.89,71.06,0.841,97.9,Website,West,5158.79
REC003787,2022-11-28,460.53,869,647,3.76,63.94,96,35.34,15,225,13,62.9,4.55,5.66,0,78.0,112.27,1.149,100.58,Website,East,7481.63
REC004345,2022-11-28,173.42,896,670,4.35,29.34,123,38.82,0,220,8,49.89,4.27,8.23,0,95.04,128.05,1.288,104.38,Website,West,5674.55
REC001772,2022-11-28,92.01,874,622,3.86,55.8,113,44.81,30,207,7,57.17,3.31,5.17,1,93.23,109.5,0.91,97.65,Website,Central,6563.43
REC001438,2022-11-29,91.62,861,640,4.69,85.67,111,37.18,20,183,9,67.43,2.29,0.69,4,93.79,89.3,1.017,103.5,Mobile App,East,13453.89
REC002268,2022-11-29,49.3,891,627,3.55,56.2,118,71.35,15,197,3,58.54,3.92,8.01,1,87.93,88.5,1.028,97.95,Website,East,9134.95
REC002906,2022-11-29,148.92,975,615,2.62,30.73,120,50.56,25,174,13,43.58,4.28,10.87,1,93.89,86.74,1.262,97.3,Marketplace,West,4758.8
REC003025,2022-11-29,113.32,917,618,4.84,61.32,117,37.36,5,183,11,47.64,4.47,11.31,0,91.53,102.14,1.093,98.32,Website,North,10196.16
REC005168,2022-11-29,71.96,921,627,4.62,38.41,118,36.4,25,185,0,39.74,4.32,7.71,1,96.29,97.87,1.206,101.1,Mobile App,South,8122.32
REC000893,2022-11-30,79.98,919,603,5.09,26.06,131,25.03,15,201,10,56.51,4.25,9.59,0,89.41,105.43,1.125,94.19,Mobile App,Central,3916.18
REC002632,2022-11-30,196.44,913,605,2.65,24.37,124,21.96,0,182,15,59.95,3.96,10.76,2,84.16,104.75,1.267,93.66,Marketplace,South,3583.57
REC000360,2022-11-30,47.05,952,637,4.27,36.46,121,40.49,20,201,9,50.44,4.54,8.79,2,83.22,101.25,1.164,92.36,Marketplace,West,5120.45
REC005252,2022-11-30,179.79,955,621,4.73,48.43,115,44.54,0,186,13,70.94,3.9,15.11,2,92.68,105.97,1.201,105.71,Mobile App,South,9601.08
REC005602,2022-12-01,158.79,944,647,3.71,52.34,118,29.16,10,180,14,52.63,4.58,7.97,3,100.0,113.06,1.257,98.59,Website,Central,8758.66
REC001401,2022-12-01,90.85,891,643,3.75,20.67,111,38.12,10,184,7,54.2,4.32,6.27,0,89.18,108.34,0.939,99.49,Website,South,2253.11
REC004686,2022-12-02,421.39,938,631,5.21,48.83,114,41.25,25,179,7,56.49,4.56,9.14,0,80.44,100.79,1.342,115.92,Marketplace,South,9179.27
REC000663,2022-12-02,163.3,888,672,1.84,34.91,109,28.29,10,163,13,60.03,3.01,2.53,2,90.94,104.72,1.333,100.72,Mobile App,North,7166.64
REC005540,2022-12-03,244.73,888,629,6.02,30.61,117,14.15,0,196,7,25.77,3.61,2.13,1,96.51,97.27,1.065,94.73,Website,Central,4721.13
REC003569,2022-12-03,100.47,898,617,3.75,16.13,122,45.23,15,213,0,76.21,3.59,10.99,1,92.97,100.14,0.797,99.51,Website,Central,1979.2
REC004734,2022-12-03,71.17,905,630,0.8,80.51,102,36.3,15,162,14,51.92,4.54,13.15,1,96.8,109.47,0.852,90.0,Website,Central,6941.32
REC005021,2022-12-03,234.61,925,666,3.64,23.55,109,32.22,30,189,4,69.92,3.83,9.81,2,93.54,70.0,1.267,90.84,Marketplace,North,3769.26
REC002710,2022-12-03,248.57,912,609,4.07,60.84,115,39.52,10,210,15,22.38,4.1,8.41,2,90.85,119.72,1.268,104.7,Website,West,12933.38
REC000747,2022-12-04,182.16,940,670,3.96,78.65,116,36.33,20,174,2,77.05,4.2,10.8,0,81.56,82.5,1.11,94.76,Website,East,11235.06
REC000994,2022-12-04,191.72,902,680,2.95,41.34,111,26.21,10,202,1,65.31,3.21,3.79,1,89.56,89.27,1.264,108.83,Mobile App,East,7676.98
REC003379,2022-12-04,73.53,926,640,4.26,20.88,108,27.86,15,197,7,56.66,3.03,8.55,3,88.13,103.58,1.327,110.78,Mobile App,East,3205.39
REC000257,2022-12-04,311.04,933,645,3.45,15.82,106,24.17,15,213,10,50.51,4.08,9.41,2,91.11,92.55,1.275,102.75,Website,South,2245.02
REC002988,2022-12-05,164.31,922,633,5.7,39.01,111,25.46,25,198,8,65.36,2.68,4.25,3,79.76,83.77,0.913,116.1,Website,South,3771.01
REC001536,2022-12-05,171.66,910,659,3.56,55.27,137,40.51,25,191,13,47.47,4.52,12.49,2,89.42,107.72,1.28,94.26,Mobile App,Central,10486.75
REC000785,2022-12-05,301.59,921,654,3.14,30.05,123,52.28,10,189,14,65.18,3.89,9.85,1,94.01,109.89,0.963,94.72,Mobile App,West,4991.58
REC003834,2022-12-05,232.73,872,641,5.1,10.17,115,41.38,15,186,13,52.59,4.86,9.68,1,100.0,74.18,1.284,102.0,Website,Central,1796.28
REC005853,2022-12-05,75.51,865,645,3.57,44.92,110,39.21,15,172,9,56.08,3.16,2.7,2,93.49,111.74,0.84,92.41,Website,West,5217.03
REC002029,2022-12-05,131.61,919,627,2.31,44.81,118,11.7,25,176,6,47.58,4.08,7.04,0,95.25,114.2,0.859,102.93,Website,East,5425.75
REC002551,2022-12-05,319.06,853,623,3.15,56.58,134,30.22,15,184,2,70.36,4.19,2.93,1,77.16,99.12,0.771,95.46,Website,East,6172.1
REC002382,2022-12-06,242.23,893,612,4.6,44.99,116,29.77,5,191,2,54.86,3.18,9.8,0,86.78,101.79,1.218,96.54,Mobile App,South,7229.51
REC000256,2022-12-06,62.49,901,604,4.45,38.51,114,45.45,0,185,1,71.55,3.41,8.64,1,86.96,91.63,1.152,94.55,Website,Central,6145.88
REC004435,2022-12-06,169.07,912,653,3.87,7.97,119,18.48,25,198,0,60.7,3.52,7.03,3,97.44,98.92,1.303,95.59,Mobile App,Central,1668.43
REC001007,2022-12-06,72.69,912,674,3.99,34.31,112,25.91,5,185,10,43.65,4.58,9.23,1,99.93,112.31,0.921,104.47,Website,West,4924.96
REC001476,2022-12-06,61.46,918,611,4.98,26.38,97,43.54,5,195,8,68.05,3.96,6.77,0,91.78,96.35,1.329,101.5,Website,West,4978.23
REC002392,2022-12-06,157.63,860,614,3.0,38.21,139,47.7,20,180,8,56.77,4.08,6.27,0,100.0,124.74,0.864,96.16,Marketplace,East,4828.47
REC004040,2022-12-07,77.05,910,656,4.04,45.06,125,42.1,10,197,8,57.08,4.49,7.33,1,90.24,92.63,1.333,105.17,Website,North,9464.48
REC000654,2022-12-07,112.62,878,665,3.87,40.69,111,48.28,5,191,10,65.61,4.09,8.34,2,100.0,101.36,1.216,95.72,Website,East,7392.03
REC000027,2022-12-07,125.75,908,613,6.07,61.49,109,31.17,10,182,3,46.23,4.2,3.9,0,77.29,107.26,0.976,102.72,Website,North,7742.78
REC000517,2022-12-07,223.63,937,651,5.03,30.02,114,45.95,5,176,9,51.58,3.66,8.08,1,95.84,84.7,0.946,91.43,Mobile App,Central,4736.55
REC001263,2022-12-07,287.2,912,652,3.21,29.16,113,20.34,15,206,9,57.4,3.06,8.42,0,99.03,100.23,1.009,104.59,Website,South,4557.52
REC003122,2022-12-07,352.72,875,648,4.52,188.04,115,38.0,20,169,10,59.33,4.45,1.14,3,84.81,93.87,1.04,97.3,Website,East,22844.28
REC002452,2022-12-07,184.28,923,632,3.86,25.06,112,61.91,20,195,4,70.89,4.4,7.41,1,81.15,103.67,1.052,99.82,Marketplace,South,2813.13
REC000135,2022-12-07,239.94,936,655,5.28,54.17,119,28.87,20,220,13,51.67,4.29,8.4,1,92.9,104.67,1.046,98.53,Mobile App,West,10149.5
REC002665,2022-12-07,95.27,882,651,3.09,24.92,112,42.99,5,196,0,70.56,4.13,11.67,1,85.48,113.07,0.95,100.67,Mobile App,East,2896.26
REC004359,2022-12-08,73.52,907,630,3.61,26.91,104,42.87,10,197,2,48.58,3.96,6.63,1,95.91,96.37,1.131,100.18,Marketplace,West,3869.22
REC003476,2022-12-08,244.79,926,608,2.88,23.74,124,32.92,10,183,1,55.8,3.8,5.53,0,89.21,84.13,0.989,94.19,Mobile App,West,3918.83
REC004953,2022-12-08,152.71,927,651,3.47,21.3,125,15.96,0,182,3,39.83,3.91,1.98,2,86.39,110.01,0.955,106.25,Marketplace,North,3073.66
REC000650,2022-12-08,100.21,910,634,3.33,72.38,123,8.0,15,178,0,59.61,3.24,12.13,0,100.0,110.71,1.329,104.92,Marketplace,West,14707.54
REC003852,2022-12-09,108.03,932,648,3.75,53.17,101,25.7,20,197,5,42.91,4.48,11.31,1,94.87,84.32,1.154,105.7,Website,West,7070.94
REC003315,2022-12-09,93.32,869,635,3.67,17.03,107,43.02,20,199,7,86.9,3.07,8.31,1,97.84,109.86,1.043,102.06,Website,Central,2509.68
REC005146,2022-12-09,582.5,890,596,1.97,67.65,103,41.38,0,207,6,55.27,4.11,5.22,2,88.73,115.8,1.032,105.22,Website,East,8172.25
REC000872,2022-12-09,109.65,942,644,3.24,38.45,110,35.66,5,207,3,65.07,4.8,2.17,0,89.13,115.59,1.032,105.46,Mobile App,Central,5462.76
REC000079,2022-12-09,174.72,898,606,3.23,65.0,122,18.05,10,205,7,36.19,3.23,10.25,1,84.46,118.68,1.256,94.79,Website,South,10220.24
REC005828,2022-12-09,104.33,868,610,3.56,49.65,97,29.4,10,209,12,35.75,4.0,6.62,2,77.86,100.3,1.175,107.22,Marketplace,North,4628.43
REC004681,2022-12-10,123.89,923,637,2.97,47.94,115,43.98,15,184,5,48.67,4.03,8.77,0,88.29,100.71,0.786,99.15,Mobile App,West,5577.74
REC003213,2022-12-10,111.41,940,652,2.7,37.39,118,33.78,20,212,15,71.03,5.0,11.46,2,84.43,89.97,1.337,92.92,Mobile App,South,5875.63
REC001133,2022-12-11,194.04,884,638,5.27,83.3,120,36.14,10,178,14,48.94,3.03,4.64,2,79.7,93.89,0.801,99.74,Mobile App,North,9328.42
REC002948,2022-12-11,46.01,887,660,4.09,53.56,106,38.21,5,190,6,54.03,4.97,5.49,2,95.43,94.33,1.299,103.43,Mobile App,North,9660.62
REC005514,2022-12-11,204.19,845,657,4.68,37.42,125,51.35,30,168,13,69.15,4.27,2.41,0,91.73,81.1,0.899,99.51,Marketplace,North,5167.55
REC002963,2022-12-12,86.48,906,627,3.31,54.26,136,23.67,5,173,7,55.54,3.43,11.04,1,88.99,100.46,1.311,109.73,Website,North,10751.85
REC001535,2022-12-12,69.06,892,644,6.12,26.18,119,16.7,0,189,10,66.43,3.99,5.17,3,93.54,112.99,0.93,95.23,Marketplace,East,3666.13
REC000858,2022-12-12,95.87,853,596,2.99,76.11,132,48.23,0,189,5,56.45,4.67,9.65,0,96.51,83.99,0.847,94.75,Mobile App,South,12037.24
REC003107,2022-12-12,92.15,838,630,3.35,21.25,127,22.08,5,196,3,46.3,4.64,5.97,1,86.28,100.5,0.913,102.34,Website,North,3054.7
REC003882,2022-12-12,157.24,896,645,1.98,46.88,133,10.03,20,196,11,58.23,4.09,4.39,3,94.3,106.1,0.907,101.66,Website,North,6481.58
REC003577,2022-12-12,46.29,919,594,6.49,38.76,108,45.25,10,200,11,55.47,4.29,5.69,4,100.0,98.68,1.325,96.55,Mobile App,West,9549.82
REC004704,2022-12-13,42.24,890,646,5.0,19.93,122,56.23,10,189,11,74.31,3.22,12.33,1,99.24,94.6,0.765,108.56,Marketplace,South,2060.19
REC001285,2022-12-13,129.53,893,607,4.95,35.05,129,75.0,10,200,9,47.43,4.56,17.17,1,100.0,103.92,1.133,99.5,Mobile App,West,8384.33
REC004524,2022-12-13,187.88,920,629,5.12,27.28,122,33.43,0,187,9,51.29,3.81,9.52,2,92.49,97.4,1.221,94.28,Website,South,5007.53
REC003819,2022-12-13,56.97,875,644,2.91,66.62,110,57.68,10,180,3,79.61,4.08,6.11,2,93.97,118.52,1.275,94.14,Mobile App,North,13644.64
REC002267,2022-12-13,158.07,898,643,2.61,23.89,95,37.4,5,203,13,72.55,3.42,5.18,0,95.85,85.02,0.848,107.43,Mobile App,Central,2723.74
REC002180,2022-12-13,264.59,858,645,4.69,39.73,101,48.91,10,175,7,50.73,4.74,12.64,3,100.0,80.48,0.771,97.02,Mobile App,Central,4799.45
REC002210,2022-12-14,102.0,870,641,3.48,19.92,107,47.27,10,173,2,51.57,4.31,8.84,4,94.2,89.74,0.863,99.34,Mobile App,West,2514.14
REC002038,2022-12-14,246.6,858,634,2.33,33.91,123,42.22,25,214,2,41.76,4.56,12.48,2,96.27,108.48,1.174,111.28,Mobile App,East,6514.58
REC002878,2022-12-14,257.27,902,642,2.53,42.87,94,31.55,5,189,14,44.14,3.49,9.75,1,99.11,106.25,0.907,102.44,Website,North,4191.84
REC005109,2022-12-14,81.99,960,680,3.74,10.89,112,23.57,15,205,10,65.11,3.18,12.83,3,94.93,98.0,1.103,96.18,Mobile App,North,1586.54
REC000453,2022-12-14,71.69,867,623,2.8,48.26,151,25.3,10,191,13,54.15,3.92,3.25,1,89.39,107.73,1.109,97.46,Website,West,9263.5
REC003924,2022-12-14,222.59,938,618,5.42,88.08,109,46.82,5,212,7,50.68,4.24,9.9,0,88.86,114.24,0.82,94.14,Marketplace,East,9227.19
REC001487,2022-12-14,168.14,874,652,2.1,18.9,106,44.16,25,189,11,63.97,5.0,13.19,2,94.71,87.61,1.08,97.39,Marketplace,East,2103.27
REC002880,2022-12-15,158.97,911,668,5.07,41.98,121,40.76,15,180,1,51.94,4.31,10.83,4,89.29,105.93,0.875,104.44,Mobile App,Central,6120.58
REC005444,2022-12-15,255.0,902,606,2.94,30.15,132,39.93,10,198,4,41.23,3.49,10.73,1,98.04,117.43,1.164,100.5,Website,West,6427.61
REC004587,2022-12-15,125.71,910,642,2.99,19.78,106,60.46,0,183,15,66.13,4.12,8.14,3,98.22,106.48,1.145,100.52,Website,South,2841.08
REC002817,2022-12-15,76.32,896,601,2.18,31.59,109,51.82,5,205,11,48.46,3.48,12.8,1,83.13,104.13,0.78,90.9,Mobile App,East,3511.07
REC005935,2022-12-15,555.72,928,611,4.96,11.85,118,39.4,10,185,8,58.07,3.51,6.55,1,74.8,104.99,1.044,97.06,Website,South,1501.79
REC004890,2022-12-16,73.65,848,667,2.28,17.88,135,23.91,15,190,6,66.55,4.15,8.16,3,93.75,113.71,1.147,96.16,Marketplace,East,2746.08
REC005385,2022-12-16,181.67,880,688,3.1,36.53,121,17.92,10,195,14,62.98,3.53,0.5,0,78.67,119.82,0.858,95.25,Mobile App,South,3639.96
REC002021,2022-12-16,68.94,898,680,5.99,29.77,116,8.0,5,186,13,73.97,3.62,4.55,3,93.27,104.35,1.177,98.18,Mobile App,West,6510.51
REC002224,2022-12-16,93.13,856,671,3.2,28.06,121,30.03,10,187,10,34.97,4.03,7.06,0,91.82,106.12,0.986,107.45,Marketplace,West,3918.49
REC003801,2022-12-16,88.39,964,583,3.72,100.81,120,33.2,5,176,14,62.73,3.36,5.76,0,100.0,122.38,1.296,99.2,Mobile App,South,22086.98
REC005482,2022-12-16,550.01,923,614,3.28,76.3,130,49.65,15,183,14,75.27,3.74,5.62,1,91.22,109.35,0.791,109.52,Mobile App,North,11534.6
REC003599,2022-12-16,34.41,885,637,5.4,40.56,110,45.43,20,196,1,68.53,3.05,13.47,1,93.96,98.95,1.18,98.63,Website,East,6480.16
REC002434,2022-12-16,156.81,957,643,4.54,78.5,108,45.97,20,190,2,65.46,3.63,6.75,2,97.08,99.84,1.23,102.96,Website,Central,13956.51
REC005408,2022-12-16,120.65,947,629,1.81,33.02,120,35.67,10,181,1,57.35,5.0,7.22,2,88.52,98.86,1.258,101.41,Website,Central,5470.97
REC000603,2022-12-16,92.15,967,669,3.84,22.8,114,40.84,0,195,1,49.88,4.1,2.78,1,85.29,90.84,0.825,98.14,Website,South,2361.7
REC004533,2022-12-16,28.65,881,653,3.84,43.97,117,46.94,25,177,11,57.89,3.37,3.39,4,92.17,73.29,1.022,94.54,Website,West,6694.66
REC002303,2022-12-17,296.62,878,620,4.59,38.91,108,31.23,15,204,1,54.0,4.42,4.8,1,99.03,99.04,1.267,99.4,Mobile App,North,7987.28
REC005365,2022-12-17,180.99,978,597,3.31,22.39,111,41.9,0,196,15,55.54,4.4,5.75,0,93.74,117.0,1.175,100.63,Mobile App,West,4335.16
REC004446,2022-12-17,89.63,885,670,4.6,33.27,111,26.02,20,206,3,50.36,4.79,14.19,2,91.74,92.56,1.082,103.18,Website,Central,4832.74
REC000301,2022-12-17,82.77,873,614,6.55,21.08,129,50.55,10,194,7,27.3,3.45,7.09,1,83.07,95.6,1.3,99.53,Mobile App,South,4622.59
REC003698,2022-12-17,227.62,900,641,4.75,42.37,134,49.94,15,202,12,52.33,4.2,12.64,1,86.27,99.24,0.865,98.83,Mobile App,East,5613.22
REC003606,2022-12-18,98.44,901,615,3.87,26.33,104,39.15,10,202,5,58.26,3.87,6.92,0,89.45,92.92,1.213,94.82,Website,East,4420.32
REC002801,2022-12-18,536.3,917,595,5.08,71.75,113,39.08,25,207,3,60.19,3.72,8.75,5,90.15,98.04,1.212,106.11,Mobile App,North,13303.02
REC002238,2022-12-19,222.88,892,649,5.17,83.16,124,30.66,15,186,14,62.37,3.54,3.62,1,94.77,113.93,0.939,108.65,Website,North,13433.78
REC005250,2022-12-20,59.75,936,579,4.6,25.27,105,62.44,15,185,3,71.93,3.59,8.06,4,91.39,101.83,1.272,97.82,Mobile App,East,4870.25
REC005238,2022-12-20,188.24,859,605,3.84,41.78,118,31.07,5,172,1,72.15,3.97,4.62,1,90.41,99.36,0.989,103.73,Mobile App,West,6865.49
REC004866,2022-12-20,155.84,888,653,4.18,21.63,125,48.87,20,181,11,50.43,4.06,14.56,3,78.77,96.8,1.06,97.89,Mobile App,West,3167.5
REC005558,2022-12-20,108.64,916,663,4.1,47.14,134,51.43,30,197,9,83.98,4.03,1.34,2,96.43,96.66,1.002,91.1,Mobile App,East,8357.81
REC002728,2022-12-20,114.32,861,640,1.8,33.25,135,45.57,20,222,5,52.59,4.35,2.93,1,97.9,91.11,1.07,103.67,Website,East,5454.66
REC003505,2022-12-21,122.19,916,615,4.35,25.59,107,18.76,10,196,8,49.5,3.91,3.07,0,99.51,131.69,1.104,100.0,Mobile App,South,3951.9
REC000696,2022-12-21,134.12,919,624,3.76,53.42,124,28.87,5,193,12,46.29,3.73,7.88,1,91.94,100.22,0.922,110.62,Website,East,7973.34
REC004402,2022-12-21,135.84,860,611,2.91,84.09,115,37.57,15,191,1,57.07,5.0,8.84,3,93.56,91.53,1.124,107.02,Website,East,12267.45
REC005420,2022-12-21,575.11,868,633,3.46,50.94,122,29.67,5,205,13,60.06,3.95,9.5,3,97.9,110.12,1.021,105.67,Mobile App,South,8564.33
REC003206,2022-12-22,175.54,838,621,4.55,26.9,103,26.33,20,193,1,68.15,4.2,5.23,1,90.47,89.08,1.339,103.22,Website,Central,4522.79
REC005522,2022-12-22,375.95,870,668,3.75,61.25,123,39.81,5,183,4,45.21,4.34,4.65,1,93.95,96.72,1.26,101.54,Mobile App,South,11283.05
REC001311,2022-12-22,283.83,873,634,3.95,30.51,108,30.71,10,202,3,42.34,3.33,7.98,0,87.25,115.21,1.205,103.46,Mobile App,South,4857.33
REC001379,2022-12-22,216.57,897,636,6.3,53.11,130,17.47,30,177,3,87.85,4.13,1.72,2,98.16,97.91,0.945,105.22,Mobile App,East,9640.26
REC000237,2022-12-22,103.64,915,658,5.04,40.46,99,40.69,10,209,13,53.68,3.91,14.03,0,94.64,119.71,0.766,101.16,Website,South,3426.4
REC003547,2022-12-22,237.02,924,598,3.83,58.56,92,40.2,10,163,0,56.77,4.52,5.81,0,92.5,92.18,0.778,102.43,Mobile App,North,6442.41
REC003612,2022-12-23,208.74,879,664,3.1,61.31,132,24.26,15,202,12,63.26,5.0,6.72,1,87.1,104.41,0.949,95.22,Marketplace,Central,7803.37
REC001933,2022-12-23,45.75,935,667,4.56,93.26,119,10.83,0,203,11,45.6,4.29,10.46,1,92.4,87.85,1.149,100.67,Website,North,14768.48
REC004774,2022-12-23,480.54,873,693,6.19,48.8,129,48.59,0,180,10,58.33,4.93,5.96,1,85.54,76.71,1.263,96.03,Marketplace,West,9589.81
REC003675,2022-12-23,173.13,887,602,3.77,42.8,109,22.46,5,183,11,60.8,3.41,6.38,1,100.0,106.03,0.966,97.86,Mobile App,West,6735.88
REC003163,2022-12-23,99.96,929,611,4.9,37.81,115,28.41,5,195,13,56.84,4.07,7.11,0,82.69,108.99,1.046,101.06,Website,North,5044.42
REC004925,2022-12-24,209.4,894,643,1.66,24.89,117,37.81,15,185,1,63.1,3.73,13.23,3,100.0,102.09,1.032,104.77,Mobile App,South,3362.09
REC001973,2022-12-24,170.7,899,648,4.92,36.17,133,37.19,5,179,7,70.31,3.72,6.52,2,81.68,107.82,0.785,95.55,Marketplace,South,3669.54
REC000564,2022-12-25,370.59,864,643,5.22,75.76,115,49.9,25,209,2,55.4,3.76,10.3,1,89.39,109.83,0.815,96.59,Website,Central,9890.64
REC005716,2022-12-25,54.64,887,623,2.39,25.01,119,47.27,15,186,10,68.53,4.01,10.12,1,89.76,106.26,0.847,98.49,Mobile App,West,3243.71
REC003352,2022-12-25,35.6,884,639,3.44,31.32,116,40.49,10,199,10,28.22,4.84,6.01,1,91.38,102.66,0.76,100.32,Mobile App,North,3838.2
REC002430,2022-12-25,186.47,904,656,2.47,32.45,110,32.25,10,189,14,46.46,3.9,6.75,0,86.69,83.57,1.14,105.27,Website,North,4441.53
REC005557,2022-12-25,234.78,908,628,3.45,35.95,111,26.67,0,191,6,62.4,3.02,11.2,1,90.62,94.56,1.269,91.96,Website,Central,5184.94
REC001676,2022-12-26,96.49,938,601,2.7,61.14,129,43.53,0,197,9,63.69,4.4,11.9,3,100.0,94.72,0.883,103.06,Mobile App,Central,8723.89
REC000287,2022-12-26,312.18,948,644,3.05,15.2,122,39.54,20,199,5,51.73,4.67,8.97,2,85.26,81.27,0.978,102.21,Mobile App,Central,2047.34
REC000064,2022-12-26,524.01,880,632,4.08,29.57,111,36.17,10,190,11,69.11,3.54,5.06,0,86.78,113.36,1.209,95.6,Website,West,5353.79
REC004292,2022-12-26,273.53,895,633,3.76,25.14,113,30.3,25,189,15,59.42,3.87,15.15,1,91.3,70.0,0.839,95.61,Mobile App,Central,3012.45
REC001097,2022-12-26,120.77,886,645,4.21,50.48,126,39.22,0,194,14,80.64,4.56,8.58,1,94.33,95.31,1.279,102.94,Website,Central,8866.68
REC000109,2022-12-27,157.73,903,649,3.29,65.27,108,37.8,10,202,3,86.57,4.12,11.86,3,70.83,96.99,0.855,97.47,Mobile App,East,6021.31
REC005290,2022-12-27,113.98,893,664,2.68,40.42,132,44.62,25,168,3,87.68,4.18,6.43,0,99.51,99.47,0.851,98.79,Marketplace,East,5112.21
REC000769,2022-12-27,160.74,911,674,2.41,20.2,110,44.71,10,168,6,40.95,4.56,3.95,4,98.54,119.82,1.052,108.16,Mobile App,South,3154.16
REC000345,2022-12-28,140.04,862,637,5.96,23.56,98,24.25,5,170,9,46.66,4.36,7.8,2,82.49,89.6,0.807,94.75,Marketplace,Central,1805.67
REC000311,2022-12-28,260.76,945,664,3.69,33.57,131,47.2,20,198,10,42.24,3.83,5.49,4,90.37,81.8,0.875,99.79,Website,West,4151.16
REC005737,2022-12-28,223.13,869,651,3.87,24.94,115,50.83,15,197,11,49.15,3.88,10.03,0,95.89,108.07,0.929,99.43,Website,East,3324.96
REC001934,2022-12-28,100.56,921,631,4.1,38.96,115,49.42,10,228,7,37.3,5.0,6.19,0,78.1,112.13,1.207,106.44,Mobile App,Central,6188.3
REC003174,2022-12-28,387.0,891,639,5.25,92.27,136,24.8,5,184,7,66.81,4.88,11.82,2,94.58,97.8,0.889,88.6,Website,Central,13992.98
REC002037,2022-12-28,157.45,882,637,3.1,27.73,131,18.03,25,175,14,64.28,3.85,3.04,0,97.29,96.32,1.221,101.98,Mobile App,South,5625.61
REC005092,2022-12-29,74.67,881,635,4.59,28.67,138,44.97,25,194,0,64.75,3.77,10.78,3,92.07,108.11,0.996,111.55,Mobile App,South,4710.49
REC004308,2022-12-29,58.21,972,615,3.62,34.59,121,37.79,15,192,14,47.09,4.79,13.61,2,89.33,110.79,0.817,103.1,Website,North,3966.23
REC005190,2022-12-29,83.88,946,600,4.25,15.97,101,37.72,0,198,3,33.5,4.38,12.75,2,100.0,107.26,0.993,100.12,Website,South,2086.84
REC001015,2022-12-29,242.72,871,617,5.33,22.78,127,45.77,25,218,4,67.75,3.92,8.42,2,83.4,114.41,1.06,104.99,Website,East,3626.57
REC002750,2022-12-29,69.94,859,680,5.45,25.14,98,47.73,15,180,11,51.33,4.6,8.59,4,95.19,98.04,1.138,101.77,Website,Central,3132.7
REC000963,2022-12-29,226.37,904,627,4.99,17.06,118,35.16,10,197,0,71.67,4.91,0.5,1,96.01,87.57,0.776,96.65,Mobile App,Central,2075.79
REC001301,2022-12-29,321.92,883,678,4.59,32.66,118,31.36,0,192,12,56.93,3.37,8.53,3,92.18,101.78,1.06,95.15,Mobile App,South,5034.23
REC005555,2022-12-29,262.97,892,637,2.02,43.75,130,39.1,10,189,15,57.31,4.12,5.12,2,89.17,93.27,0.841,106.36,Mobile App,North,6274.01
REC000689,2022-12-30,129.48,897,633,4.86,38.91,115,50.03,10,197,10,57.92,5.0,7.75,1,92.76,93.31,1.18,99.73,Website,East,7242.22
REC004657,2022-12-30,283.64,876,611,4.11,75.45,107,29.09,0,182,8,63.17,5.0,9.07,0,96.92,95.05,1.306,99.39,Website,Central,13340.28
REC000574,2022-12-31,214.67,883,602,3.2,44.59,117,33.31,5,175,15,44.3,4.64,5.77,0,94.98,85.76,1.138,100.7,Marketplace,South,6260.64
REC000675,2023-01-01,26.7,911,678,3.06,101.71,128,41.2,5,187,7,41.44,3.96,2.8,1,86.53,116.32,1.322,98.55,Website,Central,18503.18
REC001885,2023-01-01,100.22,871,631,3.76,29.49,105,37.32,15,200,11,45.56,3.85,3.96,1,100.0,88.56,0.885,101.35,Website,Central,3574.34
REC000592,2023-01-02,179.73,915,645,2.87,35.11,127,24.91,5,184,10,68.56,3.35,8.85,1,97.41,102.73,1.273,98.22,Mobile App,Central,8175.27
REC000368,2023-01-02,271.91,858,625,5.09,39.01,117,36.62,5,190,6,51.98,4.17,4.93,0,90.74,89.24,0.86,107.2,Mobile App,South,5163.57
REC003681,2023-01-02,82.93,907,594,4.94,28.09,111,49.83,15,180,1,44.05,4.05,6.01,3,100.0,95.15,0.987,96.69,Mobile App,South,4362.4
REC004350,2023-01-02,197.55,940,645,3.95,52.63,92,23.55,0,194,14,64.79,4.13,10.8,0,94.67,91.87,1.263,101.0,Mobile App,Central,7981.43
REC002250,2023-01-02,129.49,883,652,5.33,21.52,104,27.77,0,202,1,53.46,3.0,11.85,2,89.3,97.04,0.818,104.04,Website,West,2213.58
REC003438,2023-01-02,183.02,869,629,2.74,45.73,107,50.03,30,171,1,52.58,5.0,8.17,3,90.48,80.19,1.015,96.98,Website,West,6317.79
REC005194,2023-01-02,234.24,911,626,4.51,26.68,108,54.58,30,191,3,49.69,4.8,4.39,3,83.68,112.26,0.82,107.68,Mobile App,Central,2654.95
REC004844,2023-01-02,69.61,875,611,5.01,31.97,106,26.45,25,186,4,77.18,4.29,14.0,0,86.72,88.84,0.872,90.23,Website,South,2872.47
REC005736,2023-01-03,578.14,902,645,3.8,35.78,136,11.9,5,175,5,60.68,4.78,8.97,3,87.66,119.76,1.157,103.94,Mobile App,West,7248.98
REC001094,2023-01-03,149.63,913,639,2.2,18.3,95,36.57,25,170,11,71.94,3.9,3.44,2,100.0,98.0,1.33,105.0,Mobile App,East,2912.91
REC004203,2023-01-03,136.64,926,648,3.45,32.39,112,38.21,20,188,15,62.81,3.12,10.5,3,79.98,101.12,1.132,103.29,Mobile App,West,4754.19
REC004957,2023-01-03,95.49,886,607,4.12,49.37,105,29.38,15,201,13,53.87,3.83,6.45,2,94.96,105.35,1.213,105.69,Marketplace,South,5720.26
REC002823,2023-01-04,24.27,873,599,4.56,38.17,115,36.94,30,208,4,52.71,4.55,1.54,1,92.29,91.56,1.023,106.25,Mobile App,North,6631.48
REC001730,2023-01-05,242.14,862,616,3.24,90.64,124,36.78,10,199,8,54.23,5.0,7.03,0,76.45,115.54,0.857,99.04,Website,Central,9600.02
REC004803,2023-01-05,462.7,900,650,3.97,23.31,131,24.47,15,194,14,47.54,4.37,7.24,0,89.71,115.33,1.311,101.95,Website,West,4062.46
REC005863,2023-01-05,65.34,889,609,4.35,18.15,106,27.65,5,191,10,40.35,3.8,6.21,2,87.15,104.42,1.079,99.57,Website,East,2223.69
REC002890,2023-01-06,149.85,881,664,3.6,36.4,120,14.96,15,188,11,63.59,4.35,5.75,2,90.54,105.45,1.0,103.69,Website,South,4372.78
REC002377,2023-01-06,339.73,893,620,2.96,34.44,123,42.72,10,183,5,58.04,3.77,9.24,2,80.2,90.06,1.208,101.28,Marketplace,West,4722.8
REC003751,2023-01-06,76.25,885,651,2.53,32.58,120,40.33,25,178,15,63.4,4.35,8.77,1,78.27,100.17,1.102,102.03,Website,West,4533.13
REC000596,2023-01-06,153.64,884,680,3.25,33.77,106,30.07,20,166,7,60.89,4.03,10.29,2,95.25,107.82,1.153,95.58,Website,East,4462.09
REC001943,2023-01-06,92.58,916,607,3.71,30.31,124,22.36,10,177,9,52.38,3.48,7.75,4,100.0,95.94,1.134,100.34,Mobile App,North,5336.33
REC002980,2023-01-07,560.2,933,635,5.36,11.42,122,38.1,5,181,15,43.72,3.48,5.04,2,91.4,89.3,1.162,108.98,Marketplace,West,1841.31
REC004971,2023-01-07,208.0,843,646,4.17,71.6,118,38.3,10,191,14,53.0,3.38,11.36,4,100.0,97.1,1.081,102.46,Website,East,10839.77
REC000058,2023-01-07,138.28,918,623,5.52,47.77,113,26.58,10,174,6,69.74,3.81,9.35,2,91.91,83.35,1.117,95.56,Mobile App,North,7477.11
REC002766,2023-01-08,58.67,922,632,2.26,40.22,115,41.74,25,167,2,57.75,3.9,13.39,2,93.36,109.49,0.786,102.32,Website,Central,3899.19
REC005915,2023-01-08,101.59,920,637,2.85,62.84,102,43.64,15,181,1,60.29,3.91,6.13,3,93.23,123.13,0.789,100.36,Mobile App,West,6560.6
REC005205,2023-01-08,127.61,894,605,3.61,43.09,114,40.48,15,180,9,57.27,4.12,13.4,0,99.29,103.07,1.277,100.11,Mobile App,North,9244.9
REC001800,2023-01-08,172.3,920,633,2.32,35.4,121,14.87,25,186,2,81.64,3.98,13.08,1,100.0,103.66,1.022,92.74,Mobile App,South,5103.92
REC005320,2023-01-08,674.31,878,623,3.46,24.65,126,33.9,0,192,11,73.27,4.0,0.5,5,95.88,88.6,0.762,100.05,Website,West,3057.04
REC002648,2023-01-09,377.72,861,636,2.56,79.77,88,25.92,25,170,14,58.02,4.23,7.99,3,83.93,101.28,0.986,105.26,Website,Central,7532.9
REC000981,2023-01-09,63.11,850,659,4.06,30.5,108,65.54,15,207,9,84.29,3.97,8.82,0,84.86,107.04,0.971,93.65,Mobile App,East,3481.33
REC004075,2023-01-09,81.76,933,628,3.92,122.16,118,38.0,15,201,15,55.84,3.56,9.8,2,95.52,109.04,0.996,103.43,Marketplace,West,15870.66
REC001556,2023-01-10,355.14,894,607,4.51,19.87,112,16.26,25,187,5,46.6,4.46,1.46,0,86.14,89.23,1.221,104.73,Mobile App,East,3307.14
REC001729,2023-01-10,112.33,908,633,3.09,23.08,120,32.43,10,213,4,71.62,4.52,15.01,0,93.81,74.42,1.282,87.32,Website,East,4967.97
REC004558,2023-01-11,47.36,914,621,2.97,54.58,103,54.79,20,180,0,38.86,4.09,3.69,2,100.0,122.34,0.97,98.13,Website,East,6283.03
REC003884,2023-01-11,117.3,883,623,3.17,79.41,125,17.42,20,153,13,50.95,3.84,3.82,1,91.07,97.9,1.121,100.18,Website,North,11553.18
REC004157,2023-01-11,486.55,894,649,3.28,117.27,106,49.64,10,181,8,40.77,4.24,7.11,0,95.25,86.74,0.925,102.48,Website,South,14024.51
REC002293,2023-01-11,105.07,909,660,4.0,75.37,118,26.87,15,204,6,78.31,2.86,3.54,2,84.34,89.04,1.131,103.88,Website,South,10097.88
REC002763,2023-01-11,67.97,955,662,5.0,25.45,130,32.98,30,191,14,32.75,5.0,11.34,2,98.15,112.73,0.98,95.38,Website,South,3696.46
REC002521,2023-01-12,88.38,929,683,4.44,67.82,105,29.44,15,170,11,59.68,3.94,3.16,1,90.43,114.91,1.318,99.4,Website,North,10763.09
REC005441,2023-01-12,156.14,935,645,3.99,37.46,112,36.07,5,205,14,64.12,3.71,9.39,0,98.65,96.75,1.289,96.33,Mobile App,South,7292.04
REC001193,2023-01-12,442.64,906,645,2.62,62.9,115,40.9,30,186,8,65.41,3.13,9.37,2,98.44,90.32,0.775,95.12,Website,South,6574.49
REC002278,2023-01-12,158.64,928,642,4.57,37.92,113,29.83,25,172,1,71.86,3.94,10.97,2,99.07,79.01,0.805,95.01,Website,Central,4783.36
REC000868,2023-01-13,159.34,886,628,2.53,94.73,116,31.82,5,206,7,59.32,4.4,9.99,1,92.22,102.87,1.245,104.85,Website,South,16695.7
REC005040,2023-01-13,297.49,874,665,2.21,29.43,127,42.34,10,182,5,46.88,3.68,7.71,1,84.91,82.35,1.345,100.35,Website,East,6279.21
REC001289,2023-01-13,308.23,869,601,5.0,42.41,109,67.61,5,174,15,42.18,4.27,13.79,1,85.72,104.69,0.968,88.39,Mobile App,North,6877.02
REC004790,2023-01-13,116.06,909,649,4.19,39.97,95,35.44,15,164,2,40.9,3.51,0.5,1,91.78,99.06,1.217,110.91,Mobile App,West,6984.59
REC004968,2023-01-13,243.8,884,597,3.01,26.4,111,42.2,10,191,10,29.76,3.86,11.08,2,93.14,115.24,0.782,95.77,Mobile App,East,3204.26
REC005147,2023-01-13,29.39,879,598,4.48,58.75,131,18.22,25,184,7,83.69,5.0,5.22,0,100.0,97.13,1.244,94.03,Website,Central,9969.72
REC000372,2023-01-13,69.76,932,643,4.36,51.58,118,26.29,10,217,8,63.25,4.33,2.85,1,85.55,112.23,0.978,102.45,Website,South,6495.24
REC000630,2023-01-14,290.45,910,650,4.1,41.62,127,15.39,20,180,0,50.69,4.85,10.3,1,100.0,105.9,0.918,102.84,Marketplace,West,6497.05
REC003205,2023-01-14,210.13,913,636,3.31,54.48,94,33.95,15,211,10,42.71,4.0,4.18,4,74.8,95.53,1.251,99.36,Website,West,5962.85
REC003459,2023-01-14,266.52,932,680,4.6,27.96,115,48.19,0,168,13,61.42,3.89,10.21,1,88.14,115.93,1.27,99.38,Website,East,5460.95
REC005573,2023-01-15,232.22,917,641,1.86,60.26,113,64.71,30,195,12,67.51,4.12,9.29,3,88.39,105.46,1.116,103.42,Mobile App,Central,8727.06
REC000035,2023-01-16,113.89,872,653,4.09,9.4,127,57.31,10,177,1,84.5,4.61,4.0,7,90.61,97.29,1.036,106.19,Website,South,1381.8
REC002453,2023-01-17,97.01,865,647,3.43,27.83,117,37.87,10,204,12,40.52,3.92,8.46,3,80.41,99.59,1.082,100.71,Website,West,4113.34
REC001661,2023-01-18,193.99,859,659,4.49,47.96,125,36.51,5,194,11,56.2,4.0,6.25,3,100.0,103.92,0.931,104.14,Mobile App,South,8459.08
REC002870,2023-01-18,210.68,897,648,2.88,77.99,114,23.69,5,208,1,76.15,4.08,8.28,1,86.64,98.26,0.827,88.54,Mobile App,North,8454.57
REC005331,2023-01-19,89.08,935,621,4.54,31.82,96,42.68,20,189,10,52.67,4.02,2.02,2,100.0,104.73,1.146,106.62,Mobile App,East,4907.08
REC000259,2023-01-19,84.01,918,652,4.5,46.33,114,29.39,30,191,15,52.92,4.73,5.59,4,98.95,99.78,0.974,99.81,Marketplace,South,4931.36
REC003202,2023-01-19,91.48,917,656,3.69,27.67,112,51.83,10,172,15,45.55,4.93,11.31,0,87.93,73.44,0.833,100.42,Website,East,3994.13
REC003299,2023-01-20,152.86,944,580,5.59,15.77,103,23.99,5,218,13,42.6,4.13,10.06,2,100.0,99.74,0.821,92.75,Marketplace,North,1609.97
REC004770,2023-01-20,173.76,934,669,3.51,62.78,123,42.23,15,210,11,77.46,4.2,9.6,5,96.9,103.56,0.804,97.1,Website,North,7543.72
REC004868,2023-01-21,184.11,889,644,2.55,31.12,116,39.18,20,184,1,50.35,4.89,8.71,3,87.47,92.96,1.05,104.0,Website,West,4742.07
REC001863,2023-01-21,206.1,985,632,2.7,45.54,99,27.81,15,221,13,79.77,3.82,7.55,1,85.09,97.57,1.067,99.0,Mobile App,North,5153.02
REC004610,2023-01-21,662.37,912,642,3.51,37.62,115,29.73,25,159,13,44.13,4.03,6.59,0,91.26,105.3,0.811,94.87,Website,East,4200.36
REC004149,2023-01-22,125.33,917,624,3.63,75.83,117,35.74,30,180,15,63.32,4.81,3.02,4,93.26,103.36,1.008,95.69,Marketplace,Central,10022.18
REC001483,2023-01-22,83.93,870,665,4.88,52.26,119,30.36,20,169,6,73.38,4.04,9.86,4,100.0,70.0,0.866,95.8,Mobile App,West,7537.43
REC002015,2023-01-22,183.5,942,599,6.27,7.69,128,44.29,15,208,15,59.67,3.95,6.43,5,89.74,108.36,1.154,97.54,Website,Central,1444.89
REC004398,2023-01-22,73.15,892,683,4.61,107.17,124,30.24,5,202,11,50.15,4.57,3.29,1,89.24,95.08,1.115,108.63,Mobile App,West,24230.51
REC000911,2023-01-23,48.04,913,653,4.32,32.03,115,55.65,0,196,2,59.05,4.36,10.39,3,97.8,79.11,0.847,103.97,Website,North,4248.44
REC004419,2023-01-23,150.78,909,684,3.98,60.91,99,45.87,5,199,2,47.46,3.85,5.57,1,100.0,97.42,0.804,94.85,Mobile App,South,6702.66
REC002092,2023-01-24,171.66,870,626,2.24,39.26,114,35.75,0,190,3,62.51,3.83,8.32,0,87.28,86.25,1.277,103.41,Website,Central,6676.23
REC005249,2023-01-24,240.21,951,633,6.32,28.81,129,26.68,15,188,11,61.02,4.12,7.57,2,90.48,97.6,0.936,97.71,Website,South,4059.6
REC003009,2023-01-24,1330.04,864,667,3.36,28.74,111,31.23,5,187,1,63.61,4.19,2.43,1,87.83,109.75,0.953,98.73,Marketplace,Central,3251.18
REC001883,2023-01-25,259.47,933,640,5.32,14.41,104,28.01,5,182,11,68.36,3.78,2.36,2,97.86,98.58,1.237,94.85,Mobile App,North,2756.19
REC000609,2023-01-25,125.34,917,619,3.1,23.68,113,41.52,25,199,7,39.34,4.46,10.83,1,84.56,91.24,1.335,100.44,Marketplace,South,3423.15
REC004830,2023-01-25,285.93,874,669,4.37,72.4,95,43.63,10,194,13,45.9,4.5,8.55,1,88.31,120.32,1.17,98.89,Website,North,9663.57
REC004635,2023-01-25,178.78,952,658,4.87,27.02,114,44.22,5,207,7,61.08,3.99,3.21,1,90.13,95.8,0.843,93.95,Website,Central,3330.76
REC004852,2023-01-25,309.36,883,645,5.58,36.46,107,50.16,10,190,14,35.17,3.99,5.41,1,77.0,104.4,1.063,100.32,Mobile App,East,5193.73
REC005043,2023-01-25,70.59,942,626,4.01,85.09,109,35.53,10,194,5,67.08,2.95,3.52,3,98.84,117.05,0.778,96.87,Website,Central,9161.64
REC002388,2023-01-25,116.55,881,644,2.32,65.48,104,47.11,15,211,10,50.55,3.82,5.59,1,94.01,100.38,0.91,101.42,Mobile App,East,9120.14
REC005449,2023-01-25,87.92,888,634,4.49,37.12,109,29.75,15,175,5,51.83,4.51,9.61,2,86.72,99.26,1.048,103.25,Mobile App,East,4770.39
REC000061,2023-01-26,85.11,916,590,2.64,40.13,126,54.35,20,189,14,52.04,5.0,2.6,1,98.92,120.86,0.758,108.03,Marketplace,East,4631.66
REC000147,2023-01-26,125.86,885,632,2.42,44.04,110,8.82,15,200,3,51.6,4.7,9.75,1,85.04,95.72,1.198,97.1,Mobile App,Central,6282.18
REC003124,2023-01-26,122.36,874,702,5.4,36.37,115,45.92,0,166,3,70.21,4.78,9.28,2,97.62,101.14,1.256,103.77,Website,South,6713.07
REC003843,2023-01-27,61.86,922,629,2.71,17.97,104,56.11,15,205,7,67.98,3.43,4.79,6,83.29,100.07,0.895,102.83,Mobile App,North,1669.43
REC001077,2023-01-27,190.92,867,617,2.33,21.51,116,14.68,5,193,9,36.85,4.38,8.62,2,93.02,97.21,1.27,99.82,Website,East,3982.79
REC003870,2023-01-28,223.65,898,685,2.17,58.14,104,46.22,15,180,14,39.41,4.04,6.38,0,94.78,105.37,1.327,94.88,Mobile App,East,11553.26
REC001226,2023-01-28,336.93,927,608,4.09,44.34,121,42.63,15,205,4,50.85,3.46,3.61,3,96.07,101.5,1.074,102.75,Mobile App,East,8813.74
REC004552,2023-01-28,190.59,881,644,3.6,43.5,105,54.68,10,168,14,69.4,5.0,9.96,1,94.29,99.51,1.07,110.39,Mobile App,East,6016.35
REC005727,2023-01-28,233.0,954,652,2.86,60.47,109,23.06,10,195,10,48.2,3.33,20.26,2,85.84,95.03,1.193,95.58,Website,East,8898.92
REC004711,2023-01-29,176.99,887,648,4.19,24.96,113,47.68,30,192,1,52.09,4.17,8.46,3,97.9,107.75,0.77,102.43,Mobile App,West,3766.39
REC005163,2023-01-29,54.21,891,621,3.49,75.77,115,64.79,15,209,2,67.87,4.71,9.01,4,93.56,116.81,1.25,93.78,Website,Central,11183.6
REC004429,2023-01-29,101.73,935,636,4.3,51.18,121,35.94,15,209,12,61.47,4.16,8.81,3,90.19,77.53,1.282,99.48,Website,South,9177.46
REC002447,2023-01-29,176.54,893,608,5.12,53.08,130,47.29,15,190,2,59.67,4.42,7.23,0,96.62,107.69,1.123,103.58,Marketplace,South,8909.33
REC001196,2023-01-29,212.15,874,597,4.89,36.34,103,42.82,20,179,8,48.31,4.08,4.7,1,93.15,87.03,0.822,96.46,Mobile App,West,4649.98
REC005976,2023-01-30,241.51,946,638,3.16,52.96,120,34.64,15,185,8,62.16,4.98,15.7,2,96.87,95.11,1.276,95.82,Website,South,10285.56
REC004325,2023-01-30,157.91,862,655,2.35,118.95,110,30.45,15,206,13,72.34,4.29,0.5,2,75.77,104.05,1.283,99.11,Website,East,15167.48
REC002296,2023-01-30,91.91,916,646,4.37,24.23,112,46.26,15,191,12,45.38,4.66,10.8,0,90.66,99.6,1.238,95.49,Website,East,4141.93
REC001614,2023-01-30,99.79,893,658,3.87,101.04,118,24.79,15,209,10,54.63,4.74,7.14,0,87.09,109.02,1.16,98.66,Website,Central,16336.76
REC003384,2023-01-30,74.85,890,671,2.16,26.72,124,25.0,5,189,9,63.2,3.54,7.78,1,90.76,105.68,0.855,103.72,Mobile App,Central,3501.09
REC003249,2023-01-30,35.39,903,645,3.59,20.02,140,32.94,10,174,3,67.72,5.0,12.14,2,92.67,108.15,1.011,99.96,Marketplace,East,3246.72
REC002642,2023-01-30,75.88,903,648,3.92,34.21,111,39.52,15,187,10,65.09,3.78,9.48,3,94.85,128.78,0.797,105.74,Website,South,4160.6
REC004633,2023-01-31,239.62,895,629,5.1,50.66,112,37.38,5,185,6,46.82,4.58,4.95,3,99.6,119.91,1.338,107.9,Mobile App,Central,12053.73
REC004053,2023-01-31,279.97,941,629,2.85,43.08,112,36.8,5,193,8,55.15,3.25,8.63,1,91.03,92.85,0.916,103.68,Mobile App,North,5458.79
REC004649,2023-01-31,206.82,902,590,3.22,60.54,133,35.17,10,174,10,68.21,3.56,8.41,3,89.65,91.29,0.841,102.1,Marketplace,South,7225.94
REC003258,2023-02-01,99.89,926,628,3.34,48.4,117,24.69,20,190,14,56.6,3.6,4.47,2,80.76,118.01,1.009,97.91,Mobile App,West,7308.19
REC001045,2023-02-01,102.28,896,642,5.77,12.1,113,54.68,30,184,7,65.74,4.33,9.11,4,85.01,111.23,0.855,105.3,Website,Central,1390.56
REC001122,2023-02-01,125.03,870,598,2.64,19.06,112,48.69,15,198,11,48.68,3.84,7.45,3,92.15,108.67,0.811,103.56,Website,North,1853.88
REC001276,2023-02-01,178.0,877,665,4.15,104.08,119,55.9,30,195,0,63.52,3.85,2.24,1,94.45,106.74,1.304,102.91,Mobile App,East,23034.58
REC002164,2023-02-01,189.81,890,642,2.84,28.99,130,38.91,0,161,15,37.7,4.64,3.41,2,91.23,94.72,1.139,99.92,Mobile App,North,4909.43
REC005349,2023-02-02,37.59,958,665,3.59,33.62,121,38.14,5,196,9,71.41,4.65,7.08,1,93.34,91.41,1.307,104.32,Marketplace,East,6544.15
REC001727,2023-02-02,63.12,948,638,2.84,53.11,108,55.98,20,230,11,33.81,4.81,11.68,1,89.82,112.83,1.055,92.48,Marketplace,West,6021.92
REC001947,2023-02-03,209.21,889,641,4.69,45.23,107,49.95,0,189,4,79.19,4.89,4.07,3,95.57,88.73,1.212,99.79,Marketplace,East,7199.53
REC002198,2023-02-03,101.91,916,678,2.28,89.19,122,50.39,5,190,6,39.69,4.58,9.83,3,83.59,116.95,0.823,91.15,Marketplace,South,7354.48
REC005309,2023-02-03,67.09,915,597,3.22,31.93,115,38.27,25,193,8,85.12,4.65,6.81,2,86.49,92.87,1.16,100.22,Website,South,4446.32
REC000409,2023-02-03,210.99,874,609,4.57,47.05,122,33.12,0,195,4,62.1,4.77,8.6,1,96.64,86.03,1.018,96.98,Website,West,8018.21
REC005867,2023-02-03,233.6,889,681,4.93,30.85,115,11.97,15,203,9,73.94,4.06,4.33,1,96.85,83.97,1.005,102.13,Website,Central,3895.02
REC001009,2023-02-03,81.37,901,639,3.48,25.72,113,32.06,10,186,6,48.57,4.43,8.74,0,92.37,98.13,0.765,106.18,Mobile App,West,2942.26
REC003917,2023-02-04,564.89,902,652,5.1,14.67,122,37.86,15,172,4,70.92,4.16,7.89,2,81.5,100.56,0.964,98.03,Mobile App,South,1953.74
REC000958,2023-02-04,255.29,909,645,3.78,41.14,127,22.16,5,209,14,69.57,3.6,11.81,2,87.54,99.63,0.77,92.94,Mobile App,North,5090.21
REC004211,2023-02-04,174.27,856,607,5.02,51.5,96,25.08,25,185,1,54.29,4.09,8.38,0,93.45,104.85,1.273,91.59,Website,South,7746.67
REC005962,2023-02-04,213.1,833,640,4.34,43.58,99,27.72,5,187,1,42.31,3.55,2.02,3,95.01,112.91,1.195,103.81,Website,West,7242.81
REC002105,2023-02-04,91.45,916,618,5.17,14.99,113,20.81,30,185,5,60.23,4.3,4.71,4,83.29,101.02,0.948,101.89,Mobile App,Central,1898.57
REC005687,2023-02-04,166.41,924,606,3.42,77.57,125,21.41,25,184,11,64.55,4.21,4.03,0,100.0,98.23,0.896,99.36,Mobile App,East,11617.48
REC003956,2023-02-04,82.54,883,628,2.17,83.82,102,49.92,5,161,6,57.02,4.14,6.19,1,95.04,107.62,1.043,100.48,Mobile App,North,11779.92
REC002118,2023-02-05,278.1,920,680,6.95,31.25,110,25.76,25,196,14,57.5,4.16,6.06,3,98.25,96.79,0.912,94.14,Mobile App,North,4630.22
REC000509,2023-02-05,97.02,913,608,3.95,17.95,101,41.25,10,182,3,66.31,4.48,5.64,2,100.0,97.9,1.097,105.17,Mobile App,North,3036.84
REC001850,2023-02-05,130.04,885,671,3.55,26.53,131,38.1,0,167,8,57.27,4.2,9.95,1,85.24,116.43,0.788,104.03,Website,Central,2741.18
REC002272,2023-02-06,277.18,841,644,5.59,57.86,112,42.75,15,179,14,69.62,3.96,13.59,0,81.87,97.3,1.215,101.0,Website,North,8569.3
REC002288,2023-02-06,95.61,909,671,3.08,56.41,116,40.79,15,203,5,59.1,4.46,6.16,0,100.0,87.88,1.108,100.55,Mobile App,East,9448.73
REC004717,2023-02-06,46.5,907,621,3.23,67.43,106,60.2,10,194,10,86.25,4.16,8.49,3,100.0,77.89,1.185,105.74,Mobile App,West,10845.84
REC000228,2023-02-06,102.01,942,612,3.41,46.75,113,31.78,10,162,14,83.69,4.42,13.37,1,80.98,94.76,1.096,96.51,Mobile App,West,7122.58
REC004949,2023-02-06,102.76,943,621,3.81,35.58,117,18.44,5,209,9,57.8,3.99,2.99,0,97.41,119.1,0.893,101.37,Mobile App,South,4448.89
REC004061,2023-02-06,540.02,901,634,3.94,24.59,128,55.24,10,206,4,47.54,3.51,6.52,2,85.56,110.71,1.178,95.72,Mobile App,East,4745.51
REC001010,2023-02-06,54.92,908,626,3.22,28.9,109,40.66,20,177,5,35.23,4.38,3.61,1,96.65,101.38,0.82,100.59,Mobile App,North,3612.22
REC003717,2023-02-07,288.29,913,612,3.03,48.37,102,54.35,15,213,8,48.66,3.78,3.64,1,80.51,89.91,1.094,100.25,Website,North,5943.02
REC005465,2023-02-07,82.11,850,671,4.37,15.6,107,37.99,10,184,9,75.96,5.0,6.36,1,96.77,113.6,1.105,98.81,Website,West,2511.24
REC002525,2023-02-07,250.28,917,643,3.33,62.7,122,30.6,15,195,14,35.17,3.74,7.34,2,90.01,95.0,1.066,104.03,Website,East,10734.01
REC002359,2023-02-07,68.97,887,652,3.44,39.77,97,49.24,20,197,1,46.38,3.53,0.5,1,83.07,106.92,1.269,96.18,Mobile App,East,5607.56
REC004111,2023-02-07,129.35,871,687,4.98,107.42,121,47.15,10,175,2,59.33,3.48,6.22,2,90.33,85.15,0.92,101.64,Website,North,14979.01
REC000449,2023-02-07,455.47,911,664,1.89,76.11,116,52.59,0,196,13,41.57,3.76,14.9,0,94.17,96.63,1.133,99.78,Website,North,12738.97
REC005630,2023-02-07,370.64,912,631,5.23,36.07,111,21.51,0,187,0,55.87,4.52,7.7,1,90.02,90.17,0.954,105.01,Website,South,5102.97
REC002942,2023-02-08,166.95,893,645,3.5,30.4,137,26.99,5,196,15,54.17,3.85,12.13,2,81.76,98.3,1.033,108.83,Mobile App,North,5242.68
REC005864,2023-02-08,36.6,908,652,3.33,49.12,99,51.87,15,191,12,50.15,3.36,4.04,1,84.71,112.72,1.203,95.86,Website,Central,6413.7
REC002962,2023-02-08,113.45,909,602,1.74,38.45,105,45.8,15,172,1,74.13,5.0,10.74,0,85.59,83.92,1.104,93.3,Marketplace,South,3875.52
REC005017,2023-02-08,87.36,874,623,5.18,31.74,111,32.49,10,189,5,47.6,4.19,11.75,1,97.98,80.2,0.955,102.35,Marketplace,Central,3923.56
REC003223,2023-02-09,101.7,865,629,3.43,24.91,126,54.67,15,169,15,65.3,3.54,5.09,4,88.51,128.48,0.834,96.32,Mobile App,East,3640.24
REC001022,2023-02-09,170.46,924,646,3.68,78.46,108,43.1,15,191,13,70.51,4.42,5.61,1,87.21,107.56,1.053,107.57,Mobile App,South,10722.96
REC004118,2023-02-09,230.61,960,639,3.21,40.65,108,47.68,15,197,9,56.92,4.62,13.6,1,99.37,83.54,1.298,107.79,Website,Central,8327.86
REC002858,2023-02-09,236.3,906,661,3.68,30.39,121,15.49,15,190,4,56.53,3.93,6.65,2,87.25,91.85,1.209,97.47,Mobile App,North,5620.05
REC002956,2023-02-09,173.66,953,699,2.57,51.2,130,28.43,0,192,13,47.13,3.6,4.47,1,93.83,114.06,1.317,101.92,Marketplace,East,10206.04
REC000740,2023-02-09,88.69,887,632,3.91,21.09,104,43.68,10,216,1,46.55,4.29,6.78,4,91.92,96.34,0.888,97.09,Mobile App,North,2173.29
REC005019,2023-02-09,378.46,893,676,3.85,47.36,121,29.5,10,196,10,60.93,3.99,6.03,1,84.74,90.53,0.904,91.37,Mobile App,North,5968.94
REC003745,2023-02-10,221.25,921,689,3.21,34.33,101,25.19,25,181,1,40.69,4.03,3.89,1,99.46,96.06,1.012,106.73,Mobile App,Central,5010.17
REC000322,2023-02-10,105.87,971,628,2.24,70.67,117,46.95,15,187,5,55.93,5.0,9.62,3,100.0,81.27,0.822,100.68,Website,West,9351.13
REC005085,2023-02-10,106.93,898,691,3.37,50.45,110,34.62,0,198,15,69.74,3.66,6.99,2,93.36,85.83,1.037,102.0,Mobile App,South,6844.7
REC000557,2023-02-10,142.41,914,642,2.92,47.08,123,50.35,10,178,9,48.72,4.12,5.26,1,89.49,90.62,0.786,102.41,Website,Central,5801.27
REC002063,2023-02-11,60.57,897,653,4.92,36.33,99,43.16,5,178,14,42.29,3.48,3.05,1,97.31,72.65,0.996,107.64,Mobile App,West,5772.97
REC004528,2023-02-11,56.25,917,630,4.02,59.24,105,32.99,5,183,13,49.78,4.43,3.86,3,93.03,103.34,1.24,100.23,Website,Central,8480.42
REC005858,2023-02-11,211.89,870,660,2.22,76.83,118,34.34,15,206,10,65.66,4.68,3.77,2,75.54,97.3,1.227,110.96,Marketplace,East,10193.99
REC000191,2023-02-12,210.18,889,626,4.66,30.85,110,33.49,10,180,15,68.67,3.62,12.02,1,80.65,100.38,0.856,104.16,Mobile App,West,3247.83
REC002740,2023-02-12,164.31,864,653,3.45,82.9,112,49.61,15,211,8,47.68,3.97,9.12,3,92.37,93.93,1.24,98.23,Website,East,13251.54
REC001297,2023-02-13,70.7,931,628,5.12,17.03,130,51.9,25,174,6,69.25,3.97,1.0,3,89.84,90.48,1.296,105.73,Mobile App,Central,3594.7
REC005524,2023-02-14,99.82,883,660,3.52,64.49,128,25.49,30,206,6,56.17,4.96,7.77,2,87.23,94.06,0.798,95.4,Mobile App,Central,7591.64
REC004244,2023-02-14,200.28,870,618,4.21,33.36,114,50.64,25,193,15,56.25,3.98,4.19,1,86.98,91.5,0.943,96.7,Website,Central,4083.39
REC002069,2023-02-14,122.63,916,613,5.24,16.55,118,30.89,15,191,10,66.0,2.81,5.49,1,96.37,122.38,0.918,100.75,Website,West,2683.22
REC005841,2023-02-15,257.3,869,653,4.98,26.56,108,31.44,10,169,3,47.29,3.94,12.16,2,81.33,102.74,0.809,100.63,Website,West,2647.41
REC005574,2023-02-15,91.4,856,642,3.11,25.2,110,27.56,30,172,2,53.07,4.95,5.66,3,96.09,93.02,1.132,97.82,Marketplace,South,3240.06
REC004527,2023-02-15,78.49,862,598,3.25,45.23,126,36.64,0,188,10,50.32,3.87,8.0,1,79.43,96.98,0.941,95.35,Website,Central,5789.58
REC002099,2023-02-15,46.18,916,629,4.3,91.23,110,46.08,20,199,1,75.22,4.79,7.87,2,95.76,85.35,0.893,107.19,Mobile App,Central,11414.41
REC005851,2023-02-15,285.25,883,670,3.28,57.5,101,30.55,0,188,2,49.63,3.35,5.14,3,94.43,99.0,1.276,89.05,Mobile App,East,9442.76
REC001275,2023-02-16,263.87,899,626,2.25,35.09,117,62.72,15,182,8,51.98,3.99,0.7,1,77.9,92.54,1.301,111.03,Website,East,5916.37
REC001170,2023-02-16,148.43,882,677,1.8,45.5,133,35.45,5,192,7,56.59,4.23,6.83,4,95.95,103.92,1.323,93.62,Marketplace,North,8966.44
REC002696,2023-02-16,174.59,940,641,4.86,100.2,141,27.51,20,192,10,42.99,3.63,7.33,1,95.45,119.64,1.079,97.53,Mobile App,South,20567.65
REC000054,2023-02-16,90.79,912,627,4.44,23.71,114,45.82,15,196,0,62.57,3.91,7.33,0,92.91,99.85,0.91,97.94,Marketplace,East,2925.55
REC001469,2023-02-16,364.15,909,660,5.38,37.76,104,33.96,5,199,4,47.25,3.97,8.17,2,91.67,118.18,0.939,93.17,Mobile App,North,5470.59
REC001869,2023-02-16,198.43,870,671,2.32,55.57,105,21.9,10,227,9,50.55,4.66,5.59,1,87.36,103.11,0.823,108.74,Marketplace,North,5114.04
REC004808,2023-02-17,162.28,904,665,5.87,53.77,122,21.86,30,176,4,57.97,4.28,5.25,2,85.21,103.16,1.116,101.8,Marketplace,Central,7385.01
REC003118,2023-02-17,462.83,945,656,3.85,15.55,115,51.79,25,188,4,60.0,4.12,3.59,0,92.03,101.38,0.88,100.66,Mobile App,South,2041.33
REC001359,2023-02-17,54.54,935,588,4.94,17.1,119,40.98,15,202,11,50.02,4.61,5.06,2,96.82,95.84,0.787,100.54,Marketplace,East,1778.55
REC000132,2023-02-17,199.27,859,628,3.93,38.82,111,27.02,25,187,15,65.59,4.01,6.75,0,100.0,82.94,1.265,107.98,Website,East,7474.71
REC004540,2023-02-17,50.33,881,644,3.91,42.84,109,41.6,20,192,6,71.96,4.64,8.7,4,89.28,106.58,0.838,106.21,Mobile App,Central,4340.26
REC005038,2023-02-18,184.53,908,662,4.03,92.4,103,36.55,15,231,1,47.35,3.83,7.85,3,100.0,101.97,1.325,102.34,Mobile App,South,17368.61
REC003737,2023-02-18,133.39,880,609,2.93,33.82,116,38.59,10,192,0,47.28,4.27,13.06,1,89.23,113.83,0.998,99.06,Mobile App,Central,4972.45
REC004009,2023-02-18,206.69,867,579,4.64,33.02,121,38.4,5,172,11,45.75,5.0,10.27,1,93.46,101.84,1.312,101.27,Marketplace,North,6078.22
REC005253,2023-02-18,286.39,909,663,2.09,82.61,98,30.55,15,183,11,51.7,4.89,10.13,1,97.11,117.57,1.086,99.86,Mobile App,North,12492.17
REC001782,2023-02-18,100.38,889,625,2.69,25.39,119,57.26,10,185,2,53.48,3.08,6.34,1,95.03,84.99,0.794,107.18,Website,Central,2054.57
REC001290,2023-02-18,262.81,923,627,4.23,36.67,103,33.5,25,195,7,63.08,3.92,6.99,1,90.99,95.6,0.887,104.52,Website,North,3932.28
REC002979,2023-02-18,60.9,927,645,1.28,30.13,107,32.19,15,190,1,59.16,4.19,4.32,2,82.64,126.0,1.145,104.38,Mobile App,South,3826.58
REC003774,2023-02-18,71.65,928,645,4.29,52.71,113,52.84,10,181,6,61.93,3.41,2.86,1,89.37,97.09,0.777,108.42,Website,South,5863.31
REC000513,2023-02-18,441.66,905,659,5.16,60.34,129,37.03,5,198,5,59.79,4.1,4.66,1,89.56,111.69,0.949,99.84,Mobile App,North,9736.22
REC003629,2023-02-19,280.55,862,627,4.5,78.97,110,31.89,0,184,2,48.4,2.91,9.98,1,100.0,108.95,0.822,105.18,Website,South,9029.17
REC001260,2023-02-19,399.48,898,659,3.58,20.7,130,52.17,5,178,6,52.12,3.65,1.59,3,82.97,108.37,0.932,94.83,Mobile App,East,3174.11
REC001053,2023-02-19,241.77,926,628,5.16,53.24,101,42.29,15,207,4,69.38,4.57,4.08,1,100.0,115.75,1.063,88.52,Mobile App,West,8632.58
REC005861,2023-02-19,76.98,927,612,3.15,65.36,124,47.91,20,196,5,52.72,3.9,7.04,1,85.27,92.55,0.775,105.09,Mobile App,North,8097.15
REC001239,2023-02-19,82.55,884,619,3.31,30.09,101,32.43,20,192,9,64.86,3.25,9.06,1,88.23,121.17,1.296,100.12,Website,East,4896.88
REC001925,2023-02-20,22.87,987,687,3.96,24.4,107,27.74,25,203,10,60.73,4.27,3.24,1,94.48,128.09,1.289,95.96,Mobile App,North,4336.44
REC002007,2023-02-20,251.68,942,659,2.53,20.61,116,32.02,0,172,10,41.5,3.71,8.1,1,87.68,76.82,0.988,102.37,Website,Central,2633.2
REC003203,2023-02-20,74.1,900,653,4.39,38.73,110,21.36,5,198,6,53.74,5.0,6.86,2,86.66,114.08,1.068,92.13,Website,West,5154.75
REC005101,2023-02-20,406.34,875,687,3.69,33.39,117,40.5,15,208,5,76.66,3.65,10.81,4,94.55,99.74,1.284,105.88,Website,South,6177.27
REC001335,2023-02-21,122.66,886,633,4.5,46.38,92,28.82,15,195,10,54.41,2.82,6.21,3,97.76,110.92,1.15,112.75,Website,North,5885.42
REC002585,2023-02-21,71.41,948,663,5.59,42.59,145,25.02,25,182,14,70.82,3.77,9.87,4,86.99,96.38,1.232,103.09,Website,South,6636.05
REC000562,2023-02-21,144.84,985,628,3.05,16.22,118,49.42,25,184,6,36.39,3.15,3.99,1,88.04,112.13,0.843,96.53,Website,North,2121.07
REC001388,2023-02-21,83.63,914,622,3.95,41.62,117,46.31,15,200,0,55.89,4.16,9.6,0,100.0,84.62,1.347,103.59,Website,East,8966.43
REC004940,2023-02-22,139.58,940,638,3.91,44.34,106,34.93,25,193,7,63.82,4.77,6.58,2,87.92,83.12,0.925,107.04,Website,North,4976.17
REC003341,2023-02-22,36.81,957,643,4.3,18.8,117,41.13,10,175,13,49.15,5.0,1.83,0,92.11,97.24,0.94,104.66,Website,East,2773.37
REC005951,2023-02-22,596.11,898,614,3.57,47.81,119,59.48,5,197,8,48.79,2.87,6.1,1,81.56,106.49,1.299,98.08,Mobile App,Central,9385.35
REC005358,2023-02-22,58.37,861,599,2.7,21.24,104,46.22,15,187,10,63.03,4.92,11.7,2,95.68,99.98,0.909,100.98,Website,Central,2510.77
REC005234,2023-02-23,129.79,876,653,3.84,68.89,139,27.17,25,159,0,69.21,4.35,8.01,2,92.44,94.4,1.033,108.82,Website,East,11459.01
REC000961,2023-02-23,143.87,877,623,3.46,45.72,125,53.63,20,208,5,58.13,4.02,4.17,3,87.95,114.68,1.028,98.31,Website,East,7030.94
REC002898,2023-02-23,62.47,887,651,3.73,45.38,106,29.27,25,200,0,63.87,3.4,6.47,1,86.38,97.79,1.327,91.77,Mobile App,South,6763.77
REC004935,2023-02-24,252.01,864,618,4.18,62.21,111,35.67,10,175,3,73.1,5.0,15.35,2,82.09,83.53,0.884,100.65,Website,South,6087.0
REC000450,2023-02-24,215.68,908,659,3.59,36.42,110,42.91,20,195,15,72.96,3.39,6.72,2,95.94,105.93,0.911,102.29,Marketplace,Central,3829.79
REC000757,2023-02-24,231.71,888,708,4.05,42.6,120,28.67,20,195,11,57.89,3.33,8.57,2,77.49,87.99,0.919,102.04,Mobile App,West,5537.52
REC002922,2023-02-24,150.74,918,615,3.36,15.57,133,43.49,30,172,7,52.46,2.98,13.93,3,89.88,78.9,0.888,95.46,Mobile App,West,2204.8
REC002768,2023-02-24,132.53,858,668,4.81,64.89,105,43.27,30,180,7,65.08,4.72,11.22,0,100.0,104.46,0.763,103.61,Website,West,6397.71
REC004102,2023-02-25,120.96,888,616,4.78,32.04,120,42.26,15,204,15,55.48,4.45,9.63,2,84.1,99.05,1.334,100.9,Website,North,6368.9
REC000021,2023-02-25,67.91,886,655,2.64,14.1,102,20.17,30,177,3,37.8,4.01,9.78,0,89.73,105.52,0.819,95.6,Mobile App,Central,1360.76
REC002897,2023-02-26,121.14,921,620,3.92,21.17,107,40.52,0,167,6,53.59,4.45,11.98,0,88.6,109.95,1.322,105.83,Mobile App,North,3800.61
REC003246,2023-02-26,97.79,927,637,3.64,22.24,128,71.97,10,204,6,39.97,4.75,9.19,2,83.58,101.68,0.963,94.35,Marketplace,North,2689.86
REC002097,2023-02-26,148.6,907,645,4.21,25.11,118,43.59,15,186,8,71.53,4.5,11.36,2,87.75,123.21,0.881,97.15,Marketplace,South,2804.73
REC004888,2023-02-26,16.32,865,661,3.78,42.12,108,47.85,5,185,10,60.63,4.91,3.17,1,100.0,89.58,1.151,107.2,Website,North,6846.52
REC003639,2023-02-27,196.85,899,672,3.49,91.52,111,32.84,10,192,8,38.32,4.38,5.39,6,92.3,104.53,1.286,103.98,Website,South,13483.54
REC002202,2023-02-27,258.93,853,653,4.69,64.71,116,39.61,25,239,15,57.62,3.6,9.88,2,91.94,93.05,1.212,99.45,Website,West,11987.14
REC002451,2023-02-27,115.36,921,618,3.27,29.55,121,30.46,20,192,4,40.61,4.35,3.19,1,92.87,113.23,1.324,100.56,Website,North,5157.63
REC001242,2023-02-27,162.81,918,631,3.93,24.37,103,36.9,25,191,12,62.68,4.42,7.02,1,85.75,114.11,1.048,93.25,Mobile App,Central,3530.46
REC002779,2023-02-27,284.83,866,666,4.96,19.44,126,34.94,5,203,4,55.68,3.99,9.28,1,87.01,95.93,0.949,104.82,Website,Central,2789.75
REC000244,2023-02-27,108.76,851,621,3.56,18.98,123,63.18,0,202,10,74.56,4.25,4.96,2,83.97,91.06,1.305,103.51,Mobile App,South,3760.97
REC001967,2023-02-27,92.21,912,692,3.85,42.79,112,24.21,20,175,6,67.91,3.44,2.8,3,84.22,79.91,1.138,99.75,Website,North,5557.07
REC003546,2023-02-28,189.11,913,599,4.07,13.51,129,58.41,0,201,8,81.28,4.86,9.91,1,82.87,85.99,1.306,96.97,Website,North,2760.68
REC004287,2023-02-28,143.73,867,618,5.14,101.77,121,45.36,5,180,9,75.4,4.08,12.12,1,84.23,96.1,0.997,95.71,Mobile App,West,14423.91
REC000139,2023-03-01,191.01,911,595,4.95,82.13,108,28.38,5,177,7,56.56,3.35,3.22,0,96.82,90.85,1.009,104.93,Mobile App,West,14703.13
REC002974,2023-03-01,222.9,902,673,1.3,171.14,108,27.47,15,195,6,36.58,4.39,7.81,2,84.48,79.9,0.8,100.58,Mobile App,West,16775.67
REC003630,2023-03-01,238.38,867,595,2.5,34.77,137,69.25,0,200,6,37.1,4.74,1.17,2,88.25,98.4,0.963,102.02,Website,Central,5682.98
REC001225,2023-03-01,212.37,935,645,4.07,58.3,112,28.04,20,186,15,56.28,3.88,14.27,2,86.66,108.16,1.201,98.24,Website,South,8277.03
REC001695,2023-03-01,525.58,896,621,4.13,94.18,112,45.22,10,192,3,58.38,4.83,9.17,2,90.1,93.53,1.212,103.47,Mobile App,West,16601.34
REC001386,2023-03-01,84.39,913,626,3.78,21.32,107,42.94,0,177,14,66.49,4.21,16.67,1,99.8,96.26,0.854,105.2,Marketplace,East,2148.7
REC005032,2023-03-02,164.13,925,640,3.94,110.21,132,47.55,15,193,15,74.43,4.85,5.01,2,86.23,91.45,1.31,107.64,Mobile App,North,27566.69
REC000608,2023-03-02,188.95,881,626,5.05,97.81,121,54.53,30,186,8,56.57,4.25,10.92,2,93.24,76.75,0.871,92.06,Website,West,13471.73
REC001456,2023-03-02,288.13,890,661,3.65,15.84,133,53.05,20,196,2,54.07,3.77,11.0,3,97.5,106.59,0.771,104.04,Website,North,2241.36
REC004340,2023-03-02,567.93,917,645,4.53,59.93,107,42.51,5,180,12,52.69,3.75,0.5,2,83.55,72.42,1.127,90.62,Marketplace,South,8324.89
REC000910,2023-03-02,134.89,867,599,2.95,53.53,103,45.11,30,193,2,64.97,3.44,6.66,1,82.54,122.09,1.001,98.94,Mobile App,South,5857.14
REC000781,2023-03-03,82.08,862,600,4.01,60.31,116,40.93,25,195,4,72.79,4.59,3.85,0,89.94,72.58,0.838,98.03,Mobile App,East,6716.44
REC002261,2023-03-03,108.14,864,634,1.7,26.92,106,21.39,15,177,13,58.35,5.0,9.57,1,87.83,90.89,1.053,96.77,Website,East,3253.64
REC004129,2023-03-04,105.81,941,635,4.09,48.71,111,32.47,10,202,15,39.48,4.75,7.25,2,100.0,80.28,1.312,105.47,Website,North,9891.2
REC004028,2023-03-04,191.47,855,650,2.89,52.33,105,45.26,25,213,9,66.86,4.63,0.5,1,93.98,104.41,1.162,93.58,Website,North,8177.03
REC001903,2023-03-04,301.14,883,658,2.61,31.85,132,27.02,20,172,10,50.64,3.36,8.91,2,96.21,99.99,0.942,101.69,Mobile App,East,4759.56
REC001091,2023-03-05,82.72,956,605,3.33,80.92,105,17.31,30,194,8,55.86,3.56,12.46,3,98.1,100.84,0.823,102.08,Website,East,9115.2
REC005049,2023-03-05,430.55,900,673,3.77,36.37,123,52.47,5,189,8,63.34,3.33,7.05,1,85.94,126.87,0.79,101.21,Website,East,4286.64
REC004898,2023-03-05,239.63,839,656,3.28,38.66,128,34.47,0,167,15,44.97,4.36,5.36,1,88.02,116.83,0.893,96.97,Marketplace,South,4932.45
REC003101,2023-03-06,45.42,940,599,4.5,37.93,110,32.8,20,184,10,42.58,3.94,7.21,2,99.62,98.8,1.031,95.86,Website,North,5746.49
REC000553,2023-03-07,191.87,935,630,3.41,11.14,106,43.46,0,185,15,45.21,4.22,13.04,0,84.83,100.86,1.181,101.09,Website,North,1718.71
REC003287,2023-03-07,205.89,925,686,3.19,25.25,131,36.12,15,161,0,46.82,3.83,13.48,1,100.0,86.52,1.233,105.71,Mobile App,North,5480.15
REC002071,2023-03-07,33.01,888,662,3.34,71.44,110,16.87,25,181,0,74.06,4.88,7.13,0,100.0,117.71,0.964,95.98,Mobile App,South,10039.69
REC002330,2023-03-07,471.47,865,631,2.58,18.3,118,39.68,10,193,3,51.63,4.04,10.02,3,89.38,121.11,0.958,94.18,Mobile App,South,2165.0
REC000674,2023-03-07,202.48,911,633,4.41,47.92,109,30.61,10,194,7,45.52,3.58,7.13,4,92.11,116.58,1.336,94.6,Website,West,9249.18
REC002844,2023-03-08,96.91,950,660,3.98,29.76,114,40.47,20,208,13,47.5,4.48,4.27,4,100.0,107.51,0.974,101.34,Website,East,4823.26
REC004474,2023-03-08,386.11,890,632,2.18,39.47,101,33.29,25,206,14,50.09,4.34,2.99,1,90.36,115.93,0.768,87.01,Website,West,3531.66
REC005180,2023-03-08,75.27,829,632,3.11,17.56,117,42.91,5,191,2,46.5,4.64,3.31,1,100.0,76.4,1.048,95.84,Marketplace,North,2476.81
REC000662,2023-03-09,221.83,883,597,2.69,48.7,117,36.12,20,180,12,58.15,4.02,2.71,3,97.7,96.57,1.105,106.15,Website,West,8149.38
REC005992,2023-03-09,239.77,907,665,2.43,67.77,111,59.94,15,180,13,49.47,2.82,11.07,1,83.49,98.41,1.336,102.46,Website,North,12067.21
REC000200,2023-03-09,429.37,911,672,5.41,35.25,124,43.93,15,206,0,39.0,3.87,10.66,1,89.87,108.53,0.987,97.18,Mobile App,North,6209.04
REC005580,2023-03-09,95.76,896,648,4.22,38.42,118,31.25,15,211,11,53.9,4.42,0.62,2,99.2,120.72,0.834,99.61,Mobile App,Central,5902.28
REC004863,2023-03-09,166.74,918,671,2.74,37.45,123,23.84,20,221,7,51.96,4.89,8.28,1,98.79,100.78,0.779,101.26,Mobile App,South,4342.07
REC003262,2023-03-09,274.11,914,676,4.28,24.72,107,8.0,0,185,15,62.08,4.59,5.98,1,92.56,94.63,1.231,98.62,Mobile App,South,3964.53
REC003913,2023-03-09,455.75,895,604,3.83,36.56,97,40.41,10,185,9,65.79,4.15,12.13,0,100.0,80.5,0.915,100.92,Website,South,4091.12
REC001714,2023-03-09,130.38,888,641,3.48,23.75,107,41.67,30,171,7,37.32,4.29,7.85,6,95.66,88.58,0.93,90.85,Website,East,2401.44
REC002100,2023-03-10,113.94,920,668,4.41,37.4,118,22.59,15,191,11,29.01,3.77,10.26,3,87.91,100.06,0.882,97.06,Website,East,4233.05
REC000072,2023-03-11,56.34,866,609,4.32,84.69,109,36.48,20,195,9,57.36,5.0,2.81,2,97.4,120.1,1.344,106.41,Website,South,13916.42
REC000485,2023-03-11,197.93,845,641,3.75,42.94,111,27.53,15,188,1,64.46,4.84,4.31,0,100.0,91.44,1.176,102.15,Mobile App,West,8765.34
REC001391,2023-03-12,131.29,944,676,3.95,23.69,111,37.64,5,168,14,52.7,3.62,5.51,1,99.1,104.17,0.952,100.44,Website,Central,3523.76
REC003587,2023-03-12,453.93,925,640,4.42,20.25,113,34.07,20,174,1,46.41,4.44,5.92,1,98.54,108.76,0.831,106.06,Mobile App,Central,2749.58
REC002734,2023-03-12,387.67,927,672,4.1,133.78,114,45.89,30,173,4,68.78,3.64,9.5,4,90.16,120.09,1.249,95.91,Website,West,27150.34
REC005975,2023-03-12,299.33,895,619,3.54,51.41,112,39.5,20,180,0,69.19,3.99,10.75,1,92.56,94.02,0.823,102.09,Mobile App,East,6798.19
REC001228,2023-03-12,72.91,889,654,2.84,58.82,109,41.43,0,195,1,61.79,3.76,5.46,2,100.0,99.49,1.032,102.39,Website,Central,9344.15
REC000487,2023-03-12,489.23,877,633,2.63,80.17,116,42.87,15,201,11,74.6,4.95,13.0,2,90.7,91.54,1.063,97.42,Mobile App,Central,12301.81
REC003032,2023-03-12,119.43,915,688,7.61,98.31,105,21.47,30,209,8,83.25,4.34,7.5,3,92.69,109.52,1.043,98.26,Website,East,14535.29
REC000921,2023-03-13,168.3,936,644,3.58,21.34,119,59.99,10,178,2,69.56,3.6,9.36,1,100.0,84.9,1.309,95.79,Mobile App,South,4589.42
REC001520,2023-03-13,79.43,922,637,2.9,86.94,116,26.23,15,180,9,69.92,5.0,8.43,0,88.95,90.27,0.962,103.43,Mobile App,West,11851.5
REC001893,2023-03-14,91.75,925,626,3.78,54.08,122,29.14,20,179,8,55.88,4.11,15.12,0,85.83,84.37,1.237,97.52,Marketplace,West,9786.02
REC002217,2023-03-14,77.86,929,629,2.44,25.32,112,47.45,20,158,11,45.8,3.66,7.84,1,93.26,81.57,0.94,103.31,Website,East,2952.26
REC001538,2023-03-15,409.16,887,647,4.84,36.87,112,19.53,25,192,2,50.91,3.51,10.85,1,100.0,121.48,1.325,99.87,Website,East,7005.16
REC004195,2023-03-15,153.3,975,648,3.39,29.16,106,42.11,5,180,14,53.11,3.3,3.51,4,92.74,99.61,1.003,100.03,Website,Central,3379.11
REC000099,2023-03-15,53.92,923,671,3.34,67.03,106,47.43,15,171,9,65.99,3.8,4.88,0,89.88,99.69,1.071,93.65,Website,South,7839.69
REC000706,2023-03-15,316.93,893,608,4.3,94.16,106,16.65,15,203,14,79.56,4.96,11.76,3,99.88,102.82,0.987,100.08,Marketplace,West,12114.1
REC000419,2023-03-15,285.3,903,629,4.07,52.18,116,34.89,30,170,9,58.41,4.72,14.6,1,83.42,104.88,0.889,99.81,Marketplace,Central,5434.69
REC005663,2023-03-15,190.62,924,642,3.25,60.84,116,32.19,20,186,15,35.26,4.85,6.43,0,100.0,70.85,0.819,95.84,Website,South,6858.78
REC000325,2023-03-16,132.4,879,611,3.51,39.09,110,34.49,10,205,10,45.05,3.76,9.83,0,93.16,81.7,0.922,94.95,Website,Central,5410.05
REC005275,2023-03-17,168.71,921,676,4.83,15.91,104,46.22,20,189,9,64.55,4.95,6.1,1,89.77,108.34,1.129,104.9,Mobile App,North,2501.28
REC002411,2023-03-18,184.09,907,647,2.5,50.44,113,50.4,15,199,0,37.67,5.0,5.61,3,95.98,124.73,1.057,86.33,Mobile App,West,8639.94
REC000194,2023-03-18,191.36,870,684,4.55,36.3,109,37.65,15,180,15,50.97,4.44,5.09,0,97.45,92.74,1.279,98.36,Website,North,6458.49
REC004793,2023-03-18,85.14,937,660,3.31,41.15,107,31.31,20,203,14,52.14,5.0,4.75,2,84.92,82.02,1.21,105.54,Website,East,6029.13
REC003667,2023-03-18,242.07,952,657,3.96,48.36,123,26.4,25,203,5,51.69,4.12,7.02,2,80.31,98.68,0.947,96.45,Website,West,5722.81
REC000782,2023-03-18,64.12,874,649,4.6,78.08,131,32.96,10,178,15,72.36,3.64,6.0,0,90.5,96.86,0.893,105.16,Website,Central,11409.8
REC000908,2023-03-19,361.15,917,610,4.56,33.68,126,43.15,30,192,10,48.73,4.1,9.34,2,75.33,70.72,0.982,95.3,Mobile App,East,4072.65
REC000815,2023-03-19,91.65,895,611,4.7,66.41,102,32.75,5,179,15,51.04,4.62,13.66,0,84.99,102.06,1.218,93.94,Website,East,9719.39
REC000189,2023-03-19,199.34,965,676,4.2,51.23,117,41.2,30,185,10,60.88,3.94,4.71,2,91.59,75.06,0.995,104.78,Website,West,8173.78
REC003056,2023-03-19,125.72,978,686,3.62,59.57,124,49.56,10,232,10,55.88,3.86,7.69,2,95.93,107.62,1.213,101.4,Website,North,11575.16
REC000319,2023-03-19,346.14,941,693,4.48,56.61,134,30.32,10,191,11,76.98,3.45,0.5,1,90.59,98.65,1.017,100.63,Website,West,10928.88
REC000350,2023-03-19,147.92,872,646,6.48,36.28,107,8.0,5,189,12,64.83,4.33,4.23,2,94.02,78.23,0.946,101.84,Website,North,4606.74
REC001552,2023-03-20,394.71,875,651,3.23,29.01,101,53.29,5,206,13,67.86,3.85,6.32,0,84.72,118.49,1.299,105.14,Mobile App,South,4870.53
REC005543,2023-03-20,659.46,853,633,4.79,28.87,123,40.24,10,186,15,53.82,4.17,3.37,1,93.4,100.92,0.795,89.06,Website,Central,3660.39
REC005903,2023-03-20,151.16,876,598,3.57,17.67,121,56.1,15,208,8,49.55,5.0,8.94,2,96.48,102.62,0.972,108.02,Marketplace,North,2453.31
REC003712,2023-03-20,55.36,931,622,3.01,28.63,128,44.01,15,218,1,68.88,4.21,14.09,2,91.45,101.84,0.86,93.91,Mobile App,North,4106.18
REC000497,2023-03-20,58.45,850,606,3.19,55.17,109,48.62,0,216,13,59.53,4.63,7.28,2,85.12,101.54,0.941,108.59,Website,Central,5946.77
REC002132,2023-03-21,163.05,899,651,1.81,25.73,131,21.04,10,167,3,46.74,4.28,3.01,0,90.15,102.79,1.183,106.49,Mobile App,North,4277.71
REC003442,2023-03-22,198.54,876,648,4.1,27.55,110,62.33,0,214,9,70.36,3.59,10.02,2,100.0,92.34,0.851,112.08,Website,South,3490.88
REC000341,2023-03-22,143.14,953,647,2.1,19.03,102,29.31,10,195,13,54.46,4.22,7.37,2,84.42,93.28,1.118,94.71,Mobile App,North,2452.37
REC005450,2023-03-22,98.78,904,670,3.73,39.55,116,35.16,15,187,4,41.95,4.86,17.39,1,94.26,116.89,1.019,109.3,Mobile App,Central,6167.23
REC003772,2023-03-23,154.78,919,651,3.66,36.04,128,35.77,15,187,4,66.55,5.0,7.51,1,95.35,114.98,1.131,103.78,Website,South,5311.64
REC004809,2023-03-23,590.36,963,621,3.91,32.24,119,46.62,25,172,14,49.72,4.18,6.69,1,96.09,108.66,1.15,100.7,Marketplace,South,5263.18
REC003295,2023-03-23,51.42,866,660,3.66,39.06,109,30.06,0,175,0,50.67,4.08,3.31,2,82.9,88.81,1.277,92.85,Website,Central,5725.94
REC001307,2023-03-23,105.48,914,602,2.66,122.82,110,46.25,25,195,7,36.58,4.02,7.55,0,92.94,92.51,0.833,108.58,Marketplace,West,13490.84
REC004426,2023-03-23,175.18,888,659,2.69,31.75,97,39.69,10,194,9,45.0,3.21,11.05,0,90.82,94.84,0.987,96.73,Website,West,3566.11
REC002465,2023-03-24,260.25,887,615,3.97,29.67,137,67.38,5,194,0,50.93,4.22,5.45,1,94.39,95.12,0.962,98.27,Mobile App,East,5827.9
REC003687,2023-03-24,185.97,913,614,4.99,16.55,115,43.38,15,213,10,61.25,4.72,6.79,4,96.06,116.32,0.968,101.67,Website,East,2610.63
REC000552,2023-03-24,212.8,959,680,1.55,30.48,121,50.64,20,190,15,60.25,4.33,0.5,3,94.61,85.16,1.092,100.6,Website,South,4347.73
REC004109,2023-03-24,219.3,853,648,5.05,22.49,102,38.58,30,198,2,73.52,4.12,12.2,1,89.26,104.84,1.334,103.11,Marketplace,South,3419.59
REC003001,2023-03-24,31.71,934,682,5.71,60.82,110,42.84,15,201,14,54.22,3.42,4.05,3,93.38,113.02,1.074,96.64,Website,East,7796.15
REC003585,2023-03-25,94.08,928,634,1.32,58.75,119,28.66,20,180,4,66.26,3.92,11.28,2,97.74,114.47,0.86,98.1,Mobile App,South,7196.64
REC004019,2023-03-25,74.19,905,659,2.6,15.98,116,40.33,5,209,1,67.55,4.43,7.53,2,94.11,108.63,1.332,97.02,Mobile App,East,3065.49
REC001180,2023-03-25,247.83,885,600,4.28,44.79,98,14.08,5,179,9,55.49,4.29,17.58,2,93.43,103.47,1.218,97.88,Mobile App,Central,7004.82
REC002770,2023-03-26,400.8,886,639,4.48,55.73,126,47.26,10,187,7,53.28,3.68,9.47,4,87.07,81.06,1.328,94.13,Mobile App,West,13095.11
REC003520,2023-03-26,266.21,909,631,2.82,13.2,127,40.97,5,184,8,51.15,3.92,3.43,0,99.57,115.47,0.842,95.29,Marketplace,West,1950.83
REC004654,2023-03-26,151.1,875,636,3.84,45.78,114,17.6,5,185,5,39.62,3.6,8.36,4,95.79,109.3,0.81,97.5,Mobile App,Central,5726.27
REC003214,2023-03-27,85.4,863,671,3.19,23.95,130,34.29,15,173,1,65.89,4.27,10.13,1,94.55,88.97,1.082,95.3,Website,North,3835.61
REC001875,2023-03-27,350.39,888,640,3.57,55.84,128,22.02,10,193,7,53.95,3.15,11.89,4,85.34,103.29,1.028,107.11,Website,West,8901.22
REC002424,2023-03-27,301.03,885,643,2.32,20.19,126,39.56,15,169,4,42.3,3.14,4.5,1,76.53,111.36,1.323,100.65,Marketplace,West,3180.25
REC005536,2023-03-27,67.86,938,663,3.44,20.16,125,31.48,5,191,0,87.76,3.79,11.24,2,94.22,92.42,0.945,97.45,Website,West,3131.72
REC003241,2023-03-27,731.14,874,638,3.73,149.23,124,34.69,5,198,8,72.47,3.98,13.7,1,90.94,86.45,1.268,101.85,Marketplace,South,26367.67
REC002287,2023-03-28,109.25,890,608,4.29,149.4,111,66.75,0,180,10,50.87,4.1,9.05,0,88.15,103.77,0.848,91.79,Website,West,17099.74
REC000025,2023-03-28,94.24,939,658,3.65,18.87,141,53.01,5,209,8,59.57,3.1,12.37,1,92.46,91.7,1.193,103.6,Marketplace,North,3633.4
REC005062,2023-03-29,64.85,946,647,3.83,27.99,103,20.62,10,189,1,66.5,4.62,15.23,0,88.71,108.73,1.072,105.57,Mobile App,East,3927.94
REC003528,2023-03-29,192.55,924,648,3.03,39.6,103,27.91,5,181,6,65.79,3.88,3.75,2,100.0,117.03,1.222,94.98,Mobile App,West,7898.4
REC002142,2023-03-29,359.36,854,624,2.03,47.91,142,41.49,5,202,14,70.29,3.52,6.79,1,90.5,99.59,0.92,108.14,Mobile App,North,7703.66
REC004988,2023-03-30,128.33,904,633,2.2,43.01,103,48.14,0,198,3,73.4,4.35,5.35,1,100.0,91.62,1.049,97.76,Mobile App,North,5836.08
REC004256,2023-03-30,158.13,874,697,3.24,38.01,114,30.47,5,225,9,65.6,3.86,9.78,0,89.59,102.07,1.157,98.32,Marketplace,East,5102.45
REC002005,2023-03-30,162.83,910,605,3.17,82.23,117,22.5,25,191,15,58.49,4.43,11.71,0,92.06,96.6,1.156,94.39,Mobile App,East,13330.81
REC003132,2023-03-30,99.98,878,664,4.47,49.47,112,26.67,0,200,12,75.19,3.73,7.32,0,100.0,79.42,0.828,103.13,Marketplace,Central,5561.56
REC003181,2023-03-30,165.95,869,594,5.12,90.54,116,30.41,0,199,4,26.29,4.27,4.34,1,96.33,110.31,1.087,98.97,Website,North,16357.24
REC004361,2023-03-30,62.71,882,623,6.28,7.5,129,32.18,5,163,5,57.85,4.93,4.93,0,81.9,104.28,1.321,101.26,Website,North,1385.19
REC003970,2023-03-30,45.39,939,665,3.07,62.78,117,28.27,15,170,3,68.47,3.98,8.99,0,96.04,82.2,1.221,109.03,Website,North,11496.55
REC003322,2023-03-30,244.79,896,678,4.69,19.55,103,29.7,15,160,1,57.79,5.0,14.91,2,98.23,98.22,1.191,98.83,Mobile App,Central,3156.7
REC001732,2023-03-30,166.31,886,621,5.57,26.14,112,31.09,5,178,6,70.48,3.51,7.77,1,89.18,94.25,1.069,101.63,Marketplace,North,3234.22
REC001253,2023-03-30,209.53,917,643,4.22,122.69,105,31.75,5,176,0,77.68,4.04,13.17,3,100.0,122.08,1.122,96.44,Mobile App,South,22226.16
REC004751,2023-03-30,135.66,917,680,2.99,25.93,108,30.2,30,195,0,38.62,3.75,0.5,1,94.59,100.61,1.316,95.67,Mobile App,West,5701.69
REC000240,2023-03-31,98.57,902,666,4.19,42.79,111,32.2,5,182,2,50.11,4.87,12.72,4,97.23,95.55,0.993,99.38,Website,East,5004.32
REC000318,2023-03-31,174.73,841,598,3.04,42.32,90,55.99,5,188,15,43.92,3.09,7.88,1,85.63,118.8,0.978,103.88,Website,East,5130.04
REC003357,2023-03-31,149.28,909,640,3.73,23.19,107,51.82,15,206,6,62.74,3.78,8.84,2,91.26,108.02,0.919,106.95,Marketplace,North,2759.92
REC005227,2023-03-31,86.63,896,647,3.16,54.01,122,44.64,20,188,3,56.05,4.16,3.96,3,97.58,99.2,0.901,102.7,Marketplace,South,6597.59
REC004439,2023-04-01,171.21,921,669,4.77,23.21,116,46.45,20,177,15,47.36,5.0,6.03,2,76.17,111.9,0.897,96.11,Website,West,2818.55
REC000526,2023-04-01,197.62,891,654,4.0,105.77,137,37.38,15,189,0,68.14,4.39,7.14,4,91.52,107.85,1.024,91.29,Mobile App,Central,18661.74
REC004487,2023-04-01,76.55,869,637,3.99,33.06,125,43.96,15,198,1,60.94,4.85,12.02,0,97.54,90.82,0.871,92.36,Website,South,4489.21
REC001013,2023-04-01,610.41,889,648,2.85,26.16,136,35.75,25,190,9,44.71,4.07,8.88,0,84.18,95.4,1.23,96.89,Website,East,4820.81
REC003635,2023-04-02,202.06,894,635,4.19,26.72,108,34.66,10,193,3,63.16,3.57,8.56,0,97.61,111.87,1.272,88.73,Website,North,5401.86
REC002024,2023-04-02,160.51,923,665,4.58,50.9,118,46.61,0,172,6,50.81,2.75,10.59,2,89.03,88.49,1.005,108.32,Mobile App,North,8487.58
REC001189,2023-04-02,148.4,929,609,2.95,62.98,114,73.52,25,172,1,46.36,3.44,3.95,2,97.91,110.92,1.027,103.55,Mobile App,East,10744.17
REC001027,2023-04-02,323.52,880,639,3.78,32.84,102,44.99,10,196,3,44.02,3.3,7.61,1,94.93,83.78,0.779,100.74,Mobile App,West,3457.96
REC001519,2023-04-02,149.23,880,593,1.92,19.39,127,38.38,15,180,4,74.15,3.31,4.54,1,89.82,109.93,1.096,99.81,Mobile App,South,3137.32
REC001357,2023-04-03,482.06,884,648,3.83,40.64,121,15.68,15,195,0,48.35,3.9,6.76,0,100.0,89.84,0.89,105.21,Mobile App,South,5409.81
REC005347,2023-04-03,137.81,843,659,5.26,18.11,102,32.41,0,205,12,43.01,3.83,8.36,2,85.51,111.58,0.775,93.87,Website,South,1693.38
REC003798,2023-04-04,66.38,917,637,5.36,209.37,104,45.65,0,180,1,58.12,3.81,11.8,1,100.0,98.0,1.031,99.16,Mobile App,South,33746.14
REC003454,2023-04-04,65.49,906,655,4.51,76.63,121,29.74,5,190,8,75.31,4.34,10.4,1,81.07,93.28,1.32,106.44,Website,Central,12579.93
REC001981,2023-04-04,78.0,928,651,3.83,29.61,111,50.77,5,197,11,57.46,5.0,5.24,2,89.27,114.24,0.84,105.48,Website,Central,3291.97
REC005560,2023-04-04,404.01,889,658,1.94,52.77,111,50.01,0,181,8,36.7,3.66,5.97,1,92.92,87.14,0.989,104.15,Marketplace,East,6783.43
REC003827,2023-04-04,274.12,934,587,3.07,19.82,100,36.56,15,192,6,54.7,4.51,6.81,5,92.21,94.21,1.126,107.6,Website,North,2742.37
REC002743,2023-04-05,127.14,883,691,3.19,56.39,127,58.83,5,217,11,26.71,4.35,11.37,0,80.25,94.1,1.199,91.71,Website,North,9738.02
REC004851,2023-04-05,177.52,880,626,5.61,14.56,110,49.65,25,192,7,68.2,3.43,7.85,0,91.68,94.6,1.124,101.37,Marketplace,South,2054.17
REC000185,2023-04-05,70.97,900,655,3.22,42.2,108,42.74,30,193,1,58.96,3.19,0.62,1,96.01,119.39,1.205,97.96,Marketplace,South,6015.39
REC004615,2023-04-05,274.74,890,672,3.65,94.44,113,41.97,10,207,4,48.74,2.95,5.33,0,91.52,102.75,1.247,97.29,Website,South,15904.49
REC004652,2023-04-05,143.98,931,609,2.96,56.2,105,24.83,20,196,6,81.27,4.37,11.34,0,84.02,90.54,0.876,101.77,Website,West,5633.05
REC001267,2023-04-05,40.27,890,649,4.42,78.6,115,37.81,5,196,2,78.03,3.01,13.23,0,80.89,70.0,0.942,88.26,Website,West,8972.23
REC002515,2023-04-06,360.85,885,624,4.17,27.97,94,12.57,10,206,10,60.53,3.2,6.98,2,92.39,97.3,0.839,89.13,Mobile App,East,2986.02
REC002523,2023-04-06,89.95,927,630,2.79,48.74,97,51.35,20,202,9,70.53,3.95,11.2,0,90.4,88.84,1.099,106.08,Mobile App,North,6891.98
REC003080,2023-04-06,365.55,849,622,3.65,118.81,114,57.57,15,185,0,51.4,4.95,9.03,1,97.06,113.41,1.18,105.01,Marketplace,West,19515.19
REC000153,2023-04-06,75.75,896,650,3.53,22.92,110,43.95,5,192,11,52.48,4.1,5.69,3,93.83,100.7,0.933,103.31,Marketplace,South,2388.37
REC000874,2023-04-06,133.67,871,640,4.19,63.74,123,34.74,15,204,15,59.42,3.87,13.49,2,93.5,98.47,0.866,107.89,Mobile App,West,9001.02
REC003769,2023-04-07,219.98,942,583,7.73,40.72,117,47.91,15,188,9,56.12,3.36,7.1,1,86.42,77.68,1.293,106.75,Website,West,7691.68
REC001941,2023-04-07,168.26,905,683,3.51,14.98,124,29.16,5,190,4,61.91,3.95,12.57,3,95.94,92.66,1.226,97.04,Website,West,2840.23
REC004086,2023-04-07,65.5,883,652,3.45,21.45,104,45.86,20,195,7,55.51,3.84,11.91,0,98.63,113.18,1.224,104.13,Mobile App,North,3952.95
REC005690,2023-04-07,512.02,934,638,4.43,60.82,108,27.29,10,196,7,50.28,3.81,6.16,1,89.42,95.94,1.02,98.49,Mobile App,Central,8848.84
REC000743,2023-04-07,388.17,884,618,3.13,99.44,116,42.83,5,196,7,60.35,4.18,12.5,1,85.75,97.21,1.259,97.73,Mobile App,North,16867.59
REC002159,2023-04-07,204.66,966,670,2.74,25.61,100,18.19,10,182,14,69.97,4.75,7.16,2,91.32,120.72,0.837,105.75,Mobile App,West,2702.46
REC002173,2023-04-07,289.81,958,615,2.88,64.22,113,10.93,20,188,12,50.9,4.03,6.07,1,85.95,94.78,0.957,105.35,Mobile App,Central,8756.94
REC005552,2023-04-07,192.72,849,652,6.0,36.71,105,59.76,30,176,0,83.87,5.0,2.71,3,91.65,91.7,1.322,99.03,Mobile App,West,8135.53
REC003919,2023-04-08,103.38,913,627,3.04,11.7,121,32.8,10,192,10,48.63,4.13,8.59,1,77.14,98.1,0.791,106.29,Mobile App,South,988.69
REC005685,2023-04-08,112.04,913,651,4.65,30.19,137,45.66,15,200,7,77.97,4.22,7.93,0,88.64,102.69,0.953,90.09,Website,Central,4106.64
REC005305,2023-04-08,42.06,898,615,5.12,33.16,131,39.28,20,183,5,69.56,4.07,3.36,2,94.67,113.7,1.056,97.41,Mobile App,East,5737.75
REC001200,2023-04-08,125.51,871,693,5.23,36.58,134,36.35,20,164,9,36.49,4.79,9.75,1,93.74,98.54,1.213,94.03,Website,Central,6744.28
REC005031,2023-04-09,175.9,860,619,3.48,15.11,99,39.3,15,183,14,53.57,2.97,8.55,0,82.72,102.63,1.154,93.62,Marketplace,Central,1870.82
REC002258,2023-04-10,162.6,861,656,3.93,21.46,98,36.22,15,184,6,51.47,3.03,6.44,2,97.76,82.43,0.959,105.32,Marketplace,East,2273.81
REC002120,2023-04-10,182.23,878,611,5.13,50.01,111,48.38,10,170,14,54.26,2.79,8.88,1,82.6,99.84,1.217,97.03,Marketplace,Central,6936.5
REC000326,2023-04-10,259.41,919,597,3.46,36.39,121,13.3,5,196,6,47.04,3.95,6.03,2,92.1,91.83,1.313,93.95,Marketplace,South,6145.47
REC001595,2023-04-10,285.96,867,624,4.02,84.46,123,47.43,15,191,14,58.71,3.66,6.98,3,87.65,84.32,1.11,106.97,Marketplace,West,13674.32
REC002315,2023-04-10,464.51,914,607,3.05,32.96,115,58.75,10,179,14,61.05,3.77,13.34,0,79.64,98.88,0.825,99.23,Mobile App,South,3660.71
REC002547,2023-04-10,146.5,911,669,2.23,49.34,124,39.8,20,191,15,61.93,3.85,2.17,2,93.71,95.84,1.284,100.47,Website,West,9713.9
REC005955,2023-04-10,60.04,929,631,5.36,80.11,110,37.5,25,180,14,41.35,4.83,9.66,0,83.41,90.87,0.995,98.45,Website,West,9711.68
REC000274,2023-04-10,299.05,913,616,1.73,111.17,118,25.16,10,188,8,53.93,3.58,4.84,1,79.86,95.33,1.107,100.23,Website,Central,13894.98
REC003160,2023-04-11,221.65,885,635,4.49,50.08,112,36.27,20,188,12,69.71,4.54,6.76,3,97.99,111.72,1.247,105.15,Website,Central,8713.04
REC000638,2023-04-11,85.75,925,717,1.65,60.31,105,27.01,10,220,4,28.63,4.42,5.76,2,91.16,101.19,0.95,98.14,Marketplace,North,6701.86
REC000624,2023-04-11,127.73,887,603,5.04,74.12,119,37.92,5,197,9,57.67,3.92,3.0,3,97.75,95.01,1.069,90.91,Mobile App,East,13012.28
REC004575,2023-04-11,125.07,884,622,4.25,38.13,108,58.34,30,181,4,64.65,3.7,2.66,4,96.82,114.48,0.971,102.63,Website,West,4412.78
REC005711,2023-04-11,338.16,884,631,4.66,34.54,117,37.72,25,193,6,58.15,4.45,1.84,3,95.56,107.44,0.901,105.14,Mobile App,North,5142.7
REC002357,2023-04-12,150.35,871,644,4.25,23.54,120,45.32,5,188,3,67.69,3.82,2.49,0,85.57,105.21,1.29,104.17,Website,North,3857.93
REC004535,2023-04-12,160.67,866,659,3.39,48.03,118,31.48,10,206,8,79.14,4.1,10.55,1,83.77,88.21,0.858,93.62,Mobile App,Central,5606.39
REC001657,2023-04-13,139.39,940,699,1.62,18.17,127,44.08,0,195,3,63.37,4.12,10.95,1,91.81,95.58,1.003,95.09,Website,North,2407.21
REC000840,2023-04-13,361.85,915,612,3.79,57.47,118,22.2,20,173,13,53.77,5.0,9.18,2,70.74,106.53,1.038,92.63,Website,West,6255.49
REC004131,2023-04-13,149.37,891,613,5.47,122.47,150,43.94,20,180,15,75.3,3.6,8.65,1,98.65,73.22,1.228,106.18,Website,East,29509.09
REC004115,2023-04-13,181.01,949,632,3.8,15.2,122,40.06,5,188,15,60.15,4.37,10.97,2,90.97,100.66,1.15,104.35,Mobile App,South,2852.5
REC000095,2023-04-13,145.02,889,629,2.46,32.81,100,47.59,15,188,4,46.36,3.38,4.24,3,91.14,104.97,0.966,98.54,Marketplace,East,3105.2
REC004406,2023-04-13,128.09,888,694,3.31,68.68,109,40.53,20,206,0,33.16,3.64,10.54,2,94.69,121.9,1.061,94.67,Website,South,8873.24
REC000977,2023-04-13,127.24,869,645,5.07,26.81,112,23.06,0,190,8,48.13,4.37,11.11,5,94.42,91.09,1.11,97.69,Website,North,4405.98
REC001700,2023-04-14,95.12,882,636,5.7,25.39,106,44.55,20,175,14,80.09,4.05,11.63,1,93.77,106.44,1.209,107.27,Marketplace,West,4713.64
REC002772,2023-04-14,173.4,893,628,2.94,31.17,111,38.09,0,200,8,37.46,3.98,7.88,2,92.73,104.0,0.843,100.43,Marketplace,South,3178.54
REC004242,2023-04-15,76.98,870,641,1.9,69.3,95,53.56,15,181,3,44.89,3.39,5.78,1,99.43,110.8,1.101,96.74,Mobile App,North,11179.96
REC004752,2023-04-15,97.25,899,650,3.43,39.09,107,31.55,10,237,13,42.74,4.11,6.24,3,91.76,96.74,1.091,105.1,Website,West,5676.3
REC000773,2023-04-15,194.12,877,651,3.04,53.87,110,57.94,20,188,9,46.1,3.9,3.13,4,90.69,89.12,1.229,91.83,Website,West,9098.26
REC004424,2023-04-15,212.36,879,611,3.93,32.29,124,26.34,10,204,6,61.56,4.15,5.56,0,93.8,110.22,1.2,97.1,Website,South,5357.18
REC005938,2023-04-15,73.84,901,609,2.1,47.04,113,45.33,20,199,9,33.41,3.65,9.03,0,86.42,98.3,1.268,105.63,Mobile App,West,8329.49
REC004794,2023-04-15,183.59,904,714,2.5,93.48,116,37.85,30,195,4,53.97,4.55,10.35,1,89.78,112.12,0.854,108.27,Website,Central,10829.28
REC003888,2023-04-15,84.12,897,617,4.11,44.89,96,10.53,15,214,13,62.99,3.77,10.82,1,88.24,102.48,1.09,95.27,Website,North,4897.44
REC001662,2023-04-16,80.93,870,611,4.02,108.99,102,50.46,10,200,15,46.85,4.23,5.52,1,92.0,99.6,1.01,111.75,Mobile App,South,14665.74
REC000715,2023-04-16,384.36,921,649,2.44,35.36,118,40.31,20,169,13,58.26,3.45,9.07,2,90.65,106.28,1.2,101.58,Website,Central,6324.29
REC001101,2023-04-16,130.47,875,580,3.59,11.17,132,46.81,0,182,3,63.84,4.52,6.8,2,98.49,102.37,0.999,105.01,Marketplace,North,1920.19
REC001717,2023-04-16,176.26,884,635,4.64,77.39,118,39.91,20,184,7,58.14,4.95,8.68,1,84.19,112.56,0.906,100.28,Marketplace,North,8063.52
REC002835,2023-04-16,340.91,861,649,2.81,23.77,124,37.58,5,205,4,42.67,4.56,4.7,2,100.0,85.98,0.933,101.09,Mobile App,East,4048.36
REC000161,2023-04-17,338.65,968,628,4.33,18.0,117,42.83,15,173,15,68.97,3.41,8.29,1,94.16,104.06,0.979,95.8,Website,Central,2827.26
REC003822,2023-04-17,337.24,928,612,4.24,83.17,129,52.3,15,189,6,46.51,3.92,10.78,1,77.25,108.9,0.948,96.66,Website,Central,10235.63
REC005918,2023-04-17,51.94,900,625,4.55,22.16,120,45.6,10,192,15,60.34,4.55,13.53,2,85.72,83.74,1.112,103.07,Mobile App,West,3326.51
REC004005,2023-04-18,125.59,917,651,3.28,30.21,127,28.45,20,192,7,52.05,4.17,16.3,2,100.0,99.88,1.13,106.35,Mobile App,West,6469.0
REC004125,2023-04-18,643.87,928,619,5.37,111.73,128,28.89,10,203,6,50.57,3.46,14.66,2,98.01,120.3,0.948,106.83,Marketplace,East,17161.86
REC004763,2023-04-18,420.12,893,642,3.62,61.44,104,52.98,5,164,10,86.09,4.27,11.16,0,90.17,95.48,0.943,107.07,Website,South,7233.7
REC001488,2023-04-18,187.6,930,627,3.33,116.16,98,48.55,0,206,1,44.45,3.97,4.67,1,96.11,100.61,1.247,94.27,Mobile App,South,19169.26
REC001581,2023-04-18,198.39,905,644,3.13,39.63,129,40.81,15,200,13,59.32,4.57,6.52,0,93.19,112.01,1.061,103.41,Website,West,6854.43
REC003518,2023-04-19,370.95,870,656,4.1,83.64,134,41.65,5,196,5,46.67,4.28,11.07,3,96.93,95.96,1.115,101.45,Website,East,13852.28
REC004738,2023-04-19,129.68,932,660,3.35,117.12,102,35.58,10,167,4,51.68,3.76,9.62,0,98.43,100.17,1.062,95.22,Mobile App,Central,17244.18
REC005746,2023-04-19,163.66,952,568,3.62,60.88,111,34.51,0,194,3,57.56,4.09,3.57,3,95.35,92.04,0.769,86.25,Mobile App,South,5099.49
REC001408,2023-04-19,113.09,898,639,2.83,50.88,114,29.29,15,183,3,74.0,4.33,16.88,2,95.6,102.66,0.783,104.82,Website,South,4394.78
REC000084,2023-04-19,147.33,913,635,5.45,15.46,110,48.47,10,190,0,64.3,3.52,4.98,4,100.0,113.56,1.072,103.3,Mobile App,East,3183.43
REC002565,2023-04-20,138.54,927,674,4.16,43.19,129,47.26,0,208,3,68.49,4.03,5.69,0,87.27,125.53,1.272,103.98,Website,West,8431.61
REC003688,2023-04-20,29.24,872,630,3.18,106.81,112,53.23,15,193,10,41.05,3.43,9.41,0,100.0,114.73,0.92,97.94,Mobile App,East,14488.28
REC001313,2023-04-20,32.54,891,637,4.78,74.16,143,52.98,5,197,11,78.7,4.05,3.24,3,93.98,107.89,0.981,103.9,Website,Central,12135.76
REC002550,2023-04-20,38.41,935,621,3.61,38.04,116,13.84,25,195,5,69.59,3.2,2.94,0,92.92,135.0,1.18,102.97,Mobile App,South,5500.79
REC000177,2023-04-21,83.24,886,645,3.25,35.23,122,34.42,5,189,13,53.72,4.08,12.51,0,88.66,83.15,1.214,96.74,Marketplace,South,5369.91
REC004119,2023-04-21,76.94,888,643,5.68,30.97,125,54.06,25,185,14,53.87,4.37,5.11,4,76.78,97.1,0.863,100.55,Marketplace,North,3369.05
REC003750,2023-04-21,211.53,945,677,2.81,81.78,125,27.17,5,196,8,61.05,3.71,12.27,3,77.0,100.3,1.049,98.21,Marketplace,West,9749.5
REC005664,2023-04-21,181.36,857,657,3.55,63.06,86,49.56,15,199,3,46.53,5.0,9.35,1,85.82,79.46,0.988,110.09,Website,West,6991.17
REC003494,2023-04-21,290.85,934,670,0.92,41.72,127,34.51,10,198,12,57.08,3.15,6.88,0,93.21,115.13,1.184,102.87,Marketplace,North,7392.18
REC001648,2023-04-21,158.38,934,635,4.58,31.19,106,71.09,20,209,7,57.03,3.58,4.39,0,87.07,110.84,0.864,97.53,Website,East,3388.13
REC000317,2023-04-23,209.58,857,648,4.2,27.0,88,53.91,15,182,2,70.46,5.0,1.61,2,91.1,89.0,0.81,97.76,Website,Central,2667.98
REC004392,2023-04-24,254.25,891,632,3.07,33.25,111,21.14,15,183,14,57.72,3.93,14.85,2,86.16,70.0,1.202,109.46,Website,Central,4267.13
REC001761,2023-04-24,110.08,910,655,3.23,29.08,120,24.96,10,179,4,78.26,3.55,4.38,4,94.25,70.0,0.813,99.88,Mobile App,North,3807.87
REC000974,2023-04-25,99.44,933,665,1.79,113.26,106,21.34,0,193,1,45.05,4.12,9.25,3,83.67,114.37,1.04,99.83,Mobile App,East,13034.7
REC003034,2023-04-25,181.43,914,644,3.19,138.15,107,32.94,10,208,13,59.33,4.25,8.5,2,96.77,70.0,0.787,91.39,Website,North,13777.43
REC005151,2023-04-25,222.44,895,617,3.86,21.52,106,28.58,5,180,5,61.62,3.21,4.82,2,83.08,98.83,1.339,103.58,Mobile App,Central,3487.94
REC001475,2023-04-25,172.28,910,641,4.99,32.72,112,42.09,5,208,3,79.37,4.65,7.49,2,84.43,105.0,0.93,102.98,Mobile App,Central,4491.17
REC004049,2023-04-25,168.89,930,651,2.29,76.61,130,41.21,0,189,4,82.88,4.04,8.8,0,83.46,113.21,1.036,97.59,Website,South,10476.04
REC000838,2023-04-26,165.15,915,655,1.86,85.75,93,26.07,15,154,2,56.11,3.86,5.9,2,83.6,87.32,0.815,103.58,Marketplace,West,6282.0
REC000137,2023-04-26,109.41,858,653,0.8,38.0,127,38.37,0,168,0,55.41,3.72,1.53,1,83.25,93.93,0.897,95.43,Mobile App,South,4069.67
REC002390,2023-04-26,417.37,925,626,3.11,30.44,125,40.88,10,189,0,60.21,4.1,10.69,3,94.25,70.0,1.216,94.03,Marketplace,Central,4518.32
REC004643,2023-04-26,102.2,935,652,2.36,20.94,101,59.62,15,200,10,63.11,4.33,11.02,2,83.98,88.59,1.112,101.01,Website,South,2338.71
REC000337,2023-04-26,186.89,903,642,1.97,25.97,129,35.76,10,177,12,34.42,3.57,10.56,2,86.46,108.86,0.952,92.03,Mobile App,North,3460.73
REC003572,2023-04-26,155.8,893,641,4.53,73.86,109,42.95,10,179,0,53.18,3.9,6.75,3,86.33,107.55,0.793,95.92,Website,Central,6634.77
REC002108,2023-04-27,76.51,919,620,4.12,35.33,135,44.37,15,166,7,62.02,4.09,1.35,1,100.0,90.86,0.756,99.04,Marketplace,Central,4878.13
REC002255,2023-04-27,30.1,894,653,3.07,37.47,118,28.17,10,182,10,38.21,4.18,5.54,2,99.32,88.85,1.27,101.36,Website,Central,6909.5
REC000163,2023-04-27,397.46,892,675,4.99,15.64,115,47.63,0,196,2,52.19,3.93,9.58,3,76.32,93.01,1.292,102.32,Mobile App,West,3019.01
REC001722,2023-04-27,132.36,921,632,1.08,43.19,122,26.83,20,204,8,73.22,3.32,10.13,0,90.29,97.21,1.065,98.01,Marketplace,North,5714.16
REC001499,2023-04-28,158.67,926,646,5.37,105.1,129,44.56,15,185,11,67.61,3.19,1.87,0,90.45,82.89,0.798,86.75,Marketplace,North,14194.23
REC004496,2023-04-28,415.44,884,676,4.06,27.05,107,19.83,25,179,15,57.9,4.67,4.05,1,90.04,89.41,1.096,103.16,Mobile App,North,4230.06
REC004356,2023-04-28,219.92,872,664,4.06,23.44,124,45.78,15,185,0,66.76,3.89,9.16,0,91.48,107.0,0.822,103.28,Mobile App,West,3568.53
REC003605,2023-04-28,301.45,933,659,4.47,94.55,115,17.25,20,180,13,57.63,4.07,8.38,0,95.15,97.19,0.979,94.27,Website,East,14749.06
REC003540,2023-04-29,109.62,887,619,2.78,25.91,117,33.14,20,205,12,39.48,3.15,2.07,4,96.33,97.91,0.942,92.45,Website,East,3047.41
REC002128,2023-04-29,50.21,885,589,2.89,17.67,102,34.63,25,189,13,70.21,3.89,15.49,1,90.27,105.77,1.222,98.95,Website,South,2277.9
REC004000,2023-04-30,147.88,907,647,5.85,42.35,106,29.42,20,206,13,59.14,4.14,7.53,2,82.59,97.07,1.083,96.28,Mobile App,North,5011.11
REC000983,2023-04-30,54.21,913,622,3.78,47.22,120,41.44,10,180,8,69.45,4.61,10.84,3,100.0,99.46,0.92,94.64,Mobile App,East,6886.86
REC005660,2023-04-30,73.19,844,595,2.23,33.74,114,47.14,20,193,2,57.32,3.61,2.9,1,89.33,129.26,1.045,103.16,Marketplace,East,4657.5
REC004950,2023-04-30,73.5,861,647,5.29,35.85,103,36.07,10,180,7,56.93,4.51,17.01,2,82.37,103.09,1.278,99.22,Website,Central,4661.78
REC000051,2023-04-30,195.19,887,625,5.08,17.21,110,25.13,20,192,3,58.01,4.14,9.66,0,97.61,83.71,1.256,96.52,Mobile App,West,3357.89
REC002634,2023-04-30,261.69,929,642,3.99,51.07,102,32.31,5,204,9,40.36,4.36,3.57,1,86.7,86.05,0.825,96.32,Mobile App,South,4900.74
REC005798,2023-04-30,102.84,938,660,4.7,28.36,121,27.91,5,174,4,51.82,4.76,6.63,1,94.87,118.3,0.966,102.56,Website,South,4068.09
REC003478,2023-05-01,252.09,906,624,4.6,18.53,101,34.89,20,182,9,55.06,2.98,9.44,3,93.33,77.71,1.071,99.64,Mobile App,West,2951.77
REC000569,2023-05-01,350.43,886,633,2.68,25.58,103,16.17,15,185,5,57.09,2.72,6.65,4,90.6,111.36,1.113,96.08,Website,Central,2993.58
REC005978,2023-05-01,426.05,979,658,3.52,37.26,110,27.94,0,195,10,51.69,3.86,6.82,2,100.0,110.6,0.772,102.38,Website,Central,4392.08
REC001653,2023-05-01,133.15,887,665,3.29,28.25,112,38.0,20,183,6,63.75,4.05,2.6,2,90.86,110.02,0.77,97.39,Website,South,2582.58
REC004970,2023-05-01,265.95,897,656,4.99,71.64,99,40.68,15,179,2,38.96,4.16,8.86,1,78.41,95.77,1.217,103.84,Website,Central,8985.4
REC001591,2023-05-02,167.37,838,690,4.05,12.15,120,32.13,15,185,4,57.19,3.79,1.99,0,78.6,107.47,0.876,101.67,Marketplace,Central,1208.29
REC005090,2023-05-02,28.24,890,620,4.81,97.07,111,31.36,10,218,3,52.79,3.85,6.07,5,89.02,88.04,1.315,99.04,Website,East,16665.32
REC002700,2023-05-02,96.13,838,658,4.72,21.87,133,34.75,25,200,14,58.13,3.67,4.71,1,100.0,96.37,1.267,112.12,Mobile App,East,5301.89
REC005487,2023-05-03,97.05,912,657,2.06,36.59,102,40.86,15,180,11,58.88,3.78,11.86,1,87.45,89.85,1.07,99.74,Mobile App,Central,5138.67
REC001751,2023-05-03,208.56,926,660,2.6,55.54,120,36.97,5,219,14,36.4,3.87,7.28,0,83.27,97.68,0.93,101.78,Mobile App,East,8749.26
REC003985,2023-05-03,92.52,922,659,2.82,82.76,118,24.87,30,196,5,61.47,3.92,0.5,1,88.03,78.98,1.347,102.17,Website,South,14259.9
REC000693,2023-05-03,199.04,952,643,5.49,64.43,125,49.23,15,194,8,79.41,4.34,8.22,0,86.75,109.9,0.785,101.97,Mobile App,East,7751.37
REC001339,2023-05-03,247.11,864,664,4.24,51.62,108,36.43,15,179,3,66.15,4.67,12.71,1,85.65,72.86,0.825,105.38,Marketplace,Central,5011.26
REC002138,2023-05-04,342.11,882,610,4.14,47.19,105,36.89,15,197,6,60.94,4.69,9.27,0,86.41,95.58,1.338,101.81,Mobile App,Central,8110.18
REC004991,2023-05-04,252.91,890,660,2.83,81.1,114,49.51,20,192,13,45.14,4.68,8.92,3,83.22,88.76,0.845,93.1,Website,Central,8734.99
REC003139,2023-05-04,124.95,927,625,3.58,32.01,107,39.42,5,179,11,66.49,4.7,6.02,1,88.17,97.41,1.346,112.64,Website,Central,5772.47
REC000290,2023-05-04,140.73,893,707,6.29,156.25,134,13.13,25,169,3,80.91,3.36,4.28,2,82.01,81.21,0.753,100.73,Marketplace,West,16718.8
REC001625,2023-05-04,112.05,901,643,5.09,43.3,116,47.53,25,179,3,42.15,3.67,10.24,0,83.75,110.98,1.18,105.08,Website,West,7904.6
REC004567,2023-05-05,141.59,896,656,4.27,63.08,123,39.57,15,186,4,50.01,4.07,6.51,1,83.52,96.43,1.155,99.33,Website,West,11533.5
REC005103,2023-05-05,226.04,860,626,5.08,42.61,114,45.45,25,178,15,54.28,3.64,8.33,2,90.32,93.3,1.026,99.19,Website,North,5736.68
REC002349,2023-05-05,151.81,890,657,6.68,58.66,126,18.16,10,192,15,39.66,3.24,5.53,2,92.6,98.93,1.036,101.84,Mobile App,West,10011.98
REC004791,2023-05-05,52.29,889,726,4.47,35.82,117,28.29,5,171,0,54.59,4.07,9.04,0,86.73,94.05,1.287,96.92,Website,East,6252.09
REC001565,2023-05-05,169.49,921,637,5.39,45.74,118,31.53,0,182,7,42.03,3.12,5.34,0,93.9,115.38,1.208,108.03,Marketplace,Central,6779.72
REC002230,2023-05-06,320.95,893,641,4.04,28.03,112,25.89,15,183,13,55.5,3.79,10.46,0,90.4,95.49,0.951,96.31,Mobile App,West,4178.45
REC004379,2023-05-06,367.33,856,586,3.06,29.24,104,28.11,10,183,8,48.91,4.03,4.37,1,91.17,95.23,1.023,93.65,Website,Central,4138.35
REC002235,2023-05-06,140.56,891,608,4.9,19.49,107,48.67,5,185,6,76.18,4.02,12.41,1,100.0,106.9,1.204,99.41,Website,North,3173.5
REC002204,2023-05-06,289.01,898,669,5.6,78.21,107,33.76,10,211,4,47.26,3.77,6.67,0,88.89,115.0,1.074,104.89,Website,East,10281.4
REC000772,2023-05-06,158.84,855,676,3.8,47.65,121,32.55,10,217,13,52.36,4.2,9.23,2,85.97,106.92,1.29,105.74,Mobile App,South,8052.65
REC001823,2023-05-06,410.28,923,642,2.39,23.29,118,37.45,20,185,12,68.1,3.62,4.46,1,89.6,85.35,0.835,104.04,Marketplace,East,2544.35
REC004163,2023-05-07,99.41,880,672,2.96,90.26,95,25.08,5,181,4,37.27,4.09,2.95,2,95.23,105.36,1.237,102.26,Website,Central,13608.51
REC002054,2023-05-07,184.47,908,635,3.8,19.69,111,53.69,20,192,11,52.04,3.95,11.14,1,95.7,96.7,1.097,103.33,Marketplace,South,2835.01
REC001190,2023-05-07,177.65,905,638,4.62,9.28,118,54.4,5,184,13,60.52,3.99,3.49,2,98.7,109.69,1.316,93.32,Mobile App,East,2442.23
REC005513,2023-05-07,180.72,856,650,3.32,29.07,110,59.16,10,201,6,50.95,4.62,12.36,1,87.79,120.02,1.292,97.14,Mobile App,North,4826.36
REC004362,2023-05-08,77.01,888,681,4.18,32.63,106,15.75,10,206,12,53.26,3.07,8.93,0,81.32,101.53,1.101,104.88,Website,North,4241.88
REC000738,2023-05-08,196.12,845,663,2.3,59.3,112,35.27,10,197,11,52.7,3.79,7.84,1,81.19,119.07,0.879,103.79,Marketplace,South,5520.58
REC003125,2023-05-08,68.54,911,628,3.26,48.99,113,48.7,20,173,3,64.58,4.53,7.48,1,91.85,112.16,0.872,82.16,Marketplace,North,5580.93
REC002735,2023-05-08,92.8,906,690,4.11,29.92,119,27.52,0,176,6,29.38,4.81,9.46,2,85.81,112.5,0.982,91.06,Mobile App,West,4423.43
REC004536,2023-05-08,111.02,935,673,5.02,44.96,118,45.12,10,158,6,53.0,4.24,9.4,0,86.2,102.01,0.865,101.62,Mobile App,West,6277.08
REC005599,2023-05-09,51.05,947,604,3.66,80.01,114,33.98,10,199,10,53.71,5.0,4.83,1,93.57,109.05,0.788,108.52,Mobile App,West,10626.31
REC005668,2023-05-09,378.44,894,626,5.09,29.53,111,15.67,5,199,0,58.96,3.57,5.92,2,89.14,86.35,1.336,97.57,Website,West,5674.16
REC002882,2023-05-09,199.07,921,674,4.48,18.52,121,34.34,15,176,7,52.35,4.53,9.61,2,81.13,101.34,0.815,101.29,Website,South,1611.14
REC004348,2023-05-09,157.95,873,633,2.75,39.15,111,49.26,10,190,11,55.36,3.94,7.95,2,94.51,88.92,0.799,99.31,Mobile App,East,4009.56
REC000107,2023-05-09,303.59,863,620,4.24,55.73,113,41.07,15,199,3,44.37,4.75,9.92,1,95.94,125.34,1.025,102.64,Website,West,8900.96
REC005316,2023-05-10,409.83,848,675,6.49,52.42,121,31.14,5,188,13,75.01,3.44,9.43,1,81.99,99.12,0.99,110.12,Mobile App,South,7965.08
REC002865,2023-05-10,234.63,929,663,4.05,45.97,119,33.97,10,173,14,66.01,5.0,3.71,4,86.68,98.64,0.88,94.44,Website,East,4537.01
REC000276,2023-05-10,210.8,913,632,4.32,77.05,103,56.2,5,201,5,60.04,4.7,6.64,3,89.14,110.4,1.255,92.64,Website,West,13591.39
REC002435,2023-05-10,208.91,899,666,4.14,33.79,103,29.45,20,197,9,56.56,3.64,14.01,1,82.94,111.3,1.103,96.75,Website,East,3609.84
REC003588,2023-05-10,546.94,926,676,4.5,50.41,92,21.49,0,183,1,38.04,4.65,4.27,3,86.81,92.59,0.791,107.21,Website,Central,4172.65
REC000968,2023-05-10,382.87,904,613,3.08,50.38,121,34.52,10,178,9,53.31,4.1,11.55,0,89.66,90.89,0.861,93.55,Website,East,5518.23
REC000297,2023-05-11,230.85,891,631,2.95,59.46,115,23.11,0,210,14,82.27,4.11,3.52,1,87.04,98.5,1.023,101.39,Mobile App,East,8287.51
REC000457,2023-05-11,146.95,878,639,4.27,34.21,124,13.35,0,217,9,59.51,3.89,8.66,0,92.83,102.57,1.039,103.4,Website,South,5189.57
REC000672,2023-05-12,238.09,848,673,3.46,23.93,106,34.16,5,202,2,46.9,4.08,4.28,1,93.4,88.45,1.08,101.56,Website,Central,3529.84
REC000136,2023-05-12,354.49,907,619,3.17,38.4,122,38.54,15,209,6,78.15,3.21,7.57,0,98.04,111.14,0.941,93.53,Mobile App,North,5356.63
REC004766,2023-05-12,304.76,897,635,4.21,27.98,126,52.97,20,197,12,39.06,4.15,5.56,3,99.59,89.8,1.14,89.87,Website,South,5132.26
REC004170,2023-05-12,129.92,872,627,6.3,80.82,103,41.39,15,201,12,68.78,3.26,12.53,0,91.78,120.74,1.312,90.93,Website,North,15327.74
REC000988,2023-05-13,43.41,886,648,3.63,58.8,97,45.33,20,179,9,52.49,4.26,5.02,0,86.68,101.92,0.891,99.12,Mobile App,South,5855.93
REC003489,2023-05-13,145.39,922,646,5.05,55.4,100,51.34,5,189,3,54.29,4.36,13.96,2,90.67,103.78,1.34,99.35,Mobile App,West,10037.33
REC002464,2023-05-13,216.52,935,643,3.19,19.88,115,61.08,10,198,8,45.61,4.51,3.77,1,90.65,107.31,1.228,97.46,Website,Central,3623.24
REC004178,2023-05-13,135.72,963,607,5.44,17.99,112,43.27,20,204,14,56.56,3.83,3.75,1,82.52,94.67,1.231,93.48,Website,South,2410.78
REC005776,2023-05-14,245.76,851,633,3.05,38.97,113,38.36,30,180,7,56.45,3.75,7.1,1,80.16,96.33,0.917,103.69,Website,East,4745.37
REC005775,2023-05-14,396.18,863,688,2.68,61.22,115,41.32,10,197,6,51.97,4.36,2.64,3,91.04,87.07,1.148,102.28,Website,East,9893.43
REC004628,2023-05-14,423.61,858,658,4.61,26.78,136,28.92,20,204,10,58.64,3.83,7.46,2,84.49,95.24,1.111,101.98,Marketplace,North,4648.57
REC005628,2023-05-14,213.64,942,629,5.76,37.9,130,50.5,20,197,0,71.99,3.96,12.71,0,89.17,109.6,0.833,104.81,Website,East,4888.76
REC002409,2023-05-14,139.83,842,603,3.29,38.66,101,29.81,15,177,12,69.49,3.14,10.8,0,90.77,100.43,1.188,98.74,Mobile App,Central,6024.63
REC001403,2023-05-15,126.27,853,658,4.6,63.24,120,39.06,5,193,1,69.96,4.1,3.04,3,96.64,88.79,1.331,95.75,Website,Central,13501.51
REC004973,2023-05-15,166.12,914,656,3.9,35.23,112,32.27,0,201,9,59.46,4.82,10.83,1,82.21,104.35,0.936,101.27,Marketplace,West,3655.13
REC004625,2023-05-15,270.98,900,688,3.54,84.36,107,48.17,5,174,1,51.43,4.05,0.5,1,80.5,99.88,0.989,93.23,Website,North,8951.25
REC005547,2023-05-15,334.52,921,681,4.16,29.37,117,61.28,25,189,14,80.31,3.32,8.22,3,91.54,104.42,1.182,97.74,Mobile App,West,5862.26
REC002074,2023-05-16,515.61,898,618,3.59,38.1,115,46.45,20,196,9,38.07,3.49,10.34,4,95.6,89.34,1.189,106.52,Website,Central,6934.44
REC003453,2023-05-16,83.16,907,614,3.72,33.75,111,37.64,10,183,5,41.27,4.31,11.18,2,99.96,116.38,0.959,104.1,Mobile App,South,5383.6
REC003953,2023-05-16,126.09,845,612,4.78,40.61,91,48.06,10,204,15,45.67,4.03,11.11,2,90.48,112.11,0.95,97.61,Mobile App,West,4799.11
REC005731,2023-05-16,105.2,849,626,4.04,60.45,116,39.03,25,179,8,74.98,4.46,9.56,0,87.96,103.78,0.812,107.22,Marketplace,South,6278.04
REC002790,2023-05-17,61.63,877,635,2.96,21.03,116,22.46,10,198,3,61.93,4.51,5.9,4,100.0,115.4,0.85,96.03,Marketplace,South,2502.92
REC003222,2023-05-18,133.61,960,672,2.89,42.22,89,43.75,0,178,10,53.09,4.12,11.12,2,90.57,114.83,0.877,101.54,Website,South,3769.06
REC002279,2023-05-18,183.05,920,628,5.38,48.57,105,30.3,5,198,9,57.88,3.97,13.23,3,87.25,91.35,0.965,104.43,Marketplace,West,4767.82
REC003228,2023-05-18,284.09,916,654,2.56,39.92,105,57.73,10,200,9,68.0,4.32,2.79,0,97.58,103.03,1.267,98.73,Website,East,7921.48
REC003256,2023-05-18,86.89,937,651,2.8,45.16,110,42.82,25,211,5,65.27,3.95,12.01,2,100.0,93.42,1.155,100.34,Mobile App,East,8054.76
REC003041,2023-05-18,95.91,906,634,2.84,39.1,96,38.78,15,182,15,41.58,3.52,9.43,0,86.91,108.92,1.082,105.61,Mobile App,North,5021.85
REC005026,2023-05-19,30.33,941,628,3.21,49.04,123,43.68,25,200,4,40.88,4.67,8.82,1,96.97,109.81,1.067,93.72,Website,Central,7881.13
REC003771,2023-05-19,59.38,883,611,5.37,54.29,105,35.74,10,189,12,50.5,4.29,10.11,0,84.1,98.52,1.119,98.97,Marketplace,South,7667.48
REC001157,2023-05-19,182.38,896,640,3.34,21.15,95,28.15,0,192,10,35.56,3.52,7.33,1,82.02,115.52,1.303,99.54,Marketplace,Central,2686.76
REC000179,2023-05-19,360.16,899,684,3.86,14.44,103,61.96,10,206,3,51.46,2.67,4.86,2,84.0,91.27,1.177,98.58,Website,Central,1811.83
REC002570,2023-05-20,49.26,993,602,5.9,62.08,113,51.01,5,199,6,50.61,4.37,4.43,1,100.0,104.96,0.856,99.85,Website,East,8890.21
REC002499,2023-05-20,337.74,938,658,4.36,20.75,104,55.11,0,205,9,37.33,4.72,2.72,3,90.55,121.14,1.219,99.28,Mobile App,North,3829.11
REC002628,2023-05-20,93.72,919,622,5.86,38.64,113,39.48,0,216,0,68.85,4.12,4.13,0,88.91,89.7,0.892,94.73,Mobile App,North,5441.38
REC000031,2023-05-20,267.63,893,632,3.73,75.9,112,32.06,25,219,13,53.55,3.91,7.34,2,88.95,83.9,1.059,99.66,Mobile App,South,10595.52
REC002283,2023-05-21,67.3,909,591,4.76,49.96,114,21.85,30,185,13,64.62,4.13,6.36,4,91.33,97.92,1.201,104.03,Mobile App,West,9594.65
REC005784,2023-05-21,85.27,846,640,2.94,15.72,106,19.48,20,182,5,60.34,4.4,9.11,1,95.89,84.09,0.769,98.9,Website,North,1534.62
REC003701,2023-05-21,217.07,937,669,5.6,77.01,115,34.33,5,194,7,64.61,4.8,3.98,2,90.2,70.0,0.963,100.03,Mobile App,West,13022.03
REC004047,2023-05-21,192.85,944,653,5.19,96.91,108,35.05,10,180,1,75.26,4.79,4.23,2,97.33,118.99,0.898,94.66,Mobile App,Central,11622.75
REC001088,2023-05-21,248.33,905,646,3.37,45.34,138,36.95,15,183,4,45.19,4.2,0.5,1,97.1,94.42,1.028,101.89,Mobile App,West,9984.85
REC002317,2023-05-21,319.78,901,655,2.65,50.63,114,33.56,25,201,12,68.77,3.64,5.37,1,87.21,92.78,1.039,106.0,Website,East,7774.5
REC000708,2023-05-21,258.42,890,641,4.48,125.89,113,45.07,5,219,13,41.62,4.13,9.54,0,100.0,90.15,0.93,97.38,Marketplace,South,17586.84
REC000612,2023-05-22,128.51,899,652,3.76,99.88,115,8.0,10,175,8,59.14,4.21,6.18,0,90.77,97.64,1.124,104.79,Mobile App,South,16179.8
REC005071,2023-05-22,198.66,881,627,2.9,110.5,120,37.72,10,195,14,32.62,4.08,11.29,3,92.85,78.58,1.337,105.0,Mobile App,North,24509.07
REC005293,2023-05-23,154.49,876,633,4.41,38.63,124,52.23,25,180,1,65.78,4.72,8.19,0,80.92,97.09,0.932,97.19,Marketplace,East,4774.5
REC002130,2023-05-23,120.54,932,646,2.67,107.19,110,38.69,0,161,7,57.69,4.02,2.86,0,73.89,107.22,1.237,103.58,Mobile App,North,16553.06
REC002662,2023-05-23,614.09,913,665,4.99,145.11,107,63.09,10,191,12,60.92,4.09,13.14,2,92.47,82.77,0.929,93.81,Website,Central,18422.22
REC004549,2023-05-23,183.05,867,639,5.34,87.25,112,34.62,5,179,4,44.87,2.87,11.28,1,97.84,114.45,0.972,97.32,Mobile App,West,17507.17
REC000935,2023-05-23,95.38,905,630,4.37,68.34,123,47.54,10,180,12,53.06,4.69,3.95,1,85.01,93.88,0.867,100.44,Website,South,7268.53
REC000984,2023-05-23,496.47,933,622,7.22,34.34,104,34.85,25,199,1,65.71,3.86,4.19,1,83.73,116.07,1.263,101.72,Mobile App,East,6866.53
REC002671,2023-05-23,148.28,922,650,4.42,47.01,105,40.11,30,183,11,55.99,3.68,8.6,0,94.54,98.33,1.146,103.18,Website,West,7700.51
REC005466,2023-05-24,29.75,916,617,4.11,37.41,86,50.75,30,207,1,59.13,4.32,8.74,5,91.62,99.48,0.812,96.0,Website,East,2913.94
REC002501,2023-05-24,89.2,902,657,4.98,17.63,125,20.77,10,209,12,47.0,4.63,0.5,2,99.63,88.75,1.299,98.45,Mobile App,Central,4072.53
REC000483,2023-05-24,179.28,905,637,4.29,42.02,107,37.23,20,203,3,41.82,4.54,13.54,0,91.39,96.69,1.123,104.25,Marketplace,East,5678.03
REC005920,2023-05-24,175.41,862,615,2.09,30.39,130,35.53,5,192,5,49.49,4.04,5.51,2,83.42,81.6,1.195,94.22,Mobile App,East,5584.43
REC002534,2023-05-24,537.18,958,627,4.23,51.42,108,29.81,0,172,13,58.84,3.79,9.0,2,86.44,94.81,1.098,99.23,Mobile App,West,7827.18
REC003765,2023-05-25,88.96,910,663,4.86,84.14,122,38.87,10,210,5,73.54,4.1,5.73,3,88.12,122.17,1.22,99.4,Website,Central,14816.11
REC000448,2023-05-25,263.21,887,603,3.9,13.91,128,26.04,25,199,1,51.01,3.9,3.52,0,95.02,109.82,0.895,95.34,Mobile App,West,2436.05
REC003510,2023-05-25,230.59,930,597,4.17,28.28,112,26.86,10,213,9,62.65,4.12,6.57,2,88.29,92.45,0.92,106.19,Marketplace,West,3806.42
REC005113,2023-05-25,59.51,878,637,4.24,12.34,103,26.53,10,198,1,64.72,4.57,7.31,2,89.28,109.89,1.266,92.52,Website,East,1551.59
REC004427,2023-05-25,55.03,858,667,3.41,72.01,116,50.77,5,188,10,53.44,5.0,11.44,2,88.32,97.43,0.816,93.49,Website,South,7315.8
REC001405,2023-05-25,234.14,972,667,4.07,41.99,121,48.44,20,178,7,67.47,4.37,6.74,1,90.53,91.67,1.286,94.01,Website,North,8702.32
REC003642,2023-05-26,67.65,891,643,4.23,56.31,127,26.93,15,205,7,43.5,4.65,5.87,0,90.31,89.55,0.85,99.83,Website,North,6965.13
REC004944,2023-05-26,110.91,948,641,5.22,17.97,129,68.14,20,208,0,54.01,3.98,4.67,0,100.0,95.83,1.007,107.65,Website,Central,3379.59
REC000936,2023-05-26,199.82,864,626,0.95,25.18,112,43.41,10,189,11,56.87,3.33,5.19,0,92.05,128.91,1.066,104.1,Marketplace,West,3475.07
REC003983,2023-05-26,120.49,899,645,3.45,24.65,121,29.48,5,175,10,74.56,3.99,7.98,2,86.49,96.0,0.879,105.15,Marketplace,South,2521.27
REC000973,2023-05-26,162.72,915,671,2.72,35.17,108,32.67,15,184,13,52.03,4.23,8.2,1,82.72,87.43,1.252,100.86,Marketplace,North,5321.35
REC004121,2023-05-26,286.51,897,614,4.4,147.19,106,39.87,10,181,13,41.89,3.97,11.93,1,87.52,114.37,0.901,98.76,Marketplace,South,14600.85
REC003579,2023-05-26,68.71,874,644,4.97,41.39,112,38.03,15,173,5,67.74,3.97,4.0,1,73.07,101.39,1.084,93.05,Mobile App,South,4864.75
REC003828,2023-05-26,70.07,953,652,2.91,36.05,102,58.56,30,188,0,54.4,3.83,5.06,0,82.91,110.95,1.19,98.62,Mobile App,Central,5300.64
REC005400,2023-05-27,221.01,897,676,4.1,84.44,115,33.93,5,200,3,65.42,3.51,6.37,1,99.99,88.52,1.141,101.37,Website,North,16835.54
REC003375,2023-05-28,89.18,898,630,4.75,40.77,132,44.06,15,183,12,47.12,3.51,4.1,0,91.83,96.88,1.101,92.65,Marketplace,North,7163.46
REC005334,2023-05-28,76.06,895,642,4.4,75.23,105,28.42,0,224,11,58.6,4.04,2.09,1,85.19,119.34,1.078,95.73,Mobile App,North,11721.86
REC004412,2023-05-28,170.93,897,634,2.02,60.22,130,41.45,5,194,12,58.47,5.0,12.87,1,89.52,102.89,1.123,104.05,Website,North,11790.56
REC005438,2023-05-28,793.61,902,654,2.98,45.85,105,52.67,25,199,12,78.52,4.8,5.01,2,95.84,100.58,0.781,98.23,Mobile App,Central,4941.1
REC001906,2023-05-28,294.22,921,615,2.48,18.91,118,17.23,30,198,3,65.55,4.9,6.75,1,83.77,95.78,1.25,100.57,Mobile App,East,2887.26
REC005613,2023-05-28,470.2,866,602,3.88,30.52,118,28.97,15,172,10,34.56,4.26,1.26,2,78.91,108.44,0.972,95.23,Website,Central,3785.14
REC000698,2023-05-29,129.51,913,679,4.04,23.19,103,34.82,15,200,11,62.89,4.55,4.43,3,96.51,107.82,0.875,97.73,Mobile App,Central,2444.68
REC005990,2023-05-29,94.95,962,648,3.5,36.33,126,45.53,0,192,14,81.83,4.0,3.45,3,87.37,75.82,0.752,99.43,Mobile App,North,4205.49
REC002153,2023-05-29,100.16,862,624,3.16,74.97,111,26.23,5,178,8,58.81,4.28,11.55,2,88.51,84.57,1.079,99.04,Marketplace,North,9203.35
REC003052,2023-05-29,320.2,864,584,3.79,53.72,127,47.6,20,192,5,73.7,3.49,1.7,0,84.44,97.89,1.328,106.53,Website,South,10122.88
REC002656,2023-05-29,263.27,930,617,4.57,22.73,122,41.02,30,184,5,74.74,4.42,7.41,2,94.41,110.93,1.127,98.61,Marketplace,West,3679.78
REC004067,2023-05-30,307.59,928,609,2.87,60.59,104,41.5,0,181,4,78.99,4.14,7.96,3,100.0,99.81,1.16,99.42,Website,West,9359.82
REC002985,2023-05-30,44.54,885,662,1.81,38.71,122,31.05,10,216,13,51.84,4.59,4.46,2,89.32,121.9,1.237,96.5,Website,East,6128.1
REC004526,2023-05-30,42.52,937,587,5.1,51.95,119,34.33,10,207,4,67.26,4.95,4.76,0,89.93,89.15,1.067,99.39,Marketplace,North,7247.06
REC000365,2023-05-30,83.67,923,641,3.7,56.41,118,38.06,10,198,1,25.35,4.05,2.63,1,81.68,107.54,0.97,98.7,Mobile App,North,7261.03
REC001993,2023-05-30,533.14,904,648,4.92,33.42,127,25.07,30,186,14,45.74,4.83,10.6,2,98.0,107.77,1.05,93.12,Mobile App,East,6491.57
REC001631,2023-05-30,290.0,938,644,3.98,20.56,124,45.03,10,197,15,55.77,3.22,4.89,4,95.74,117.41,1.17,103.84,Mobile App,South,4009.76
REC002924,2023-05-30,67.21,850,653,4.76,25.61,117,28.53,10,197,0,59.35,4.61,5.91,1,86.14,108.22,1.343,95.94,Marketplace,East,4594.11
REC000080,2023-05-31,102.86,893,601,3.43,26.08,104,35.5,20,191,3,57.7,4.39,6.54,1,92.88,87.6,0.949,96.67,Marketplace,Central,2584.58
REC000164,2023-05-31,180.03,900,618,4.46,90.96,120,26.75,25,195,7,67.57,3.89,7.74,1,100.0,103.15,1.336,92.42,Marketplace,East,16964.46
REC002112,2023-05-31,145.52,924,654,5.63,21.29,106,56.58,15,210,5,50.97,4.15,6.67,0,93.64,75.94,0.997,97.61,Marketplace,South,3091.76
REC005987,2023-06-01,122.72,887,636,4.42,74.81,126,23.16,20,181,2,61.34,4.86,4.42,2,97.37,116.31,1.285,99.47,Marketplace,South,11788.62
REC000281,2023-06-01,81.56,891,580,4.05,20.27,115,31.96,15,193,9,54.65,3.48,0.5,1,83.08,71.14,0.792,103.41,Website,North,1923.27
REC000970,2023-06-01,64.7,890,647,2.82,32.49,115,35.35,10,177,7,73.06,4.05,9.88,1,91.83,70.0,0.917,85.14,Website,South,3275.49
REC001553,2023-06-02,118.92,903,662,4.63,20.02,108,49.63,30,182,2,55.6,4.65,9.27,3,86.37,94.01,1.15,106.84,Marketplace,West,3077.86
REC001910,2023-06-02,239.94,900,621,3.91,92.52,123,50.47,25,173,12,43.24,4.17,9.32,3,96.08,96.45,1.184,99.89,Mobile App,East,19115.35
REC002554,2023-06-03,78.03,865,622,4.1,34.78,126,21.75,15,181,13,63.95,4.38,13.49,1,98.76,92.72,1.341,103.22,Website,South,7467.38
REC000503,2023-06-03,105.46,889,623,4.29,38.21,103,34.61,10,178,2,67.81,3.97,7.16,3,93.91,109.52,0.788,95.8,Website,North,3438.41
REC003600,2023-06-03,124.66,917,654,2.43,56.12,110,21.43,5,184,2,82.27,4.94,2.39,5,93.77,97.81,1.034,98.39,Mobile App,South,7567.66
REC005169,2023-06-04,177.29,908,661,5.86,85.14,138,45.23,5,192,10,53.19,4.08,6.26,3,85.11,92.42,1.003,93.83,Website,Central,13668.92
REC000239,2023-06-04,212.14,923,695,4.71,65.67,120,26.91,15,202,14,59.37,4.41,3.47,1,96.69,101.9,1.024,100.98,Website,East,9533.73
REC003468,2023-06-04,104.42,860,643,4.22,32.19,110,42.87,0,186,9,57.9,3.2,1.76,0,96.65,114.81,0.804,100.26,Marketplace,East,3196.9
REC004198,2023-06-04,85.6,872,611,5.42,34.18,127,52.46,15,158,3,71.05,4.01,9.2,2,93.9,87.16,1.114,107.68,Website,North,6583.83
REC003839,2023-06-04,751.62,896,706,4.23,20.68,100,40.37,15,183,4,57.92,4.12,2.34,2,87.94,112.79,1.042,99.2,Website,South,2340.09
REC001283,2023-06-04,114.2,859,658,4.36,31.0,111,36.97,20,178,3,65.0,5.0,4.49,2,83.8,105.32,1.2,87.15,Website,Central,4859.67
REC005302,2023-06-05,37.33,943,637,3.52,133.28,129,29.3,20,193,13,49.27,4.79,14.88,2,83.96,82.77,0.823,105.07,Website,East,14383.1
REC003471,2023-06-05,90.58,906,682,3.2,48.72,112,31.96,5,209,8,58.57,3.61,5.54,0,85.23,112.06,0.9,93.66,Website,South,5280.77
REC002225,2023-06-05,76.67,897,646,4.41,15.43,99,33.67,30,198,9,72.45,4.27,8.61,0,92.46,92.61,1.028,98.54,Website,South,1912.41
REC003090,2023-06-05,201.53,949,630,3.75,45.74,122,29.36,15,182,12,22.64,3.85,4.34,1,91.26,95.2,0.899,105.67,Mobile App,Central,5950.81
REC004233,2023-06-05,74.48,876,639,3.57,44.43,109,29.12,20,203,7,49.39,4.89,5.88,2,96.06,126.02,1.027,98.96,Website,East,6458.45
REC001659,2023-06-05,167.39,868,674,3.85,41.35,126,33.95,15,186,8,72.5,4.43,5.78,2,93.96,110.28,1.06,98.18,Mobile App,North,7100.7
REC001265,2023-06-06,120.67,856,651,5.55,25.22,115,8.0,25,191,7,52.55,3.85,2.27,1,87.77,98.98,1.127,97.01,Mobile App,Central,4060.01
REC001231,2023-06-06,130.79,886,677,3.47,25.52,129,47.01,10,173,12,48.32,3.41,9.47,1,88.44,103.57,1.011,93.94,Website,East,3914.83
REC002489,2023-06-07,89.55,889,635,4.69,40.94,94,49.54,25,197,4,48.63,4.65,7.97,2,88.86,94.42,1.029,102.93,Marketplace,West,4366.46
REC002239,2023-06-07,443.19,878,636,5.42,16.9,126,44.26,10,191,9,78.23,3.74,5.16,1,91.9,117.09,0.941,104.99,Website,North,2678.55
REC005384,2023-06-07,148.19,895,636,4.8,106.47,105,16.82,5,217,15,56.73,4.22,9.56,2,86.23,89.47,0.914,109.91,Website,East,11875.53
REC001737,2023-06-07,68.37,893,635,4.54,107.75,128,46.48,5,164,13,84.16,5.0,6.89,3,97.21,99.65,1.24,107.56,Marketplace,Central,19463.14
REC004547,2023-06-07,212.46,886,670,3.49,15.07,118,59.33,10,180,15,61.85,3.59,8.6,3,93.11,98.39,1.039,96.05,Website,Central,1981.27
REC005636,2023-06-07,96.26,925,648,5.11,49.72,124,17.53,20,189,11,55.2,4.18,9.14,4,100.0,77.16,0.896,102.44,Website,North,7774.52
REC001632,2023-06-07,135.17,949,652,2.52,46.31,120,11.86,0,203,1,65.84,3.25,12.66,1,94.39,120.42,0.834,104.48,Mobile App,East,6140.35
REC003047,2023-06-07,550.67,919,621,4.09,57.67,119,30.62,10,199,8,57.31,4.48,8.57,2,80.83,114.13,1.261,95.59,Website,Central,9757.77
REC003533,2023-06-08,156.24,913,629,6.21,48.21,122,60.47,15,186,5,62.84,4.36,10.52,2,98.0,93.46,1.043,99.8,Website,Central,8637.62
REC005892,2023-06-08,101.28,877,643,5.99,40.82,125,38.23,30,198,15,43.43,4.48,5.8,1,80.84,101.68,0.994,106.86,Website,North,5631.06
REC003455,2023-06-08,68.94,857,639,3.82,79.42,123,17.06,20,160,4,58.75,4.1,8.99,3,95.23,84.4,1.112,99.55,Marketplace,South,11339.97
REC001494,2023-06-08,1529.2,877,652,3.89,32.84,108,35.11,25,182,9,44.47,3.56,10.72,7,97.25,122.0,0.921,95.07,Marketplace,North,3631.21
REC001100,2023-06-08,231.18,939,604,2.2,51.52,103,29.93,15,202,7,58.33,4.19,5.3,1,85.19,105.72,0.884,100.82,Website,West,5334.3
REC004729,2023-06-09,33.62,855,638,5.72,33.09,133,25.47,20,192,9,73.57,4.35,3.42,1,93.51,113.0,1.203,94.21,Mobile App,Central,6559.87
REC003463,2023-06-09,109.96,875,609,5.75,60.36,113,63.52,10,192,3,59.13,3.21,8.53,1,92.03,75.48,1.215,112.07,Marketplace,East,10483.0
REC003559,2023-06-09,141.29,913,623,4.38,50.07,135,25.73,0,174,1,64.55,3.86,0.69,3,95.28,75.39,1.302,105.68,Website,West,12291.38
REC005774,2023-06-09,213.04,905,616,5.26,125.48,105,43.77,5,199,4,69.23,3.64,2.03,2,86.68,108.6,0.784,98.9,Website,Central,14365.3
REC001537,2023-06-10,145.1,891,662,3.57,73.48,137,51.21,20,207,3,47.01,4.17,9.15,3,91.6,77.58,1.006,104.13,Marketplace,West,11976.26
REC004861,2023-06-10,186.03,877,652,4.19,44.72,113,46.0,15,197,0,81.91,4.77,6.89,3,84.28,108.64,1.191,94.05,Website,West,6854.83
REC001167,2023-06-11,184.52,917,642,4.91,28.47,104,47.55,25,186,11,51.37,4.41,13.92,1,85.2,101.89,1.228,98.25,Mobile App,West,5658.8
REC000682,2023-06-11,169.47,890,635,2.85,46.0,104,36.51,10,191,10,37.5,4.69,10.89,4,100.0,113.68,1.099,102.83,Marketplace,West,6024.33
REC000342,2023-06-11,72.27,933,632,3.26,20.11,107,40.02,0,183,7,52.6,3.54,4.88,1,91.21,109.72,1.093,100.65,Mobile App,South,2984.02
REC004334,2023-06-11,343.92,933,614,2.17,81.34,139,35.39,10,186,13,70.89,4.33,8.37,2,87.66,102.58,0.977,89.31,Website,Central,12485.79
REC003854,2023-06-11,90.56,870,672,2.77,84.2,119,45.51,20,185,10,59.09,4.25,4.11,0,84.94,111.02,0.788,104.48,Website,South,8968.18
REC001038,2023-06-12,70.88,898,650,5.66,36.81,114,27.83,10,184,10,39.98,3.94,3.58,0,89.09,87.29,1.132,93.7,Website,East,6460.57
REC000724,2023-06-12,227.96,904,657,2.05,34.57,117,20.91,25,174,4,47.92,3.6,8.34,1,80.83,116.82,0.94,94.61,Website,Central,3486.48
REC005584,2023-06-12,225.65,876,660,4.23,46.76,126,67.45,10,171,4,57.37,4.59,3.87,2,85.4,111.2,0.982,101.16,Mobile App,North,9247.78
REC004779,2023-06-13,386.31,863,648,3.72,43.74,112,44.91,10,181,15,64.54,4.01,6.11,7,94.94,93.85,0.996,99.57,Mobile App,West,7054.45
REC005611,2023-06-13,103.27,919,637,3.39,97.71,133,50.64,20,197,8,48.33,3.89,15.6,0,93.95,104.62,0.907,99.5,Website,Central,15037.96
REC005314,2023-06-13,94.79,911,644,4.63,32.59,108,55.2,15,195,14,57.44,3.61,9.24,3,98.86,89.86,1.327,104.59,Website,East,6588.19
REC001288,2023-06-13,51.11,894,685,2.67,39.29,112,52.34,10,206,5,43.43,4.28,10.06,3,83.13,108.77,1.33,99.61,Mobile App,North,7188.19
REC005888,2023-06-13,85.44,915,650,4.74,36.97,101,30.16,5,187,13,52.73,3.6,4.98,2,85.0,90.07,1.112,104.12,Website,East,5099.1
REC002190,2023-06-14,124.71,897,624,3.22,12.53,118,37.13,5,184,8,64.44,3.32,6.2,2,90.32,95.13,0.907,101.53,Website,South,1620.54
REC002193,2023-06-14,297.75,891,643,3.17,51.85,93,36.74,15,201,11,56.42,3.92,10.98,2,82.9,88.33,0.908,93.95,Marketplace,South,4099.73
REC005083,2023-06-14,155.95,890,634,2.48,27.79,102,41.36,25,183,9,68.47,4.21,10.53,2,91.42,89.95,1.19,102.91,Mobile App,West,4940.28
REC000494,2023-06-15,95.25,903,678,3.53,86.01,118,43.17,15,212,15,64.44,4.2,10.35,0,89.5,76.55,0.766,99.66,Website,East,9967.73
REC005223,2023-06-15,245.17,867,627,4.11,57.31,102,36.79,10,203,9,40.16,4.02,6.24,3,84.03,87.4,0.895,103.1,Mobile App,South,6166.75
REC004405,2023-06-15,181.34,909,583,4.54,52.49,129,18.42,10,178,11,76.97,4.04,5.12,0,99.21,92.83,1.09,107.19,Marketplace,Central,8693.77
REC000074,2023-06-15,1004.16,923,677,5.33,49.9,101,44.39,20,198,2,71.48,2.33,7.53,2,87.44,105.48,1.23,91.46,Marketplace,Central,7099.25
REC002935,2023-06-15,447.97,852,627,2.61,90.89,127,37.55,15,167,1,52.44,3.82,0.5,4,91.83,112.32,0.922,91.96,Mobile App,South,11622.29
REC005286,2023-06-16,151.83,932,644,3.8,17.1,96,60.37,15,198,10,64.02,3.56,5.13,4,100.0,120.03,1.152,99.52,Mobile App,South,2101.52
REC004864,2023-06-16,209.88,903,630,5.02,20.29,120,40.87,20,189,1,67.75,4.52,12.48,2,88.2,73.74,0.99,107.31,Mobile App,South,2800.0
REC004995,2023-06-16,148.77,882,614,3.65,9.54,127,43.65,5,199,10,64.14,3.37,2.88,1,96.28,100.6,1.238,97.71,Mobile App,West,2280.78
REC001080,2023-06-16,486.56,898,618,3.87,23.97,106,28.52,10,205,6,64.88,3.92,13.3,3,91.51,86.67,0.874,97.71,Marketplace,Central,2128.21
REC003136,2023-06-17,89.42,955,630,4.11,84.23,108,33.76,20,204,5,53.68,3.93,9.09,1,88.14,111.96,1.309,100.3,Mobile App,East,16675.17
REC005818,2023-06-17,518.47,884,616,3.1,89.92,109,35.85,10,213,9,70.93,3.76,1.09,1,93.83,104.54,1.298,95.67,Website,West,15628.49
REC003665,2023-06-17,98.63,887,666,5.69,16.31,101,52.2,5,183,11,41.17,4.29,5.71,2,89.02,116.05,1.096,95.63,Website,West,2070.14
REC002337,2023-06-17,105.47,877,630,3.96,35.72,122,29.55,15,181,8,66.57,3.3,8.81,0,87.14,102.8,0.994,114.93,Mobile App,Central,5479.2
REC000591,2023-06-17,281.39,886,648,2.42,53.47,160,19.37,15,173,2,69.65,3.79,9.43,2,89.87,101.52,1.195,102.53,Website,West,11194.81
REC001726,2023-06-18,89.27,914,624,5.18,38.57,119,54.13,15,182,4,57.25,3.66,12.16,1,91.92,84.04,1.065,101.4,Mobile App,West,7132.34
REC004035,2023-06-18,117.52,894,610,4.75,27.81,120,24.79,10,202,7,51.76,3.96,2.55,3,86.35,101.53,1.31,101.73,Mobile App,Central,5776.83
REC005526,2023-06-18,267.24,855,653,3.11,53.01,119,18.45,5,211,0,56.98,3.72,2.24,2,92.19,118.84,1.208,102.27,Marketplace,North,8810.3
REC005995,2023-06-19,206.49,929,626,3.21,37.94,116,29.97,5,198,0,73.74,4.14,11.86,1,99.45,87.26,0.986,105.4,Website,South,5500.47
REC002681,2023-06-19,186.07,889,623,3.26,27.59,103,13.89,25,212,10,64.16,4.61,5.04,0,91.68,110.05,1.317,98.94,Website,South,4088.38
REC000945,2023-06-19,357.77,867,649,3.37,37.87,129,56.14,20,194,10,61.18,3.38,10.74,3,86.89,92.31,1.329,103.34,Website,North,8079.01
REC003044,2023-06-19,315.98,873,640,4.22,72.73,109,34.46,5,182,3,56.03,5.0,7.99,1,77.95,116.7,0.941,95.25,Website,Central,7314.13
REC001992,2023-06-19,787.74,926,597,5.9,115.7,105,31.85,20,190,8,55.56,4.09,7.99,2,93.5,76.82,1.007,102.95,Marketplace,South,15817.55
REC002677,2023-06-19,73.09,859,616,3.67,52.82,117,41.97,0,181,1,85.54,4.07,10.9,1,95.74,118.15,1.165,102.63,Mobile App,South,9074.01
REC002795,2023-06-20,911.95,919,675,6.05,19.15,137,43.62,15,188,5,50.49,3.74,5.07,1,84.07,94.69,0.865,99.85,Marketplace,North,2588.32
REC001802,2023-06-20,99.56,889,590,4.02,51.47,127,25.07,20,194,12,79.08,3.98,6.03,0,81.37,71.44,1.309,96.96,Mobile App,West,11473.25
REC002476,2023-06-20,305.42,871,656,2.37,23.81,110,37.69,15,183,12,32.41,4.48,8.08,2,78.05,106.34,0.795,103.8,Mobile App,South,2261.09
REC005501,2023-06-20,207.53,948,654,4.66,34.15,123,46.19,20,175,5,46.75,3.75,4.72,1,86.13,115.7,1.023,105.82,Website,North,5162.18
REC003814,2023-06-20,74.82,913,627,4.17,58.39,136,61.92,30,231,1,43.86,4.69,3.23,1,99.51,116.92,1.078,99.89,Mobile App,Central,12468.08
REC002417,2023-06-21,148.04,921,645,3.98,55.79,115,40.84,5,203,2,58.76,4.21,2.34,2,90.23,103.7,1.196,84.78,Website,East,10060.55
REC000751,2023-06-21,98.29,893,640,4.45,15.42,124,43.83,15,180,4,47.73,4.47,9.17,1,80.03,107.99,0.943,105.18,Mobile App,West,2158.06
REC005222,2023-06-21,140.48,915,642,4.03,28.68,116,49.36,15,194,6,68.71,3.65,6.72,1,86.44,88.22,0.935,102.2,Website,North,3334.61
REC004231,2023-06-21,139.97,915,639,3.51,28.04,130,27.19,0,213,9,69.99,3.92,9.13,2,96.14,91.19,1.263,91.95,Mobile App,North,5922.06
REC004179,2023-06-21,40.8,944,662,3.38,151.91,98,32.51,15,174,0,53.62,4.36,9.75,0,78.79,100.29,1.128,106.55,Website,West,19381.01
REC004281,2023-06-21,96.34,913,628,2.12,80.26,89,38.15,30,207,11,77.81,4.12,6.04,2,94.95,94.47,1.348,95.77,Website,West,12798.46
REC002218,2023-06-21,89.26,914,664,4.67,53.86,115,34.79,20,177,13,57.17,3.94,3.66,0,83.97,116.08,1.148,98.97,Marketplace,North,7669.52
REC003685,2023-06-21,285.56,899,654,3.96,45.95,134,39.5,5,190,11,33.11,3.68,11.17,1,100.0,104.49,1.173,96.6,Mobile App,West,9254.67
REC004589,2023-06-21,147.96,888,662,4.06,68.09,130,28.42,5,194,10,46.97,4.1,5.63,2,85.68,111.08,1.269,100.19,Website,North,14027.32
REC002989,2023-06-21,264.88,899,625,1.81,39.27,103,51.76,30,185,5,43.13,4.28,12.49,1,89.92,120.36,0.814,102.05,Website,South,3801.95
REC005366,2023-06-22,192.62,896,611,2.27,30.57,103,66.13,10,175,13,35.81,4.81,7.15,2,96.27,79.76,0.862,99.95,Mobile App,East,3728.28
REC000071,2023-06-22,163.2,917,604,4.32,34.45,101,33.39,0,190,8,50.75,4.55,9.17,4,99.74,89.66,1.327,95.35,Mobile App,West,6372.67
REC000525,2023-06-23,85.88,942,568,3.87,41.7,120,35.64,10,187,13,61.52,4.75,16.13,0,87.29,95.68,1.014,99.85,Mobile App,Central,6818.99
REC002062,2023-06-23,195.48,888,620,3.25,33.22,135,50.31,30,200,11,49.12,3.81,8.64,2,99.54,98.99,1.19,106.22,Website,Central,7214.68
REC003130,2023-06-24,158.76,877,606,3.09,38.78,133,56.35,15,197,9,42.57,4.41,10.14,2,86.9,96.9,1.319,96.88,Website,West,7960.95
REC000666,2023-06-24,158.43,927,660,5.0,66.2,123,37.63,10,187,5,59.63,4.55,5.73,0,80.31,96.08,1.348,103.23,Mobile App,Central,11638.5
REC001050,2023-06-24,71.55,878,620,4.77,82.27,119,40.73,0,210,10,67.56,3.05,4.24,1,94.03,96.66,1.348,97.51,Website,Central,16596.45
REC005054,2023-06-24,217.05,932,691,4.19,32.29,117,68.37,5,203,12,66.66,3.83,7.03,0,97.64,101.77,1.167,99.36,Website,South,5009.48
REC002692,2023-06-24,67.0,863,635,4.12,92.37,114,34.61,5,195,7,59.03,4.47,4.96,0,96.28,109.2,1.061,94.04,Website,Central,13719.43
REC000100,2023-06-24,68.92,887,642,4.0,116.97,108,28.95,10,198,2,73.56,4.48,13.43,3,100.0,104.78,0.846,103.0,Website,Central,11228.94
REC000824,2023-06-25,518.84,843,625,2.01,66.85,117,40.83,10,199,15,68.47,4.18,12.32,1,83.19,104.91,1.225,95.47,Mobile App,Central,9757.54
REC000415,2023-06-25,84.43,949,631,1.85,200.98,126,44.07,15,201,11,65.37,3.86,10.99,2,100.0,107.66,1.21,103.07,Website,North,35886.22
REC005891,2023-06-26,1257.81,901,626,5.15,48.53,126,52.34,15,198,6,53.61,4.12,5.06,0,89.36,87.13,0.974,98.46,Website,South,7827.26
REC000806,2023-06-26,73.52,947,643,4.89,41.41,115,47.91,10,177,15,58.19,4.31,7.1,3,94.67,89.88,0.986,110.61,Mobile App,Central,6118.09
REC005749,2023-06-26,194.99,939,681,3.31,33.82,119,24.08,10,181,11,40.43,4.07,5.83,1,95.54,99.34,1.228,102.75,Website,Central,6641.59
REC003811,2023-06-26,31.7,917,640,5.07,42.24,125,32.25,25,196,14,55.15,4.48,3.61,2,93.15,101.34,1.291,90.85,Marketplace,South,7168.4
REC002484,2023-06-27,573.13,901,634,3.97,36.15,127,28.02,15,181,0,60.74,3.8,12.96,2,90.53,118.28,0.86,104.26,Mobile App,West,5842.94
REC001246,2023-06-27,225.56,929,635,3.26,19.53,116,38.75,10,196,3,51.61,4.06,0.5,1,84.83,100.71,0.788,99.69,Mobile App,East,2479.9
REC001542,2023-06-27,140.3,873,595,5.11,37.05,114,30.61,15,173,15,46.66,3.57,8.79,0,100.0,101.31,1.132,98.8,Website,South,5959.59
REC003054,2023-06-27,305.67,911,661,4.52,46.05,111,35.73,30,185,5,49.17,4.24,8.45,3,83.25,92.88,1.114,110.54,Mobile App,West,7047.84
REC005145,2023-06-28,95.55,892,631,4.88,36.29,115,34.82,30,205,7,70.3,3.88,7.57,0,94.31,93.4,0.778,108.61,Mobile App,South,4285.48
REC001651,2023-06-28,213.31,911,655,5.24,37.14,120,38.29,10,184,4,53.15,3.81,2.86,0,87.36,96.56,1.194,98.47,Mobile App,East,6431.03
REC000283,2023-06-29,237.94,868,648,3.72,46.09,123,48.84,0,213,12,66.5,3.32,9.78,4,95.45,109.76,1.241,98.77,Marketplace,South,7222.47
REC005303,2023-06-29,59.7,856,599,2.43,68.61,123,57.1,15,196,14,37.41,4.49,6.31,1,97.67,108.5,1.096,93.2,Marketplace,East,10939.53
REC004664,2023-06-29,143.55,917,641,2.58,61.19,127,41.42,15,194,2,59.91,3.93,6.68,2,87.69,100.98,0.975,115.69,Website,North,7692.06
REC004165,2023-06-29,115.42,948,600,2.63,49.16,104,27.23,15,195,14,54.99,5.0,3.5,6,89.29,96.98,1.035,98.51,Website,East,5616.0
REC003865,2023-06-29,70.7,897,659,3.12,47.32,123,61.18,25,203,10,51.53,4.81,5.54,0,77.57,100.56,1.141,102.26,Mobile App,Central,7804.14
REC000428,2023-06-29,320.12,851,621,2.57,55.16,124,37.49,20,199,4,45.18,4.08,13.35,2,85.61,97.2,1.101,93.11,Website,West,9351.8
REC000651,2023-06-30,366.78,897,668,2.36,12.26,110,8.0,20,191,2,69.84,3.97,6.85,2,96.58,95.86,1.211,101.35,Website,North,2059.49
REC000519,2023-06-30,86.2,928,637,5.5,33.22,112,45.27,15,196,8,55.01,3.74,3.84,1,76.31,102.8,1.248,102.86,Mobile App,South,5156.32
REC005072,2023-06-30,117.54,908,644,5.55,61.03,136,44.6,10,196,4,60.86,3.78,3.25,1,85.62,88.91,1.048,103.95,Marketplace,East,9064.64
REC003492,2023-06-30,69.64,898,630,2.85,61.87,109,30.76,20,214,7,75.17,3.89,8.24,1,99.87,80.44,0.966,97.63,Marketplace,North,7873.27
REC004603,2023-06-30,89.34,858,643,3.99,15.57,119,36.28,20,190,15,81.24,3.72,7.74,5,93.72,98.47,0.753,100.36,Website,North,1924.15
REC000905,2023-06-30,212.6,897,639,1.48,35.74,108,37.6,10,175,14,49.23,4.07,4.02,2,84.94,101.07,0.876,110.76,Marketplace,North,3729.14
REC003548,2023-07-01,74.39,879,622,4.32,18.04,115,31.17,25,171,14,39.69,4.19,0.5,0,94.11,106.29,0.935,105.57,Mobile App,West,3381.04
REC004857,2023-07-01,129.49,908,659,3.3,25.29,107,34.49,10,187,9,49.31,4.37,12.75,1,78.19,98.87,1.055,94.0,Mobile App,South,2860.57
REC002828,2023-07-01,232.09,896,630,4.13,14.08,105,32.02,15,171,0,36.2,4.32,3.05,0,82.91,109.41,1.203,97.08,Mobile App,North,2441.68
REC002721,2023-07-03,111.58,879,618,3.57,11.27,109,28.99,5,197,6,53.41,4.06,0.5,2,97.55,77.89,1.189,105.56,Website,North,2093.5
REC002670,2023-07-03,56.06,869,653,3.3,13.17,120,49.73,15,192,7,66.47,4.11,11.22,2,100.0,102.92,1.138,91.23,Marketplace,West,1839.7
REC002298,2023-07-03,88.07,901,628,3.09,44.59,123,8.0,30,210,9,71.89,4.12,4.36,0,91.83,95.77,1.136,93.82,Website,Central,6327.94
REC000804,2023-07-03,316.56,894,651,3.86,52.74,123,24.58,0,172,0,55.12,4.79,6.86,2,86.3,96.85,0.919,100.94,Website,South,6914.49
REC001612,2023-07-03,165.58,899,649,3.33,36.55,117,46.53,10,196,8,68.1,4.33,2.55,1,84.6,98.26,0.966,95.03,Website,West,4898.33
REC004630,2023-07-03,142.31,933,656,2.87,55.63,124,24.72,10,208,4,61.88,4.07,0.5,5,91.94,96.78,1.207,103.31,Marketplace,Central,7686.52
REC000347,2023-07-04,82.75,904,674,5.11,50.39,104,27.37,0,192,1,47.81,4.5,2.8,1,91.44,98.35,1.199,95.48,Mobile App,West,9475.74
REC005059,2023-07-04,101.59,902,611,3.91,33.14,120,23.84,30,209,15,61.44,4.17,5.75,3,97.09,111.16,1.292,100.09,Website,Central,5455.88
REC002540,2023-07-04,95.5,904,634,3.51,65.55,107,65.89,20,193,13,71.12,4.72,2.8,5,82.2,100.99,1.083,100.07,Marketplace,West,7966.08
REC004423,2023-07-05,76.66,956,636,3.68,27.71,115,24.36,15,184,14,63.63,4.05,5.54,3,84.11,103.81,1.154,92.22,Mobile App,Central,4501.23
REC004623,2023-07-05,102.94,876,632,2.25,64.45,106,27.48,5,193,1,47.89,3.47,12.74,0,89.58,100.94,0.76,101.65,Mobile App,Central,5484.35
REC001720,2023-07-05,160.34,937,650,4.03,48.43,118,48.83,20,186,10,50.47,4.26,4.54,1,91.91,99.06,0.839,108.98,Mobile App,West,5844.42
REC005760,2023-07-05,207.41,891,615,3.86,32.16,107,27.93,10,193,7,70.0,3.49,8.76,3,96.86,116.52,1.319,107.4,Website,North,5703.36
REC004368,2023-07-05,329.74,869,640,3.17,34.7,89,25.0,20,200,5,51.95,4.55,11.48,2,90.58,104.2,1.081,101.39,Marketplace,East,3236.3
REC000860,2023-07-06,177.04,883,656,3.93,99.83,87,47.32,10,176,3,37.2,4.24,6.44,3,93.05,88.67,0.836,89.56,Website,East,8720.51
REC000710,2023-07-06,349.14,850,631,2.79,48.88,116,23.67,10,182,1,42.27,3.9,10.38,0,86.86,79.93,1.004,97.5,Mobile App,Central,7089.09
REC000422,2023-07-06,33.49,895,671,4.49,20.02,101,21.82,30,233,5,51.28,4.0,5.88,2,98.31,108.88,1.28,88.33,Website,North,3346.77
REC003435,2023-07-06,95.66,900,597,4.83,57.4,114,48.01,0,191,6,61.45,4.35,8.58,4,88.51,103.22,0.761,99.78,Mobile App,West,6546.69
REC004395,2023-07-06,129.6,864,679,3.55,50.86,109,47.28,10,194,9,47.57,3.56,6.92,1,88.59,93.16,0.759,99.4,Website,Central,4961.35
REC000687,2023-07-06,521.04,876,661,4.77,47.61,115,53.69,20,193,5,49.47,3.22,10.39,1,94.98,100.74,0.85,100.66,Mobile App,North,7856.8
REC001898,2023-07-07,311.79,862,647,4.65,11.29,127,18.04,10,191,8,48.08,4.74,9.15,1,76.42,90.05,1.119,104.81,Mobile App,West,2021.29
REC000151,2023-07-07,116.72,923,648,6.13,71.34,100,43.99,15,207,1,60.65,4.37,15.53,0,90.42,116.2,1.043,103.25,Website,Central,9454.34
REC005340,2023-07-08,103.87,881,650,5.41,7.6,120,33.87,10,178,9,60.29,4.17,5.55,2,90.67,117.3,1.308,101.96,Website,West,1670.51
REC004961,2023-07-08,144.77,921,682,3.36,40.68,101,22.08,25,201,5,43.19,3.69,9.8,1,95.25,113.78,1.107,97.27,Mobile App,South,5096.89
REC004036,2023-07-08,83.61,910,660,4.22,27.5,114,55.75,20,190,5,50.25,3.4,5.7,1,100.0,98.37,0.806,102.12,Mobile App,Central,3716.46
REC005741,2023-07-09,95.6,881,642,4.26,20.5,107,47.63,25,198,7,67.3,3.83,7.93,1,88.13,105.31,1.155,93.0,Marketplace,Central,2570.65
REC005953,2023-07-09,122.23,904,651,4.75,38.93,118,50.25,10,192,2,57.09,3.2,0.74,1,93.28,103.46,1.161,98.02,Mobile App,Central,6755.71
REC003951,2023-07-09,562.43,871,623,4.7,39.11,110,32.7,25,179,3,38.14,4.41,11.42,5,90.53,92.37,1.127,99.58,Website,South,5062.68
REC002148,2023-07-10,91.8,838,652,3.92,18.15,88,55.39,10,209,7,46.81,3.82,11.85,2,97.38,100.84,1.103,99.48,Website,East,2347.83
REC005523,2023-07-10,117.2,885,595,2.12,17.2,118,22.67,5,177,14,68.89,3.92,4.21,0,82.19,96.97,1.257,96.28,Mobile App,East,2920.06
REC004069,2023-07-10,205.59,876,631,0.8,57.49,98,42.73,10,206,9,76.59,4.01,5.0,2,88.76,85.46,1.048,100.7,Website,South,5871.53
REC000067,2023-07-10,101.21,915,654,6.34,48.63,107,40.49,10,203,8,61.31,2.86,7.28,1,96.6,79.25,1.304,94.06,Mobile App,Central,10224.39
REC004880,2023-07-10,148.13,891,635,3.7,35.18,110,44.87,15,189,12,43.33,4.01,9.39,1,95.1,123.75,1.143,98.12,Website,North,5125.41
REC001278,2023-07-10,65.22,901,646,3.01,15.93,116,20.37,5,188,9,64.74,4.24,6.6,1,87.65,98.62,0.949,108.43,Mobile App,West,2264.73
REC002134,2023-07-10,142.73,931,656,3.44,14.9,110,26.93,10,217,9,58.2,3.34,10.01,0,80.87,94.71,1.078,96.31,Marketplace,South,1728.58
REC002355,2023-07-11,366.63,881,627,4.99,34.23,109,31.23,10,174,5,68.09,4.58,9.69,3,94.95,84.06,0.918,101.32,Mobile App,East,5269.21
REC004499,2023-07-11,598.78,900,649,4.7,51.49,126,35.6,0,203,5,39.14,4.6,6.98,1,89.88,99.05,1.187,103.0,Mobile App,East,9617.81
REC004933,2023-07-11,85.18,831,632,2.89,24.83,121,26.02,5,198,9,52.22,3.75,7.24,1,92.36,119.99,0.947,93.47,Website,West,3459.94
REC004416,2023-07-11,113.86,933,596,2.92,125.88,108,36.0,20,217,13,67.76,3.49,8.55,0,85.03,111.6,1.122,94.48,Mobile App,West,17105.49
REC000187,2023-07-12,119.9,900,654,2.51,43.15,120,53.75,15,208,6,26.58,3.61,5.8,1,89.6,102.61,0.815,98.72,Marketplace,East,4050.65
REC000175,2023-07-12,197.5,877,617,4.08,27.7,129,43.98,20,173,11,64.27,4.35,8.85,1,89.95,107.88,0.957,96.27,Mobile App,North,4388.13
REC000532,2023-07-12,56.68,915,653,4.0,22.77,127,29.12,15,196,5,50.44,5.0,5.61,3,91.76,121.59,1.037,95.36,Website,Central,3078.35
REC005882,2023-07-13,253.66,920,634,5.3,11.81,117,20.06,5,193,2,55.98,3.93,4.65,3,100.0,97.94,0.909,95.1,Website,West,1772.71
REC003856,2023-07-14,564.11,904,635,4.07,41.61,115,40.42,0,197,14,72.73,4.39,3.64,2,92.11,112.03,1.131,98.2,Mobile App,Central,6729.34
REC000563,2023-07-14,119.72,879,671,3.56,45.04,125,40.64,25,195,15,64.7,3.69,1.96,3,85.69,110.72,1.128,104.71,Website,Central,5762.85
REC003718,2023-07-15,67.76,922,630,3.65,39.17,124,31.28,5,179,11,57.76,4.6,7.31,3,91.77,91.3,1.024,102.8,Mobile App,Central,6578.56
REC000864,2023-07-15,52.04,878,656,3.27,35.61,118,44.21,5,185,14,70.15,4.61,7.77,2,88.18,94.84,0.77,105.24,Marketplace,North,3684.92
REC002096,2023-07-15,133.89,903,599,3.62,112.31,87,26.68,10,201,4,65.45,4.28,5.64,4,100.0,94.69,1.18,96.68,Website,North,14386.56
REC005761,2023-07-15,101.82,913,653,2.72,52.1,99,10.17,10,184,14,63.18,5.0,8.9,1,82.69,112.04,1.166,102.55,Mobile App,Central,6453.17
REC002861,2023-07-15,157.26,923,591,4.88,35.67,115,39.28,10,188,9,31.54,3.66,11.34,0,92.47,86.83,1.087,105.37,Website,East,6276.98
REC001766,2023-07-16,106.3,892,634,3.3,37.21,103,26.24,10,182,15,63.71,4.78,2.66,0,83.92,117.1,1.119,101.99,Marketplace,North,4716.18
REC004916,2023-07-16,310.16,869,639,3.07,47.58,114,35.45,25,174,0,55.65,4.11,11.62,3,96.02,135.0,0.882,99.86,Website,West,6062.69
REC002932,2023-07-16,60.05,911,658,5.57,132.25,106,41.21,10,218,9,46.9,4.03,9.19,1,92.16,108.88,1.316,94.22,Mobile App,West,27732.61
REC001529,2023-07-16,125.92,959,622,4.83,93.59,130,33.74,10,199,11,50.88,4.38,6.51,2,87.46,91.79,0.817,96.11,Mobile App,Central,12457.46
REC002644,2023-07-17,225.22,909,646,3.99,16.55,124,46.0,25,181,5,46.02,3.98,9.9,0,85.39,92.29,0.946,88.24,Mobile App,Central,2241.35
REC000171,2023-07-17,140.51,943,673,3.23,52.26,104,37.0,0,218,0,52.53,3.56,8.27,4,77.36,101.5,0.792,98.57,Website,Central,3866.73
REC002517,2023-07-17,308.52,870,623,3.66,60.28,120,40.72,0,183,3,62.89,3.67,7.04,2,92.78,127.86,0.947,95.57,Website,East,8957.19
REC004820,2023-07-17,148.54,926,629,4.55,54.45,107,24.51,0,190,5,59.88,4.23,8.71,2,84.56,71.92,0.775,100.79,Website,West,5231.38
REC003398,2023-07-17,177.94,859,636,5.22,24.26,116,40.96,10,198,0,51.09,4.71,6.14,1,91.67,99.04,0.949,93.91,Marketplace,East,3233.73
REC001797,2023-07-17,109.34,872,699,4.29,86.02,117,42.42,20,172,3,79.06,3.24,18.38,1,90.74,85.64,0.857,105.07,Website,Central,9925.84
REC000355,2023-07-18,93.4,892,621,5.23,8.23,122,36.85,20,199,9,44.62,3.76,7.64,0,98.61,126.23,0.78,89.67,Mobile App,Central,1138.09
REC005251,2023-07-18,91.21,919,645,4.08,41.35,111,66.18,20,177,6,65.8,4.27,8.97,2,93.38,88.64,1.162,98.31,Website,South,6226.58
REC002088,2023-07-19,56.25,886,620,5.4,18.37,128,20.46,10,195,12,64.82,3.41,11.59,0,86.11,96.1,0.864,106.37,Mobile App,East,2321.16
REC004434,2023-07-19,141.88,910,624,3.31,26.86,114,44.7,15,178,9,69.91,3.87,5.44,1,96.18,102.56,0.84,101.32,Mobile App,South,3160.22
REC003695,2023-07-19,143.07,924,634,3.87,27.03,125,37.82,20,204,2,56.74,4.03,9.53,2,100.0,105.86,1.277,98.86,Marketplace,South,5698.67
REC005086,2023-07-20,104.83,872,612,3.14,16.91,94,25.08,10,199,8,47.52,4.23,7.7,2,88.57,101.96,0.939,99.32,Marketplace,North,1469.78
REC004066,2023-07-20,179.84,858,595,4.79,38.95,106,41.11,10,175,11,57.16,3.64,7.69,1,100.0,100.59,1.174,95.14,Mobile App,West,8270.13
REC001616,2023-07-21,70.51,938,624,4.18,34.84,108,35.2,0,186,9,40.62,4.14,13.38,3,96.39,111.54,1.006,96.98,Website,East,4080.95
REC003536,2023-07-21,112.1,906,651,3.74,24.4,110,37.64,10,200,2,55.08,5.0,7.0,5,83.78,92.2,0.751,106.82,Marketplace,East,1945.34
REC005370,2023-07-21,175.5,883,624,4.37,75.19,106,39.54,0,179,0,45.17,4.47,11.59,2,91.31,78.08,1.19,93.84,Mobile App,North,13606.09
REC002780,2023-07-21,110.14,919,620,4.47,30.48,114,23.38,5,173,5,59.27,5.0,8.72,6,91.54,107.09,1.091,95.27,Marketplace,West,4130.98
REC000826,2023-07-22,29.78,892,696,4.54,95.97,112,35.32,10,185,1,50.23,3.4,8.09,1,95.92,103.5,0.928,89.89,Marketplace,East,11013.15
REC000902,2023-07-22,80.94,861,621,3.66,72.48,97,34.69,15,188,9,47.37,4.06,7.26,6,97.63,77.58,0.922,97.62,Website,East,8637.68
REC001325,2023-07-23,170.25,903,666,2.17,40.67,112,38.54,5,196,0,57.31,3.91,7.92,2,97.83,109.72,0.984,99.38,Website,East,6309.63
REC005001,2023-07-23,182.69,909,621,3.24,30.0,113,70.63,0,210,7,68.71,3.41,12.76,0,98.75,107.14,1.264,90.38,Website,Central,5502.86
REC003189,2023-07-23,112.47,913,652,3.98,31.78,106,43.34,10,189,9,40.06,4.56,10.88,2,93.4,103.24,1.243,92.18,Mobile App,South,4833.84
REC004740,2023-07-24,79.21,884,594,4.79,29.06,98,32.22,0,193,9,60.68,2.89,11.41,2,96.43,97.2,1.273,96.89,Website,East,4133.28
REC002939,2023-07-25,150.4,882,642,5.08,94.56,129,24.73,0,201,10,84.59,4.54,6.73,1,80.87,97.93,1.277,98.7,Mobile App,West,21147.0
REC001421,2023-07-25,174.17,858,637,5.9,33.43,117,59.1,0,175,11,57.54,4.2,0.5,2,78.57,108.46,1.267,109.45,Mobile App,South,5628.12
REC005296,2023-07-25,103.59,929,649,3.83,40.96,119,19.79,5,212,0,31.36,3.8,8.78,2,95.67,81.42,1.203,99.66,Website,North,7700.79
REC001562,2023-07-25,61.5,920,628,3.36,19.46,114,56.96,15,200,5,70.9,3.85,12.99,4,82.48,85.73,1.185,97.69,Mobile App,Central,2829.62
REC000993,2023-07-25,273.68,899,656,3.34,47.74,100,24.78,5,197,8,59.1,4.45,1.31,3,87.65,92.74,0.933,106.09,Mobile App,North,5732.55
REC000863,2023-07-25,51.61,859,610,3.76,146.49,117,29.27,10,189,6,58.66,3.84,9.06,1,83.7,115.11,1.098,87.3,Website,North,19962.59
REC001003,2023-07-25,63.88,872,675,2.97,100.17,130,15.75,5,209,7,48.41,3.73,6.02,1,95.4,126.09,1.155,100.8,Mobile App,Central,20490.15
REC003403,2023-07-25,94.91,868,607,3.38,36.92,121,38.01,10,204,11,41.34,4.45,5.8,6,81.49,112.03,1.044,107.65,Marketplace,North,4443.35
REC003589,2023-07-26,189.22,853,655,3.86,53.13,124,23.0,20,188,4,51.77,3.57,3.6,1,84.56,98.01,0.842,102.55,Website,East,6621.96
REC000737,2023-07-26,188.59,933,635,3.32,38.93,125,20.82,5,176,9,74.94,3.49,4.88,0,96.17,98.68,1.063,102.0,Mobile App,Central,6516.92
REC004659,2023-07-26,116.69,872,657,3.07,59.31,115,39.73,20,207,2,67.45,3.35,7.63,1,96.39,88.82,1.051,104.93,Mobile App,North,9298.8
REC005914,2023-07-26,79.57,867,621,2.89,54.42,122,31.63,30,196,3,58.2,3.92,0.5,0,83.93,114.53,1.245,108.0,Mobile App,North,10981.93
REC001702,2023-07-26,499.79,884,615,3.63,48.73,110,54.09,25,176,7,53.88,3.63,6.07,0,77.45,94.12,0.952,101.26,Marketplace,South,5539.53
REC003636,2023-07-26,55.71,917,624,2.86,125.51,121,41.97,20,189,11,40.01,4.57,6.96,0,91.3,83.16,1.149,98.6,Website,East,20731.67
REC001074,2023-07-27,31.56,878,697,5.61,101.62,114,16.69,10,193,9,45.62,3.76,4.22,1,97.99,121.24,1.257,97.14,Marketplace,South,15848.88
REC000209,2023-07-27,118.38,912,630,2.69,17.66,119,57.6,15,165,13,53.74,3.82,10.66,2,85.56,73.53,1.159,106.43,Website,West,3328.3
REC003570,2023-07-27,57.24,907,650,3.38,28.15,112,22.25,20,214,4,63.56,3.73,11.69,1,93.51,97.12,0.858,90.04,Website,West,2541.4
REC004013,2023-07-27,92.66,888,669,4.31,50.72,114,53.21,15,193,0,44.46,3.55,1.72,1,91.2,84.62,1.327,94.23,Mobile App,South,11731.31
REC001803,2023-07-28,235.0,841,665,4.36,29.94,125,28.95,10,184,0,73.69,4.28,7.18,1,100.0,95.54,0.819,106.71,Website,Central,3914.32
REC005306,2023-07-28,61.65,868,577,2.6,20.59,135,32.14,30,214,3,49.98,4.82,4.53,1,79.14,87.55,0.825,103.87,Website,South,2251.94
REC003638,2023-07-28,246.05,899,649,5.15,105.32,105,34.96,30,185,13,46.68,5.0,3.19,2,79.25,95.29,1.247,98.05,Website,Central,15286.0
REC002832,2023-07-28,43.84,930,651,4.45,43.79,112,39.16,15,189,6,55.55,4.75,14.41,5,92.03,90.36,0.86,94.61,Mobile App,Central,4724.54
REC000261,2023-07-28,52.98,872,682,3.4,11.3,101,34.24,5,181,2,54.05,3.54,6.66,1,98.79,86.65,1.222,101.78,Website,North,1814.16
REC005162,2023-07-28,236.68,867,630,4.17,49.67,123,55.59,30,185,15,78.72,3.4,9.7,0,88.14,83.66,0.968,107.89,Mobile App,Central,6938.03
REC000182,2023-07-29,70.1,891,666,4.23,68.65,124,27.16,0,184,3,79.03,3.59,10.12,2,100.0,101.35,1.112,105.2,Marketplace,Central,9878.01
REC005645,2023-07-29,64.19,913,658,3.36,58.43,108,29.41,5,181,10,53.89,3.24,6.03,2,84.0,95.95,0.766,106.21,Website,Central,5303.59
REC004677,2023-07-29,275.75,885,649,1.28,51.63,108,39.94,20,184,9,34.52,4.97,8.54,2,91.6,119.62,1.243,105.14,Website,Central,7760.8
REC005927,2023-07-29,96.78,910,634,4.65,11.02,106,56.71,20,191,7,37.21,3.85,13.03,2,99.92,101.43,0.933,99.98,Website,South,1401.32
REC000162,2023-07-30,227.61,882,613,3.77,13.02,127,24.31,5,190,7,39.27,4.07,6.26,3,100.0,85.51,0.828,98.17,Marketplace,East,1788.16
REC003277,2023-07-30,92.62,868,633,3.92,117.27,114,28.73,20,182,14,63.2,4.1,9.55,3,95.38,107.07,1.243,94.39,Website,Central,19856.95
REC000711,2023-07-30,87.01,875,643,5.11,22.55,105,60.53,25,173,4,69.39,4.12,6.98,0,85.64,100.15,1.302,97.21,Website,East,3499.84
REC002086,2023-07-30,777.94,915,608,2.07,24.25,119,41.71,5,190,7,81.01,3.91,12.26,4,85.55,100.27,0.757,98.58,Mobile App,Central,2121.71
REC002354,2023-07-30,252.82,907,656,6.42,30.08,119,32.98,10,218,3,62.37,3.63,5.15,1,96.55,112.3,0.839,101.28,Mobile App,North,3987.88
REC003194,2023-07-30,202.6,871,675,4.05,37.81,126,40.8,10,206,7,51.86,4.61,11.11,2,98.24,101.19,0.774,101.75,Website,Central,4458.51
REC000045,2023-07-31,144.89,878,638,3.91,42.99,117,34.19,20,179,4,64.71,3.93,7.41,0,99.22,88.82,0.751,102.96,Website,West,5366.27
REC004841,2023-07-31,289.93,910,611,3.72,24.57,112,39.97,5,188,13,61.41,4.31,3.22,0,98.69,88.45,1.188,101.45,Website,Central,5015.58
REC004503,2023-08-01,100.81,857,638,2.27,36.38,136,33.88,10,202,3,38.58,5.0,7.35,0,88.99,90.58,1.307,99.96,Mobile App,North,7087.85
REC002716,2023-08-01,138.75,846,664,5.47,23.01,108,56.88,15,192,12,25.93,3.69,2.56,1,95.39,119.79,0.983,104.91,Website,West,3420.28
REC000413,2023-08-01,76.49,890,641,2.46,50.63,121,23.39,20,216,15,65.15,4.58,7.02,3,75.36,87.55,1.142,99.92,Mobile App,North,7170.0
REC001020,2023-08-01,376.25,891,632,3.12,53.69,110,27.88,10,218,12,53.25,3.07,9.26,2,88.47,86.91,0.948,90.24,Website,West,6154.1
REC001205,2023-08-02,115.01,944,646,3.83,18.98,109,35.64,5,186,5,44.14,3.94,8.22,0,84.18,94.29,1.257,97.59,Website,South,2422.38
REC001140,2023-08-02,116.84,881,640,2.67,34.45,122,48.28,0,218,14,51.96,4.43,11.46,1,82.02,117.45,1.321,107.17,Website,East,5645.61
REC004893,2023-08-02,77.15,915,627,3.3,78.47,116,58.66,10,190,2,48.55,3.45,5.12,2,92.51,99.34,0.854,99.08,Mobile App,Central,9675.3
REC001939,2023-08-02,203.63,908,664,2.03,63.42,109,57.02,20,202,14,25.55,3.8,7.24,3,89.31,106.55,1.075,97.83,Marketplace,Central,8702.21
REC001901,2023-08-03,301.32,905,653,4.47,74.47,94,32.93,5,163,11,37.65,3.93,9.17,1,98.26,115.99,1.228,101.07,Marketplace,West,12738.93
REC004414,2023-08-03,305.44,906,621,5.44,53.47,111,29.73,15,183,7,55.16,4.13,2.84,2,100.0,83.39,1.153,101.95,Website,South,10027.23
REC002265,2023-08-03,360.1,909,659,1.86,56.73,105,31.68,15,193,0,66.4,3.91,0.5,2,81.04,91.77,1.24,100.95,Website,West,7513.53
REC005815,2023-08-04,71.68,882,705,3.82,71.25,133,41.07,20,202,3,57.55,3.56,0.94,1,100.0,119.87,1.032,106.91,Website,West,12319.3
REC004145,2023-08-04,109.05,901,678,3.52,59.07,134,24.17,15,196,3,73.26,5.0,9.92,3,94.11,108.0,0.773,101.01,Website,West,8650.59
REC001106,2023-08-04,34.16,907,718,3.13,22.11,114,42.51,10,188,5,70.09,3.28,5.45,3,92.52,88.19,0.985,103.96,Website,West,3264.14
REC003148,2023-08-04,46.64,926,676,4.34,45.88,118,32.99,25,207,13,50.07,4.63,4.49,0,86.73,109.65,1.046,101.79,Mobile App,Central,7182.84
REC002480,2023-08-04,193.78,887,621,2.25,42.88,108,56.36,20,184,4,49.12,4.36,1.2,1,80.46,101.58,0.912,96.96,Mobile App,North,4851.73
REC005116,2023-08-05,104.59,913,645,2.09,43.21,112,49.31,15,181,4,64.63,4.46,4.05,1,94.83,100.12,1.034,100.54,Website,East,6250.18
REC000580,2023-08-05,110.45,952,632,6.07,58.98,100,36.92,0,187,15,69.68,4.22,8.32,1,89.05,104.0,0.758,88.62,Mobile App,South,5097.92
REC003227,2023-08-05,626.85,878,651,3.58,32.91,136,35.8,10,189,6,54.0,4.4,9.46,4,91.4,96.3,1.218,96.91,Mobile App,East,6693.91
REC005242,2023-08-05,221.72,890,607,3.2,7.96,117,48.0,30,185,0,54.75,4.92,12.68,2,92.95,108.06,0.971,98.15,Website,West,1056.58
REC003462,2023-08-06,224.41,873,626,4.41,30.75,130,37.47,10,194,8,70.76,4.44,6.8,1,93.27,79.98,0.781,101.62,Marketplace,West,4268.2
REC005219,2023-08-06,129.77,943,589,4.34,45.56,112,59.87,5,218,10,49.08,4.51,5.11,1,100.0,96.98,0.957,102.16,Website,Central,6276.31
REC003926,2023-08-06,34.43,936,657,6.23,67.71,134,31.81,5,196,2,52.1,4.22,8.31,3,94.15,120.02,1.01,102.78,Website,South,11607.74
REC001645,2023-08-06,135.32,875,662,7.09,29.84,116,67.48,15,193,15,69.6,2.84,6.48,0,86.23,89.63,1.208,100.7,Website,North,5844.66
REC005622,2023-08-06,148.4,902,663,3.88,17.97,102,36.56,10,183,1,68.16,4.03,6.19,3,98.94,97.88,1.164,95.31,Website,North,3220.59
REC000510,2023-08-07,176.13,936,661,0.82,37.13,127,17.94,25,173,10,50.19,4.77,7.95,0,94.2,99.76,1.339,111.28,Mobile App,East,7231.19
REC000302,2023-08-07,192.52,895,620,2.22,28.11,127,30.26,20,214,6,57.0,3.94,12.56,4,84.78,111.9,1.154,98.67,Website,West,4081.18
REC003273,2023-08-07,187.69,904,640,4.2,79.69,113,21.4,15,169,4,60.34,4.01,15.06,3,73.76,109.77,0.953,99.28,Mobile App,Central,7834.48
REC002839,2023-08-08,107.66,922,657,1.08,74.63,117,56.75,5,179,13,59.47,3.42,6.05,1,99.49,98.64,1.279,91.29,Marketplace,Central,11784.54
REC001173,2023-08-08,309.09,933,644,3.84,44.54,127,28.65,10,185,9,51.11,4.46,11.71,1,87.85,82.1,1.256,97.95,Website,South,8617.51
REC001346,2023-08-08,119.47,944,601,3.48,74.06,100,47.84,10,197,3,50.82,4.84,10.21,1,88.9,94.22,1.239,100.08,Mobile App,West,12440.66
REC003406,2023-08-08,129.66,902,644,3.95,25.26,135,33.6,25,163,10,41.04,4.47,7.47,2,94.41,111.11,1.056,95.3,Marketplace,West,3897.1
REC004073,2023-08-09,765.61,895,626,3.54,20.65,124,47.73,5,213,1,70.81,4.86,3.68,4,94.87,101.94,1.342,99.73,Mobile App,East,4824.14
REC002141,2023-08-09,109.02,870,615,4.81,15.24,134,48.06,20,197,7,37.1,4.43,6.88,0,95.52,124.26,1.225,100.67,Website,Central,2913.75
REC001286,2023-08-10,259.02,884,587,5.61,39.18,117,27.58,20,176,3,65.46,3.94,10.64,2,95.47,90.84,1.092,95.41,Website,East,6415.95
REC005587,2023-08-10,77.13,854,641,3.49,76.62,130,36.81,5,198,13,59.77,3.6,13.03,4,82.29,88.78,1.034,103.47,Website,Central,11517.34
REC005111,2023-08-10,357.6,915,666,4.95,22.86,111,38.05,5,189,13,55.13,4.38,4.68,1,95.25,101.3,0.997,105.19,Mobile App,South,3560.25
REC003421,2023-08-10,182.89,893,647,2.76,32.96,116,33.65,30,180,1,77.33,3.34,4.94,1,88.31,97.36,1.26,105.03,Website,South,5049.04
REC003887,2023-08-11,203.8,885,618,2.85,34.16,103,46.28,10,172,14,53.18,5.0,9.14,2,88.5,114.68,1.298,100.81,Marketplace,South,4958.86
REC001240,2023-08-11,321.72,914,618,2.42,18.52,120,44.82,10,167,3,65.39,3.53,6.38,2,86.55,113.26,1.334,104.66,Mobile App,Central,3951.86
REC005562,2023-08-11,89.68,916,643,4.05,37.26,103,39.8,5,209,3,43.25,3.78,7.76,2,78.33,110.4,0.919,109.22,Website,Central,3727.8
REC002594,2023-08-11,63.69,909,605,4.59,27.44,116,17.85,10,201,13,51.55,3.42,11.43,1,96.5,103.42,1.131,103.99,Website,West,4516.44
REC001350,2023-08-11,167.59,908,693,5.18,58.97,129,32.79,20,201,6,57.76,4.59,6.58,2,91.02,97.57,1.201,102.8,Website,East,11169.7
REC003791,2023-08-11,148.83,871,578,5.46,24.49,118,34.68,0,201,12,55.02,4.47,7.36,1,89.94,109.0,1.333,95.24,Website,South,4621.84
REC003939,2023-08-11,315.35,880,616,4.3,26.17,119,38.69,5,187,6,74.02,3.27,12.9,1,89.51,88.4,0.992,105.49,Marketplace,Central,3311.68
REC000042,2023-08-12,49.95,937,652,3.46,108.01,126,51.17,15,209,3,42.32,4.37,2.29,1,89.48,115.22,0.955,102.82,Mobile App,North,18489.74
REC005545,2023-08-12,268.13,960,636,2.91,39.52,112,37.4,15,188,13,62.33,4.44,7.13,0,100.0,92.31,1.056,100.19,Mobile App,West,7070.91
REC003640,2023-08-13,330.64,992,653,4.16,49.41,112,48.06,25,200,5,74.92,4.73,0.5,2,79.51,116.14,0.918,100.51,Mobile App,East,6331.14
REC000388,2023-08-13,317.29,907,655,3.26,22.65,104,49.4,10,214,0,66.74,3.96,3.49,1,90.02,108.01,1.33,93.65,Mobile App,South,3893.63
REC005342,2023-08-13,196.79,945,640,4.34,64.02,109,35.57,15,188,4,47.85,4.02,10.69,0,98.01,121.45,0.864,95.81,Marketplace,South,7490.11
REC000313,2023-08-13,189.79,925,594,2.88,8.69,133,26.2,5,188,13,67.97,4.47,9.6,1,99.18,85.02,0.854,106.16,Website,East,1387.19
REC002606,2023-08-13,90.54,918,642,4.65,52.32,104,45.95,5,209,5,42.46,3.93,5.61,0,89.11,89.82,0.988,87.81,Website,South,7061.04
REC003891,2023-08-14,231.63,861,633,2.17,18.36,117,65.95,10,155,14,43.19,4.95,2.89,4,89.62,113.71,1.101,101.52,Website,Central,2454.55
REC004840,2023-08-14,135.55,938,630,3.01,32.9,116,49.81,5,196,9,54.94,4.0,9.48,2,90.15,108.23,0.754,96.24,Website,North,3363.27
REC005173,2023-08-15,70.06,960,627,0.99,34.64,117,43.62,25,205,6,69.31,3.98,7.59,0,87.33,111.01,1.112,96.6,Marketplace,North,4493.59
REC000926,2023-08-16,68.86,926,609,3.83,22.97,109,52.48,5,173,5,58.94,4.62,6.72,1,99.66,74.97,0.926,88.52,Mobile App,West,3155.42
REC000268,2023-08-16,161.6,880,615,2.98,77.42,126,28.24,15,193,9,54.66,3.8,6.61,1,96.93,93.4,1.028,99.08,Marketplace,West,14329.12
REC001607,2023-08-16,188.87,918,637,2.51,55.38,104,22.33,30,169,15,67.31,3.67,3.06,1,87.08,96.6,1.049,99.32,Website,Central,7627.09
REC002170,2023-08-16,139.29,918,597,3.16,119.65,120,32.4,30,176,3,38.73,4.94,8.62,1,81.42,95.05,0.892,104.01,Marketplace,South,10754.82
REC004810,2023-08-16,206.62,887,641,3.29,42.07,136,39.48,5,163,6,62.79,3.32,15.09,2,90.01,102.51,1.283,104.85,Mobile App,South,9366.43
REC002472,2023-08-16,209.6,905,679,4.62,61.46,105,42.2,10,162,5,60.73,3.36,9.9,1,81.39,95.16,0.844,105.89,Website,West,6056.67
REC001035,2023-08-16,101.46,877,684,3.6,24.2,111,50.88,0,182,14,61.7,4.2,4.3,2,91.82,125.13,1.047,104.28,Website,East,3856.03
REC005048,2023-08-16,91.77,912,594,5.08,25.61,117,43.83,5,188,2,38.75,4.35,4.27,1,96.32,83.68,0.952,102.68,Website,North,3731.66
REC000321,2023-08-17,112.81,891,653,3.58,90.15,121,49.96,10,189,4,64.35,3.54,14.68,1,85.25,93.82,1.082,99.3,Mobile App,Central,13868.91
REC005186,2023-08-17,87.46,912,646,4.12,51.27,123,29.28,0,183,5,51.3,3.98,8.03,0,87.38,108.16,0.826,96.28,Marketplace,Central,6075.46
REC004445,2023-08-17,87.72,880,618,7.03,27.44,120,38.72,5,176,5,57.45,4.13,5.68,1,90.84,95.51,1.158,103.7,Mobile App,South,5970.04
REC003361,2023-08-17,138.55,881,626,4.13,36.45,104,53.23,5,196,4,52.18,4.69,8.93,3,89.68,73.93,1.312,92.83,Website,North,5541.47
REC003776,2023-08-17,107.54,921,660,3.5,21.83,96,65.26,20,193,5,48.29,4.4,0.5,1,85.79,81.54,1.323,105.0,Website,South,3449.38
REC005171,2023-08-18,164.5,845,633,0.8,33.74,99,39.41,10,183,1,38.68,5.0,8.56,1,88.95,105.42,1.062,90.41,Website,South,3471.02
REC005588,2023-08-18,87.22,896,647,3.96,62.03,111,34.42,15,190,13,34.97,3.7,2.9,0,88.65,112.66,0.776,100.8,Marketplace,Central,6006.05
REC003989,2023-08-18,78.34,858,652,3.84,28.59,93,38.28,10,183,11,46.58,3.34,6.37,0,83.03,96.58,0.94,93.33,Website,West,2693.41
REC005344,2023-08-19,208.26,944,632,3.66,38.86,112,41.72,30,178,1,56.27,3.85,9.86,0,85.72,70.0,1.302,103.61,Website,East,6451.78
REC000786,2023-08-19,226.7,911,661,3.65,179.33,101,36.4,20,163,15,65.27,4.58,1.77,7,86.35,129.75,1.002,99.77,Mobile App,South,21131.57
REC004632,2023-08-19,198.72,969,643,4.21,38.28,115,31.09,10,183,11,42.21,4.63,2.14,1,89.05,74.61,0.952,104.19,Website,West,5127.61
REC002741,2023-08-19,61.02,935,643,3.43,30.89,135,34.68,25,212,5,66.86,4.93,1.24,0,96.02,74.71,0.871,96.36,Mobile App,South,4225.81
REC000558,2023-08-20,351.22,941,655,3.15,10.96,121,45.11,25,181,6,43.86,4.25,9.12,0,100.0,96.19,0.916,94.82,Website,West,1574.73
REC004465,2023-08-20,222.53,916,647,2.76,35.4,104,38.46,10,189,9,45.97,4.31,8.09,0,93.73,84.26,1.18,96.51,Mobile App,East,6369.72
REC000030,2023-08-20,165.3,912,634,3.55,66.34,93,32.88,20,208,13,59.68,3.97,8.01,3,97.62,116.54,1.228,107.53,Marketplace,Central,8853.76
REC005149,2023-08-20,155.19,906,646,3.25,86.18,122,48.11,15,188,4,84.54,3.66,9.4,1,93.28,100.43,1.126,99.28,Website,Central,14020.8
REC005644,2023-08-21,78.9,956,633,3.58,21.46,128,47.61,10,183,0,44.75,4.04,6.2,0,96.07,103.76,1.342,99.63,Marketplace,South,4149.69
REC003707,2023-08-21,85.0,895,604,4.57,56.37,118,47.3,10,204,10,59.54,5.0,3.81,2,97.23,115.18,1.327,95.6,Mobile App,South,11748.0
REC001272,2023-08-22,91.38,907,657,4.21,19.91,104,40.47,0,202,10,47.27,4.18,6.15,1,86.33,96.45,1.129,101.81,Website,East,2807.11
REC002101,2023-08-23,72.67,888,628,3.76,32.87,92,44.15,20,201,3,76.89,3.34,8.52,1,79.36,115.92,1.068,96.46,Website,West,3386.29
REC001214,2023-08-23,410.99,928,622,4.28,14.98,118,41.87,0,195,2,51.44,3.57,4.11,2,84.58,102.28,0.916,102.27,Mobile App,Central,2235.75
REC001743,2023-08-23,106.72,909,610,4.76,22.2,124,57.46,5,210,10,56.66,3.01,8.9,1,100.0,106.01,0.93,101.3,Website,North,4463.73
REC001936,2023-08-24,166.27,854,638,1.5,41.7,113,32.92,10,166,7,39.51,3.34,2.87,1,88.37,97.3,1.128,91.67,Marketplace,South,5319.17
REC001760,2023-08-24,185.04,866,663,2.16,20.86,99,23.92,10,187,10,64.14,3.9,3.94,2,100.0,100.84,1.147,103.35,Mobile App,East,2982.54
REC004150,2023-08-25,225.12,892,609,5.09,85.96,130,38.99,5,203,3,71.47,3.65,12.97,3,79.23,96.64,1.176,92.5,Website,West,14148.82
REC000252,2023-08-25,273.57,907,630,4.21,42.27,116,40.41,5,181,5,53.05,3.49,7.63,0,76.31,88.66,0.92,100.68,Website,Central,4336.9
REC002254,2023-08-27,183.93,895,649,2.83,45.89,109,22.1,10,183,0,65.92,3.95,8.3,1,74.59,97.91,1.064,101.67,Mobile App,South,4560.29
REC001107,2023-08-27,163.66,903,560,3.41,95.56,117,51.93,10,190,4,47.07,3.08,9.7,1,81.11,108.97,1.129,100.5,Website,South,13493.87
REC005312,2023-08-27,72.41,908,629,4.58,42.45,118,58.2,10,174,0,49.37,4.19,5.09,1,77.83,108.74,1.335,98.03,Website,South,7168.11
REC003831,2023-08-27,237.01,881,642,3.71,69.83,106,58.85,10,193,9,67.31,3.0,6.44,4,97.72,103.63,0.84,98.45,Mobile App,South,8656.36
REC001986,2023-08-27,175.92,837,629,3.9,80.38,125,50.22,15,190,7,63.74,4.15,6.06,0,91.78,105.35,0.933,93.19,Mobile App,East,13256.92
REC004700,2023-08-27,234.41,910,637,3.36,24.49,129,40.5,0,192,12,61.65,3.4,6.28,3,88.79,111.84,1.127,104.08,Mobile App,East,4564.29
REC004508,2023-08-27,131.11,933,694,1.5,34.96,119,44.64,10,195,0,59.77,5.0,7.43,0,96.08,121.06,0.939,101.94,Mobile App,North,5210.31
REC000255,2023-08-28,271.77,861,649,0.87,56.93,106,40.48,20,207,1,60.14,3.22,11.85,3,86.0,78.47,1.306,103.16,Mobile App,East,8955.25
REC002165,2023-08-28,561.07,910,661,4.12,43.15,119,58.38,15,199,7,58.68,4.23,0.95,0,92.45,108.76,1.138,92.33,Mobile App,North,7873.06
REC001142,2023-08-28,77.28,917,614,3.95,131.4,113,27.53,10,208,6,59.18,4.25,2.98,3,75.79,91.1,1.186,94.82,Website,West,19291.55
REC003305,2023-08-29,70.19,936,652,2.26,26.67,102,28.37,5,146,11,70.22,4.49,9.62,2,96.13,98.49,0.971,102.13,Website,Central,2929.26
REC004776,2023-08-29,81.96,888,689,3.89,27.62,106,48.35,0,170,7,45.88,2.73,1.05,2,91.75,99.24,1.175,94.71,Website,West,4858.82
REC002014,2023-08-30,40.32,922,641,2.15,141.91,122,12.39,10,181,2,42.28,4.2,9.65,1,88.46,105.92,1.278,101.24,Website,South,21988.3
REC005742,2023-08-30,125.2,866,641,4.16,11.57,125,30.36,0,186,13,68.22,3.81,8.39,1,97.48,84.05,1.013,102.89,Mobile App,North,2111.2
REC000361,2023-08-30,431.47,917,633,3.89,85.24,118,36.65,0,189,5,49.94,4.15,6.15,2,86.99,87.33,1.197,105.98,Website,North,14933.82
REC000420,2023-08-31,83.79,890,640,1.59,48.18,123,51.22,5,170,2,55.89,4.32,5.46,1,99.44,107.13,0.801,95.81,Mobile App,East,6589.49
REC003655,2023-08-31,60.91,901,622,4.19,225.87,97,51.88,20,189,11,46.43,3.67,6.11,0,94.88,91.92,0.769,101.81,Website,West,23108.75
REC004787,2023-08-31,323.95,937,622,3.45,40.58,111,64.61,25,201,6,57.07,2.61,5.2,1,93.78,116.06,1.06,105.74,Website,West,6480.63
REC002419,2023-08-31,492.96,884,656,2.71,55.22,98,20.2,15,197,4,50.43,3.76,9.84,1,94.66,102.64,1.06,101.49,Mobile App,West,8077.7
REC002146,2023-09-01,98.55,867,648,1.95,32.32,113,31.28,5,170,7,55.32,3.27,10.23,1,96.4,105.6,1.213,108.13,Marketplace,South,3955.32
REC001155,2023-09-01,309.37,860,611,4.17,87.96,105,32.36,0,214,3,59.16,4.3,4.25,2,85.19,98.66,1.104,102.24,Mobile App,East,12882.7
REC000022,2023-09-01,234.93,931,650,4.39,15.83,123,30.48,10,196,1,77.19,4.22,3.66,0,93.45,91.66,0.947,97.63,Marketplace,West,2140.97
REC000170,2023-09-02,58.91,945,631,2.94,14.36,101,42.22,30,185,13,64.37,4.5,11.53,4,83.55,97.5,1.064,104.35,Mobile App,Central,1734.57
REC000315,2023-09-02,319.3,860,635,3.87,62.34,115,32.46,25,193,0,42.32,4.81,5.48,1,84.25,98.02,1.161,99.19,Website,South,9481.61
REC004276,2023-09-02,262.73,922,654,5.52,22.23,113,29.26,5,179,12,42.52,5.0,8.97,0,93.28,79.27,0.958,100.29,Mobile App,East,3685.83
REC003923,2023-09-02,302.02,897,673,4.59,96.32,116,39.2,25,187,5,55.56,4.66,8.85,1,100.0,108.57,1.346,100.42,Website,East,20326.6
REC003859,2023-09-02,115.4,877,613,3.42,92.02,118,75.0,5,195,15,48.66,4.15,8.09,2,89.53,93.14,1.137,102.9,Website,Central,15516.97
REC002578,2023-09-03,342.91,930,658,2.48,42.02,113,51.3,20,175,13,50.46,4.44,13.89,1,95.55,114.43,1.325,91.93,Mobile App,North,8185.06
REC005425,2023-09-03,140.88,923,636,3.94,65.27,136,41.09,5,161,9,48.46,4.33,9.91,0,91.49,78.92,0.817,100.3,Mobile App,West,11070.22
REC003866,2023-09-03,62.64,876,615,3.73,17.04,121,30.04,20,190,3,60.19,4.4,10.04,1,78.75,97.54,0.819,93.65,Website,East,1622.38
REC003557,2023-09-03,135.87,872,628,3.69,100.03,85,27.42,10,184,15,70.05,4.64,13.85,2,95.63,112.57,1.015,96.74,Mobile App,West,12205.97
REC003627,2023-09-03,124.31,904,632,2.64,83.45,118,34.71,15,203,2,57.21,4.21,11.52,0,92.89,106.28,0.969,105.15,Mobile App,South,13332.35
REC003176,2023-09-03,32.16,922,616,4.63,38.43,110,47.17,10,200,9,48.66,4.01,11.91,2,96.26,111.28,1.309,99.19,Website,Central,6058.44
REC005299,2023-09-04,145.78,912,634,6.0,34.01,109,37.18,20,181,9,64.75,3.9,12.72,2,79.0,96.84,1.284,99.71,Mobile App,South,5092.37
REC003261,2023-09-05,255.33,963,605,5.29,45.99,102,52.42,10,193,10,64.4,5.0,13.16,5,86.25,107.48,0.791,99.28,Marketplace,North,4096.8
REC005689,2023-09-05,150.45,942,651,5.29,30.76,114,45.1,15,212,8,50.19,3.94,7.55,0,95.35,88.62,1.145,90.53,Website,East,5654.53
REC002144,2023-09-05,254.19,922,635,3.18,14.56,101,19.25,5,191,13,50.88,4.33,9.85,1,82.15,99.53,1.345,99.26,Mobile App,North,2319.01
REC000204,2023-09-05,72.86,888,680,3.18,55.16,113,39.99,0,206,13,56.13,3.67,6.35,2,94.24,91.28,1.099,106.46,Mobile App,South,8623.94
REC001059,2023-09-05,149.05,912,699,3.68,10.88,132,43.43,0,201,9,49.01,3.37,7.85,3,100.0,111.69,0.982,105.48,Mobile App,East,1973.69
REC002733,2023-09-05,188.71,875,635,5.2,109.03,92,33.97,5,182,6,58.66,4.03,7.31,2,90.36,90.83,1.015,95.67,Website,West,15295.0
REC001558,2023-09-05,166.47,876,611,5.23,39.95,109,27.98,25,193,13,54.66,4.25,6.73,1,86.72,110.93,1.12,88.82,Marketplace,North,5509.04
REC005917,2023-09-07,121.96,880,608,2.76,9.02,132,34.54,15,204,12,47.69,4.2,5.63,1,82.74,100.67,1.248,111.07,Mobile App,Central,1796.65
REC001723,2023-09-07,177.98,872,635,4.91,47.21,106,11.04,10,233,14,72.4,3.6,7.61,1,78.93,98.95,1.184,102.85,Marketplace,Central,6063.02
REC005418,2023-09-08,279.97,909,678,3.95,69.92,115,42.5,10,185,0,56.19,4.18,9.61,1,94.25,81.22,1.088,97.63,Website,Central,9935.43
REC003282,2023-09-08,198.59,830,617,4.16,23.96,129,48.17,0,199,7,59.79,3.94,7.04,1,99.99,98.6,0.995,95.9,Website,Central,4789.34
REC004525,2023-09-08,202.29,926,625,3.12,84.98,112,43.86,5,169,14,56.74,4.32,0.83,1,96.4,93.35,1.077,93.96,Marketplace,Central,10992.65
REC004360,2023-09-08,25.44,931,606,6.3,35.69,119,26.97,5,180,12,63.72,3.29,7.49,4,91.35,80.0,1.247,96.53,Mobile App,Central,7499.24
REC004443,2023-09-08,54.56,862,643,5.02,79.73,108,41.74,25,172,0,48.63,3.81,5.25,1,92.06,98.77,0.759,101.86,Website,East,7505.05
REC005618,2023-09-08,380.05,896,661,3.75,62.66,126,20.44,0,180,7,69.94,4.17,4.93,1,82.49,85.59,1.316,107.49,Website,East,11595.79
REC005368,2023-09-09,321.5,866,611,4.14,45.69,94,30.79,25,192,15,64.44,4.4,7.3,3,91.6,120.88,1.335,94.14,Mobile App,West,7488.71
REC003872,2023-09-09,102.18,923,618,4.29,63.1,123,45.94,10,190,2,37.15,4.87,3.49,1,100.0,97.43,1.338,102.2,Website,East,13852.29
REC003565,2023-09-09,41.02,926,666,4.29,50.13,109,34.2,5,205,2,62.12,4.55,9.76,2,88.44,87.55,0.915,102.23,Mobile App,South,6159.87
REC002343,2023-09-10,119.03,907,624,4.42,52.06,116,52.65,25,170,1,57.33,5.0,13.2,2,96.16,94.75,0.959,96.64,Mobile App,East,7706.01
REC003654,2023-09-10,182.83,873,669,3.75,12.72,102,38.38,25,201,0,75.51,3.35,11.49,1,91.03,92.47,1.188,97.22,Mobile App,South,1948.14
REC001317,2023-09-10,220.82,863,634,3.39,31.81,118,37.73,5,206,12,49.52,4.05,4.75,1,79.75,96.87,0.772,96.2,Marketplace,Central,2698.85
REC005813,2023-09-11,270.06,896,650,3.79,50.16,117,8.06,20,194,13,50.68,3.52,5.76,0,93.38,86.88,1.063,99.37,Website,Central,7346.79
REC000332,2023-09-11,229.8,940,617,4.49,33.51,117,54.3,0,177,6,50.54,4.7,6.97,0,96.8,110.73,1.016,97.98,Website,East,5899.35
REC003260,2023-09-11,168.71,890,718,5.13,24.05,114,57.09,20,207,6,54.94,4.72,4.75,2,100.0,107.5,1.101,98.05,Website,South,4122.58
REC005531,2023-09-11,549.55,909,629,4.62,76.65,117,47.32,5,179,15,80.06,2.96,8.66,2,88.24,98.32,0.942,106.56,Website,South,9811.75
REC003182,2023-09-11,97.93,885,663,3.87,19.9,112,39.57,25,189,8,68.34,3.6,3.66,2,91.44,107.77,1.09,107.29,Mobile App,Central,3050.32
REC005206,2023-09-11,283.74,949,688,4.26,62.97,117,62.81,10,192,13,47.18,4.62,4.33,2,84.76,97.21,0.935,104.2,Website,North,9496.05
REC004235,2023-09-12,34.82,901,631,2.63,26.53,133,29.34,30,176,0,48.37,4.62,8.95,0,82.19,107.43,1.012,102.42,Website,West,3639.2
REC002212,2023-09-12,180.02,967,634,2.4,47.26,89,29.04,5,187,14,51.35,3.79,7.13,2,87.43,92.31,0.862,99.5,Website,North,3670.97
REC000870,2023-09-12,82.9,898,632,3.44,29.47,135,40.53,20,194,10,65.03,3.55,9.84,1,90.79,94.09,1.276,95.0,Website,East,5520.44
REC004653,2023-09-12,35.6,935,682,4.56,31.28,125,41.82,10,169,1,45.86,4.29,11.78,0,91.04,98.31,1.267,98.85,Mobile App,Central,6788.81
REC005873,2023-09-12,201.68,888,661,3.15,32.42,108,35.0,10,189,4,68.59,4.75,5.61,1,80.81,92.05,1.141,98.44,Marketplace,West,3928.8
REC002724,2023-09-12,28.02,857,611,4.94,17.87,109,56.08,10,174,15,52.05,2.75,12.34,0,91.86,96.73,0.99,100.52,Marketplace,Central,2205.24
REC005641,2023-09-12,550.91,919,674,3.6,83.28,118,27.76,15,189,0,51.26,4.39,4.0,0,98.32,114.16,1.066,98.29,Website,South,12866.23
REC000703,2023-09-12,46.15,909,631,3.73,97.81,106,45.22,10,210,1,63.39,4.82,10.36,1,90.47,112.3,0.964,99.83,Marketplace,Central,10074.24
REC005921,2023-09-12,87.84,901,650,3.42,38.5,126,38.62,10,191,8,68.81,3.85,6.74,4,84.93,110.99,1.177,95.08,Website,Central,5876.66
REC002524,2023-09-12,173.83,865,582,4.87,55.78,109,34.4,5,164,2,79.56,3.64,14.44,1,94.1,98.75,0.755,99.87,Marketplace,Central,4915.57
REC002302,2023-09-12,91.67,955,641,5.05,57.9,119,46.46,10,169,2,49.74,4.1,12.82,3,89.72,101.77,1.14,100.26,Website,Central,9984.86
REC002490,2023-09-13,61.43,927,632,3.41,51.45,104,19.54,5,203,0,49.01,4.06,7.48,1,92.97,100.2,0.931,92.83,Website,North,5641.21
REC004620,2023-09-13,106.5,903,601,2.34,19.85,104,25.75,0,191,14,55.58,3.19,9.4,2,100.0,95.17,1.188,104.05,Mobile App,Central,3077.93
REC000837,2023-09-13,425.78,928,598,3.14,48.46,122,42.53,10,211,5,77.98,3.42,12.27,1,85.63,100.6,0.801,103.11,Mobile App,North,5371.43
REC004783,2023-09-13,114.0,889,621,2.82,13.82,114,35.89,30,181,0,56.49,4.19,8.47,2,98.79,113.08,1.335,91.87,Website,South,2361.87
REC002608,2023-09-13,267.2,882,678,2.45,26.72,129,14.49,10,200,7,52.91,4.5,10.62,2,90.61,106.89,0.956,101.45,Mobile App,East,4373.0
REC001362,2023-09-13,76.53,869,630,3.22,33.7,119,42.67,0,185,3,66.08,4.42,11.02,3,97.27,70.0,0.785,98.25,Mobile App,East,4252.99
REC005688,2023-09-14,168.87,882,635,3.61,86.28,126,34.63,30,198,2,63.42,2.97,11.96,1,98.19,99.36,1.124,94.95,Mobile App,North,18840.69
REC002621,2023-09-14,67.22,881,653,2.46,50.08,99,26.72,15,190,14,43.02,4.31,8.98,0,81.54,113.57,0.849,99.29,Website,West,4448.92
REC004825,2023-09-14,40.36,917,690,2.71,31.91,123,29.04,25,183,8,56.26,4.61,7.91,2,87.41,107.54,1.194,102.72,Mobile App,South,4913.93
REC002376,2023-09-15,120.87,854,688,2.91,63.05,125,58.4,15,183,6,44.7,5.0,10.89,1,91.21,115.98,1.099,104.7,Website,Central,10568.86
REC001377,2023-09-15,244.87,901,628,3.69,35.77,120,71.9,10,181,6,69.79,4.28,3.87,4,92.65,113.75,0.895,109.27,Website,Central,4891.23
REC005880,2023-09-15,89.32,876,664,3.46,108.55,113,55.96,0,223,9,48.9,4.48,4.02,0,78.58,107.98,0.906,93.92,Mobile App,West,13374.09
REC000632,2023-09-15,115.31,920,622,2.79,8.97,117,46.1,10,185,6,61.9,3.47,10.88,4,81.4,106.51,1.281,95.57,Mobile App,South,1279.29
REC000195,2023-09-15,335.39,938,636,3.21,52.48,108,28.57,10,185,3,38.76,3.84,8.98,1,98.33,98.98,1.074,100.21,Website,South,7569.18
REC000907,2023-09-15,114.44,878,647,4.15,54.22,116,40.32,15,180,5,66.76,3.84,9.45,1,84.37,106.14,0.92,94.43,Mobile App,North,7369.39
REC004737,2023-09-15,65.75,929,640,4.33,42.56,95,49.92,5,154,8,52.1,4.48,8.25,0,88.01,110.42,1.33,98.27,Website,South,5757.84
REC002592,2023-09-15,51.86,855,650,5.51,59.48,105,34.54,20,182,2,56.27,4.73,8.68,1,92.97,96.46,1.312,98.16,Mobile App,Central,10986.04
REC002848,2023-09-15,115.01,876,657,3.99,84.12,126,42.45,5,163,6,73.26,4.48,5.14,2,100.0,103.08,1.175,96.9,Website,East,18093.69
REC005179,2023-09-16,79.44,892,579,5.08,54.28,112,39.52,10,186,9,48.52,4.36,9.55,1,90.48,103.08,1.135,103.36,Website,East,8998.08
REC002010,2023-09-16,131.97,892,664,5.07,99.86,127,48.25,25,195,9,45.08,4.59,10.39,1,70.47,100.83,1.025,95.68,Mobile App,South,14656.6
REC003626,2023-09-16,33.26,884,612,3.98,36.97,104,49.02,0,185,11,36.84,4.78,10.9,3,100.0,94.26,0.818,94.74,Website,Central,3885.71
REC002976,2023-09-17,284.25,886,648,4.76,45.21,91,26.22,10,211,1,85.12,3.28,15.38,1,96.53,120.71,0.799,105.75,Mobile App,North,4747.56
REC001336,2023-09-17,73.94,913,610,3.49,56.7,108,26.94,0,179,7,49.53,4.36,20.02,1,78.86,99.86,1.008,99.58,Website,North,6143.83
REC004168,2023-09-17,123.73,894,681,3.42,52.67,103,25.03,25,176,0,51.83,3.75,12.19,5,97.47,95.58,1.121,93.54,Website,East,6971.12
REC003443,2023-09-17,261.84,963,640,3.62,36.43,117,56.46,10,189,13,65.11,4.4,8.4,1,97.86,115.13,1.027,104.66,Website,West,6144.37
REC005902,2023-09-17,86.72,910,658,3.27,27.7,120,35.19,25,226,5,57.56,4.37,6.33,1,89.77,102.91,1.065,99.24,Mobile App,Central,4458.58
REC000335,2023-09-18,165.54,937,612,3.42,24.98,117,40.29,10,203,6,80.23,3.76,2.63,1,82.65,94.17,1.17,107.3,Website,East,3693.68
REC000694,2023-09-18,75.96,886,653,3.01,15.53,106,45.61,20,185,2,59.15,4.54,9.87,3,73.64,87.15,1.038,96.66,Mobile App,Central,1761.91
REC004504,2023-09-19,232.31,889,661,2.61,72.21,115,49.06,15,188,7,52.31,4.83,2.96,0,80.17,107.88,1.179,105.27,Mobile App,West,13679.27
REC004495,2023-09-19,241.05,898,613,5.48,35.2,121,26.33,10,199,7,57.36,3.65,7.25,2,86.7,94.35,1.232,109.42,Marketplace,West,5802.99
REC001029,2023-09-19,215.74,905,677,2.91,27.28,127,39.58,20,188,1,55.3,5.0,4.77,2,97.29,93.74,1.021,100.57,Website,North,4400.58
REC004323,2023-09-20,149.06,925,637,2.36,32.68,102,42.98,10,224,11,48.4,3.92,11.94,0,94.61,100.24,0.831,98.48,Website,West,3677.94
REC001830,2023-09-21,74.64,901,596,5.43,17.69,122,54.05,5,174,13,52.51,4.1,12.59,2,79.58,108.67,0.953,91.93,Mobile App,South,2263.89
REC004100,2023-09-21,132.96,913,665,2.57,31.21,108,52.02,10,192,9,39.83,4.03,1.1,0,95.47,90.47,1.157,99.44,Website,East,5904.4
REC004294,2023-09-22,193.6,939,629,2.84,33.81,115,34.68,15,196,0,72.19,3.81,7.59,0,79.14,96.78,1.114,95.67,Mobile App,North,5500.32
REC000267,2023-09-22,313.38,925,641,4.98,9.02,122,45.48,25,201,8,50.1,4.63,7.78,1,95.56,96.35,1.246,99.11,Mobile App,North,1903.13
REC000316,2023-09-22,342.53,921,711,3.28,26.43,117,47.63,5,188,6,51.21,4.66,6.05,2,99.74,97.64,1.341,102.61,Mobile App,North,5743.04
REC005928,2023-09-22,19.19,940,650,7.13,11.83,123,41.17,5,178,6,58.57,3.94,9.53,1,76.02,95.62,1.283,101.8,Marketplace,West,2016.72
REC002048,2023-09-23,77.74,867,663,5.5,48.91,120,37.35,10,185,8,55.34,4.03,4.4,0,92.3,70.0,1.053,97.3,Website,West,9837.75
REC004058,2023-09-23,100.27,855,628,2.46,103.0,121,24.62,0,190,12,37.69,4.47,9.88,1,87.77,91.78,1.327,101.7,Mobile App,East,17609.51
REC002725,2023-09-23,70.26,897,643,5.26,35.66,111,41.68,0,194,0,50.84,3.04,8.03,4,83.04,89.01,1.2,98.07,Website,Central,5416.14
REC003858,2023-09-23,224.11,905,622,5.13,56.04,116,21.41,10,181,0,54.31,4.51,5.69,1,90.96,71.34,1.097,99.03,Website,East,8760.1
REC000637,2023-09-24,196.12,931,630,1.98,57.88,107,46.88,10,202,10,56.0,3.92,5.78,4,97.49,112.7,1.082,90.49,Mobile App,Central,8166.52
REC001364,2023-09-24,556.11,920,624,1.63,17.19,121,20.09,25,191,1,72.23,5.0,2.21,2,91.71,108.83,1.044,91.81,Website,Central,2016.13
REC001969,2023-09-24,510.94,920,652,2.41,54.43,114,30.45,5,205,4,66.19,3.59,11.3,2,97.63,106.58,1.232,101.69,Website,South,7636.89
REC003369,2023-09-24,214.36,920,647,3.24,60.8,113,27.66,20,181,13,61.41,4.37,12.33,0,81.18,75.81,1.03,94.09,Website,East,6705.37
REC005569,2023-09-25,28.12,890,625,3.8,36.38,110,39.85,0,204,2,56.18,3.57,5.32,1,93.9,90.92,1.015,103.76,Mobile App,North,5153.28
REC005988,2023-09-25,23.1,942,679,4.02,43.22,115,44.12,0,177,12,62.95,4.35,14.11,1,88.26,73.49,0.947,95.8,Marketplace,West,5238.74
REC005967,2023-09-25,59.35,953,634,4.32,25.33,128,59.95,20,193,5,53.93,3.85,9.78,2,74.5,121.03,0.786,95.3,Marketplace,East,2155.84
REC004098,2023-09-25,192.09,833,630,3.81,113.48,107,41.2,15,221,10,72.33,4.68,7.44,1,89.54,81.93,1.246,104.47,Website,West,19618.23
REC003250,2023-09-26,430.98,907,673,3.28,20.94,98,19.62,15,206,13,62.61,3.82,11.31,2,99.56,99.64,1.17,96.22,Website,East,2918.05
REC003697,2023-09-27,151.37,902,707,4.06,77.71,112,34.52,20,205,6,65.15,4.31,11.73,0,93.82,123.84,0.903,99.53,Marketplace,Central,9506.72
REC002722,2023-09-27,84.87,857,662,5.2,24.67,128,47.71,10,198,4,74.46,2.36,6.41,1,87.31,127.41,1.215,99.14,Mobile App,South,5221.26
REC000188,2023-09-27,195.91,884,663,4.92,49.38,114,42.29,5,191,13,73.43,3.72,8.77,4,82.08,113.15,1.272,96.89,Mobile App,Central,8208.02
REC002919,2023-09-27,74.26,892,640,6.62,22.12,124,30.43,15,190,15,50.56,3.94,8.73,0,93.18,104.7,1.35,97.71,Website,Central,5132.54
REC003344,2023-09-27,125.82,936,637,2.53,46.6,120,39.82,25,181,12,48.6,4.03,0.77,3,92.91,96.01,1.1,102.98,Mobile App,West,8645.44
REC001796,2023-09-27,329.46,932,667,3.25,31.89,120,26.22,5,195,11,58.61,4.28,8.03,0,98.97,102.59,0.908,98.52,Mobile App,North,5023.01
REC005949,2023-09-27,60.78,839,602,3.64,68.63,132,34.6,20,189,14,66.39,4.24,4.07,3,85.25,95.78,0.894,100.1,Mobile App,Central,8414.37
REC004050,2023-09-28,430.72,873,632,5.28,22.11,124,50.09,15,179,2,46.81,3.57,6.85,2,97.7,85.15,1.021,104.03,Website,South,3900.41
REC000498,2023-09-28,199.0,968,634,5.89,49.67,111,48.88,10,206,8,58.08,4.65,7.67,1,100.0,100.99,1.265,102.25,Mobile App,East,11183.54
REC001660,2023-09-28,74.11,901,659,5.34,39.23,112,8.66,0,190,7,54.25,3.32,1.53,4,89.47,96.86,0.895,97.89,Website,North,4560.47
REC002123,2023-09-28,32.52,883,650,4.78,10.22,117,58.75,15,185,2,43.08,4.21,9.22,2,78.19,98.05,0.817,103.28,Website,Central,1036.91
REC002427,2023-09-28,129.66,901,675,3.45,68.76,126,48.32,25,180,1,56.94,3.92,9.61,1,91.13,83.23,0.78,90.8,Mobile App,North,9104.16
REC000154,2023-09-28,167.76,852,626,3.07,107.61,119,32.32,0,185,8,67.05,3.78,11.69,1,96.49,102.75,1.254,102.78,Marketplace,North,18858.18
REC001547,2023-09-28,388.35,951,632,3.21,34.54,106,42.01,15,213,11,56.09,4.27,7.8,0,95.36,86.57,0.838,93.44,Mobile App,West,4335.52
REC000927,2023-09-29,79.27,902,641,4.05,123.91,108,43.81,20,189,15,75.31,4.65,9.54,1,82.32,108.39,1.218,102.28,Website,North,20287.02
REC005488,2023-09-29,204.49,929,640,5.32,28.22,126,43.02,10,175,2,52.1,4.53,4.46,0,98.35,111.3,0.865,99.69,Website,East,4114.6
REC005509,2023-09-29,70.96,931,662,3.49,27.66,121,25.31,15,190,11,64.55,3.97,8.09,3,85.22,107.12,1.193,97.84,Mobile App,North,4687.53
REC003204,2023-09-29,32.81,891,658,3.85,51.84,104,39.26,0,179,13,33.86,4.07,13.75,0,92.42,87.18,0.822,104.31,Mobile App,West,5286.52
REC005241,2023-09-29,100.86,895,671,5.06,55.7,117,38.28,25,186,11,52.63,4.52,8.73,0,84.86,101.41,1.147,91.22,Mobile App,East,8103.95
REC003686,2023-09-29,340.16,895,652,3.19,47.63,114,62.67,20,198,5,62.53,3.92,6.32,1,88.32,101.61,1.301,93.62,Website,East,9083.28
REC004070,2023-09-29,186.36,892,648,5.03,5.12,112,33.91,10,176,14,51.7,3.83,7.35,4,100.0,118.26,1.312,99.17,Marketplace,West,888.73
REC005986,2023-09-29,138.36,880,654,3.22,40.38,103,45.96,10,204,13,41.11,2.35,0.5,0,76.6,91.19,1.126,106.83,Website,East,4579.67
REC000215,2023-09-29,77.73,869,599,2.31,28.46,125,48.72,15,193,7,41.88,2.76,5.96,0,91.7,83.85,1.199,99.49,Website,South,4370.41
REC001233,2023-09-29,66.82,906,636,3.06,22.87,123,51.38,20,196,3,57.52,3.87,9.69,3,91.41,85.46,0.969,94.09,Website,Central,2996.23
REC001533,2023-09-30,400.18,917,619,3.21,25.56,123,47.36,10,213,10,64.97,3.59,6.4,1,89.45,106.62,0.81,93.09,Website,North,2687.37
REC003226,2023-09-30,120.53,887,679,3.01,97.72,120,22.08,5,181,9,49.57,3.61,7.92,1,79.13,83.54,1.116,101.43,Website,North,11015.97
REC004964,2023-09-30,327.97,911,633,4.76,32.56,125,18.52,0,206,12,53.41,4.2,8.15,2,91.94,110.64,1.138,100.73,Mobile App,Central,5450.22
REC004108,2023-09-30,171.67,820,627,5.12,57.73,112,47.6,15,186,11,56.82,3.86,12.64,0,88.88,93.96,1.227,103.12,Mobile App,West,10689.17
REC004730,2023-09-30,343.65,827,648,2.91,30.1,120,41.88,5,200,12,46.97,5.0,9.99,1,98.17,130.1,0.925,99.33,Mobile App,North,4640.9
REC005377,2023-10-01,358.71,914,649,3.16,33.21,112,55.24,10,203,6,56.36,4.54,8.58,3,99.2,109.29,1.169,105.13,Marketplace,West,6477.2
REC003485,2023-10-01,154.08,917,642,3.78,52.85,121,35.62,20,168,12,57.24,3.89,11.2,1,93.14,121.86,1.131,105.28,Website,East,8401.16
REC002672,2023-10-01,80.48,863,659,4.56,13.4,107,33.93,5,199,15,61.29,4.83,7.66,1,82.27,100.71,0.912,98.72,Website,North,1527.23
REC000011,2023-10-01,161.42,915,629,3.54,61.9,125,29.45,25,190,3,64.06,4.66,18.04,3,93.06,102.69,1.125,95.52,Mobile App,North,10212.63
REC002410,2023-10-02,249.37,891,639,5.36,36.45,121,21.07,0,197,10,34.78,3.78,5.35,1,100.0,95.48,1.336,98.8,Website,North,8786.52
REC000275,2023-10-02,171.73,868,663,4.8,31.1,121,43.56,25,187,4,46.18,3.82,4.4,1,82.76,113.48,1.109,92.62,Marketplace,North,4467.13
REC002137,2023-10-02,62.84,820,620,4.83,52.1,126,49.42,15,202,8,70.64,3.97,0.5,2,92.64,81.51,1.245,89.57,Mobile App,South,10480.46
REC003018,2023-10-02,55.03,908,660,2.85,55.14,128,28.78,15,204,5,52.29,4.36,4.87,0,83.42,109.66,1.201,102.89,Marketplace,Central,7446.98
REC003730,2023-10-02,173.02,903,682,3.64,23.55,128,28.93,0,194,6,54.31,4.07,5.82,2,89.69,122.6,0.943,95.12,Website,Central,3497.09
REC004545,2023-10-03,502.5,942,674,3.1,26.9,120,8.0,30,180,5,65.35,3.56,9.2,2,99.5,110.78,1.216,102.63,Website,Central,4664.49
REC000336,2023-10-03,231.96,916,647,3.32,98.65,131,29.31,0,175,4,64.25,4.5,12.87,2,81.03,90.07,1.233,108.22,Mobile App,East,20153.65
REC005136,2023-10-04,134.02,886,682,2.29,30.24,96,38.03,0,189,15,41.76,3.19,12.37,2,98.04,111.51,0.918,101.27,Marketplace,East,3425.91
REC005144,2023-10-04,268.26,870,630,3.11,28.07,110,46.98,5,202,4,46.69,3.3,9.09,1,92.35,99.52,0.832,97.93,Mobile App,Central,3072.28
REC002537,2023-10-04,124.0,872,590,4.29,50.01,117,28.8,10,210,4,50.34,3.87,8.09,1,90.95,82.64,0.972,92.99,Mobile App,South,8044.87
REC005330,2023-10-04,55.22,876,652,4.01,27.9,111,28.07,15,182,3,51.42,3.84,5.07,0,86.42,101.06,0.837,99.76,Mobile App,North,3428.31
REC001206,2023-10-05,126.12,900,649,2.88,21.7,112,59.91,20,205,13,43.6,3.69,15.92,4,100.0,94.8,0.791,108.54,Website,East,2295.9
REC002582,2023-10-05,135.79,848,650,3.62,60.49,113,16.77,0,180,11,60.77,4.75,12.58,0,84.21,105.93,0.774,112.33,Marketplace,Central,5482.32
REC005745,2023-10-05,525.33,922,631,2.08,43.63,113,36.76,10,194,13,53.48,4.3,6.3,1,74.26,112.56,1.129,102.62,Mobile App,South,5271.68
REC005354,2023-10-05,168.93,900,616,3.29,31.45,115,27.74,10,183,1,57.63,3.32,4.31,2,79.6,97.64,0.806,105.72,Mobile App,South,2956.5
REC003087,2023-10-06,221.3,884,654,4.45,62.38,113,29.83,15,174,9,43.13,4.28,13.92,2,84.9,86.81,1.246,107.79,Mobile App,East,11604.26
REC002192,2023-10-06,90.64,943,643,2.89,26.75,126,38.67,0,209,1,46.11,4.34,10.53,0,74.43,91.23,1.3,94.58,Website,Central,3628.66
REC000941,2023-10-06,191.74,874,634,4.91,26.03,122,31.72,20,170,8,69.45,4.01,0.5,1,95.03,107.29,1.068,108.39,Marketplace,East,4665.67
REC003818,2023-10-06,267.31,889,598,5.05,28.6,102,25.43,15,192,7,66.24,4.55,10.15,1,80.46,126.69,1.294,104.59,Marketplace,North,4312.21
REC002749,2023-10-07,202.17,877,622,3.07,28.37,118,58.82,15,204,1,66.42,3.76,3.59,1,85.15,104.52,1.015,94.48,Website,South,3608.03
REC004778,2023-10-07,380.06,870,638,4.5,19.12,105,37.37,20,189,2,54.02,4.17,8.92,1,89.21,75.8,0.878,99.65,Marketplace,Central,1965.99
REC001620,2023-10-07,78.94,960,655,2.82,37.74,127,64.69,0,188,12,55.77,2.52,12.45,0,93.4,113.27,0.907,97.12,Mobile App,Central,6248.42
REC001348,2023-10-07,95.17,930,675,3.29,38.93,123,33.63,5,168,12,49.48,3.26,11.08,5,97.48,90.86,1.19,87.15,Mobile App,North,7696.51
REC005897,2023-10-08,458.93,872,683,4.38,25.44,102,37.39,5,168,6,70.54,4.73,7.08,1,86.59,101.97,0.787,100.43,Marketplace,South,2410.5
REC002654,2023-10-08,268.14,906,631,4.06,44.64,108,28.96,15,188,9,62.65,4.28,10.62,2,84.76,112.15,0.935,97.89,Mobile App,West,5563.93
REC005431,2023-10-08,116.26,873,685,4.95,71.84,115,33.05,15,181,4,49.38,4.02,7.37,2,88.0,102.31,1.269,106.36,Website,South,11704.31
REC003303,2023-10-08,279.03,923,610,5.22,91.85,133,24.59,15,170,10,39.23,5.0,5.38,3,100.0,100.76,0.931,107.68,Website,Central,13484.96
REC005848,2023-10-10,98.4,934,619,3.92,35.54,124,31.52,15,175,6,77.6,4.5,5.69,2,82.9,87.7,1.077,103.48,Website,North,5491.19
REC005911,2023-10-10,195.07,823,672,4.13,63.48,105,46.81,5,178,2,55.57,3.41,7.06,1,83.13,92.73,0.852,106.26,Website,North,6202.18
REC005756,2023-10-10,239.5,947,673,5.0,37.39,125,40.47,10,185,10,62.33,3.93,3.01,4,97.64,101.96,0.989,103.95,Mobile App,West,6799.54
REC004285,2023-10-10,173.31,866,635,4.49,39.82,124,24.89,5,178,12,53.84,4.72,6.0,2,92.41,83.45,1.219,91.4,Mobile App,Central,7706.73
REC001153,2023-10-11,138.2,894,631,4.24,11.31,110,58.73,15,199,13,46.04,4.04,2.53,2,80.58,110.25,1.31,94.4,Website,West,1995.36
REC004692,2023-10-11,103.57,894,634,4.79,48.9,110,41.9,10,178,8,45.03,3.46,11.25,2,90.59,105.88,0.972,103.64,Website,West,6590.84
REC003434,2023-10-11,85.0,867,606,4.43,56.95,121,58.89,25,187,3,58.15,2.65,5.26,1,90.84,94.18,0.793,93.47,Mobile App,West,7580.25
REC003264,2023-10-11,129.63,902,617,3.85,50.13,110,41.81,0,176,10,63.89,4.81,10.43,4,88.67,114.32,1.297,97.54,Website,South,7460.91
REC003794,2023-10-11,38.91,880,627,4.04,24.79,103,53.98,5,192,1,55.41,4.74,6.22,0,82.62,113.8,0.834,90.46,Website,East,2288.0
REC000567,2023-10-11,275.26,853,654,3.92,69.81,129,43.75,10,188,13,72.94,3.98,12.23,2,89.4,104.39,1.037,100.5,Website,Central,10684.2
REC002216,2023-10-11,278.76,942,620,4.35,19.16,126,50.5,15,191,14,55.81,4.13,9.63,2,96.82,105.04,1.173,101.4,Website,West,4021.97
REC004911,2023-10-11,221.51,860,594,3.88,103.23,121,50.57,20,172,4,50.16,3.5,11.47,1,88.42,88.17,1.267,106.32,Website,East,20769.24
REC000210,2023-10-12,246.61,916,624,2.62,57.16,97,61.61,0,210,13,74.77,4.57,11.35,3,89.45,116.6,0.864,102.21,Mobile App,South,5335.86
REC004570,2023-10-12,201.26,923,667,3.18,43.07,110,32.85,15,192,10,51.61,3.21,13.14,2,100.0,93.22,1.331,97.03,Website,West,8629.04
REC002631,2023-10-13,330.76,922,618,4.64,38.68,134,56.32,0,198,11,60.8,4.18,9.91,0,89.31,128.99,0.81,100.95,Marketplace,West,4908.94
REC005591,2023-10-13,167.79,894,673,5.24,46.43,118,24.35,10,199,7,63.31,4.39,2.2,2,90.72,70.0,1.071,102.03,Website,West,7994.22
REC001354,2023-10-13,210.67,946,614,3.51,123.07,128,47.22,20,192,0,51.41,4.32,8.01,1,82.53,102.52,0.9,95.52,Website,West,16411.9
REC002342,2023-10-13,102.98,918,672,4.68,63.04,113,39.84,5,173,9,83.79,3.99,6.99,0,95.08,112.73,0.932,89.24,Website,Central,8492.11
REC003874,2023-10-13,387.17,906,582,4.19,93.13,91,42.98,10,214,11,53.36,3.71,13.93,1,93.05,109.86,1.267,105.44,Mobile App,Central,13592.97
REC003199,2023-10-13,151.04,862,609,2.67,46.02,113,30.64,10,192,12,59.41,4.39,9.73,0,91.89,80.3,0.815,90.94,Website,East,4487.01
REC005261,2023-10-13,198.93,947,637,3.3,106.86,130,47.9,5,184,11,56.88,5.0,7.29,0,77.6,104.69,0.874,96.4,Mobile App,North,14094.87
REC001486,2023-10-14,180.75,938,621,4.19,24.1,98,19.65,10,191,12,71.32,4.44,6.69,3,90.84,79.83,1.348,104.45,Marketplace,Central,3119.92
REC001418,2023-10-14,237.76,868,594,4.3,35.48,121,31.64,10,193,12,51.67,3.52,7.49,5,85.5,108.6,1.083,103.26,Mobile App,Central,4313.14
REC004869,2023-10-14,77.96,867,641,3.01,54.6,143,38.02,15,181,1,48.76,4.3,3.64,0,85.46,110.11,1.212,105.97,Mobile App,South,11796.0
REC001940,2023-10-15,163.46,906,605,3.54,52.09,112,42.11,10,188,8,47.93,4.05,4.76,2,91.92,94.06,0.869,104.22,Marketplace,South,6014.4
REC003294,2023-10-15,125.88,820,632,5.75,34.22,119,31.76,25,193,13,68.89,4.04,9.48,2,93.58,75.99,0.768,98.75,Website,East,4075.88
REC000459,2023-10-15,84.3,875,679,3.22,79.74,98,46.49,20,207,2,49.24,4.31,7.47,1,92.22,88.63,1.301,108.04,Website,South,12563.27
REC001608,2023-10-15,448.01,903,603,2.62,37.02,104,72.54,30,167,8,65.28,4.52,6.87,1,91.53,108.73,1.244,108.61,Website,East,5668.0
REC004253,2023-10-15,196.55,954,658,5.14,30.31,118,52.65,20,216,14,54.39,4.87,11.82,1,100.0,106.29,1.316,92.89,Website,West,6590.98
REC003066,2023-10-15,363.63,878,614,4.38,57.82,116,28.37,10,205,9,58.0,3.75,0.5,1,93.23,87.34,0.889,105.26,Mobile App,West,9174.85
REC002580,2023-10-15,68.64,914,643,4.66,32.23,109,35.37,0,168,13,41.98,4.09,10.39,2,79.22,102.91,1.228,98.8,Website,West,4850.54
REC001459,2023-10-16,56.7,883,649,4.34,27.23,115,49.24,5,164,15,48.28,4.43,9.64,0,91.72,99.34,0.896,102.14,Mobile App,South,3361.63
REC001437,2023-10-16,230.27,907,642,5.1,30.87,112,22.67,0,194,7,58.95,4.77,7.78,0,87.94,92.4,0.967,97.68,Website,South,3844.71
REC003155,2023-10-16,322.6,872,622,3.1,25.83,130,40.53,5,194,6,70.96,3.86,9.15,2,100.0,99.0,1.32,98.84,Website,South,5752.16
REC004011,2023-10-17,77.43,915,634,3.66,39.04,121,41.59,25,213,3,57.3,3.85,7.99,1,80.27,94.52,1.264,101.96,Mobile App,East,6650.39
REC005308,2023-10-17,68.99,935,658,5.01,30.56,106,26.82,15,198,10,52.94,3.69,14.52,2,78.21,86.69,0.837,92.92,Website,Central,2489.17
REC001295,2023-10-17,408.04,930,653,5.25,39.28,118,36.74,20,155,0,63.57,4.17,8.37,1,94.45,93.93,0.879,96.87,Mobile App,South,5201.97
REC005703,2023-10-17,42.21,922,666,4.19,54.22,106,45.43,5,203,5,68.18,3.94,1.23,0,93.73,92.87,1.087,103.93,Mobile App,South,7686.03
REC001373,2023-10-19,66.27,922,599,4.78,57.49,112,18.97,10,172,2,79.34,4.4,13.95,1,88.02,115.68,1.222,94.9,Mobile App,East,9580.28
REC005236,2023-10-19,251.06,935,671,2.63,67.48,118,47.8,20,166,2,46.07,4.27,8.74,2,90.89,92.48,1.188,103.56,Website,North,13179.91
REC004077,2023-10-19,150.14,834,626,4.41,16.67,122,44.48,10,208,4,59.37,3.87,8.38,3,97.76,101.14,1.221,104.02,Mobile App,Central,3801.25
REC004126,2023-10-19,201.53,907,619,5.13,39.52,109,37.14,10,182,3,52.92,5.0,8.43,1,93.18,100.03,0.833,99.11,Mobile App,North,5366.96
REC004335,2023-10-20,94.74,932,629,0.8,74.98,131,26.34,10,188,2,35.6,3.51,7.87,1,100.0,109.97,1.198,102.65,Marketplace,West,12149.3
REC001747,2023-10-20,360.17,882,623,3.59,18.67,104,55.9,10,188,7,45.33,4.13,7.83,0,92.97,90.27,1.315,103.29,Marketplace,West,3074.38
REC002715,2023-10-20,81.45,888,629,4.15,17.79,115,49.63,15,183,14,65.11,5.0,0.5,0,86.81,106.62,0.814,108.44,Website,Central,2113.99
REC002393,2023-10-20,168.57,883,655,3.93,39.35,97,40.64,20,198,7,49.5,4.97,8.59,3,100.0,76.04,0.873,98.86,Mobile App,West,4351.06
REC001375,2023-10-20,85.14,910,616,2.85,76.23,125,26.28,25,192,1,58.27,4.93,8.17,1,87.93,83.95,0.939,107.95,Website,West,9644.38
REC005405,2023-10-20,160.74,873,660,2.54,38.36,135,31.32,25,202,13,61.75,4.82,6.06,3,85.0,97.62,1.043,103.9,Mobile App,South,5423.31
REC000174,2023-10-21,1331.27,911,601,4.2,71.93,94,24.75,10,184,1,46.09,4.44,7.7,3,92.39,105.64,0.89,99.01,Website,Central,7574.05
REC005931,2023-10-21,57.21,927,629,4.26,21.96,121,43.31,0,191,11,40.84,3.21,6.58,3,98.85,107.99,1.142,105.5,Mobile App,North,5180.73
REC001843,2023-10-22,314.63,969,689,4.0,67.72,102,28.15,25,184,14,31.65,3.52,11.2,0,87.27,106.97,1.1,104.05,Website,North,9155.72
REC002421,2023-10-22,129.69,901,628,4.84,25.3,112,14.86,10,197,8,80.69,3.83,7.8,3,84.68,93.96,1.214,101.51,Website,South,3946.02
REC004874,2023-10-22,164.95,887,599,2.81,27.24,111,40.34,20,197,0,68.12,4.47,5.56,2,83.07,98.17,1.307,100.59,Marketplace,East,4209.93
REC002282,2023-10-22,162.46,906,614,4.26,36.0,123,8.0,15,189,10,38.26,5.0,5.67,0,81.7,82.7,0.926,99.98,Marketplace,South,3707.29
REC002531,2023-10-22,189.34,884,622,4.08,135.91,141,28.15,10,181,8,53.06,4.51,11.29,1,92.24,118.99,1.098,98.03,Mobile App,North,31618.16
REC000951,2023-10-22,113.78,897,715,2.75,28.95,122,30.41,10,179,11,83.36,4.82,10.98,1,89.35,131.04,0.998,101.74,Website,South,4142.23
REC004789,2023-10-22,99.09,875,625,3.16,29.29,133,29.61,15,191,8,40.67,4.74,5.6,1,91.21,91.86,0.814,103.06,Website,South,3635.4
REC001002,2023-10-22,139.56,820,657,3.35,36.51,99,45.76,15,193,2,90.0,4.12,8.68,2,93.48,100.15,0.819,101.79,Website,East,3691.29
REC004151,2023-10-22,184.98,859,642,4.24,32.92,121,29.87,5,205,12,59.72,4.23,12.01,3,96.76,92.26,0.784,101.01,Mobile App,Central,3991.13
REC002273,2023-10-23,470.18,917,677,3.5,51.14,107,59.0,10,182,0,33.48,4.44,3.15,1,100.0,92.7,1.06,99.54,Mobile App,Central,8899.75
REC000458,2023-10-23,186.57,892,668,4.3,35.71,101,32.5,25,207,11,64.69,4.05,9.47,0,94.42,96.66,1.085,99.62,Website,Central,4961.46
REC001434,2023-10-23,190.58,923,559,5.89,45.22,112,54.53,15,165,0,62.45,4.14,6.56,3,94.05,88.26,0.959,99.87,Mobile App,North,7332.85
REC000891,2023-10-24,188.14,915,663,2.09,30.36,118,55.21,10,207,11,43.7,4.3,4.86,2,99.32,104.85,0.791,97.79,Mobile App,North,4298.49
REC005598,2023-10-24,58.83,897,632,5.55,58.96,123,42.03,5,215,9,52.42,4.64,8.64,2,85.53,102.43,1.261,105.55,Mobile App,Central,11246.1
REC002816,2023-10-24,185.68,970,616,3.84,10.54,91,36.14,10,201,3,54.48,4.56,3.0,1,100.0,88.2,0.944,96.57,Mobile App,Central,1124.5
REC001158,2023-10-24,238.63,901,660,4.35,29.27,114,22.41,0,204,6,78.18,3.44,3.39,2,100.0,118.68,1.141,99.26,Mobile App,East,6001.23
REC000083,2023-10-24,113.24,931,669,5.1,24.23,117,41.26,0,213,2,48.39,4.3,6.5,0,86.55,87.54,0.989,101.95,Website,North,3409.89
REC005172,2023-10-25,183.5,939,657,4.7,53.1,109,22.97,10,186,3,69.88,3.94,6.33,0,85.65,104.41,1.11,95.7,Website,South,5981.95
REC002240,2023-10-25,115.19,877,624,3.97,15.86,106,33.66,25,192,13,55.42,4.12,4.69,3,94.41,100.97,1.208,97.77,Website,East,2630.83
REC004807,2023-10-25,133.29,874,648,3.2,44.03,123,18.45,20,191,12,55.26,2.83,8.46,1,85.87,112.91,0.944,100.81,Website,South,4820.72
REC000652,2023-10-25,110.05,866,623,2.94,38.58,113,47.5,10,174,15,73.66,4.24,10.93,2,89.67,91.75,1.317,98.43,Mobile App,Central,7021.9
REC004143,2023-10-25,33.72,918,660,3.78,14.33,110,60.63,20,179,15,49.43,3.9,13.66,4,91.74,134.83,1.248,95.42,Website,North,2386.96
REC000792,2023-10-26,387.71,892,616,2.02,38.35,98,41.68,20,196,10,76.23,3.75,9.33,0,85.21,91.53,0.813,106.49,Website,Central,3069.9
REC001801,2023-10-26,110.34,862,624,2.67,55.04,102,46.22,5,189,11,43.05,4.7,6.31,2,89.45,80.87,1.295,102.03,Marketplace,West,8880.65
REC000633,2023-10-27,79.28,953,592,3.71,17.78,113,36.98,20,204,9,54.4,3.09,7.29,1,89.88,74.06,0.793,104.31,Mobile App,West,2020.48
REC004877,2023-10-27,57.4,912,652,3.66,44.99,128,39.43,20,189,4,59.03,4.94,8.04,0,92.92,89.17,1.265,100.91,Website,Central,8099.95
REC000997,2023-10-27,86.88,960,664,1.85,41.14,118,42.12,0,200,11,48.03,3.31,10.3,0,85.53,109.0,1.079,101.45,Website,West,6223.42
REC003550,2023-10-27,143.91,887,637,4.1,35.74,120,51.68,10,244,7,71.54,4.33,11.78,2,91.01,88.34,1.185,101.82,Mobile App,Central,6682.69
REC002872,2023-10-27,286.35,912,622,4.6,56.24,113,27.72,20,181,8,71.09,4.33,12.09,2,88.83,114.98,0.946,95.16,Marketplace,West,6102.31
REC005298,2023-10-28,132.93,959,688,3.77,22.76,102,34.62,0,182,3,52.9,3.49,0.73,0,92.28,119.82,0.781,97.51,Marketplace,South,1988.86
REC005634,2023-10-28,106.87,865,641,3.77,34.09,125,60.14,0,191,5,68.72,3.18,6.71,1,94.1,111.45,1.15,101.63,Mobile App,North,7241.2
REC000575,2023-10-28,38.6,924,679,4.71,36.03,93,49.07,10,205,2,74.61,3.9,6.81,3,90.23,91.34,0.962,109.5,Mobile App,Central,3847.98
REC003161,2023-10-28,71.59,907,693,4.62,54.02,122,43.62,25,183,8,63.05,4.93,8.9,2,82.66,84.41,0.889,91.06,Mobile App,Central,6039.27
REC001273,2023-10-28,74.36,936,638,1.51,25.51,103,39.56,0,184,7,65.59,3.49,11.7,1,95.69,98.53,1.306,96.05,Mobile App,East,4130.92
REC000227,2023-10-28,163.16,948,652,4.23,86.74,114,21.21,10,180,4,60.91,4.42,5.84,1,90.11,89.83,0.886,99.61,Mobile App,South,9234.22
REC001455,2023-10-29,224.58,906,675,1.69,49.26,110,21.19,25,198,11,53.63,3.77,5.7,1,90.62,105.08,1.105,103.09,Website,West,8297.9
REC001268,2023-10-29,232.49,894,623,4.62,108.52,117,40.95,15,181,11,40.51,4.04,8.72,0,84.5,86.68,1.289,97.93,Website,South,19069.28
REC002405,2023-10-29,104.96,870,610,4.17,57.63,122,50.93,15,193,7,43.38,4.23,4.9,1,87.94,112.36,1.234,94.47,Website,East,10279.56
REC002477,2023-10-29,46.26,877,639,4.57,37.97,123,31.04,15,196,10,56.08,4.12,0.5,5,97.38,99.83,1.217,106.03,Mobile App,Central,6974.28
REC004605,2023-10-30,122.69,850,632,2.86,32.87,125,25.57,10,177,15,50.53,3.97,8.29,1,93.34,110.29,0.868,102.14,Website,South,4385.63
REC003595,2023-10-30,104.54,914,617,2.91,75.97,117,39.4,20,171,10,59.56,3.4,11.62,1,88.98,98.2,1.173,99.02,Website,North,10859.58
REC004736,2023-10-30,667.92,841,656,2.16,41.17,109,39.64,10,200,3,53.64,4.23,8.13,1,80.39,98.51,0.889,109.01,Website,Central,4548.37
REC004311,2023-10-31,112.62,884,621,3.56,27.81,123,30.62,10,178,15,50.64,3.66,14.0,1,98.88,109.33,1.159,99.58,Website,North,5527.99
REC001946,2023-10-31,149.43,932,639,3.43,63.09,137,41.83,25,170,1,33.74,4.5,7.78,1,85.06,92.32,1.109,106.35,Mobile App,East,11576.38
REC005177,2023-11-01,224.83,902,647,4.08,43.21,123,33.07,0,177,8,76.61,3.3,4.8,3,73.82,117.34,0.991,107.23,Website,North,5205.59
REC001028,2023-11-01,80.59,878,667,1.75,20.85,102,32.51,5,189,2,55.45,4.46,6.2,0,90.99,86.21,0.831,109.38,Marketplace,West,2006.25
REC001575,2023-11-01,216.92,888,639,3.99,24.8,107,45.86,0,193,11,43.43,4.46,12.67,3,90.78,96.42,0.881,96.42,Mobile App,Central,3324.16
REC001116,2023-11-01,265.02,868,638,3.07,34.14,98,34.36,15,195,8,58.0,4.25,6.98,1,79.4,76.06,0.981,102.16,Website,West,3370.34
REC000440,2023-11-01,64.48,953,639,2.67,40.69,91,40.4,15,202,1,28.12,4.0,10.64,1,93.9,79.85,1.173,101.11,Website,West,6470.36
REC004167,2023-11-01,129.39,939,631,3.41,58.77,94,36.56,15,200,2,62.52,4.48,1.88,0,87.65,96.48,1.258,93.46,Mobile App,Central,8879.43
REC002883,2023-11-01,203.65,852,633,4.09,50.81,111,34.85,15,196,8,59.01,3.91,8.49,1,83.16,103.66,1.176,98.81,Marketplace,East,7229.3
REC003826,2023-11-01,151.64,952,654,4.85,26.98,117,49.83,15,199,0,39.55,3.71,10.26,0,86.14,86.04,0.904,108.2,Mobile App,South,4013.44
REC004480,2023-11-02,101.08,889,655,4.62,49.08,115,57.33,15,193,4,48.18,3.9,9.33,2,99.43,72.64,1.075,92.1,Website,South,7477.5
REC004430,2023-11-02,137.28,899,647,4.29,83.66,114,40.09,10,195,10,53.1,4.49,6.82,2,90.13,101.93,1.267,96.64,Mobile App,Central,15398.56
REC005956,2023-11-03,236.26,892,601,4.54,36.18,111,65.15,25,157,13,60.47,3.94,8.2,0,90.32,123.73,1.011,101.9,Marketplace,South,4788.12
REC005725,2023-11-03,391.67,866,659,3.65,65.37,105,43.04,15,198,5,65.22,3.92,11.94,1,88.91,101.16,1.237,99.6,Mobile App,West,9835.68
REC003473,2023-11-04,460.96,911,640,3.98,31.6,116,16.62,5,176,1,42.07,3.58,1.78,1,86.7,108.96,0.814,100.63,Mobile App,Central,3432.94
REC005916,2023-11-04,165.21,924,653,2.57,36.85,90,48.2,15,183,15,60.42,3.74,4.31,0,79.97,100.54,1.051,94.82,Marketplace,West,3590.95
REC000370,2023-11-04,36.13,902,618,4.88,60.2,132,45.33,5,202,1,55.24,4.31,6.85,3,97.08,109.15,1.157,102.49,Website,North,10423.46
REC000213,2023-11-05,60.16,866,659,4.89,49.25,101,33.73,5,198,11,44.19,3.0,10.1,1,83.54,74.15,1.316,92.68,Website,Central,7655.42
REC003301,2023-11-05,108.82,937,604,5.63,9.04,122,43.69,0,197,15,52.55,4.44,3.22,1,96.72,111.32,1.105,101.74,Website,North,1686.32
REC004016,2023-11-05,325.77,867,645,5.0,45.43,108,23.36,20,192,10,56.23,4.23,5.42,3,96.37,100.16,1.111,100.11,Mobile App,East,7708.35
REC005541,2023-11-06,100.33,892,620,4.17,30.48,127,28.86,10,183,14,47.58,3.91,15.93,1,100.0,95.91,0.78,91.88,Website,West,4452.24
REC004696,2023-11-06,145.46,847,627,2.82,22.6,114,45.81,15,198,2,58.83,3.81,7.07,3,83.8,118.6,0.792,101.75,Website,South,2187.42
REC001250,2023-11-06,359.3,918,653,3.66,28.87,107,47.14,15,154,6,42.69,4.2,4.6,1,100.0,123.38,1.192,104.8,Website,West,5708.03
REC001716,2023-11-06,73.79,913,655,3.17,20.36,110,40.62,5,204,7,64.07,3.74,5.18,1,89.38,94.79,1.028,97.45,Mobile App,Central,2475.09
REC003582,2023-11-07,196.91,858,655,3.08,88.46,115,31.03,10,203,2,71.39,3.9,11.58,0,95.41,106.42,0.906,95.97,Mobile App,South,12477.9
REC002514,2023-11-07,192.33,896,631,1.43,52.6,110,25.61,0,199,15,64.75,3.67,11.05,1,90.74,105.94,0.804,101.8,Mobile App,Central,5187.58
REC000639,2023-11-07,62.86,904,650,3.58,42.97,121,28.02,15,200,11,71.45,3.89,9.84,2,82.4,81.12,0.807,102.53,Mobile App,East,4826.96
REC003019,2023-11-07,35.35,909,655,3.78,62.4,123,38.31,30,155,6,63.06,3.73,4.49,5,91.41,116.8,0.962,103.05,Website,East,8404.58
REC003616,2023-11-07,145.79,900,633,2.77,62.98,106,28.65,15,186,12,47.2,4.09,3.74,1,93.24,101.68,0.786,96.63,Website,Central,6083.32
REC002323,2023-11-07,190.99,907,620,4.55,20.18,126,32.76,15,205,7,63.11,3.46,1.52,1,91.82,85.19,1.088,99.85,Website,South,2875.11
REC005292,2023-11-08,230.92,889,576,2.46,37.34,117,33.37,10,183,0,51.53,3.8,14.2,1,81.2,111.66,0.965,100.61,Marketplace,North,3938.61
REC004319,2023-11-08,57.12,961,666,2.08,33.26,122,50.61,15,175,9,56.1,4.64,11.01,2,98.24,95.1,1.271,95.01,Marketplace,North,5612.27
REC001172,2023-11-08,71.64,894,631,3.59,112.23,126,34.29,15,191,11,49.48,4.18,5.59,1,74.09,92.07,0.801,105.91,Website,East,10186.07
REC001573,2023-11-08,158.77,870,640,3.07,97.95,112,33.26,15,194,6,66.19,3.35,3.24,1,81.84,88.11,0.789,107.15,Mobile App,East,11035.71
REC005352,2023-11-08,81.03,879,677,2.1,82.06,125,33.31,25,184,8,63.25,3.75,3.52,0,97.56,108.56,1.069,98.07,Mobile App,North,15684.15
REC000640,2023-11-09,76.67,918,630,4.52,36.98,114,33.75,20,195,8,68.69,3.94,11.62,0,100.0,102.52,1.095,109.18,Mobile App,North,6523.3
REC002185,2023-11-09,247.54,927,660,3.74,23.48,120,71.82,0,203,6,62.41,3.96,10.25,1,80.98,106.16,1.237,96.06,Marketplace,North,4010.33
REC004238,2023-11-09,420.64,895,637,4.69,17.75,133,43.12,0,168,0,68.9,3.43,6.77,0,85.39,92.35,0.821,97.47,Mobile App,East,2554.43
REC002214,2023-11-10,70.22,874,643,3.6,49.95,109,33.83,30,174,7,63.04,4.26,4.38,2,91.93,77.56,1.077,97.34,Mobile App,Central,6122.08
REC003553,2023-11-10,131.8,899,620,4.96,32.76,109,42.38,0,149,11,53.86,4.13,4.44,2,88.62,70.0,0.988,104.79,Mobile App,West,5037.46
REC002043,2023-11-10,305.25,849,643,4.95,30.69,134,52.03,20,181,1,63.61,3.89,2.31,4,92.28,84.39,0.959,102.71,Website,East,5185.77
REC002569,2023-11-10,116.12,888,669,1.92,42.79,111,54.52,20,191,8,52.07,3.58,8.64,0,90.4,114.72,0.981,111.19,Website,Central,5157.07
REC001643,2023-11-11,119.66,917,634,4.66,32.89,115,40.17,15,182,5,58.06,4.59,14.23,0,98.24,102.75,0.768,101.85,Marketplace,West,4489.0
REC002380,2023-11-11,102.49,883,671,2.77,40.57,103,18.92,10,180,15,37.89,4.57,6.37,0,88.62,88.9,1.317,95.55,Website,Central,5833.75
REC005423,2023-11-12,388.96,820,648,3.12,27.98,96,28.05,10,193,14,52.93,3.54,12.69,1,89.24,115.32,1.062,100.99,Mobile App,West,3383.36
REC003785,2023-11-12,159.66,899,603,4.4,30.75,134,44.31,15,198,1,40.46,4.28,5.63,1,98.27,97.48,1.223,102.23,Marketplace,North,6524.42
REC005772,2023-11-13,154.94,911,626,4.01,60.62,113,54.8,15,207,5,40.07,3.79,6.9,1,96.25,112.47,1.261,103.32,Marketplace,South,9657.68
REC001930,2023-11-13,151.57,886,618,3.73,36.06,123,26.2,25,197,11,41.62,3.02,8.73,0,92.47,122.43,0.976,97.69,Website,Central,4786.29
REC003172,2023-11-13,185.53,909,607,2.71,72.32,117,37.95,15,187,3,62.7,5.0,2.04,1,81.78,110.78,1.253,92.97,Website,South,10912.55
REC000879,2023-11-13,314.27,860,652,2.39,72.45,112,25.5,25,163,2,34.62,4.97,0.5,0,97.04,74.08,0.911,89.11,Mobile App,East,10181.13
REC004367,2023-11-14,175.07,895,664,4.51,62.47,120,61.99,0,187,7,54.47,4.98,9.85,2,83.25,103.05,0.843,106.66,Marketplace,Central,6703.58
REC004585,2023-11-14,119.01,890,663,3.36,33.05,121,28.17,5,196,6,72.19,4.33,5.35,4,96.73,109.13,0.778,103.65,Mobile App,Central,4284.2
REC004775,2023-11-14,172.78,905,652,2.83,65.09,114,25.97,20,201,10,55.76,3.74,3.78,0,78.65,112.56,1.338,102.2,Website,North,9841.82
REC002416,2023-11-15,100.6,902,686,4.03,28.8,117,45.12,10,198,10,62.0,4.39,11.35,1,92.93,105.0,1.081,89.29,Mobile App,East,4799.83
REC003458,2023-11-15,171.92,909,667,3.5,37.36,104,32.76,30,175,14,63.39,4.49,7.51,0,90.14,118.51,1.125,108.55,Website,East,5125.75
REC004222,2023-11-15,217.82,839,669,2.74,62.78,102,42.82,15,166,9,40.21,3.85,9.89,0,89.59,109.82,0.894,98.6,Mobile App,East,7896.29
REC005852,2023-11-15,135.41,950,602,4.61,10.03,111,23.34,15,187,11,57.61,3.52,16.09,1,87.68,107.04,1.13,100.42,Website,Central,1270.09
REC002503,2023-11-15,215.4,889,603,3.25,41.58,115,12.83,20,174,1,38.9,4.62,0.79,1,98.22,85.43,0.771,99.17,Website,Central,3969.17
REC002270,2023-11-15,80.25,865,663,3.56,27.1,94,42.4,20,190,11,50.54,4.65,8.58,4,92.26,118.26,1.143,95.75,Mobile App,North,3617.95
REC004240,2023-11-16,302.12,892,653,3.65,16.88,116,55.53,10,185,13,42.6,4.35,11.57,3,81.88,125.25,0.896,95.69,Mobile App,South,2087.78
REC005099,2023-11-16,62.79,902,663,4.06,36.96,110,34.18,25,197,9,57.96,4.02,14.76,0,90.96,92.8,0.948,99.62,Marketplace,East,4273.47
REC004363,2023-11-17,101.8,919,601,3.86,46.7,100,16.92,10,181,14,56.68,5.0,6.24,1,94.03,107.49,1.128,107.27,Marketplace,South,5636.0
REC005944,2023-11-17,76.52,878,628,3.78,25.87,128,26.76,20,184,0,50.5,3.79,6.0,4,87.04,104.31,0.98,109.13,Mobile App,East,3833.68
REC005215,2023-11-17,634.85,945,706,4.15,63.31,105,32.42,10,187,8,55.95,4.63,7.11,2,91.66,96.61,1.048,99.65,Website,East,8252.68
REC001574,2023-11-17,164.77,888,649,3.18,75.71,124,34.75,10,184,12,50.33,4.66,10.76,0,96.64,110.53,1.195,93.42,Mobile App,West,16985.8
REC005311,2023-11-17,101.27,950,673,2.39,19.33,100,8.0,10,180,6,74.07,4.34,7.14,4,98.68,88.86,1.273,96.31,Mobile App,South,2779.35
REC002655,2023-11-17,355.4,955,656,5.94,49.64,115,55.34,20,202,4,47.05,3.81,7.41,5,88.57,99.54,0.921,109.3,Website,Central,6743.96
REC005337,2023-11-18,44.48,907,640,2.71,30.86,104,38.9,25,168,2,54.94,4.43,9.88,5,89.26,99.34,1.299,90.11,Website,Central,4466.38
REC005929,2023-11-18,87.45,897,647,2.84,85.18,121,33.6,15,165,14,52.13,4.1,8.42,3,87.46,83.91,1.256,107.1,Website,South,13332.48
REC000590,2023-11-18,31.91,921,661,3.53,38.61,117,59.66,25,196,7,47.37,3.93,8.25,1,95.55,84.18,1.067,97.35,Mobile App,North,6029.43
REC004155,2023-11-18,166.28,906,621,5.19,27.77,110,50.35,0,190,12,41.78,3.56,2.07,4,90.7,102.74,1.066,94.16,Mobile App,South,4806.15
REC000178,2023-11-18,34.03,882,673,4.8,25.89,119,40.15,10,193,1,77.53,4.41,2.17,1,92.07,120.72,1.205,99.29,Mobile App,South,4392.86
REC002228,2023-11-18,361.59,912,640,2.82,46.6,101,36.08,20,208,8,42.18,4.09,10.12,2,96.66,97.11,1.33,96.5,Mobile App,South,7485.29
REC005373,2023-11-18,164.07,930,631,5.46,66.6,118,42.52,5,188,14,42.56,3.92,5.85,2,86.95,105.32,1.155,102.67,Mobile App,South,10775.46
REC001369,2023-11-18,64.64,868,619,5.29,38.99,109,40.05,0,195,10,59.88,3.1,6.27,1,89.99,95.71,1.023,94.55,Mobile App,North,5682.83
REC001637,2023-11-18,83.79,875,669,4.29,30.92,119,40.99,10,184,15,39.28,3.83,7.48,3,88.25,81.01,1.311,98.87,Mobile App,West,7099.58
REC004715,2023-11-18,236.93,876,598,5.05,32.4,111,35.65,10,179,4,47.02,4.33,4.33,0,81.8,112.09,1.348,92.92,Website,Central,5379.85
REC000424,2023-11-19,225.51,898,622,4.64,44.0,117,34.53,15,197,5,35.34,3.49,8.04,2,77.43,70.0,1.216,95.8,Mobile App,Central,6937.57
REC000568,2023-11-19,135.99,869,641,4.2,65.52,114,47.6,25,179,2,49.82,4.37,8.81,5,85.94,100.7,0.868,96.17,Website,Central,6241.14
REC002064,2023-11-19,92.54,907,633,4.89,33.12,126,21.27,20,175,9,51.75,3.83,5.79,2,88.13,101.76,1.33,105.36,Mobile App,East,6288.22
REC003359,2023-11-20,69.53,866,678,2.84,71.85,130,46.8,25,220,12,48.51,3.67,3.44,2,90.99,116.31,1.191,101.25,Marketplace,North,10663.83
REC005926,2023-11-20,96.91,877,647,3.98,26.22,121,27.76,15,186,13,43.92,5.0,11.56,3,88.22,101.42,1.201,99.57,Mobile App,Central,4708.52
REC000923,2023-11-20,72.36,880,624,3.98,51.61,122,62.78,15,208,2,62.46,3.52,5.15,0,89.68,100.11,1.026,106.59,Website,West,9859.17
REC004481,2023-11-20,101.35,912,634,4.85,40.71,129,43.22,0,186,1,68.72,4.34,5.8,1,77.86,104.34,1.333,96.98,Website,North,7672.91
REC003168,2023-11-20,283.4,921,609,5.46,18.55,114,58.21,10,190,6,52.92,4.01,9.26,3,82.36,110.22,0.932,89.33,Website,South,2110.01
REC004627,2023-11-20,68.11,986,644,3.96,43.34,123,30.85,15,194,5,64.05,4.2,4.72,0,96.76,94.82,1.068,103.56,Mobile App,West,7776.26
REC005593,2023-11-21,419.06,925,648,2.67,25.06,109,26.92,5,194,11,36.27,5.0,4.91,1,99.76,123.92,1.324,102.77,Marketplace,East,4628.76
REC004470,2023-11-21,141.67,904,632,3.67,31.03,102,36.46,20,192,7,56.96,3.65,10.73,0,95.85,101.63,0.781,100.5,Website,West,3070.52
REC002994,2023-11-21,74.78,908,624,3.58,67.06,121,72.37,25,180,10,55.71,3.97,8.34,2,85.73,90.86,1.075,100.52,Website,North,10637.03
REC005830,2023-11-21,46.6,926,603,5.66,74.67,121,27.37,10,193,15,66.53,5.0,4.79,0,90.38,106.64,0.9,96.78,Marketplace,South,8522.87
REC004846,2023-11-21,426.53,853,611,4.38,46.22,101,50.46,20,212,14,59.42,4.72,12.24,1,97.32,112.51,0.879,93.98,Marketplace,North,6381.88
REC002946,2023-11-22,270.59,899,628,3.87,66.75,102,48.42,15,194,6,53.5,4.41,8.1,1,86.56,111.38,1.107,105.53,Mobile App,West,10210.46
REC002439,2023-11-22,193.39,827,628,5.3,33.68,105,58.33,25,203,10,60.95,3.31,10.09,3,100.0,115.31,1.213,99.01,Mobile App,East,6957.62
REC003289,2023-11-22,113.69,892,628,4.8,28.09,117,44.03,5,209,13,29.85,5.0,1.65,1,82.31,105.07,0.846,97.78,Mobile App,West,3689.82
REC000665,2023-11-22,277.0,872,647,3.37,43.77,120,46.43,10,180,11,57.36,4.43,9.11,2,97.4,112.23,1.1,102.57,Mobile App,Central,8464.4
REC003660,2023-11-23,331.17,932,640,3.59,23.08,125,31.75,25,193,5,29.41,4.09,0.5,3,86.8,108.5,0.83,94.72,Website,East,2591.89
REC003177,2023-11-23,207.03,902,681,4.84,12.17,108,41.92,5,175,7,49.45,5.0,8.17,0,100.0,99.16,1.277,92.52,Mobile App,South,2375.97
REC003583,2023-11-23,171.67,877,661,3.58,14.35,118,36.28,10,195,12,46.3,4.18,4.74,0,100.0,102.94,0.904,95.17,Website,East,2056.56
REC004372,2023-11-23,59.57,942,625,2.99,51.92,105,25.25,5,162,7,49.55,2.84,5.38,0,100.0,95.14,1.146,97.84,Mobile App,Central,8144.18
REC001890,2023-11-23,444.09,916,640,3.65,85.15,120,34.99,10,182,3,68.68,4.65,11.63,1,100.0,97.46,1.297,102.62,Website,South,16425.45
REC005762,2023-11-24,141.09,887,668,4.28,31.4,130,27.07,25,180,8,78.18,4.83,10.92,3,83.95,91.73,0.898,94.79,Marketplace,South,3311.88
REC002876,2023-11-24,185.85,904,618,5.07,23.97,106,29.41,20,199,14,73.77,3.2,8.1,2,87.52,101.4,0.872,103.94,Website,East,2306.11
REC001124,2023-11-24,145.2,946,681,4.44,62.95,115,39.87,0,170,7,58.45,3.12,7.27,4,91.07,113.31,0.898,99.27,Website,West,8492.85
REC004148,2023-11-25,221.66,922,618,3.78,63.59,120,42.26,10,186,12,65.05,4.65,14.93,0,100.0,90.63,1.014,103.77,Marketplace,North,11085.49
REC002888,2023-11-25,44.08,940,610,3.02,51.77,122,46.31,15,182,9,35.41,4.33,16.57,1,95.43,83.01,0.98,98.21,Mobile App,West,8195.61
REC003069,2023-11-25,134.85,921,637,4.28,50.97,121,36.71,20,180,10,60.79,4.17,16.66,2,87.8,101.28,1.03,93.91,Website,North,6901.12
REC000615,2023-11-25,270.03,877,593,3.92,42.24,96,50.35,10,182,5,53.29,4.13,4.72,0,90.46,103.96,0.963,99.39,Mobile App,Central,4922.73
REC001039,2023-11-26,204.87,841,638,4.73,17.12,118,46.72,10,185,9,58.5,3.09,2.8,2,91.27,105.38,1.062,97.88,Marketplace,East,2657.75
REC000995,2023-11-27,28.92,901,682,5.41,99.04,106,26.25,20,177,4,64.37,5.0,11.15,2,82.43,100.31,1.115,102.93,Website,South,9459.48
REC000070,2023-11-27,371.34,904,650,3.22,50.65,105,48.43,15,181,1,78.7,4.37,10.86,3,100.0,109.0,1.091,91.39,Website,Central,7986.42
REC002169,2023-11-27,196.35,881,617,2.13,35.78,109,39.68,20,174,4,38.45,4.2,7.2,1,90.85,116.24,1.243,101.25,Website,East,6155.67
REC005553,2023-11-28,103.41,913,659,2.13,40.14,118,12.17,10,210,0,54.6,4.05,9.7,3,80.35,114.24,1.207,99.51,Mobile App,Central,5412.48
REC001627,2023-11-28,89.15,905,670,4.7,46.32,116,41.06,10,193,9,84.81,3.45,6.17,1,87.55,111.75,0.926,95.82,Website,Central,6446.21
REC001171,2023-11-28,301.88,960,596,4.73,55.47,104,9.71,10,198,1,44.62,4.14,5.91,0,81.54,85.88,0.994,103.46,Mobile App,East,6838.59
REC004467,2023-11-28,217.79,858,655,3.58,40.75,106,34.78,20,190,7,44.97,3.28,11.03,2,90.01,115.06,1.129,99.04,Mobile App,South,6159.38
REC005095,2023-11-28,95.99,901,625,4.45,82.53,132,53.28,25,186,13,74.25,3.57,12.86,0,100.0,92.29,1.265,93.94,Marketplace,Central,16808.0
REC005752,2023-11-29,99.37,895,661,4.16,128.69,119,35.09,15,200,1,63.64,3.35,11.66,3,95.42,96.46,0.892,101.86,Marketplace,North,16993.77
REC000885,2023-11-29,99.22,909,655,3.88,58.01,131,48.9,10,182,2,73.14,5.0,4.99,1,98.96,86.93,1.003,104.72,Mobile App,South,10743.08
REC003283,2023-11-29,364.48,946,630,2.88,46.91,95,39.18,10,195,15,60.55,4.16,14.1,1,90.3,92.88,1.214,106.24,Website,South,6017.71
REC000791,2023-11-29,91.4,920,648,4.19,19.32,105,17.35,0,176,3,38.96,3.17,2.56,3,91.84,91.09,1.271,95.29,Marketplace,West,3037.29
REC003334,2023-11-30,158.13,894,651,3.92,39.08,109,9.51,25,176,12,52.87,3.9,7.95,1,83.01,101.75,0.954,103.48,Website,East,4009.04
REC004166,2023-11-30,49.02,859,648,4.27,36.99,107,37.68,5,177,9,46.79,4.34,12.54,2,83.54,104.18,0.908,100.47,Marketplace,North,3180.15
REC003754,2023-11-30,142.78,872,671,4.11,77.1,130,44.87,10,194,1,52.03,4.72,7.16,2,90.14,102.13,1.069,99.61,Mobile App,West,16242.9
REC004096,2023-11-30,137.9,934,632,3.29,40.09,116,43.9,10,193,4,49.58,4.54,10.61,2,100.0,99.03,1.027,99.87,Mobile App,East,6293.79
REC004697,2023-11-30,113.77,886,643,3.33,32.93,107,32.05,20,179,14,52.49,3.93,4.65,4,77.67,93.4,0.881,109.95,Website,East,3152.64
REC003356,2023-12-01,403.77,889,647,4.73,41.56,118,21.67,15,188,6,56.15,4.66,3.57,2,100.0,98.69,0.975,99.38,Mobile App,East,7223.31
REC000954,2023-12-01,349.02,899,655,2.11,73.73,112,27.45,0,188,10,54.4,4.07,14.44,1,86.45,119.0,1.221,108.06,Mobile App,West,12303.04
REC004593,2023-12-01,140.61,855,640,3.91,94.88,119,46.8,25,195,0,75.3,4.85,7.42,0,80.9,102.5,1.031,90.99,Website,East,12687.11
REC005521,2023-12-01,54.62,897,614,4.16,39.82,125,38.19,10,204,6,75.74,3.68,11.53,2,100.0,95.3,0.819,102.73,Mobile App,East,5671.22
REC000383,2023-12-01,172.14,922,641,3.41,41.31,147,39.77,0,201,0,62.95,4.81,16.51,3,88.92,89.12,1.071,107.08,Website,East,6811.4
REC003927,2023-12-01,155.64,870,637,3.22,53.15,113,48.17,20,207,7,57.69,3.18,11.65,5,87.18,116.71,1.084,106.63,Mobile App,East,8161.75
REC004516,2023-12-02,216.79,848,630,5.28,20.03,128,32.4,5,200,7,62.93,3.73,4.4,0,98.59,90.75,1.311,99.26,Website,Central,4673.29
REC004712,2023-12-02,82.84,916,618,4.03,24.32,124,32.65,30,191,11,56.95,5.0,9.71,2,99.71,102.42,1.181,104.91,Mobile App,East,5217.05
REC001670,2023-12-02,127.34,883,607,3.42,59.08,128,45.89,10,191,11,73.31,4.28,7.81,1,95.74,85.18,0.947,97.57,Mobile App,West,10845.3
REC001503,2023-12-02,66.47,868,649,2.22,25.69,109,61.36,20,211,5,55.62,3.98,9.3,1,86.37,107.0,0.981,100.38,Marketplace,East,3218.21
REC002066,2023-12-03,115.12,969,675,2.76,63.43,105,45.27,20,188,3,60.59,3.42,5.18,2,89.62,94.57,1.35,98.5,Marketplace,Central,8109.49
REC002660,2023-12-04,260.84,875,629,2.94,35.07,120,45.92,20,197,7,58.64,4.19,13.41,4,91.26,101.33,1.133,104.98,Website,South,5161.31
REC005726,2023-12-04,90.65,874,659,5.44,14.42,108,34.48,10,185,5,54.41,4.46,6.98,0,97.11,94.2,0.825,105.87,Website,East,1672.57
REC001754,2023-12-04,300.24,872,646,4.19,27.53,109,52.97,25,166,13,55.88,4.57,9.08,2,78.69,85.06,0.922,97.21,Mobile App,East,3237.36
REC005248,2023-12-04,231.29,884,709,3.79,29.8,97,50.74,10,196,11,60.5,4.23,1.14,1,94.73,93.75,1.196,107.35,Website,West,5499.75
REC000625,2023-12-05,231.58,890,647,2.57,83.3,114,46.5,0,210,13,52.7,3.98,8.76,0,87.32,92.34,1.175,103.61,Mobile App,North,14641.88
REC000767,2023-12-05,203.75,883,650,2.9,53.41,137,31.79,20,199,12,58.63,3.52,8.68,2,100.0,104.46,1.27,92.73,Mobile App,Central,13317.53
REC005218,2023-12-05,106.63,858,613,2.91,76.69,118,54.58,15,206,14,55.33,4.39,9.92,2,95.09,105.18,1.015,101.17,Mobile App,East,12345.9
REC001389,2023-12-05,99.19,865,637,2.31,16.06,123,28.47,10,199,1,64.42,3.73,9.45,1,93.42,103.4,0.795,110.44,Marketplace,South,1577.05
REC002902,2023-12-05,566.97,941,622,2.82,16.46,117,41.68,25,196,4,45.7,3.56,6.13,0,85.81,70.0,1.334,93.09,Website,South,2725.16
REC003362,2023-12-05,254.22,891,623,4.85,48.24,123,23.32,5,194,8,70.7,4.15,4.77,1,88.31,94.16,0.851,96.45,Mobile App,East,6793.6
REC000433,2023-12-05,269.04,864,611,2.78,23.98,110,65.1,0,187,12,65.59,3.31,10.88,2,85.74,87.46,1.244,103.61,Marketplace,East,3304.01
REC002941,2023-12-06,72.65,858,641,3.25,23.19,123,35.37,15,202,2,42.84,3.53,4.92,4,80.77,92.99,0.945,91.75,Website,Central,2708.11
REC000904,2023-12-07,175.27,877,644,6.4,24.92,115,31.06,15,164,14,58.81,3.09,11.45,5,87.88,96.61,0.942,103.32,Mobile App,East,3056.18
REC005870,2023-12-07,313.64,953,675,2.76,43.1,122,32.8,15,204,12,56.96,5.0,11.47,1,88.83,91.64,1.045,94.45,Marketplace,West,5642.96
REC002914,2023-12-07,262.13,882,655,3.78,30.99,111,58.21,5,194,13,25.93,3.64,8.25,3,98.97,106.56,0.83,110.31,Website,South,3658.77
REC005734,2023-12-07,32.79,877,665,4.63,14.55,122,24.86,5,187,13,59.89,4.01,4.22,2,82.12,106.47,1.059,99.78,Website,South,1654.1
REC003591,2023-12-07,30.97,922,653,6.72,41.05,102,62.91,20,202,8,48.36,4.51,6.54,0,91.5,121.85,1.324,98.61,Mobile App,Central,8508.07
REC003105,2023-12-07,39.3,875,661,2.47,61.93,105,30.92,20,190,3,70.53,4.26,0.8,2,91.07,112.17,0.767,95.17,Mobile App,Central,6001.92
REC000991,2023-12-07,83.07,898,635,4.26,60.1,117,45.53,10,193,12,61.53,3.95,5.0,3,94.77,99.27,1.322,93.34,Website,West,11571.83
REC005124,2023-12-07,148.31,840,682,4.72,36.02,129,17.88,30,176,4,73.38,4.79,5.73,3,77.68,84.75,1.097,99.0,Website,West,5444.08
REC004891,2023-12-08,79.76,936,603,3.94,8.54,112,29.35,5,163,3,55.19,3.8,5.48,4,85.41,116.11,0.859,93.7,Mobile App,East,964.12
REC002926,2023-12-09,323.69,858,635,4.0,31.81,120,28.91,15,187,10,55.53,5.0,9.75,0,98.69,95.89,1.147,98.89,Website,North,6395.1
REC003938,2023-12-09,437.52,899,628,3.7,45.88,122,48.89,15,186,7,39.28,3.62,7.31,2,90.74,92.05,0.97,105.52,Mobile App,West,7271.53
REC002207,2023-12-10,50.53,896,637,4.53,57.78,113,15.59,15,196,2,38.43,4.12,7.93,3,100.0,84.48,0.85,97.99,Mobile App,North,8414.95
REC001677,2023-12-10,175.68,866,659,2.46,32.89,110,40.94,5,182,7,44.01,4.66,8.62,2,80.18,93.44,0.833,99.47,Website,East,2573.13
REC002693,2023-12-10,171.27,879,626,4.76,27.54,115,38.52,5,190,8,51.94,3.72,9.08,0,95.65,102.38,0.871,97.58,Mobile App,North,3906.95
REC005208,2023-12-11,121.36,896,623,3.65,20.63,107,35.16,5,181,11,49.37,4.29,7.17,0,95.1,110.36,1.335,96.89,Website,East,4348.37
REC004030,2023-12-11,91.6,905,631,3.31,34.07,122,24.28,25,175,1,55.49,3.54,12.31,0,93.18,86.04,1.064,101.04,Mobile App,West,5192.84
REC000670,2023-12-11,85.43,905,671,7.06,16.22,123,36.78,15,206,5,60.09,5.0,11.35,1,81.28,90.74,1.116,107.6,Website,North,2952.69
REC001839,2023-12-12,134.01,833,676,2.96,31.94,95,42.49,10,191,11,74.21,4.16,8.19,2,100.0,95.95,1.217,105.58,Marketplace,Central,4393.8
REC002329,2023-12-12,378.09,928,658,4.65,44.15,121,19.87,25,204,14,37.41,4.79,9.15,1,98.07,103.81,1.181,101.02,Website,Central,8247.48
REC004772,2023-12-12,108.59,959,627,4.35,58.27,117,34.36,0,190,7,62.46,3.22,8.46,2,100.0,81.77,0.931,101.2,Website,West,9709.92
REC003784,2023-12-12,195.13,892,607,3.29,92.62,109,58.69,15,185,14,75.68,3.31,9.97,3,94.25,86.94,0.958,111.29,Marketplace,Central,11399.51
REC005231,2023-12-13,230.32,913,640,3.58,17.98,119,31.62,5,201,15,64.63,4.48,7.97,0,89.98,118.11,0.87,94.79,Website,West,2276.32
REC004436,2023-12-13,103.71,922,607,4.81,158.97,115,39.97,5,205,9,53.55,4.14,5.85,2,88.04,111.91,0.907,102.87,Mobile App,West,20797.32
REC003479,2023-12-13,91.83,910,657,4.11,15.13,145,33.72,15,184,3,47.02,4.05,0.62,1,79.83,85.21,1.132,94.75,Website,Central,2655.71
REC003131,2023-12-14,150.18,900,621,3.17,68.05,111,31.99,10,190,14,83.27,4.16,7.79,3,87.24,111.01,0.953,93.97,Mobile App,North,8406.97
REC005005,2023-12-14,113.63,905,623,3.04,15.34,96,48.06,30,181,11,54.94,3.83,5.86,4,91.17,85.14,1.208,101.9,Marketplace,East,1821.15
REC005836,2023-12-14,31.17,902,613,4.13,58.98,123,34.34,25,186,3,42.52,4.62,8.81,1,89.66,119.96,0.963,96.01,Mobile App,West,7761.15
REC000537,2023-12-15,59.9,919,631,4.6,20.83,119,29.94,25,179,14,72.3,3.11,8.71,4,90.4,131.62,1.179,94.97,Mobile App,South,3472.13
REC004420,2023-12-15,295.14,890,654,3.91,51.69,124,29.84,5,172,11,70.75,4.16,5.97,2,90.74,108.03,0.899,106.46,Mobile App,South,7965.23
REC005047,2023-12-15,73.67,916,629,3.68,18.1,121,36.77,20,208,3,66.4,4.36,3.36,2,88.81,90.33,1.149,97.74,Website,East,3050.58
REC005362,2023-12-15,345.75,888,619,4.62,55.43,108,42.74,25,195,15,50.92,4.49,13.09,2,97.24,86.63,1.169,109.42,Website,West,9409.02
REC000488,2023-12-15,165.16,935,698,3.29,7.05,124,62.85,5,190,13,52.74,3.64,7.41,4,86.73,97.87,0.759,100.17,Website,South,751.98
REC005097,2023-12-17,126.45,881,620,4.05,58.34,121,37.84,20,210,14,56.1,4.8,8.32,1,95.85,88.44,1.303,97.33,Mobile App,South,13584.3
REC003329,2023-12-17,103.41,905,625,4.54,25.03,95,29.5,10,188,12,69.89,4.71,7.29,3,90.15,81.86,1.084,102.74,Mobile App,South,3243.85
REC002011,2023-12-17,207.26,888,610,2.34,66.78,135,32.88,25,185,1,57.41,3.64,0.5,3,83.3,109.36,0.923,94.33,Website,Central,8259.22
REC003451,2023-12-18,69.58,893,659,3.69,18.4,105,51.94,15,187,11,71.94,4.3,5.6,0,85.46,105.28,1.063,100.1,Mobile App,Central,2452.86
REC000426,2023-12-18,57.28,912,613,4.24,54.56,103,17.71,15,177,0,49.93,3.57,3.0,3,89.1,117.08,1.116,111.93,Mobile App,West,7759.88
REC004460,2023-12-18,261.33,938,624,6.67,38.72,127,55.11,20,193,10,43.68,3.11,6.95,1,80.0,112.23,0.815,105.4,Mobile App,South,4897.29
REC001918,2023-12-18,140.57,853,666,3.48,60.4,109,35.71,25,174,3,75.4,4.52,7.77,0,99.14,113.84,1.018,95.32,Website,South,7943.44
REC004027,2023-12-18,97.88,890,652,4.67,19.25,110,39.14,20,192,5,38.31,4.82,7.57,2,100.0,118.35,1.13,95.09,Website,Central,2495.95
REC003284,2023-12-19,146.28,902,637,4.17,110.84,150,54.89,15,187,0,43.59,2.95,6.75,1,81.38,93.1,0.81,96.17,Website,North,15150.38
REC002859,2023-12-19,188.37,888,676,1.8,65.83,107,59.47,30,206,10,70.74,4.32,7.38,1,95.3,105.32,1.022,103.44,Mobile App,West,9186.52
REC002194,2023-12-20,198.25,863,695,2.93,29.33,111,58.28,10,168,1,90.0,4.63,4.96,2,84.59,89.79,1.089,94.27,Website,South,4026.59
REC005533,2023-12-20,78.01,878,655,4.0,35.09,98,55.43,25,171,10,45.55,3.83,6.38,3,97.95,98.92,1.167,94.23,Marketplace,West,5365.32
REC002918,2023-12-20,318.2,842,671,2.81,38.99,108,26.54,5,171,4,28.43,4.22,5.14,0,91.37,98.98,0.758,99.86,Mobile App,South,3825.07
REC005810,2023-12-20,67.45,888,651,3.96,31.37,104,38.54,15,195,9,53.93,3.5,8.82,0,91.2,85.88,1.303,101.37,Marketplace,North,4652.1
REC001119,2023-12-20,81.75,843,603,5.54,35.3,113,38.93,15,209,9,54.49,3.34,3.56,3,100.0,108.45,1.337,97.85,Website,West,7869.63
REC000197,2023-12-20,123.5,945,653,3.99,27.74,128,37.04,15,175,4,58.85,4.42,8.71,0,93.51,77.51,1.295,94.34,Website,South,4937.01
REC001814,2023-12-20,48.66,879,649,3.28,23.3,115,43.11,25,193,9,51.03,4.12,5.26,1,91.83,96.74,1.348,99.1,Mobile App,East,4315.96
REC001490,2023-12-21,436.46,866,679,2.09,34.44,112,41.49,20,173,3,52.51,4.12,2.97,3,96.35,104.2,0.959,102.13,Mobile App,East,3874.37
REC000462,2023-12-21,100.72,923,633,2.88,42.26,98,30.2,15,189,7,56.85,4.36,11.69,0,98.21,99.91,1.011,96.75,Website,West,5639.99
REC003708,2023-12-21,61.04,876,640,3.72,49.37,116,22.67,20,218,9,56.92,4.07,9.7,3,81.17,109.22,0.862,99.2,Marketplace,East,4293.32
REC005214,2023-12-22,177.7,888,656,2.5,42.39,119,51.55,15,196,13,56.53,3.97,11.83,2,87.22,97.74,0.924,95.26,Mobile App,South,5956.91
REC000467,2023-12-22,167.89,831,658,1.78,24.21,133,36.71,10,183,6,63.93,3.56,10.37,0,91.08,99.1,0.967,99.15,Mobile App,East,3667.03
REC004092,2023-12-22,129.66,893,595,3.34,97.47,128,33.44,10,171,14,55.34,3.88,4.6,3,95.96,108.24,0.98,94.96,Marketplace,West,13886.41
REC005675,2023-12-22,115.92,886,614,4.6,56.94,128,30.99,20,187,13,69.97,4.27,8.06,5,87.42,115.27,0.882,98.28,Mobile App,East,8099.28
REC005028,2023-12-22,136.85,917,638,4.89,18.18,120,30.65,10,198,7,50.49,5.0,12.46,0,90.27,79.77,1.004,101.89,Website,West,2966.13
REC000589,2023-12-22,323.49,875,668,3.25,41.69,113,55.36,10,175,8,65.97,4.15,6.09,3,86.44,111.52,1.194,104.05,Mobile App,West,8548.69
REC000060,2023-12-22,181.3,878,693,6.11,40.18,114,29.58,0,186,11,50.49,4.19,5.34,1,91.39,95.84,0.924,95.36,Mobile App,North,5871.95
REC005887,2023-12-23,540.71,931,614,2.86,47.23,119,53.91,10,200,5,56.69,3.54,6.24,0,76.5,95.73,0.767,103.52,Website,Central,4593.2
REC002027,2023-12-23,208.72,867,607,3.29,31.65,124,35.54,10,177,11,51.57,3.83,6.48,1,84.7,105.56,0.795,104.39,Website,North,3417.8
REC003386,2023-12-23,87.47,892,604,5.68,19.07,116,47.69,10,190,13,59.62,4.1,0.5,0,82.52,90.24,0.816,108.46,Mobile App,West,2147.18
REC004557,2023-12-23,28.1,912,621,3.96,20.33,122,35.07,25,177,5,42.07,3.82,12.97,0,93.78,76.01,1.307,92.81,Marketplace,West,3736.11
REC001164,2023-12-23,91.45,894,646,4.21,9.13,101,43.3,20,209,2,40.87,3.78,9.56,1,96.23,118.6,1.329,103.41,Mobile App,North,1796.47
REC005773,2023-12-24,104.63,888,632,4.57,40.89,121,44.88,15,205,8,47.07,4.51,6.47,0,89.76,86.19,0.979,103.88,Marketplace,Central,5199.06
REC002168,2023-12-24,217.12,923,627,5.05,32.47,127,33.52,5,203,11,68.72,4.22,4.09,0,92.02,105.71,0.909,102.41,Marketplace,East,4782.8
REC005843,2023-12-24,173.79,942,611,3.42,111.79,112,35.29,25,183,3,70.93,3.81,11.74,1,90.67,98.84,1.054,99.31,Mobile App,South,15104.5
REC002432,2023-12-24,129.17,923,644,4.87,33.49,110,31.18,5,172,4,56.13,3.95,8.32,1,96.99,105.38,1.2,99.17,Mobile App,Central,5918.25
REC000788,2023-12-25,213.99,921,654,3.84,20.42,106,8.0,15,183,1,81.67,3.68,7.1,3,92.56,108.8,1.266,95.59,Mobile App,South,3668.4
REC002653,2023-12-25,123.9,888,642,3.81,132.34,125,41.65,10,206,3,74.69,4.6,11.91,1,91.43,100.07,1.024,103.48,Mobile App,Central,20788.26
REC005698,2023-12-26,232.91,911,629,6.04,23.67,126,32.55,10,188,1,62.5,4.03,0.5,2,94.35,94.44,0.769,105.16,Marketplace,South,2633.43
REC001866,2023-12-26,50.83,902,634,3.81,26.54,92,20.54,20,177,8,32.7,4.27,4.62,2,96.07,110.81,1.05,104.75,Website,East,3270.41
REC001491,2023-12-26,64.61,875,646,3.99,47.71,108,20.85,30,213,9,58.51,4.7,3.25,0,99.92,96.64,1.155,97.66,Marketplace,East,7336.76
REC001352,2023-12-27,39.68,872,613,5.04,26.67,114,33.48,15,200,11,58.93,3.52,4.62,2,69.13,108.24,1.042,99.46,Mobile App,Central,2904.22
REC003170,2023-12-27,171.42,901,669,5.71,51.54,130,47.76,20,190,7,48.52,3.6,7.32,1,94.73,99.2,1.112,101.65,Mobile App,South,10981.71
REC005898,2023-12-27,150.4,907,661,4.27,79.75,117,34.93,20,207,13,30.45,3.41,7.37,2,87.2,87.98,0.827,102.7,Website,East,8880.75
REC001750,2023-12-27,69.19,921,697,3.19,52.38,103,31.65,25,167,15,47.7,3.79,8.83,1,83.23,114.93,0.865,107.58,Website,South,5266.29
REC002107,2023-12-28,147.07,924,595,5.04,31.0,120,28.05,20,161,8,61.72,3.81,6.78,2,100.0,108.75,1.311,103.25,Mobile App,South,7378.86
REC001644,2023-12-28,117.04,907,658,3.23,29.15,111,27.13,10,180,10,45.66,3.55,8.68,1,100.0,90.77,1.015,105.6,Mobile App,South,4026.93
REC005564,2023-12-28,127.82,925,625,2.95,93.23,114,51.94,15,169,8,55.33,3.74,10.53,3,96.07,101.62,1.093,94.98,Website,Central,12791.6
REC005824,2023-12-28,212.71,891,647,3.32,92.24,115,39.83,25,183,7,41.98,4.22,4.87,1,97.05,100.3,1.26,100.04,Website,South,17037.66
REC005621,2023-12-29,61.76,888,633,4.2,123.87,116,52.36,5,219,15,84.94,4.05,0.5,1,87.47,92.85,0.93,103.89,Mobile App,West,20877.56
REC004082,2023-12-29,240.12,940,673,3.14,70.6,104,34.16,0,211,6,38.54,3.81,12.83,4,85.05,95.25,0.816,87.16,Website,North,6811.61
REC000721,2023-12-29,575.84,963,651,2.31,54.48,109,44.64,30,209,13,65.28,3.93,10.87,2,86.52,112.59,1.272,107.56,Marketplace,East,6732.58
REC003608,2023-12-29,138.25,873,617,3.57,29.61,126,55.0,15,192,3,63.42,4.66,7.31,3,91.86,96.6,0.799,94.62,Mobile App,South,3712.12
REC004862,2023-12-29,116.86,868,668,4.07,31.41,109,42.94,10,196,3,64.66,3.43,5.0,5,98.66,84.59,1.31,98.61,Website,North,6377.07
REC004928,2023-12-29,261.73,864,617,3.12,59.53,109,53.19,15,193,9,63.79,4.36,4.26,3,88.28,101.78,1.17,91.77,Website,Central,7032.3
REC001344,2023-12-29,256.11,874,674,3.87,34.81,128,45.39,10,214,4,73.42,3.92,3.83,1,90.01,104.59,0.998,97.95,Marketplace,South,5251.39
REC003046,2023-12-30,80.11,927,656,3.83,14.77,119,23.77,5,212,14,64.14,4.33,8.99,1,92.17,85.74,0.818,102.01,Website,South,1423.9
REC004018,2023-12-30,157.66,908,627,2.83,73.78,132,68.03,25,188,7,42.38,4.17,0.63,2,88.95,80.94,1.163,100.72,Website,West,13903.72
REC002630,2023-12-30,204.55,919,645,4.43,68.98,100,32.19,15,203,12,63.5,4.07,4.64,0,85.31,101.96,0.77,98.83,Mobile App,Central,5726.47
REC003995,2023-12-30,273.81,872,629,3.73,94.12,105,40.95,10,180,12,41.94,3.66,0.66,2,95.86,108.41,0.872,99.15,Marketplace,Central,10080.48
REC003716,2023-12-31,154.14,963,651,2.44,26.85,106,39.8,5,194,11,63.31,5.0,8.3,1,80.84,93.84,0.971,98.44,Website,Central,2677.66
REC000807,2023-12-31,39.77,907,607,4.34,64.33,115,21.12,15,194,1,57.06,4.27,2.44,2,91.39,97.88,0.944,96.32,Website,East,7715.35
REC000436,2024-01-01,215.47,880,627,4.62,43.1,106,52.47,5,202,2,62.12,4.26,10.18,3,88.51,86.27,1.132,101.12,Website,South,5862.57
REC000222,2024-01-02,94.36,919,623,2.32,22.51,103,26.63,0,181,8,55.77,3.66,6.52,1,94.95,121.0,1.349,105.87,Website,North,3764.87
REC002518,2024-01-02,51.29,924,644,3.78,41.33,94,45.41,10,184,11,49.9,5.0,7.93,4,98.27,83.16,1.273,96.33,Website,North,6007.83
REC002647,2024-01-02,86.12,949,648,0.94,46.51,115,45.0,5,201,7,71.52,3.68,6.52,1,99.55,97.58,0.779,107.9,Mobile App,North,6324.99
REC002426,2024-01-02,72.41,897,611,4.74,43.82,110,11.72,25,194,11,44.01,4.33,11.69,2,92.52,95.64,0.985,95.8,Website,East,5474.54
REC004306,2024-01-02,462.06,908,652,3.77,34.56,113,27.38,15,186,2,46.35,3.88,6.52,2,92.18,100.03,1.273,102.45,Website,West,6700.64
REC000881,2024-01-02,278.91,908,619,5.95,27.25,105,43.2,20,195,15,62.81,3.48,5.97,2,93.0,107.65,1.267,103.64,Marketplace,West,4958.93
REC004798,2024-01-02,179.74,914,659,6.39,18.65,102,8.25,15,190,4,39.61,4.26,4.33,2,81.02,102.18,1.187,103.0,Marketplace,North,2566.34
REC004280,2024-01-03,96.2,953,657,3.82,17.67,118,51.63,15,185,2,48.09,5.0,6.63,1,90.68,122.85,1.152,100.72,Mobile App,East,2790.89
REC003185,2024-01-03,105.64,869,592,2.34,94.79,103,42.13,20,184,12,51.63,3.84,8.83,1,71.75,87.72,1.181,96.54,Marketplace,West,10675.04
REC005791,2024-01-04,243.74,879,589,3.55,10.26,110,46.84,20,173,3,59.48,4.43,10.5,1,85.78,99.39,0.803,103.22,Website,South,877.54
REC003266,2024-01-04,61.57,872,624,3.63,50.68,123,35.15,0,170,0,33.0,3.42,12.03,3,94.39,98.42,1.349,96.69,Mobile App,West,11158.05
REC001404,2024-01-04,92.01,934,629,3.73,77.03,116,42.78,20,176,14,78.44,4.1,8.2,1,80.1,71.65,1.241,94.88,Website,South,11337.76
REC003444,2024-01-04,71.31,917,667,2.93,11.21,132,39.94,10,178,9,77.64,4.03,9.18,1,95.9,106.09,0.933,97.41,Marketplace,North,1660.21
REC005845,2024-01-05,105.98,871,589,5.27,61.68,124,18.25,25,194,12,46.78,4.21,11.45,0,97.62,126.01,0.804,100.09,Website,Central,6707.58
REC003529,2024-01-05,229.48,859,590,3.25,110.63,112,31.37,30,189,4,63.82,5.0,4.12,3,90.73,107.3,1.02,94.15,Website,East,13631.7
REC005142,2024-01-05,286.51,971,638,2.91,27.41,107,54.63,15,212,3,47.19,4.28,11.28,0,88.55,105.87,1.193,104.61,Website,West,4417.47
REC001996,2024-01-05,163.45,845,609,1.48,43.91,108,30.38,5,196,14,52.5,3.43,6.81,3,87.78,94.09,0.853,97.68,Website,West,4507.86
REC005681,2024-01-05,173.86,909,666,2.97,91.42,110,36.74,20,199,7,63.13,4.64,13.94,1,78.64,123.66,1.305,96.46,Mobile App,East,14287.14
REC005154,2024-01-05,356.44,869,674,3.48,53.54,120,53.28,5,196,10,63.85,4.9,7.89,2,92.14,101.45,0.946,102.04,Website,East,8124.99
REC003499,2024-01-06,113.63,913,654,4.11,45.71,122,36.24,20,186,1,41.42,4.48,7.81,1,87.46,108.17,0.963,100.79,Website,North,7104.34
REC000846,2024-01-07,154.08,887,626,3.3,21.45,127,59.66,25,185,8,60.98,4.06,10.61,1,89.72,102.21,1.252,96.41,Marketplace,West,3565.56
REC004442,2024-01-07,173.54,852,677,3.95,55.91,100,35.13,15,192,7,56.02,4.49,7.94,3,88.87,89.98,1.287,94.44,Website,West,9710.33
REC003555,2024-01-07,210.7,919,685,3.1,26.55,101,65.2,5,188,7,42.0,4.84,7.37,2,100.0,75.61,0.846,98.17,Marketplace,South,2795.81
REC004136,2024-01-08,251.82,939,609,5.47,18.79,113,28.2,15,194,3,63.62,5.0,10.16,2,94.0,88.84,1.332,103.59,Mobile App,Central,2805.11
REC004824,2024-01-08,230.68,895,657,3.07,37.7,93,31.91,15,187,4,65.97,5.0,4.02,2,88.38,115.64,1.181,92.82,Mobile App,Central,4266.31
REC002917,2024-01-08,155.09,977,649,4.53,35.37,101,43.77,15,200,7,49.09,2.93,11.97,3,100.0,117.13,1.031,111.24,Website,Central,4401.3
REC004887,2024-01-08,230.32,887,648,3.25,29.71,119,9.24,30,184,15,80.95,4.42,1.59,3,97.12,88.98,1.115,101.76,Mobile App,South,4951.57
REC001599,2024-01-08,151.11,904,674,3.69,9.04,95,42.48,20,206,7,65.56,3.77,6.15,0,100.0,95.79,1.211,107.49,Mobile App,West,1773.73
REC001705,2024-01-08,168.16,908,709,3.36,89.56,109,35.63,25,191,1,46.94,3.76,6.92,1,83.49,85.79,1.114,108.65,Mobile App,East,14118.63
REC002149,2024-01-09,189.83,869,637,3.39,28.95,126,32.41,0,187,3,50.18,4.67,5.25,1,78.94,94.28,0.992,100.72,Mobile App,Central,4381.69
REC000733,2024-01-10,148.78,910,645,5.51,15.48,127,24.11,0,195,2,50.0,4.27,6.6,1,89.34,81.08,1.081,108.2,Website,West,3306.18
REC002012,2024-01-10,131.8,914,627,4.18,67.89,96,52.93,10,192,4,50.35,5.0,6.05,0,97.93,92.57,0.873,98.33,Mobile App,South,7480.74
REC001328,2024-01-11,119.71,876,647,5.6,57.93,120,60.91,20,189,14,51.56,3.9,7.09,3,98.18,117.68,1.093,97.38,Marketplace,South,8446.65
REC000585,2024-01-11,231.22,915,636,4.66,28.05,105,44.0,25,220,15,68.83,4.14,8.01,1,94.22,96.01,1.247,104.1,Website,East,4692.9
REC005484,2024-01-11,455.46,951,612,5.34,45.9,122,46.94,25,182,2,38.88,3.96,10.31,2,86.37,90.81,1.284,98.52,Mobile App,Central,9077.83
REC003948,2024-01-11,91.65,898,666,3.96,22.32,119,38.84,20,186,5,52.04,4.03,9.76,2,90.58,90.77,0.755,103.02,Website,North,2283.87
REC002102,2024-01-11,145.66,904,617,5.14,21.07,107,27.97,25,180,3,72.8,3.96,8.02,0,90.71,122.95,0.778,100.96,Website,South,2101.04
REC003679,2024-01-12,63.85,949,646,2.44,39.33,118,50.27,5,180,12,48.32,3.54,8.16,1,95.43,79.43,1.312,100.16,Mobile App,East,9150.74
REC001913,2024-01-12,51.52,882,630,4.78,24.82,112,58.24,5,189,8,53.35,3.81,7.68,3,90.18,100.95,0.881,98.25,Website,East,3066.43
REC001111,2024-01-12,211.67,890,641,2.83,59.57,107,42.25,20,187,8,36.5,4.47,10.48,3,85.85,78.97,1.345,94.41,Website,West,8552.81
REC003093,2024-01-12,93.07,883,680,2.79,101.58,119,37.07,10,193,15,68.9,3.44,9.51,0,85.12,114.38,1.152,104.27,Website,South,14858.33
REC004618,2024-01-12,170.37,900,607,3.51,43.6,118,40.63,10,222,2,82.94,3.77,8.4,2,96.17,81.49,1.129,92.88,Mobile App,West,8370.44
REC005483,2024-01-12,146.46,854,689,1.97,40.54,121,42.68,20,194,15,54.0,4.49,5.29,2,87.29,94.55,1.012,90.47,Website,East,5515.76
REC002233,2024-01-12,305.42,954,685,4.57,44.24,117,26.5,20,207,4,48.97,3.49,4.55,0,89.49,108.46,0.96,103.53,Website,South,6116.36
REC004923,2024-01-13,270.26,852,636,2.63,73.64,107,10.56,20,200,6,40.89,4.73,7.74,3,87.3,120.98,1.191,95.42,Website,North,10211.0
REC004101,2024-01-13,77.58,873,638,4.0,43.74,121,29.61,0,189,11,51.17,4.09,9.37,1,99.18,103.83,0.881,104.03,Mobile App,Central,6777.59
REC005919,2024-01-14,144.96,905,666,2.67,48.38,103,60.25,5,178,1,62.51,3.23,6.84,4,96.44,109.63,1.304,105.63,Mobile App,East,10036.44
REC004493,2024-01-14,487.36,903,694,3.63,17.26,123,39.33,30,174,6,43.21,3.7,8.55,0,90.04,82.17,0.833,98.03,Website,Central,2277.39
REC000932,2024-01-14,108.69,814,646,5.78,21.58,126,45.74,20,186,1,78.65,4.61,2.97,0,86.34,91.9,0.919,96.62,Website,North,3311.36
REC004914,2024-01-15,330.22,902,587,4.25,42.71,98,37.79,5,192,9,62.43,3.51,5.26,0,95.22,89.15,0.915,95.71,Marketplace,South,4529.11
REC003892,2024-01-15,186.4,863,651,3.56,64.64,120,15.55,15,192,3,32.34,3.67,9.01,0,87.46,103.59,0.887,102.33,Website,Central,6685.88
REC005396,2024-01-15,38.56,849,626,3.84,93.64,102,25.06,10,191,5,53.33,4.72,8.34,4,93.61,90.04,1.236,93.48,Mobile App,Central,12935.64
REC000250,2024-01-15,253.51,901,682,2.58,31.76,110,46.1,10,192,8,32.93,3.88,4.38,4,88.17,112.91,1.024,99.32,Website,Central,4384.75
REC002601,2024-01-15,99.58,887,675,4.49,17.29,115,45.52,10,197,14,58.94,4.94,7.18,1,93.1,91.36,1.038,105.52,Mobile App,Central,2957.96
REC005665,2024-01-16,89.45,856,648,4.15,20.26,104,33.96,20,187,9,59.42,4.06,5.45,5,90.6,95.19,1.316,100.7,Marketplace,South,2763.8
REC005550,2024-01-16,1019.56,955,642,3.31,42.68,116,39.15,20,179,8,47.3,4.51,3.89,3,84.55,106.97,0.875,99.58,Marketplace,North,4301.84
REC000631,2024-01-16,242.99,907,604,3.4,25.18,136,27.42,5,198,11,54.67,4.54,2.44,1,92.0,83.69,1.306,105.66,Website,West,5203.22
REC003914,2024-01-16,226.21,876,685,6.61,26.04,113,18.58,10,191,11,52.1,4.79,4.63,0,88.74,81.63,1.17,91.27,Mobile App,South,4564.39
REC000452,2024-01-16,281.99,880,624,5.34,59.46,136,35.22,10,181,11,49.95,4.56,7.39,0,89.38,110.39,0.864,97.25,Mobile App,South,8728.66
REC004849,2024-01-16,408.34,857,638,4.54,19.23,117,37.49,15,180,8,62.65,3.59,9.6,1,94.0,115.18,1.15,104.38,Website,West,3565.82
REC003503,2024-01-17,200.21,853,638,2.84,21.35,96,42.34,15,198,2,67.53,3.97,9.33,1,98.69,103.65,1.248,102.86,Marketplace,West,3356.62
REC001083,2024-01-18,54.88,856,664,2.99,51.64,119,35.75,20,203,10,56.79,3.34,3.69,2,82.3,133.32,1.303,95.52,Website,Central,7501.66
REC000421,2024-01-18,312.45,913,656,1.73,26.25,99,53.78,20,173,3,47.47,4.75,5.28,1,74.0,124.39,1.299,106.37,Website,North,3065.06
REC001914,2024-01-18,158.27,920,658,1.9,62.75,111,32.81,10,174,6,73.68,3.71,7.53,1,77.55,90.65,0.924,101.73,Mobile App,South,6783.02
REC004698,2024-01-18,188.26,909,639,4.02,14.88,110,25.79,5,180,8,71.57,3.82,10.95,1,86.47,107.75,1.265,97.23,Mobile App,Central,2206.78
REC003201,2024-01-18,97.94,883,660,2.85,23.18,124,32.06,25,173,5,74.74,4.02,8.03,2,89.52,76.7,0.923,101.19,Marketplace,South,2370.41
REC005407,2024-01-18,191.15,891,658,4.36,8.68,142,33.25,5,217,7,56.1,4.26,3.73,2,91.24,104.86,1.127,99.6,Website,Central,1515.62
REC004819,2024-01-20,173.05,913,650,4.94,51.77,106,39.07,15,210,6,60.35,3.51,11.5,4,95.81,96.5,0.867,93.58,Website,West,6429.24
REC003517,2024-01-20,99.34,937,640,3.61,17.73,119,28.67,10,205,14,58.68,4.0,3.92,4,84.66,97.59,0.986,108.03,Mobile App,South,2161.5
REC002313,2024-01-20,93.25,942,643,4.35,39.59,118,39.42,0,172,13,23.82,4.5,11.08,2,93.62,107.51,0.904,99.78,Marketplace,North,5592.75
REC005376,2024-01-21,413.69,928,617,3.28,52.81,112,42.58,5,171,11,60.43,3.74,10.43,0,94.56,92.71,0.782,94.16,Website,East,5814.37
REC000167,2024-01-21,607.78,919,642,3.11,89.79,114,37.84,15,200,0,39.1,4.28,10.92,2,100.0,88.43,1.315,101.55,Website,West,19300.27
REC001904,2024-01-21,143.43,923,683,5.73,39.96,109,42.25,30,169,9,59.09,3.23,6.37,0,100.0,98.89,1.212,98.43,Marketplace,East,6812.87
REC004207,2024-01-21,109.85,894,622,3.18,40.35,146,18.75,30,172,5,59.62,4.41,8.01,3,81.76,96.5,1.179,99.79,Marketplace,North,5995.93
REC000914,2024-01-22,261.91,928,617,4.23,37.05,115,51.72,15,180,9,73.87,4.15,7.55,0,89.93,106.68,1.324,105.26,Mobile App,North,8196.31
REC002635,2024-01-22,268.65,857,669,3.56,67.56,107,50.27,25,191,13,39.55,4.14,6.13,3,86.68,109.44,1.312,99.11,Website,South,9632.11
REC001380,2024-01-22,358.11,894,625,3.53,37.79,121,33.27,20,193,12,63.76,5.0,11.24,0,89.51,107.82,0.934,91.43,Mobile App,West,5078.21
REC004509,2024-01-22,191.79,889,654,5.51,42.5,104,31.97,25,184,1,50.75,3.54,6.04,0,88.24,109.08,0.949,96.15,Mobile App,South,6049.41
REC002661,2024-01-22,343.18,887,659,3.71,81.96,113,34.65,20,200,15,46.97,4.74,1.22,2,98.74,98.15,1.002,98.08,Mobile App,East,11216.95
REC000278,2024-01-22,63.65,868,641,4.85,29.41,122,47.83,0,194,15,54.39,3.51,9.27,1,89.25,102.5,1.019,100.11,Mobile App,North,4853.09
REC002669,2024-01-22,68.88,916,631,3.14,35.55,101,37.23,10,183,15,64.61,4.23,6.25,0,92.05,102.73,1.288,96.59,Marketplace,North,4661.58
REC002824,2024-01-22,174.66,856,618,2.95,52.81,104,41.12,25,186,0,66.14,4.03,3.58,0,87.56,109.88,1.078,98.96,Website,North,6856.17
REC002829,2024-01-23,48.99,922,652,3.15,46.55,121,40.16,0,207,13,61.48,3.72,5.96,1,88.53,115.33,1.186,89.63,Mobile App,South,8149.03
REC003615,2024-01-23,72.58,933,623,3.78,51.49,98,23.41,0,175,12,38.42,4.63,10.12,4,79.59,98.72,0.984,102.11,Marketplace,Central,4142.14
REC000269,2024-01-23,206.24,895,648,6.53,107.26,113,56.05,10,178,4,53.31,4.57,2.64,2,92.95,85.61,1.288,97.09,Mobile App,North,23099.28
REC001372,2024-01-23,406.4,879,593,4.4,21.04,106,31.2,15,191,3,49.9,4.67,1.35,1,97.62,90.17,1.293,106.59,Mobile App,Central,4014.05
REC003778,2024-01-24,65.35,908,651,3.89,31.81,123,37.23,15,191,4,44.37,3.99,10.47,1,95.86,81.16,0.854,90.98,Mobile App,South,4685.24
REC003242,2024-01-24,160.05,904,615,6.75,44.33,110,48.41,20,199,0,48.7,4.93,6.51,0,88.29,117.87,1.246,106.17,Website,North,8675.59
REC001444,2024-01-24,472.95,909,662,1.52,64.53,113,42.19,10,184,0,69.14,4.99,5.68,0,86.47,104.47,0.891,99.86,Marketplace,North,6293.34
REC003699,2024-01-24,116.09,888,611,2.56,70.15,108,38.97,0,197,4,45.58,3.55,0.5,1,94.29,87.11,1.047,98.25,Website,West,10642.68
REC002019,2024-01-24,110.14,874,630,2.81,57.71,108,23.25,20,194,12,36.62,4.75,3.17,0,86.52,89.07,1.181,98.79,Mobile App,South,9030.16
REC001557,2024-01-25,254.33,921,629,4.08,24.7,96,44.73,15,185,9,63.11,4.74,0.5,1,92.36,94.34,1.083,97.61,Mobile App,South,3258.33
REC000933,2024-01-25,102.91,937,629,3.32,55.69,123,35.6,10,186,13,22.96,3.94,6.99,1,91.93,99.84,0.852,99.74,Mobile App,East,7338.49
REC002059,2024-01-25,306.43,878,644,4.63,24.52,115,56.43,10,193,8,71.3,3.34,8.73,2,95.39,115.26,0.947,102.58,Mobile App,Central,3706.61
REC000664,2024-01-26,310.23,953,639,5.96,128.6,124,29.82,0,175,5,52.2,3.37,13.52,2,92.14,87.66,1.274,97.81,Website,South,24749.47
REC000088,2024-01-26,134.92,872,643,1.79,92.36,116,24.44,5,170,4,44.75,3.62,13.57,1,91.15,104.02,1.113,98.83,Mobile App,North,15009.14
REC005424,2024-01-26,234.08,891,670,2.34,48.51,114,63.8,5,173,11,53.41,3.7,5.06,2,87.66,124.37,0.789,104.8,Mobile App,South,5276.03
REC002126,2024-01-26,81.21,915,637,4.59,36.77,109,62.49,15,164,4,46.24,3.71,10.33,2,93.09,108.63,1.026,104.01,Website,East,5623.64
REC002496,2024-01-26,81.01,938,664,3.17,49.03,130,43.59,15,185,4,68.29,4.13,11.07,1,96.43,98.75,0.79,98.42,Marketplace,West,5639.03
REC002172,2024-01-26,114.24,880,632,4.57,41.27,119,50.97,10,205,4,43.02,4.15,3.64,1,98.41,100.94,1.284,98.87,Marketplace,Central,7357.6
REC004171,2024-01-26,158.95,957,627,1.92,14.23,114,37.91,10,170,11,27.87,3.61,4.42,2,86.23,102.29,1.24,101.55,Mobile App,North,1917.42
REC002002,2024-01-27,53.21,901,645,3.2,20.52,114,38.2,15,203,8,60.56,4.15,3.25,0,97.42,87.54,1.006,100.14,Marketplace,North,3226.56
REC005648,2024-01-27,524.09,922,642,3.98,68.81,123,53.1,5,211,3,47.26,3.92,7.12,2,94.31,106.55,0.774,107.16,Mobile App,East,8849.12
REC004002,2024-01-27,65.84,893,614,1.9,43.28,115,51.99,30,184,0,45.82,3.7,7.1,1,87.0,100.75,1.028,103.33,Marketplace,West,5177.57
REC003298,2024-01-27,39.9,956,602,5.03,51.42,131,26.79,20,169,0,53.24,4.18,7.2,6,93.32,109.16,1.171,100.42,Website,Central,8422.29
REC004977,2024-01-27,138.64,922,596,1.5,44.61,138,39.64,15,207,5,48.59,4.29,7.21,2,87.07,126.04,0.955,94.46,Website,North,6153.1
REC000542,2024-01-28,92.01,869,626,4.95,16.29,113,70.97,25,181,14,54.83,4.74,7.21,1,92.2,81.85,0.896,104.35,Mobile App,West,3077.92
REC002603,2024-01-28,114.6,883,636,1.96,71.41,117,36.56,10,203,9,43.08,4.35,6.41,0,76.99,130.62,1.118,98.03,Website,North,8627.65
REC000234,2024-01-28,205.9,904,605,5.12,22.88,99,29.19,25,187,8,73.55,3.52,13.3,0,90.63,97.48,0.913,98.36,Website,North,2420.24
REC002542,2024-01-28,248.72,885,616,3.87,54.6,115,30.12,5,187,0,86.33,3.22,5.77,1,98.98,96.33,1.11,92.67,Website,Central,8782.77
REC003335,2024-01-29,111.57,887,641,3.62,23.03,118,37.97,10,209,13,44.13,4.5,8.8,2,91.87,111.23,1.234,108.14,Mobile App,West,4807.7
REC001137,2024-01-29,109.45,921,678,4.39,44.47,107,29.64,15,202,12,60.4,4.21,9.08,2,92.12,106.38,0.941,107.2,Marketplace,South,3953.2
REC003543,2024-01-29,224.74,928,623,3.04,34.53,101,25.99,0,207,6,53.87,3.92,3.69,2,95.4,82.8,1.07,102.11,Website,West,5113.85
REC004275,2024-01-30,229.09,1009,654,5.55,64.6,114,47.9,30,178,13,84.28,4.95,8.15,1,91.86,99.62,0.934,99.41,Mobile App,North,9805.56
REC001238,2024-01-30,81.06,902,644,4.66,27.24,106,20.5,5,190,12,66.22,3.31,7.35,1,82.83,94.47,0.958,99.39,Website,East,2923.17
REC002619,2024-01-30,202.98,922,644,2.21,43.0,122,39.71,15,191,15,55.87,4.24,4.02,2,92.23,103.44,0.908,100.7,Website,East,6158.54
REC003512,2024-01-30,252.99,948,603,2.23,41.22,107,33.64,15,217,10,61.11,4.34,14.11,0,80.71,115.52,0.751,105.42,Website,South,3147.35
REC000777,2024-01-31,171.52,926,671,2.76,53.31,115,47.77,20,168,10,59.95,3.52,2.04,0,87.21,113.74,1.324,94.12,Mobile App,East,10352.33
REC003984,2024-01-31,159.25,851,700,2.94,39.82,109,34.3,10,184,13,67.06,3.93,5.85,0,83.97,89.69,0.827,109.1,Marketplace,North,3767.05
REC005232,2024-01-31,143.23,911,670,2.21,101.15,118,25.05,10,213,13,53.25,4.13,13.58,3,98.25,104.21,1.112,94.54,Mobile App,Central,16747.38
REC003868,2024-01-31,104.25,880,643,2.24,20.34,117,45.74,15,166,11,59.39,4.57,8.17,1,91.2,120.63,1.307,99.44,Marketplace,East,3023.0
REC005996,2024-02-01,94.3,908,648,6.35,48.51,111,52.54,30,182,9,45.71,4.14,7.62,1,89.99,96.5,0.771,103.96,Website,Central,5188.48
REC005505,2024-02-01,129.07,909,627,1.69,33.57,112,40.19,5,188,7,71.92,4.55,10.78,2,91.2,82.92,1.116,101.59,Mobile App,North,5175.1
REC005359,2024-02-01,236.13,924,647,4.39,82.43,127,41.67,15,189,15,72.74,4.18,6.74,2,90.98,106.59,1.126,100.71,Website,East,14181.39
REC004590,2024-02-01,132.38,872,655,5.05,21.81,114,46.48,10,200,13,63.85,3.51,5.12,3,87.36,91.46,0.761,105.91,Mobile App,West,2794.84
REC001586,2024-02-01,667.49,951,632,1.28,42.67,116,23.7,25,201,0,77.24,4.76,4.24,0,78.11,87.39,0.834,99.41,Marketplace,East,3211.53
REC003448,2024-02-02,199.17,932,648,4.8,25.15,111,31.48,0,187,8,57.83,3.82,13.97,2,89.5,78.5,1.213,98.76,Mobile App,West,4976.99
REC005684,2024-02-02,163.66,884,630,4.07,42.69,104,44.22,10,183,10,57.97,3.19,1.5,1,94.35,89.45,1.292,96.28,Website,South,7695.23
REC001744,2024-02-02,420.63,976,673,1.94,48.48,130,45.62,5,217,0,38.71,3.83,1.65,0,96.67,120.23,0.86,103.88,Marketplace,North,6720.31
REC001489,2024-02-02,101.62,878,615,3.76,31.01,116,50.57,25,184,8,63.48,3.91,7.28,2,80.35,109.02,1.203,99.03,Website,East,5091.06
REC005375,2024-02-02,65.5,899,628,5.17,142.42,142,43.43,10,201,2,66.07,4.49,6.96,0,95.09,104.19,1.269,99.62,Website,North,36107.19
REC000141,2024-02-02,138.28,929,619,2.36,34.08,109,38.37,10,158,4,58.99,4.12,11.19,2,92.59,106.72,1.236,93.85,Website,North,5766.83
REC000607,2024-02-02,137.5,904,644,5.45,50.49,121,45.97,15,186,11,63.18,4.29,6.82,2,86.16,92.5,0.938,99.5,Mobile App,East,6634.63
REC001497,2024-02-03,152.63,908,660,4.82,78.65,124,16.25,5,208,10,71.11,4.0,7.98,1,94.79,103.77,1.063,95.95,Website,West,13181.98
REC000158,2024-02-03,115.54,955,618,2.52,66.06,112,68.92,15,166,9,45.44,4.47,6.38,1,100.0,111.1,0.793,102.78,Website,West,8168.76
REC001841,2024-02-03,152.23,889,625,4.12,130.16,99,41.92,0,191,5,70.51,4.79,9.88,1,97.68,87.85,1.271,94.8,Website,East,19538.09
REC004673,2024-02-03,206.93,857,653,3.01,25.34,129,42.05,15,197,11,50.62,2.72,4.76,0,86.57,77.26,1.051,96.93,Website,East,3936.93
REC001566,2024-02-04,165.63,901,663,2.33,34.82,125,56.54,20,182,14,50.47,3.79,9.42,3,95.66,99.42,1.063,102.49,Mobile App,North,7182.49
REC002081,2024-02-04,106.96,857,626,3.13,67.44,103,39.42,0,202,13,60.87,3.94,9.67,1,82.62,113.62,1.049,102.33,Mobile App,Central,8677.97
REC001907,2024-02-04,263.64,931,662,2.98,60.01,118,35.63,5,193,7,68.29,3.82,10.54,2,90.31,119.39,0.942,103.36,Marketplace,Central,6791.71
REC002449,2024-02-05,189.75,966,619,3.97,51.77,127,26.53,15,171,5,40.08,3.76,7.26,1,88.24,108.52,0.962,100.5,Mobile App,Central,7262.22
REC003265,2024-02-05,145.59,868,658,3.61,39.7,118,42.22,0,205,5,56.68,4.75,13.67,2,83.36,93.89,1.143,96.83,Mobile App,West,6795.47
REC002686,2024-02-05,39.35,874,638,4.22,27.17,112,47.48,0,208,0,88.35,4.34,9.91,2,83.48,91.04,1.019,99.65,Mobile App,North,3324.5
REC000520,2024-02-05,114.77,875,622,5.16,42.02,107,61.64,15,187,3,68.84,4.39,2.1,2,100.0,111.06,0.883,102.05,Mobile App,Central,5022.34
REC002973,2024-02-06,168.15,910,636,3.93,31.61,135,29.68,30,218,7,46.52,4.25,13.22,4,89.88,89.54,0.906,96.7,Website,East,4048.82
REC003333,2024-02-06,558.39,930,644,2.78,32.83,110,42.91,20,179,1,71.07,4.09,7.44,5,90.32,118.48,1.225,102.86,Website,South,4662.04
REC003507,2024-02-06,91.43,884,707,5.92,23.03,110,41.1,20,190,0,64.13,4.51,3.9,1,92.65,88.35,0.776,101.37,Website,Central,1904.39
REC003116,2024-02-06,54.35,886,583,4.28,29.69,109,29.32,10,190,0,40.89,3.96,7.33,1,99.26,112.23,0.866,104.06,Mobile App,South,3560.19
REC000126,2024-02-06,104.61,930,624,1.66,26.71,132,49.82,15,183,7,52.11,4.08,8.15,1,92.51,99.51,1.109,90.37,Website,South,3990.09
REC005328,2024-02-06,201.62,886,640,4.92,28.65,118,46.66,10,212,11,53.73,4.34,8.61,2,89.46,101.37,0.832,97.99,Website,Central,4045.85
REC004278,2024-02-07,378.75,888,672,4.03,35.05,133,41.89,5,201,14,72.35,3.72,12.94,1,88.88,94.74,1.205,105.41,Mobile App,Central,7336.37
REC002056,2024-02-08,264.79,897,642,4.89,53.01,104,27.08,10,172,6,41.12,3.36,10.56,1,97.76,95.69,0.972,98.1,Mobile App,West,9288.17
REC003838,2024-02-08,162.64,924,663,2.79,74.19,123,33.53,5,182,5,71.22,4.72,9.73,2,100.0,130.09,0.923,109.06,Marketplace,Central,9220.2
REC000629,2024-02-08,52.7,910,611,4.74,44.45,132,39.26,15,176,14,58.11,3.76,7.1,1,83.3,107.46,1.175,98.29,Mobile App,West,9286.03
REC005346,2024-02-08,462.65,918,612,2.27,69.88,113,47.73,10,199,1,51.76,4.43,7.53,0,79.77,127.11,1.336,99.89,Marketplace,South,10495.34
REC004139,2024-02-09,219.52,912,648,6.19,81.66,108,58.5,0,185,7,69.61,3.51,9.8,1,89.63,110.61,0.895,111.08,Website,Central,10852.2
REC003037,2024-02-09,115.85,859,608,2.9,101.74,127,44.02,10,189,4,71.68,3.71,4.48,3,92.74,102.44,1.1,102.56,Website,West,18254.73
REC000289,2024-02-09,119.89,876,605,3.06,35.44,127,11.92,30,178,9,65.62,3.16,7.77,0,86.88,108.33,0.927,96.72,Mobile App,Central,4236.29
REC003147,2024-02-09,356.65,907,644,3.65,76.29,106,27.24,25,213,12,69.55,4.26,6.13,0,87.79,103.87,0.983,101.15,Website,East,8454.31
REC001095,2024-02-09,239.44,898,642,3.87,26.26,129,53.39,30,182,14,70.84,4.11,8.6,0,91.43,111.56,1.1,98.04,Mobile App,North,4918.81
REC001353,2024-02-10,272.37,896,705,4.51,73.55,102,12.65,25,178,14,53.56,4.69,8.14,2,89.77,100.74,0.995,97.65,Marketplace,East,7439.28
REC005763,2024-02-10,114.9,860,660,3.3,89.59,97,44.59,30,169,10,56.93,4.32,3.42,2,96.76,95.32,1.308,95.76,Website,Central,13472.84
REC001342,2024-02-10,350.81,864,648,4.12,38.59,123,42.6,25,183,7,68.57,2.95,8.24,0,100.0,94.22,1.256,99.3,Marketplace,East,7376.94
REC000655,2024-02-10,69.77,824,634,1.5,89.01,116,46.84,15,191,2,57.79,4.16,9.41,3,89.02,85.72,1.063,100.71,Mobile App,West,13576.68
REC003906,2024-02-11,119.69,925,634,3.12,88.57,100,49.56,0,200,10,53.1,3.66,6.58,1,97.51,113.45,1.158,97.02,Marketplace,East,12832.66
REC001280,2024-02-11,189.56,900,602,4.29,15.88,132,21.37,10,203,15,55.82,3.34,12.76,1,81.46,121.0,1.268,105.64,Website,Central,2986.2
REC000471,2024-02-11,62.27,865,612,4.44,50.43,117,38.78,15,199,5,61.19,4.02,11.36,0,92.15,95.78,1.346,104.39,Website,East,10150.13
REC004723,2024-02-11,261.21,895,615,5.19,119.94,103,59.04,20,215,11,61.89,3.22,3.74,1,84.42,112.87,1.209,97.37,Marketplace,East,15939.77
REC000375,2024-02-11,380.42,876,606,2.31,109.31,98,43.65,10,199,7,44.12,4.75,0.5,1,94.18,104.42,1.3,104.62,Website,West,20205.21
REC004444,2024-02-11,174.73,862,646,4.9,88.12,107,56.48,10,185,6,52.95,5.0,8.25,1,93.69,125.3,0.831,90.17,Marketplace,Central,8959.73
REC004215,2024-02-12,190.99,884,626,6.18,34.05,116,23.53,10,183,4,50.26,4.52,0.81,1,98.75,115.39,1.116,110.5,Mobile App,Central,6243.39
REC005243,2024-02-12,554.46,890,639,5.05,37.93,113,19.79,0,166,7,68.42,4.34,8.95,1,88.2,120.93,0.955,95.25,Mobile App,South,4892.91
REC002157,2024-02-12,194.76,908,672,4.48,46.71,114,39.29,15,212,13,69.67,2.73,10.08,1,94.54,125.64,1.196,95.52,Website,North,7985.77
REC003973,2024-02-12,373.29,955,661,3.94,34.31,107,31.02,25,202,14,54.96,3.69,7.14,2,93.13,114.36,1.098,97.13,Website,South,4664.93
REC001829,2024-02-12,111.35,903,601,3.1,68.83,114,22.83,10,202,7,33.17,3.27,5.26,3,89.32,88.32,1.267,100.26,Mobile App,Central,9906.8
REC001810,2024-02-12,130.52,863,615,3.99,34.58,126,40.03,15,191,5,48.17,4.5,3.54,5,89.68,90.17,1.228,97.33,Website,West,6133.93
REC001987,2024-02-12,230.44,911,683,4.24,79.22,124,55.44,0,197,7,53.6,4.37,11.31,2,97.2,100.9,1.183,101.77,Marketplace,North,15060.45
REC005528,2024-02-13,300.99,884,655,4.92,22.38,108,29.29,5,195,4,55.79,3.78,7.73,1,86.81,101.32,1.192,96.3,Website,Central,3210.96
REC003445,2024-02-13,227.27,903,607,4.01,57.72,115,19.86,0,193,14,75.62,4.48,11.58,2,100.0,94.4,1.161,96.3,Website,South,9553.76
REC000882,2024-02-13,491.28,904,648,5.64,29.48,104,37.66,25,159,5,60.1,4.04,5.31,2,94.06,110.93,0.758,92.71,Marketplace,West,2782.58
REC001864,2024-02-14,110.62,915,614,3.98,100.34,109,37.4,30,190,1,59.11,4.41,9.44,4,100.0,90.2,1.307,95.56,Mobile App,West,21093.5
REC000554,2024-02-14,176.22,925,627,4.59,26.69,110,46.03,10,197,12,68.59,5.0,11.38,0,72.66,116.52,1.306,99.24,Marketplace,North,3851.7
REC002755,2024-02-16,150.23,919,628,6.2,14.98,114,33.24,5,196,13,63.83,3.77,3.77,1,97.03,84.24,0.892,109.39,Mobile App,North,2577.0
REC005835,2024-02-16,115.86,887,647,5.24,72.26,125,50.91,15,195,8,61.82,3.46,4.52,2,95.36,87.88,1.136,99.74,Mobile App,South,14767.36
REC002975,2024-02-16,112.12,946,661,3.94,37.23,107,49.94,5,155,5,40.75,4.83,7.2,2,80.99,100.51,1.025,102.71,Mobile App,East,5796.87
REC005022,2024-02-16,153.62,885,642,3.98,20.51,121,8.76,20,200,13,55.68,4.74,6.44,3,92.64,102.42,1.088,95.7,Website,North,3540.2
REC003618,2024-02-16,205.18,879,648,4.19,26.16,122,15.42,15,194,10,64.97,4.27,8.76,1,93.56,98.05,0.953,103.72,Marketplace,North,3538.95
REC004622,2024-02-17,137.39,937,618,3.03,48.83,101,41.03,5,181,14,70.05,3.3,11.54,1,89.58,93.74,0.797,101.55,Mobile App,Central,4840.29
REC005187,2024-02-17,533.43,906,620,5.1,15.27,121,41.45,5,208,8,45.4,3.33,10.44,2,86.31,70.0,1.284,102.46,Website,East,2446.79
REC005819,2024-02-18,244.35,904,644,5.03,32.3,112,41.11,5,214,9,57.98,4.19,8.78,1,89.83,112.31,0.759,106.47,Website,North,4079.41
REC001759,2024-02-18,305.32,852,652,2.07,56.54,115,33.85,30,208,1,54.16,3.62,7.49,4,93.78,102.89,0.91,102.18,Mobile App,Central,6966.53
REC001781,2024-02-18,223.12,952,615,2.01,24.99,115,39.08,0,180,14,53.97,4.4,10.1,4,100.0,101.96,0.789,104.7,Website,West,3055.83
REC005434,2024-02-18,274.14,876,618,4.36,28.87,100,39.12,5,182,4,49.29,4.4,1.41,1,85.95,91.43,1.087,105.33,Website,South,2992.43
REC003551,2024-02-19,250.82,939,668,1.78,41.86,107,8.0,15,190,3,65.63,4.38,4.05,3,85.07,70.0,0.784,104.18,Mobile App,North,3886.23
REC002475,2024-02-19,69.22,921,603,4.01,26.55,116,23.61,10,178,4,43.75,5.0,4.32,1,94.71,91.99,1.246,105.39,Mobile App,West,5910.73
REC003475,2024-02-19,182.96,881,615,3.74,34.06,111,42.63,15,209,13,38.02,3.71,7.71,0,88.84,100.09,0.874,103.73,Website,North,4335.74
REC004312,2024-02-19,374.74,939,664,4.91,42.85,122,39.34,10,210,10,59.82,4.21,9.82,1,93.66,100.8,1.207,93.12,Website,East,8679.46
REC001949,2024-02-20,360.42,910,647,5.2,36.09,101,21.49,10,212,5,53.11,4.73,7.33,6,100.0,86.89,1.037,101.32,Mobile App,Central,5145.19
REC000839,2024-02-20,152.96,918,621,4.51,28.89,110,29.96,20,171,13,48.51,4.51,14.59,0,100.0,89.82,1.223,98.3,Website,North,5212.92
REC005185,2024-02-20,176.76,916,647,4.27,50.21,115,36.36,25,177,14,55.17,3.6,6.8,1,93.76,90.94,0.92,99.84,Website,South,6786.63
REC001728,2024-02-21,215.19,916,609,1.53,28.45,102,57.06,25,182,4,51.47,3.8,5.77,1,88.0,114.76,1.237,107.04,Mobile App,West,4747.42
REC003918,2024-02-21,102.4,895,665,4.52,42.37,116,41.03,15,192,7,65.33,4.23,8.63,1,86.77,108.82,0.802,106.58,Website,North,4931.92
REC004842,2024-02-21,247.79,872,581,3.62,65.35,106,34.98,15,203,4,53.99,3.38,8.08,5,81.87,109.46,0.979,93.79,Website,East,7296.44
REC000156,2024-02-21,239.45,940,646,5.75,71.78,110,55.18,10,185,2,51.55,4.23,8.92,0,78.81,123.71,0.912,94.23,Website,South,7678.53
REC002119,2024-02-21,187.13,877,604,3.91,37.13,109,41.91,20,173,3,62.43,4.24,14.84,1,89.51,103.53,0.869,100.26,Website,South,3566.65
REC002818,2024-02-21,249.27,902,634,3.02,22.68,129,43.04,15,181,7,52.46,4.15,0.5,1,86.0,111.49,0.766,97.3,Mobile App,South,2780.47
REC002798,2024-02-21,164.63,922,623,4.5,16.66,119,39.03,5,178,5,44.19,4.07,10.11,1,96.78,106.19,1.278,106.68,Marketplace,West,3272.53
REC002431,2024-02-22,226.71,899,643,2.5,52.9,114,44.44,5,194,15,72.87,4.01,0.5,2,93.19,91.0,1.182,95.55,Marketplace,Central,8488.58
REC001602,2024-02-22,232.66,873,602,2.61,46.58,97,23.25,10,186,7,69.39,4.88,2.92,0,93.91,89.41,1.023,96.37,Marketplace,East,5099.98
REC001223,2024-02-22,262.06,885,619,4.67,33.96,122,38.71,20,176,1,49.68,3.89,8.1,3,88.74,70.0,1.274,103.78,Marketplace,West,5644.31
REC001774,2024-02-22,77.16,910,627,4.2,96.53,126,8.0,5,203,15,74.97,3.93,7.8,1,95.99,110.61,0.956,102.07,Website,Central,13041.17
REC000800,2024-02-22,67.46,926,670,3.9,28.68,117,42.33,5,183,5,42.17,3.91,7.18,1,98.81,111.21,0.904,98.11,Marketplace,East,3756.94
REC002699,2024-02-23,113.02,898,598,4.48,57.55,114,35.68,20,191,5,45.68,4.23,10.02,0,96.1,114.56,0.934,86.96,Marketplace,Central,6163.02
REC000998,2024-02-23,284.48,885,587,5.72,26.89,135,38.63,25,199,10,42.61,4.74,9.51,2,96.92,92.82,0.773,99.77,Mobile App,Central,3694.81
REC003932,2024-02-23,658.38,856,666,3.53,38.82,109,23.27,10,189,6,67.09,3.76,7.01,1,87.91,97.73,0.997,102.49,Website,Central,4448.41
REC003709,2024-02-24,98.19,888,646,3.21,28.92,103,48.42,15,188,3,43.63,4.22,4.74,2,84.45,82.41,0.795,101.5,Mobile App,North,3194.15
REC004801,2024-02-24,80.97,897,594,5.58,48.05,118,13.46,25,189,14,47.74,3.76,7.92,0,87.9,99.59,0.853,100.72,Website,East,5762.87
REC002269,2024-02-25,150.29,843,597,5.07,57.01,114,47.56,15,188,1,57.14,4.61,4.94,1,87.04,102.05,1.05,106.72,Mobile App,South,9073.64
REC003371,2024-02-26,216.72,879,632,3.58,61.04,119,46.43,0,188,1,67.23,5.0,5.67,2,84.21,84.23,1.154,106.9,Mobile App,North,10654.01
REC003631,2024-02-26,83.46,903,641,2.89,20.86,113,40.74,20,191,13,75.16,4.24,3.11,1,91.78,111.57,1.106,95.8,Website,South,3227.02
REC005680,2024-02-26,144.31,914,635,4.9,36.48,120,42.34,0,193,2,48.49,3.93,9.07,0,95.81,111.94,0.944,97.14,Mobile App,North,5788.32
REC000877,2024-02-26,168.81,930,635,3.92,21.63,107,18.33,10,215,1,56.33,5.0,6.09,1,86.99,79.83,1.259,101.51,Website,South,3287.16
REC001618,2024-02-26,210.88,879,609,5.47,32.84,112,32.59,10,192,14,65.13,4.74,11.84,2,96.07,88.51,1.251,103.88,Website,South,5909.45
REC004695,2024-02-26,83.7,925,674,3.78,21.16,120,40.34,20,194,3,65.99,4.39,12.42,0,87.82,90.34,0.808,101.2,Mobile App,North,2516.44
REC000884,2024-02-26,317.26,905,675,1.66,20.86,115,38.1,10,181,5,38.65,4.85,4.33,1,88.73,120.63,1.344,97.64,Mobile App,West,4523.2
REC005637,2024-02-27,174.16,919,635,3.11,61.99,94,18.25,10,185,11,59.56,3.55,7.07,1,90.74,96.54,1.31,103.46,Mobile App,East,9850.68
REC001649,2024-02-27,168.55,922,629,2.56,109.15,108,21.94,20,171,1,71.33,3.81,15.93,0,95.92,97.28,1.048,95.6,Mobile App,Central,13480.03
REC001809,2024-02-27,57.35,910,663,3.76,25.57,87,66.45,10,189,6,57.64,4.22,12.79,3,94.2,101.2,0.973,106.91,Website,East,3268.83
REC002944,2024-02-27,146.81,872,629,3.97,58.35,108,52.13,10,187,5,70.4,3.9,11.05,1,97.99,98.3,0.985,103.44,Marketplace,Central,7117.29
REC000548,2024-02-28,132.33,901,640,4.96,75.92,108,30.76,20,209,15,68.17,3.65,4.6,1,99.09,78.03,0.793,88.79,Marketplace,East,7388.85
REC004989,2024-02-28,90.42,920,626,2.7,60.94,114,43.19,15,171,8,78.0,3.27,2.22,2,100.0,88.55,0.932,96.1,Mobile App,East,9534.14
REC000817,2024-02-28,601.2,939,672,0.96,27.55,120,25.36,10,203,6,65.9,3.93,10.45,1,84.9,109.15,1.049,102.82,Mobile App,East,4224.65
REC003355,2024-02-28,168.65,905,694,5.67,63.19,86,34.65,5,197,0,76.05,4.73,11.71,6,98.39,88.05,1.206,99.58,Website,Central,8638.33
REC005709,2024-02-28,196.4,913,638,3.27,41.27,113,29.99,15,183,12,71.41,4.59,9.78,0,88.48,78.07,1.079,99.86,Website,East,6011.07
REC000857,2024-02-28,65.11,923,614,4.75,30.56,112,57.18,0,181,6,33.73,4.34,5.88,1,88.08,105.6,1.234,102.54,Marketplace,South,4720.08
REC003306,2024-02-29,134.2,969,617,2.75,79.28,109,50.91,10,200,15,37.18,4.52,8.33,0,94.09,100.94,1.015,102.26,Website,Central,11960.31
REC004506,2024-02-29,124.27,939,670,4.45,35.62,107,47.67,15,192,7,67.06,3.81,6.33,2,92.81,89.66,1.3,104.57,Mobile App,Central,6425.26
REC002300,2024-02-29,128.07,902,606,5.58,31.81,100,35.87,15,221,8,73.75,3.94,7.96,2,84.24,89.27,0.888,96.77,Marketplace,West,3322.65
REC001089,2024-02-29,61.05,970,636,3.51,28.63,110,40.32,5,173,14,46.46,4.9,8.55,1,90.43,93.69,1.063,100.81,Mobile App,Central,4464.95
REC000660,2024-02-29,147.16,898,635,3.18,81.34,92,50.92,20,204,2,54.6,3.9,11.45,1,100.0,85.54,0.811,101.85,Website,South,6963.2
REC002512,2024-03-01,205.22,919,651,2.4,27.82,112,46.67,5,196,1,55.4,4.54,7.42,0,75.57,93.83,0.789,103.49,Mobile App,East,2882.75
REC002222,2024-03-01,64.27,915,647,3.99,48.77,117,36.77,15,174,14,63.02,3.75,9.38,1,100.0,113.07,0.994,105.82,Website,North,7173.58
REC000294,2024-03-01,101.96,928,627,4.41,33.68,130,52.31,15,222,0,70.06,4.69,3.39,0,87.46,98.84,1.216,99.42,Mobile App,East,7974.12
REC003890,2024-03-01,526.92,890,676,3.56,56.89,96,26.15,25,183,4,52.6,3.25,8.22,0,80.44,98.42,1.341,100.67,Website,North,8387.01
REC000443,2024-03-01,78.93,889,635,2.71,57.07,135,44.18,10,183,4,63.81,4.09,3.64,0,91.38,113.59,0.849,101.0,Website,South,7164.54
REC000221,2024-03-02,715.19,866,582,3.0,15.22,115,10.72,25,200,13,61.01,3.97,7.73,2,91.06,93.9,1.15,99.19,Mobile App,North,2555.78
REC002933,2024-03-02,254.91,921,610,3.4,89.82,107,35.81,10,191,9,56.36,4.56,9.68,1,100.0,108.4,1.263,99.9,Website,East,15485.13
REC001445,2024-03-02,120.57,912,631,3.56,32.14,97,8.0,10,198,0,58.16,4.03,6.3,1,86.65,107.52,1.062,96.28,Website,North,3839.33
REC004701,2024-03-02,172.84,845,599,3.5,38.95,119,40.5,0,180,10,38.93,4.13,5.16,3,92.84,106.05,0.921,96.65,Marketplace,South,4101.4
REC005157,2024-03-03,329.37,906,642,3.75,60.76,114,11.3,5,204,13,56.01,3.84,4.37,0,87.71,119.79,1.339,99.14,Website,South,9733.05
REC002467,2024-03-03,201.52,895,628,3.63,16.02,105,50.39,20,186,8,65.8,3.51,2.84,2,79.09,103.86,1.124,103.18,Mobile App,South,2179.6
REC003590,2024-03-03,358.06,956,658,3.82,19.42,113,29.03,25,189,7,60.69,4.21,3.32,2,87.4,93.7,1.32,98.24,Website,East,3255.98
REC003363,2024-03-03,208.33,864,616,3.28,52.17,126,50.02,20,196,15,60.21,3.44,5.94,0,100.0,79.81,1.316,98.39,Website,Central,12161.76
REC003048,2024-03-03,48.71,870,681,6.01,42.03,100,36.55,20,192,12,46.75,4.21,0.5,0,92.39,99.91,0.968,103.36,Mobile App,East,5954.78
REC004882,2024-03-03,39.1,918,623,4.1,25.86,123,40.99,20,187,9,62.48,4.41,8.26,1,84.74,105.74,0.755,94.67,Website,South,2512.54
REC001365,2024-03-04,314.22,865,659,5.19,47.6,114,53.11,0,203,15,53.97,4.52,4.47,1,91.26,103.9,1.323,103.14,Mobile App,East,10749.62
REC001409,2024-03-04,130.87,878,631,3.54,21.0,111,52.26,20,207,8,47.95,4.07,10.29,2,95.92,124.01,0.785,96.91,Website,West,2451.72
REC000922,2024-03-04,264.48,924,639,4.83,41.28,111,45.38,20,185,8,59.62,4.62,7.02,1,92.65,102.53,0.977,95.98,Website,East,4559.25
REC004761,2024-03-05,76.38,931,617,4.18,32.96,129,47.8,20,178,11,69.48,4.07,3.92,1,78.97,93.57,1.274,100.49,Marketplace,West,5970.45
REC002545,2024-03-05,344.72,903,647,3.22,20.25,107,39.53,0,192,7,67.62,4.84,4.02,1,100.0,94.28,1.334,98.04,Mobile App,South,4907.76
REC001470,2024-03-05,294.33,943,611,3.47,47.74,114,38.12,0,217,2,40.86,4.58,7.74,1,88.73,106.57,0.905,104.21,Marketplace,South,4706.92
REC000460,2024-03-05,134.64,902,622,2.73,57.95,114,37.97,25,159,11,87.69,4.97,8.78,3,85.61,116.81,0.771,98.21,Website,West,5945.38
REC005890,2024-03-05,123.01,851,648,4.66,14.84,115,38.3,10,185,10,56.0,2.99,0.5,1,77.73,104.25,0.951,100.25,Marketplace,North,1820.64
REC005262,2024-03-05,367.43,892,682,4.07,37.13,108,28.6,15,190,0,43.79,4.5,6.24,3,88.79,95.76,0.86,94.2,Website,North,4144.24
REC003797,2024-03-05,312.98,869,603,3.33,31.29,130,28.2,10,170,7,42.59,4.14,9.09,1,88.64,88.92,1.323,111.95,Mobile App,West,6808.68
REC002900,2024-03-05,211.0,911,620,5.58,47.16,132,39.43,5,191,13,65.06,3.14,2.72,0,87.22,107.98,1.319,91.98,Mobile App,East,12830.27
REC004232,2024-03-05,152.88,869,663,4.15,46.5,105,36.58,20,182,7,90.0,4.07,5.16,2,87.52,95.69,1.186,105.94,Mobile App,North,7904.66
REC001099,2024-03-05,151.24,892,650,5.07,81.13,112,54.84,0,173,14,42.69,4.56,12.47,1,96.03,93.27,1.092,104.81,Mobile App,South,13309.78
REC001641,2024-03-05,138.73,937,602,5.41,47.82,121,47.67,15,196,14,41.97,2.82,8.12,1,90.69,93.16,1.243,98.01,Website,Central,8138.93
REC003490,2024-03-06,106.27,858,615,3.21,31.63,113,51.57,15,168,10,64.4,3.38,6.45,1,86.14,100.28,1.119,94.4,Mobile App,Central,5788.22
REC005353,2024-03-06,187.27,919,650,4.56,27.46,105,22.88,10,208,3,44.79,3.57,6.74,1,86.02,94.99,1.2,101.04,Mobile App,East,3833.54
REC001931,2024-03-06,102.89,889,606,3.3,41.05,114,47.02,20,204,1,48.91,5.0,9.54,2,83.48,98.68,0.899,93.05,Mobile App,East,4846.92
REC002907,2024-03-06,26.55,929,633,4.32,27.8,121,24.95,15,187,13,71.7,3.97,4.64,0,96.51,116.85,0.831,100.63,Mobile App,South,3539.21
REC000193,2024-03-06,254.39,889,625,3.35,16.39,102,17.7,10,179,13,72.78,4.35,4.02,3,91.0,100.09,1.327,103.09,Website,East,2861.65
REC001406,2024-03-06,174.91,899,672,3.63,44.36,111,26.26,25,188,15,65.59,4.12,7.67,0,74.85,95.61,0.788,100.19,Mobile App,East,4387.04
REC000412,2024-03-07,95.79,909,670,2.5,63.04,112,33.74,5,184,10,65.74,3.55,4.59,0,92.3,95.8,0.806,96.97,Mobile App,South,6784.4
REC003561,2024-03-07,294.47,907,633,2.63,17.65,106,45.28,5,195,1,55.83,4.2,7.64,0,80.64,80.29,1.127,100.1,Website,Central,2321.79
REC001897,2024-03-07,90.7,944,633,5.61,71.74,117,37.4,15,194,6,48.81,4.31,7.04,0,89.07,101.71,1.094,104.9,Marketplace,South,9689.38
REC003991,2024-03-07,294.76,880,633,4.67,53.9,109,42.29,20,186,14,50.18,4.72,4.71,3,93.83,130.86,1.289,95.23,Mobile App,North,11002.67
REC001012,2024-03-07,153.66,904,677,2.91,52.88,116,28.06,0,193,10,51.08,4.18,8.78,3,98.86,109.45,0.943,101.87,Mobile App,South,6780.18
REC001922,2024-03-07,164.98,863,613,4.75,68.93,102,42.25,30,220,11,63.12,3.85,12.29,3,88.69,108.15,0.835,102.12,Website,North,6806.35
REC004756,2024-03-08,128.06,930,675,4.73,23.42,122,49.53,20,167,2,38.45,4.54,8.24,0,93.42,112.1,1.061,97.95,Website,South,4149.48
REC003861,2024-03-09,64.52,913,613,2.49,19.32,100,41.97,15,209,2,53.07,5.0,11.59,2,96.3,105.4,1.271,102.52,Website,North,3150.1
REC003936,2024-03-09,46.15,914,670,4.42,48.87,135,47.48,10,186,10,40.91,4.77,7.34,3,93.41,107.02,1.035,104.91,Mobile App,Central,9218.09
REC002866,2024-03-09,95.88,925,662,3.43,76.17,105,20.27,20,205,13,53.52,5.0,5.09,2,94.36,108.53,0.849,110.55,Website,North,8423.68
REC002437,2024-03-09,176.85,863,659,4.68,58.09,104,22.17,0,197,13,68.24,3.94,11.48,0,93.16,101.36,0.801,90.12,Marketplace,West,5601.53
REC000385,2024-03-10,205.8,873,636,1.79,27.66,112,40.63,15,205,9,48.88,5.0,6.26,4,84.23,110.49,0.943,104.44,Marketplace,South,2931.06
REC005933,2024-03-10,183.86,844,614,6.11,51.04,114,53.31,0,187,1,61.2,4.13,8.56,2,100.0,93.72,0.877,97.7,Mobile App,East,7625.97
REC003423,2024-03-10,210.36,918,651,4.8,36.5,114,25.82,20,179,15,54.3,4.53,5.77,1,100.0,108.71,1.096,93.04,Website,Central,5432.08
REC002704,2024-03-10,331.91,941,624,3.16,70.05,112,38.29,20,194,14,65.06,4.16,5.67,1,79.98,104.23,1.088,99.08,Website,East,8773.88
REC002947,2024-03-10,625.83,888,654,2.69,20.2,140,49.0,20,189,13,38.63,2.96,7.15,2,94.77,90.21,0.827,100.7,Marketplace,North,2511.66
REC003693,2024-03-10,311.46,885,660,4.48,29.63,123,30.8,10,185,14,73.03,5.0,9.91,4,97.94,101.97,0.988,94.82,Website,Central,3838.02
REC004064,2024-03-11,108.52,892,644,5.42,41.51,107,45.13,15,199,8,27.75,4.29,7.77,1,94.53,111.85,1.001,104.82,Website,North,5995.83
REC003007,2024-03-11,92.24,905,644,2.92,59.75,136,19.62,5,193,11,63.79,5.0,7.38,0,93.81,114.74,1.298,100.07,Website,East,11214.83
REC002854,2024-03-11,211.22,902,676,3.7,32.36,116,20.8,10,206,6,66.04,4.51,8.29,2,91.63,100.07,1.208,99.47,Mobile App,North,5511.15
REC004105,2024-03-11,276.68,906,637,1.95,16.99,132,39.74,0,179,0,49.66,4.48,5.58,3,72.53,97.18,1.09,100.64,Website,East,2384.15
REC003248,2024-03-12,145.92,908,694,2.4,41.74,107,19.76,25,201,0,76.12,3.75,17.86,2,89.66,98.94,1.01,90.64,Website,West,5191.41
REC005781,2024-03-12,100.58,884,616,4.63,33.34,124,41.81,10,197,7,60.9,3.59,8.85,2,87.26,91.52,1.012,97.76,Mobile App,West,5913.28
REC000690,2024-03-12,166.66,888,648,3.6,11.63,93,39.02,10,184,0,50.3,4.19,4.93,2,87.35,94.59,1.295,97.79,Mobile App,East,1708.54
REC003100,2024-03-12,129.55,854,667,5.67,74.61,113,30.85,0,187,5,42.59,3.84,3.59,0,94.83,114.36,1.246,98.87,Marketplace,East,14448.13
REC001854,2024-03-12,52.28,854,664,2.79,66.46,128,42.04,10,182,10,35.08,4.27,2.16,2,94.83,93.26,1.293,102.15,Marketplace,South,13373.41
REC001221,2024-03-13,361.51,898,600,3.43,63.76,99,49.7,10,172,7,65.88,3.6,13.19,2,100.0,112.96,0.859,108.0,Mobile App,Central,7124.05
REC003098,2024-03-13,330.57,905,674,4.71,44.32,128,19.42,0,194,13,55.71,3.2,12.79,3,86.88,112.2,1.338,103.01,Mobile App,West,9236.2
REC003506,2024-03-13,85.83,867,634,3.39,15.06,118,29.87,15,199,0,42.07,4.42,9.77,2,86.98,105.0,1.189,95.7,Mobile App,West,2795.26
REC000823,2024-03-13,166.66,913,634,5.01,29.72,113,39.91,15,189,9,67.38,4.87,10.19,1,98.81,112.71,0.967,99.09,Website,West,4737.87
REC005119,2024-03-13,151.55,929,652,4.01,19.95,132,16.99,30,187,8,53.17,4.0,11.56,1,94.91,98.5,0.804,94.05,Marketplace,East,2233.82
REC000534,2024-03-15,202.37,961,638,4.42,31.61,104,56.9,10,166,2,70.47,3.44,2.66,1,93.91,80.15,1.142,97.68,Website,Central,5259.3
REC003437,2024-03-15,178.77,961,678,3.42,77.95,102,50.87,5,201,0,68.52,5.0,6.66,2,84.47,120.56,0.825,106.59,Website,East,7309.48
REC005666,2024-03-15,99.91,863,679,5.03,52.9,136,47.36,25,202,14,60.27,4.45,7.47,2,93.61,120.33,1.315,98.81,Website,Central,11651.27
REC004784,2024-03-16,158.42,911,655,2.82,28.21,120,56.97,30,186,9,48.46,3.63,8.99,2,95.13,121.13,0.865,97.01,Mobile App,Central,3640.97
REC004847,2024-03-16,220.83,854,631,5.21,54.09,111,37.17,20,205,7,46.56,3.88,7.84,0,86.65,73.35,1.288,94.28,Mobile App,South,9614.68
REC002549,2024-03-17,174.22,875,629,2.21,50.24,98,32.85,25,207,0,54.62,4.88,5.3,3,86.52,80.86,0.822,99.9,Mobile App,South,4502.21
REC005013,2024-03-17,459.58,913,657,4.9,26.58,132,54.11,25,219,1,69.31,3.81,6.98,1,87.53,95.08,1.289,99.46,Website,North,6476.48
REC000940,2024-03-17,139.18,883,622,4.53,26.56,134,34.17,15,176,2,49.37,3.74,4.78,6,85.05,93.89,0.834,107.42,Website,South,2682.35
REC005403,2024-03-17,161.47,908,597,1.95,39.77,99,46.4,5,204,7,82.01,4.45,4.38,2,100.0,87.95,1.319,103.89,Website,West,7340.46
REC002394,2024-03-17,70.31,925,660,3.4,32.35,126,36.43,20,180,15,49.68,4.06,10.24,1,100.0,100.55,1.211,100.58,Mobile App,North,6000.91
REC003680,2024-03-17,135.8,918,609,4.53,31.69,109,35.88,10,233,8,63.72,4.39,8.11,1,95.55,104.06,1.315,103.53,Mobile App,Central,5676.68
REC001213,2024-03-17,266.05,872,604,4.48,18.86,107,8.38,0,200,3,53.33,4.26,15.1,1,96.75,100.69,0.78,98.15,Mobile App,South,2119.47
REC002891,2024-03-17,286.57,902,661,4.56,85.23,115,43.05,15,188,6,64.6,3.59,0.5,1,89.48,99.23,1.037,100.34,Marketplace,West,14491.32
REC000101,2024-03-17,534.53,893,613,4.04,33.68,117,24.24,5,184,5,69.39,3.76,4.67,1,84.89,83.65,1.209,98.58,Website,West,5025.04
REC005091,2024-03-18,95.75,868,655,3.44,40.83,120,46.27,10,153,13,66.18,3.35,8.77,2,70.67,76.09,1.172,101.61,Mobile App,South,5553.47
REC003237,2024-03-18,95.76,882,641,3.49,12.97,122,35.46,10,186,3,75.64,3.66,9.0,3,85.11,92.96,0.845,98.06,Website,North,1597.86
REC004196,2024-03-18,182.22,912,635,1.79,23.3,126,35.66,20,205,7,43.11,3.53,13.44,2,100.0,91.38,1.019,99.12,Mobile App,West,4159.73
REC004920,2024-03-18,439.04,851,596,4.48,31.85,115,24.78,10,202,8,34.87,4.26,8.53,1,90.64,115.92,0.886,100.71,Website,Central,3989.31
REC002910,2024-03-18,167.96,882,615,2.95,36.93,116,21.91,10,195,0,58.77,3.55,10.84,1,82.28,109.92,1.176,99.9,Mobile App,North,5643.93
REC003976,2024-03-19,65.05,874,612,5.17,52.59,116,44.16,15,203,14,52.79,3.89,5.02,1,96.01,103.56,0.794,92.33,Website,Central,5811.78
REC000565,2024-03-19,62.25,895,699,4.1,60.18,116,38.45,0,208,7,61.06,4.82,9.39,2,95.22,105.98,1.033,94.16,Mobile App,North,8662.49
REC000417,2024-03-19,239.22,948,600,3.52,47.03,110,49.89,10,212,7,39.05,3.79,9.34,2,88.88,102.51,1.072,97.73,Website,South,6394.54
REC004223,2024-03-19,222.07,874,630,3.75,21.65,107,37.04,15,206,0,57.37,3.36,11.65,0,91.44,105.63,1.093,106.54,Website,Central,3007.59
REC003545,2024-03-20,669.57,931,624,3.66,64.85,118,59.17,20,192,9,64.3,3.86,1.67,0,91.99,107.22,1.099,99.16,Mobile App,West,11425.19
REC005595,2024-03-20,262.51,924,668,4.02,70.12,115,33.6,10,186,12,65.85,3.84,11.44,3,98.27,109.82,0.848,99.75,Mobile App,East,9709.02
REC000862,2024-03-21,216.56,921,642,2.25,27.82,122,39.26,0,168,4,66.39,3.79,5.14,0,99.71,96.57,1.337,112.53,Website,North,6128.09
REC005991,2024-03-21,203.58,927,572,2.05,49.23,117,47.56,15,202,9,66.26,4.35,6.82,1,96.34,104.91,1.324,101.01,Marketplace,Central,9151.63
REC004191,2024-03-21,155.8,928,657,5.26,46.25,107,39.57,0,203,8,42.92,4.06,9.2,1,100.0,113.81,1.295,91.89,Mobile App,Central,8441.09
REC001563,2024-03-22,286.72,865,658,5.95,28.73,119,26.1,5,181,7,49.44,4.57,1.49,0,93.83,108.0,0.861,88.27,Website,North,3954.94
REC002984,2024-03-22,277.5,894,643,4.14,80.74,110,36.26,25,181,3,70.9,4.41,6.79,4,88.04,95.04,1.304,103.11,Website,Central,13779.46
REC004799,2024-03-23,172.43,906,603,2.65,131.58,104,48.71,5,186,12,30.88,4.45,6.03,2,98.93,90.57,1.217,94.74,Website,Central,21195.54
REC000888,2024-03-23,428.48,988,666,2.76,54.22,111,25.11,10,204,0,56.76,4.13,9.05,2,97.52,96.1,0.875,101.22,Mobile App,East,6862.89
REC000992,2024-03-23,61.29,935,633,3.39,31.3,125,40.11,10,180,12,59.42,3.88,6.95,1,91.67,86.89,0.913,98.31,Mobile App,North,4630.07
REC002328,2024-03-24,97.95,893,629,3.83,39.82,114,25.68,10,201,0,79.46,4.41,3.33,1,79.34,85.6,1.26,94.69,Website,South,5473.15
REC005419,2024-03-24,201.07,877,649,7.0,45.67,131,32.95,5,186,9,41.03,3.86,1.52,3,98.65,88.68,1.142,98.97,Website,West,11910.25
REC003245,2024-03-24,128.0,903,672,4.06,14.01,118,49.25,5,184,1,74.46,4.97,0.5,2,100.0,91.82,1.242,97.77,Marketplace,East,2572.08
REC003006,2024-03-25,194.29,890,671,4.32,60.12,112,57.57,25,207,12,57.53,4.23,9.42,1,88.99,104.57,0.869,98.86,Mobile App,North,9313.47
REC005440,2024-03-26,68.73,914,670,5.65,24.17,104,53.96,15,163,6,58.29,3.43,3.48,0,84.3,102.55,1.294,99.22,Website,South,4026.94
REC003151,2024-03-26,173.19,918,650,2.58,36.76,106,35.11,10,190,1,34.5,4.3,8.03,2,87.0,88.16,1.289,97.25,Website,West,5139.94
REC003477,2024-03-26,120.11,924,608,4.07,43.95,98,53.32,15,179,12,74.3,2.88,4.32,6,86.42,94.65,0.878,104.04,Website,North,4248.5
REC001184,2024-03-26,261.11,894,618,4.45,90.46,105,39.02,10,200,5,59.39,4.07,11.78,1,89.26,106.27,1.337,95.8,Website,South,14414.87
REC000106,2024-03-26,208.56,872,654,2.69,52.59,112,45.17,15,171,15,54.68,4.79,15.56,4,91.4,98.7,0.964,94.65,Marketplace,East,6594.65
REC003470,2024-03-27,57.32,881,661,3.85,36.37,102,52.33,25,179,7,59.36,4.32,11.34,0,81.88,119.73,0.836,102.64,Marketplace,West,3716.56
REC005014,2024-03-27,428.6,900,683,3.92,42.98,107,39.19,10,179,12,49.41,4.1,12.61,0,92.66,93.81,1.038,102.08,Mobile App,West,6908.78
REC004358,2024-03-27,162.56,836,628,3.87,21.54,108,50.74,20,200,3,40.69,3.41,6.01,3,80.27,95.1,0.96,101.91,Website,East,2408.55
REC003604,2024-03-27,149.23,919,649,1.96,16.73,109,53.12,30,199,14,66.12,4.93,0.83,4,84.6,98.51,1.028,100.43,Website,Central,1928.91
REC001087,2024-03-27,112.53,869,661,2.39,22.46,119,45.89,25,177,14,67.96,4.03,4.07,4,86.52,85.17,0.805,100.79,Marketplace,North,2135.3
REC005534,2024-03-27,244.27,910,668,6.62,59.29,103,36.31,0,214,13,47.47,4.09,2.71,3,100.0,110.0,1.058,101.37,Mobile App,Central,10468.42
REC001439,2024-03-28,146.58,912,625,5.22,64.35,125,43.0,25,197,15,51.62,4.31,12.28,0,88.87,83.44,0.899,90.79,Marketplace,East,8141.11
REC005659,2024-03-29,135.41,931,663,5.58,58.31,98,40.7,10,192,7,52.85,4.14,11.17,0,84.55,89.63,1.273,109.63,Mobile App,Central,10403.2
REC000658,2024-03-29,56.2,894,659,4.44,141.08,125,38.48,30,210,4,40.95,3.3,5.11,3,82.15,126.26,0.775,104.25,Mobile App,South,15545.56
REC001291,2024-03-29,266.0,940,638,4.76,66.02,121,24.8,15,182,0,41.79,3.16,4.7,2,84.66,111.25,1.007,101.11,Website,East,10125.15
REC002553,2024-03-29,368.61,863,625,4.5,50.75,114,47.55,0,191,15,75.28,3.97,11.51,2,96.96,114.21,1.274,95.56,Mobile App,East,10115.56
REC003372,2024-03-29,253.98,896,672,4.53,64.6,106,32.76,30,213,1,49.35,3.29,3.77,3,96.28,103.2,1.124,102.66,Mobile App,South,10044.47
REC004391,2024-03-29,123.81,857,647,3.24,37.19,116,18.53,15,189,3,55.16,2.92,8.16,0,82.07,70.0,0.764,94.85,Website,North,3138.47
REC003416,2024-03-29,159.78,899,624,2.21,106.31,129,36.3,15,180,14,46.2,4.1,14.53,1,90.43,89.26,1.335,95.5,Website,North,19064.43
REC000253,2024-03-29,54.23,904,624,3.45,126.96,137,44.1,0,196,6,59.33,4.77,8.17,2,86.0,86.12,0.898,104.98,Marketplace,East,17360.91
REC005805,2024-03-29,43.09,900,639,4.28,78.52,118,34.04,15,176,11,53.2,4.6,8.19,2,91.02,105.35,0.879,97.36,Marketplace,West,9452.24
REC005782,2024-03-29,155.1,895,649,3.1,23.46,118,32.83,15,191,5,72.92,3.56,4.61,0,93.84,110.24,0.833,99.03,Mobile App,Central,2877.34
REC000128,2024-03-30,131.23,856,610,2.61,57.79,132,9.83,5,184,11,24.11,4.32,3.31,0,92.24,111.92,1.227,106.99,Marketplace,North,11085.04
REC002965,2024-03-30,170.8,873,623,4.63,16.92,109,50.93,5,218,14,54.44,3.55,10.27,2,87.89,101.19,0.917,99.74,Website,South,2151.6
REC002508,2024-04-01,73.85,944,644,2.05,25.49,106,43.53,15,189,12,64.97,5.0,6.91,5,96.7,118.32,0.928,101.78,Website,Central,3034.14
REC001905,2024-04-01,257.96,873,608,4.67,44.16,119,16.29,5,196,5,69.14,3.74,5.9,2,96.47,98.58,1.003,95.38,Website,North,6513.63
REC000598,2024-04-01,127.24,935,675,3.1,78.41,114,24.18,15,202,15,58.04,4.69,6.69,1,96.04,93.96,0.975,103.52,Website,West,12943.27
REC005751,2024-04-02,187.85,876,663,5.57,70.6,112,25.77,0,193,15,46.42,3.62,4.93,0,78.72,100.36,1.147,97.35,Mobile App,South,8603.8
REC003880,2024-04-03,215.51,936,655,3.77,69.63,104,32.1,20,208,1,71.69,3.35,10.87,1,77.04,121.85,0.822,94.29,Mobile App,North,6560.41
REC000469,2024-04-03,182.91,895,618,4.57,24.65,109,42.74,20,190,15,62.28,4.73,12.16,2,93.4,79.57,1.183,94.98,Mobile App,West,4014.68
REC003934,2024-04-04,116.98,861,571,4.4,29.98,108,49.55,5,198,0,53.97,3.5,1.33,2,90.85,95.27,1.184,94.05,Marketplace,West,4089.4
REC003395,2024-04-04,68.44,938,663,3.0,28.93,118,24.86,0,194,2,60.02,2.89,8.45,1,79.25,129.54,0.877,104.83,Website,Central,2973.68
REC001673,2024-04-04,159.51,960,647,4.38,23.01,116,71.54,0,174,4,59.13,4.12,7.65,3,96.76,98.13,1.11,105.32,Mobile App,South,4331.48
REC002511,2024-04-04,225.92,876,620,3.1,61.31,117,30.32,10,188,5,45.59,3.51,12.0,5,91.3,96.56,1.349,100.15,Mobile App,Central,10433.44
REC004403,2024-04-05,47.96,873,647,3.53,24.25,115,29.53,25,202,4,50.22,4.54,10.83,0,93.34,110.49,0.923,96.44,Mobile App,East,3468.13
REC000956,2024-04-05,97.01,862,684,2.33,44.51,122,45.21,15,187,15,71.22,3.47,13.07,0,93.76,93.99,1.047,99.75,Marketplace,East,5585.68
REC002333,2024-04-06,94.78,929,669,4.66,35.1,106,32.87,5,188,11,51.74,3.51,10.18,1,97.88,74.51,1.064,99.55,Website,South,5098.23
REC005780,2024-04-06,268.88,892,659,3.25,63.43,101,41.76,0,192,15,77.16,3.73,6.36,2,87.66,100.44,1.334,97.94,Website,West,9670.65
REC003331,2024-04-06,189.07,887,642,4.46,36.22,101,28.96,10,170,7,61.69,3.82,4.78,1,81.32,103.73,1.266,99.11,Website,South,4508.8
REC002529,2024-04-06,343.7,883,569,2.95,72.34,103,37.69,10,192,12,61.54,4.8,6.87,1,94.69,91.54,0.87,98.53,Mobile App,East,8690.83
REC000048,2024-04-06,154.9,891,666,4.81,41.89,116,36.36,20,192,2,70.51,4.3,8.68,1,88.35,132.63,1.23,104.93,Mobile App,North,8174.58
REC004112,2024-04-07,605.21,932,632,3.28,28.19,134,36.96,10,217,6,63.23,4.43,4.58,3,100.0,97.81,1.259,104.27,Website,Central,6327.1
REC001919,2024-04-07,412.39,958,652,6.13,46.01,121,30.28,20,188,14,51.35,3.94,7.81,2,89.73,128.04,1.056,101.34,Mobile App,Central,7837.41
REC001682,2024-04-08,379.9,866,685,3.33,37.11,108,25.72,10,177,13,52.88,4.92,5.78,1,93.89,80.6,1.265,98.02,Mobile App,West,7180.71
REC005518,2024-04-08,112.57,955,614,2.9,46.46,116,40.04,25,183,3,39.74,3.37,5.45,1,97.9,113.49,0.82,103.28,Mobile App,West,6751.18
REC002834,2024-04-08,162.73,904,656,6.85,63.3,99,50.88,15,201,6,48.93,4.03,7.9,3,100.0,126.16,1.157,110.46,Mobile App,North,11645.18
REC004958,2024-04-08,85.53,897,634,3.63,68.98,109,58.07,20,195,14,47.84,4.21,7.27,1,96.57,110.69,0.807,97.68,Website,Central,7784.77
REC002952,2024-04-08,283.98,846,612,3.5,93.85,105,46.73,15,184,8,49.62,3.73,7.36,4,94.75,85.01,0.814,103.8,Mobile App,West,11505.41
REC002732,2024-04-08,145.43,881,636,1.6,92.94,100,44.55,0,195,6,54.42,3.52,9.63,1,85.35,108.17,1.177,106.78,Website,South,11986.95
REC005255,2024-04-09,326.72,873,615,4.77,59.32,130,22.85,15,204,12,61.14,4.07,12.22,1,89.76,97.29,1.221,95.08,Mobile App,East,10116.36
REC005247,2024-04-09,65.26,899,677,4.76,18.89,108,52.75,15,187,7,67.75,5.0,9.81,0,94.0,109.2,1.155,96.99,Mobile App,West,3409.25
REC004900,2024-04-09,129.07,910,651,3.02,16.99,97,33.23,10,174,12,64.24,5.0,4.95,0,90.82,106.53,1.119,95.53,Website,East,2080.85
REC003710,2024-04-09,77.65,875,622,2.51,101.64,124,32.86,10,196,11,66.37,2.48,13.41,3,81.52,85.64,1.262,106.73,Marketplace,South,16169.56
REC005464,2024-04-09,612.35,855,627,5.69,56.03,128,49.91,20,177,8,57.39,4.6,2.5,1,95.04,110.7,0.995,106.19,Website,East,8846.18
REC000873,2024-04-09,133.96,886,637,3.56,18.23,118,41.66,20,201,14,62.72,4.52,9.24,3,85.27,112.05,0.893,99.95,Mobile App,Central,2094.44
REC003912,2024-04-09,579.77,875,608,3.13,44.66,119,53.16,20,181,2,58.28,5.0,10.03,2,100.0,110.36,1.098,88.27,Mobile App,West,7945.72
REC001162,2024-04-09,437.07,852,600,5.45,24.42,118,45.04,20,183,6,56.6,4.32,1.15,2,94.48,102.47,1.321,107.48,Website,South,4637.93
REC000265,2024-04-10,201.08,962,638,2.77,66.06,113,43.7,10,175,8,69.29,4.0,12.3,0,67.11,81.99,0.787,98.86,Website,East,5337.26
REC003078,2024-04-10,72.49,829,663,5.38,9.89,109,49.2,5,183,7,60.11,3.69,8.94,1,93.58,106.64,1.083,99.05,Website,Central,1560.92
REC002802,2024-04-10,1023.92,907,651,4.74,48.07,121,38.24,20,175,8,49.43,4.35,2.56,0,95.18,92.28,0.86,90.06,Mobile App,South,7550.14
REC003735,2024-04-10,615.28,908,650,3.46,20.77,115,43.59,5,198,4,69.14,4.39,9.71,1,91.45,110.27,1.324,110.28,Mobile App,South,4207.65
REC002972,2024-04-10,202.42,881,636,4.55,38.3,119,35.67,5,204,3,55.87,4.43,11.42,3,92.98,108.45,1.072,102.82,Mobile App,Central,6257.41
REC001966,2024-04-10,51.43,923,630,2.92,36.44,108,25.49,30,198,11,53.12,4.71,4.83,3,88.85,115.09,0.774,95.1,Website,North,3202.78
REC004068,2024-04-10,93.34,913,691,2.45,93.13,128,50.74,10,168,15,39.86,4.78,6.96,1,100.0,117.83,1.203,101.6,Mobile App,West,23636.1
REC001742,2024-04-11,72.59,897,648,1.56,36.9,114,56.36,20,190,12,58.67,3.57,3.84,1,86.79,103.43,1.037,99.4,Mobile App,West,5286.83
REC005165,2024-04-11,71.61,896,656,3.51,100.13,133,33.15,25,175,10,54.39,4.93,6.52,1,90.05,83.15,1.205,101.09,Marketplace,West,19734.33
REC004135,2024-04-11,116.76,923,641,2.41,25.17,118,41.25,25,209,10,67.17,4.76,5.68,0,90.14,83.26,1.179,96.66,Website,South,3720.1
REC004771,2024-04-12,50.54,913,640,3.11,39.25,118,50.5,0,195,0,73.1,3.86,7.91,3,96.72,118.54,1.101,96.36,Website,Central,6176.64
REC002125,2024-04-12,610.57,900,662,4.59,80.49,91,30.58,15,198,9,51.12,3.86,13.9,0,92.01,109.03,1.234,98.14,Website,Central,10571.14
REC000801,2024-04-12,100.0,875,661,5.08,31.37,115,19.9,0,198,9,56.03,3.47,5.0,2,99.0,89.17,1.252,103.29,Website,South,5848.43
REC000474,2024-04-12,176.33,910,685,2.57,29.12,122,25.1,10,200,1,50.24,3.42,9.57,2,97.15,114.76,1.143,105.94,Mobile App,Central,5467.36
REC005750,2024-04-12,251.27,889,612,3.95,63.42,119,38.22,15,182,7,65.41,5.0,8.4,1,99.44,77.5,0.766,107.15,Website,Central,5871.56
REC004813,2024-04-12,301.85,879,658,3.93,19.64,92,33.13,0,195,11,41.69,4.04,12.68,2,94.16,105.73,1.279,98.79,Website,East,3226.28
REC005544,2024-04-13,123.62,889,638,4.59,54.24,109,36.96,5,192,7,39.25,3.85,6.48,1,91.11,91.19,1.331,97.27,Website,West,11103.3
REC004582,2024-04-13,202.99,892,662,2.35,40.78,104,44.47,15,202,8,70.27,4.39,6.4,3,83.34,79.33,1.312,104.98,Marketplace,South,5508.91
REC001692,2024-04-13,64.84,876,646,3.82,10.94,119,39.5,10,197,1,42.52,4.16,0.5,0,82.71,104.36,0.816,104.15,Website,West,1418.11
REC003126,2024-04-14,113.99,894,662,5.55,86.98,93,42.16,30,195,6,57.98,3.45,2.04,2,86.22,122.65,1.318,94.02,Website,Central,11811.45
REC004046,2024-04-14,82.34,924,625,4.85,40.21,112,49.08,10,180,4,56.32,4.12,11.17,0,90.53,89.34,1.167,91.13,Mobile App,East,7468.78
REC005671,2024-04-14,140.01,892,672,2.2,21.04,115,19.89,20,182,10,51.0,5.0,12.66,3,95.94,95.47,1.347,111.1,Mobile App,North,4405.8
REC001224,2024-04-14,108.32,869,620,2.66,26.09,122,48.14,20,195,10,43.96,3.66,7.87,2,91.92,85.78,0.752,100.52,Mobile App,West,2990.77
REC004777,2024-04-15,147.15,924,620,5.04,49.34,109,23.39,15,187,11,61.93,4.64,0.5,2,82.01,80.39,0.97,102.99,Website,South,6027.01
REC005516,2024-04-15,67.19,922,644,3.45,80.16,123,42.03,10,189,10,54.99,4.03,5.96,0,86.66,104.98,0.785,93.11,Website,North,9972.52
REC001163,2024-04-16,55.73,907,728,3.3,21.0,110,43.94,5,204,11,53.27,3.92,13.02,3,83.37,87.19,1.081,97.26,Mobile App,Central,2727.52
REC000122,2024-04-16,131.47,889,625,5.11,24.65,99,33.51,5,198,15,71.21,3.97,10.85,2,85.48,106.81,1.062,98.5,Mobile App,North,3306.86
REC003755,2024-04-16,181.33,862,661,3.41,15.69,120,44.95,10,173,7,53.11,5.0,7.06,1,87.58,90.63,0.815,105.13,Marketplace,South,1821.04
REC001989,2024-04-16,114.43,878,638,3.13,48.32,116,46.18,20,180,8,56.02,4.82,5.5,2,90.85,83.14,0.967,98.13,Website,East,6202.77
REC003209,2024-04-16,58.77,926,670,2.91,49.51,104,29.59,15,202,6,57.68,4.0,9.85,0,90.22,102.48,1.286,104.87,Mobile App,West,9102.43
REC000605,2024-04-16,311.97,920,651,3.73,44.79,105,37.59,0,203,3,58.23,3.26,8.55,3,84.89,84.59,0.784,98.74,Website,East,4532.44
REC005713,2024-04-17,103.45,867,638,4.23,39.3,118,33.99,25,180,2,75.64,3.85,13.1,4,100.0,97.88,1.196,96.5,Marketplace,West,5623.9
REC004366,2024-04-17,23.26,907,652,4.03,32.19,131,56.57,20,199,8,66.44,3.76,9.15,1,91.18,106.81,1.231,103.83,Website,South,6495.51
REC005939,2024-04-17,125.79,881,610,3.61,19.67,124,27.97,20,191,4,66.27,3.72,7.45,1,91.74,84.45,1.142,95.43,Marketplace,South,2633.36
REC000407,2024-04-17,172.32,943,636,3.91,55.69,116,26.09,10,197,5,38.69,4.41,1.57,2,97.36,85.92,0.774,90.58,Website,South,5895.35
REC004983,2024-04-17,174.1,882,635,4.41,128.4,122,44.61,15,191,4,77.58,2.78,4.89,2,95.72,98.03,1.287,103.74,Website,East,32501.3
REC000044,2024-04-17,113.97,942,628,3.31,231.69,122,34.91,30,199,3,49.37,4.38,5.35,3,92.41,94.9,1.308,101.91,Mobile App,North,50542.53
REC005245,2024-04-18,153.58,832,648,3.04,42.04,106,50.55,20,206,1,57.19,3.26,5.86,1,88.09,111.74,1.278,99.33,Marketplace,South,6517.58
REC004963,2024-04-18,95.01,915,618,5.23,31.93,126,31.3,30,188,11,65.13,3.11,7.79,0,91.92,77.74,0.9,104.5,Website,East,4558.79
REC004802,2024-04-19,289.98,918,662,2.16,68.47,105,33.72,30,205,7,59.63,4.28,2.3,3,83.76,98.08,0.865,96.92,Website,Central,6971.15
REC001451,2024-04-19,82.66,865,588,4.69,29.29,117,34.49,25,172,0,36.14,4.41,3.87,3,92.28,93.1,1.206,93.41,Mobile App,East,5092.32
REC001209,2024-04-19,137.09,868,639,5.02,38.5,98,36.12,30,165,1,66.01,4.39,6.48,1,82.65,87.67,1.073,103.97,Website,East,4229.83
REC000836,2024-04-19,315.73,886,651,4.36,43.66,104,51.38,20,198,5,55.8,3.73,5.02,3,81.96,106.67,0.837,112.18,Marketplace,West,3418.76
REC002643,2024-04-19,774.71,888,598,5.24,38.25,130,25.32,10,179,2,50.72,4.81,5.73,0,81.16,106.96,1.17,101.56,Website,East,6817.39
REC003173,2024-04-20,99.03,962,624,5.67,66.62,115,28.56,20,203,1,69.7,5.0,6.4,1,85.79,104.35,0.918,97.63,Website,West,7991.62
REC002620,2024-04-20,119.47,911,672,5.39,88.84,116,40.55,5,188,0,53.96,2.95,5.44,3,90.8,108.85,0.999,106.36,Mobile App,East,15333.08
REC005382,2024-04-20,88.63,951,647,5.55,33.43,127,37.8,25,190,14,43.47,3.82,6.94,0,92.75,94.77,1.181,103.0,Website,South,5088.29
REC001141,2024-04-20,296.03,920,624,2.49,48.32,115,32.41,30,185,8,63.08,4.43,2.93,1,95.3,94.74,0.87,108.59,Website,Central,6136.41
REC001848,2024-04-20,164.21,898,637,5.09,33.51,118,8.0,15,209,7,67.4,3.65,10.11,1,100.0,95.29,1.244,100.31,Marketplace,South,5866.67
REC005515,2024-04-21,213.43,898,626,4.59,121.53,99,27.61,20,186,1,71.96,4.68,5.72,1,93.18,89.77,1.09,97.66,Website,East,16637.31
REC005257,2024-04-21,180.84,919,627,3.24,24.62,119,44.21,10,193,11,70.81,5.0,10.89,1,92.11,119.51,1.213,100.76,Website,South,3268.98
REC005411,2024-04-22,206.27,869,681,3.39,39.23,129,43.47,10,192,1,41.86,4.07,9.45,0,93.74,102.64,0.86,100.46,Website,North,4397.15
REC005131,2024-04-22,35.03,969,641,5.05,39.35,122,38.65,10,202,5,83.24,5.0,5.96,2,93.84,115.16,0.95,98.19,Mobile App,West,7079.26
REC004090,2024-04-22,157.9,909,655,1.74,28.15,121,37.18,5,172,7,54.85,3.95,16.36,5,88.22,116.94,1.215,89.63,Marketplace,North,3204.22
REC001583,2024-04-22,189.95,881,636,4.06,66.62,129,50.33,25,189,11,68.45,4.15,9.51,2,83.29,81.15,0.793,104.03,Website,South,7632.76
REC000046,2024-04-23,158.57,903,690,3.83,25.63,128,48.44,25,210,12,37.04,4.87,9.9,0,87.16,124.19,1.085,102.84,Marketplace,East,4019.68
REC005285,2024-04-23,363.22,862,653,2.68,84.97,117,32.49,0,195,11,47.52,3.42,8.28,1,81.28,89.9,0.99,97.92,Website,South,9395.86
REC005699,2024-04-23,234.86,917,618,2.75,37.84,137,46.33,10,194,7,51.66,2.97,4.05,1,93.91,103.15,1.149,107.53,Website,North,8347.86
REC000541,2024-04-24,203.76,911,659,3.65,51.84,111,8.0,10,187,4,35.6,3.78,6.43,2,94.65,101.31,1.095,105.21,Website,South,7787.27
REC004571,2024-04-24,108.79,881,631,3.39,53.91,115,47.43,15,215,5,56.16,4.02,12.44,0,95.53,97.93,0.997,100.98,Website,South,7076.62
REC000616,2024-04-24,124.91,904,682,3.3,41.55,99,39.6,10,184,12,49.03,4.13,3.69,0,100.0,105.64,0.958,90.83,Mobile App,East,4924.06
REC001852,2024-04-24,369.42,877,620,5.52,27.95,106,20.21,15,215,14,55.76,3.05,5.18,2,87.77,101.38,1.069,96.57,Marketplace,Central,3423.48
REC003762,2024-04-25,61.75,934,685,4.39,40.13,109,53.84,0,186,12,49.17,4.28,2.01,0,78.58,111.92,0.806,102.34,Website,South,4264.28
REC000352,2024-04-25,82.44,875,621,2.15,46.6,102,36.04,15,178,2,45.01,3.05,1.71,1,95.18,95.25,1.238,110.94,Website,Central,7731.83
REC003773,2024-04-26,66.51,911,623,4.35,46.96,100,61.57,15,170,8,61.04,4.19,14.58,2,98.21,104.35,0.912,95.03,Marketplace,Central,5067.26
REC004142,2024-04-26,38.64,952,629,1.53,23.85,103,45.3,0,204,2,49.54,4.26,15.97,2,88.57,113.56,1.172,103.46,Marketplace,North,2366.74
REC000019,2024-04-26,32.48,913,615,3.96,58.59,115,30.69,5,176,8,71.11,3.65,9.17,1,89.72,102.33,0.778,95.95,Mobile App,South,5552.75
REC005646,2024-04-27,435.5,922,638,3.63,43.93,120,22.04,5,186,13,45.26,4.39,9.64,1,80.4,108.93,1.347,105.57,Mobile App,West,8259.38
REC001871,2024-04-27,65.03,897,683,3.57,62.8,102,53.81,5,191,1,58.4,4.15,14.23,2,86.76,92.71,1.171,101.43,Website,Central,8592.69
REC001063,2024-04-28,112.59,891,647,3.09,36.47,113,41.73,15,200,8,60.46,4.14,2.58,2,84.71,92.8,1.34,100.0,Mobile App,South,5797.44
REC003982,2024-04-28,40.1,903,638,2.88,24.07,100,36.49,20,189,1,65.39,3.97,4.72,1,100.0,125.76,1.088,107.74,Website,Central,3081.52
REC005710,2024-04-29,236.8,885,622,3.14,12.82,102,37.2,20,193,13,66.8,4.0,5.11,1,97.31,116.45,1.237,97.69,Marketplace,West,2021.26
REC000818,2024-04-29,110.48,922,637,2.44,31.32,107,41.56,15,177,10,56.22,3.27,9.41,2,95.53,121.31,0.791,94.66,Mobile App,Central,3233.0
REC004563,2024-04-30,115.08,904,644,4.09,11.17,108,23.2,5,205,2,60.56,4.73,11.01,0,84.42,100.57,1.116,100.9,Mobile App,East,1509.31
REC002487,2024-04-30,103.14,939,600,4.22,21.65,103,65.44,15,193,4,50.27,2.89,9.22,1,94.69,103.54,1.292,94.84,Marketplace,Central,3103.44
REC003792,2024-04-30,393.13,928,601,4.68,110.05,113,36.56,0,176,10,57.38,4.25,5.09,3,76.84,101.65,0.972,103.82,Website,Central,12525.01
REC002627,2024-05-01,94.81,899,655,2.75,68.06,125,18.67,15,183,0,62.64,4.08,2.59,3,89.11,85.49,0.99,101.75,Marketplace,South,7899.4
REC000363,2024-05-01,69.85,948,637,5.16,29.82,119,41.36,30,215,12,63.01,4.55,10.93,1,100.0,90.9,1.081,104.0,Mobile App,South,5047.84
REC003365,2024-05-01,429.08,940,664,3.18,75.88,123,41.65,15,192,15,58.13,3.81,4.49,2,92.96,100.26,1.12,105.9,Mobile App,Central,13544.02
REC003012,2024-05-01,141.9,895,638,2.84,26.89,114,35.02,15,212,7,41.25,4.2,6.6,1,94.98,98.79,0.752,99.52,Website,West,3482.03
REC003396,2024-05-01,147.21,903,648,3.65,42.74,112,17.03,5,192,9,48.72,3.6,8.1,1,87.15,95.14,0.753,94.5,Website,East,4100.51
REC005060,2024-05-02,233.39,870,655,3.62,39.01,104,14.55,15,193,4,64.77,4.31,2.75,0,89.46,88.76,1.04,102.49,Marketplace,East,4646.22
REC003925,2024-05-02,174.38,895,649,4.78,29.07,124,26.55,10,189,2,33.98,4.5,1.32,1,100.0,111.03,1.321,93.37,Website,West,6606.39
REC000384,2024-05-02,220.23,887,668,2.4,48.68,120,30.43,10,189,12,78.51,3.52,6.92,4,86.36,103.24,0.873,107.87,Mobile App,West,6135.0
REC004466,2024-05-02,134.19,905,616,4.97,92.16,104,40.91,15,189,9,53.29,3.23,9.68,1,91.83,101.85,0.822,111.86,Mobile App,Central,11248.13
REC001264,2024-05-02,113.1,903,647,4.14,63.93,107,34.29,20,181,6,58.0,4.47,2.76,3,97.21,108.69,1.28,105.02,Mobile App,Central,12491.73
REC005532,2024-05-03,175.1,895,638,2.02,59.16,103,52.91,15,187,2,77.43,3.85,5.47,4,100.0,109.36,0.799,104.17,Mobile App,East,6451.53
REC005336,2024-05-03,194.13,893,612,3.45,93.87,104,59.04,10,179,7,58.85,3.73,12.88,4,93.2,113.17,0.971,101.66,Mobile App,West,12627.04
REC004998,2024-05-03,460.97,924,614,2.76,50.71,126,45.83,15,184,14,64.12,4.06,8.21,0,88.45,90.98,0.786,104.77,Mobile App,West,6511.8
REC001271,2024-05-04,228.23,886,660,4.11,28.1,112,43.92,20,177,9,74.83,4.64,10.55,1,90.11,111.17,1.115,95.44,Mobile App,Central,4532.44
REC004769,2024-05-04,356.26,913,623,3.57,26.07,107,32.02,10,175,7,57.32,4.77,6.43,1,79.5,108.68,0.757,104.15,Marketplace,East,2138.33
REC003313,2024-05-04,139.78,917,628,5.13,29.67,88,26.06,10,166,11,58.04,3.33,3.42,0,85.92,99.94,0.938,108.06,Website,Central,2768.82
REC002955,2024-05-04,86.39,892,628,4.4,30.19,99,31.38,30,213,6,67.45,4.47,3.81,1,100.0,104.2,1.301,94.96,Website,West,5449.39
REC000226,2024-05-05,54.22,905,670,5.19,39.93,117,46.21,5,188,1,42.86,3.81,8.77,0,84.21,92.09,1.292,90.98,Mobile App,East,7314.93
REC005499,2024-05-05,175.57,943,610,4.21,42.83,125,40.01,25,178,2,52.1,4.01,6.45,1,90.65,85.66,0.856,104.7,Mobile App,Central,5539.38
REC000203,2024-05-05,179.27,931,633,4.91,25.75,104,32.57,20,202,6,74.79,3.59,4.46,2,89.24,100.61,1.316,93.88,Mobile App,South,4618.86
REC001596,2024-05-05,75.0,956,629,4.33,43.68,105,63.65,10,191,1,44.15,3.69,7.7,1,87.05,102.37,0.806,100.06,Mobile App,Central,4782.38
REC003564,2024-05-05,85.84,921,634,4.08,30.16,126,35.53,10,171,13,66.95,4.79,8.54,3,87.32,108.94,1.253,97.42,Mobile App,West,6079.37
REC004706,2024-05-06,114.4,871,653,5.11,30.9,128,30.26,10,218,8,52.11,4.53,3.74,1,84.79,100.53,0.813,90.74,Mobile App,East,4373.92
REC004210,2024-05-06,140.77,884,643,4.54,99.26,119,36.86,0,209,15,65.63,3.62,7.29,2,99.55,97.62,1.258,92.58,Website,Central,20435.28
REC005500,2024-05-07,105.26,894,590,4.8,49.27,113,33.44,30,184,1,54.53,2.08,6.93,1,96.38,91.62,1.151,98.47,Mobile App,West,8628.17
REC003777,2024-05-07,58.19,931,664,4.07,36.6,113,48.3,5,193,8,62.2,3.9,5.08,0,95.39,104.08,1.25,99.19,Marketplace,Central,6053.14
REC003117,2024-05-07,71.32,943,660,2.65,35.5,108,11.98,5,179,13,57.87,4.06,4.09,2,86.77,81.92,1.086,112.11,Mobile App,West,4391.37
REC002183,2024-05-07,214.61,925,628,3.11,18.1,101,24.49,10,193,0,58.79,4.21,9.64,0,85.95,96.45,0.831,111.75,Mobile App,Central,1710.94
REC002260,2024-05-07,83.73,843,673,3.43,29.47,106,46.36,25,181,7,37.06,3.82,7.75,1,94.66,87.74,1.167,99.9,Marketplace,South,3359.28
REC002982,2024-05-08,48.85,899,671,5.73,60.59,109,51.26,20,205,3,74.54,5.0,6.54,0,96.82,89.46,1.252,97.91,Website,West,13693.9
REC002158,2024-05-08,328.9,929,629,4.45,62.26,116,43.81,15,195,14,70.23,4.22,4.03,3,95.76,98.38,1.236,106.02,Website,West,12390.15
REC002136,2024-05-08,84.08,930,601,4.3,86.69,119,25.52,10,172,8,43.5,5.0,6.28,1,93.38,90.9,0.823,100.85,Mobile App,East,12106.41
REC003351,2024-05-08,164.26,835,644,3.14,39.67,111,69.12,15,190,6,44.81,3.78,6.69,6,77.42,91.69,1.303,99.59,Mobile App,West,6462.24
REC000761,2024-05-08,218.21,899,661,4.33,49.81,112,42.32,15,210,12,61.04,4.83,11.44,1,91.7,107.02,0.934,101.17,Mobile App,North,6808.39
REC004039,2024-05-09,255.95,893,683,1.84,119.61,124,32.68,20,195,5,70.86,4.34,6.46,0,100.0,122.07,1.166,105.56,Mobile App,North,26352.93
REC001911,2024-05-09,90.25,906,593,3.81,60.71,121,33.87,5,176,11,61.29,4.88,8.22,1,83.66,91.91,0.806,91.0,Marketplace,West,6029.36
REC000366,2024-05-09,192.98,904,631,3.8,67.35,106,27.47,15,178,0,54.57,3.84,2.59,3,83.58,101.52,0.774,94.85,Website,South,5430.22
REC002812,2024-05-09,567.75,899,652,3.22,47.5,107,55.4,0,171,15,60.43,3.69,9.2,2,88.56,114.79,0.954,102.53,Mobile App,East,5855.28
REC004023,2024-05-09,170.91,942,687,2.4,44.86,113,24.4,15,204,10,56.86,4.0,8.97,2,89.44,86.69,1.125,104.85,Website,East,5973.77
REC003220,2024-05-10,135.81,882,657,4.47,44.33,131,28.32,5,191,11,71.16,4.4,3.52,2,86.17,79.31,1.289,108.07,Mobile App,North,9455.19
REC004010,2024-05-10,129.33,927,651,2.81,20.92,125,26.77,5,201,10,56.67,3.72,5.66,2,98.75,91.79,1.063,97.64,Website,Central,3413.19
REC004026,2024-05-10,65.71,898,624,1.8,37.96,113,33.12,10,231,6,56.55,4.06,10.51,3,83.08,123.82,1.195,104.07,Marketplace,Central,4261.41
REC003219,2024-05-10,389.46,901,627,4.73,19.48,114,24.41,5,203,6,52.93,4.18,12.18,3,88.36,112.07,1.179,96.88,Website,Central,2859.78
REC004518,2024-05-10,171.2,928,668,3.73,73.55,125,50.24,25,212,5,46.08,3.48,6.65,3,93.44,79.91,0.898,102.06,Website,Central,8405.15
REC003857,2024-05-11,225.37,893,639,4.09,62.96,99,35.79,0,178,14,45.32,4.08,9.86,0,93.5,111.39,0.995,104.86,Website,South,6800.79
REC004425,2024-05-11,208.57,859,679,3.95,57.01,121,30.73,20,205,14,44.32,3.2,11.23,3,98.13,99.81,0.85,102.72,Mobile App,North,7712.38
REC003501,2024-05-11,88.08,943,676,4.49,42.04,114,42.38,20,199,4,36.14,4.63,2.43,0,81.3,97.46,0.925,105.34,Website,West,5426.38
REC003238,2024-05-11,277.48,900,672,3.65,66.23,98,42.72,5,187,13,44.34,3.22,10.94,2,90.21,120.46,1.253,105.52,Website,Central,9021.14
REC000039,2024-05-12,66.51,911,599,4.06,28.6,105,38.59,5,203,0,64.9,2.98,0.7,1,89.36,85.04,1.245,100.84,Website,East,3905.36
REC000799,2024-05-12,135.64,904,699,5.4,76.0,120,40.06,0,200,6,63.02,4.8,9.28,2,100.0,109.85,1.282,95.53,Website,West,16236.82
REC000620,2024-05-12,259.27,926,681,3.74,52.94,111,54.39,10,198,8,62.78,4.5,2.73,0,100.0,104.71,0.862,88.82,Website,North,8368.87
REC002602,2024-05-13,256.56,939,614,3.36,26.54,123,44.3,0,178,4,33.06,4.2,3.26,0,88.73,91.58,1.152,105.06,Website,North,4809.74
REC003143,2024-05-13,461.08,910,609,2.71,25.11,129,32.61,10,175,9,59.55,4.49,3.83,0,100.0,86.12,0.93,90.86,Mobile App,West,4900.28
REC003127,2024-05-13,694.43,913,632,3.25,104.74,100,34.49,20,225,14,45.48,4.79,9.06,1,91.12,107.86,1.299,96.8,Website,West,15340.74
REC004104,2024-05-13,400.88,897,634,5.54,14.93,104,29.37,20,187,6,45.76,3.87,4.48,1,83.91,93.74,1.044,103.73,Website,East,2099.79
REC002481,2024-05-13,139.74,890,615,4.89,38.9,116,46.79,15,174,8,41.8,3.33,13.34,0,93.5,105.1,0.791,103.05,Marketplace,South,3782.65
REC003424,2024-05-13,189.77,877,607,4.35,15.75,95,35.45,10,195,11,63.4,3.77,8.74,1,86.33,82.73,0.831,105.78,Mobile App,South,1273.34
REC001309,2024-05-13,220.24,877,664,1.7,44.04,133,43.88,10,178,3,54.53,4.02,6.43,1,93.33,101.75,1.239,102.15,Mobile App,West,10588.57
REC001746,2024-05-14,112.57,902,668,4.28,30.43,109,32.46,20,190,13,42.94,3.78,6.6,2,88.22,114.39,1.285,99.91,Mobile App,Central,5034.4
REC000684,2024-05-14,231.73,918,662,5.84,30.19,108,61.79,20,183,4,44.96,3.71,11.06,2,96.65,82.82,0.901,102.01,Website,North,4282.43
REC003954,2024-05-14,20.23,888,706,5.12,41.28,142,60.45,5,195,9,49.77,4.71,0.66,1,89.03,104.26,0.802,93.84,Website,South,5826.78
REC001450,2024-05-15,36.53,860,635,5.75,44.47,105,22.44,15,175,7,66.02,4.71,5.61,0,93.11,98.72,1.217,105.34,Website,West,7865.37
REC002708,2024-05-15,86.25,955,655,1.76,36.67,113,61.94,20,200,3,54.18,3.77,4.46,1,86.49,78.22,1.2,98.93,Mobile App,East,5260.32
REC002874,2024-05-15,182.76,932,655,3.79,52.12,129,35.67,20,200,2,79.88,3.97,6.06,2,91.02,110.78,0.802,99.61,Mobile App,West,7284.22
REC004326,2024-05-15,92.84,920,673,4.65,20.31,122,26.92,20,221,9,52.07,3.3,10.56,0,76.63,121.31,0.858,102.74,Mobile App,South,2187.79
REC002151,2024-05-15,54.48,862,629,4.05,25.31,122,21.57,10,170,15,50.55,3.86,5.0,2,91.7,80.55,1.295,97.18,Marketplace,West,5141.33
REC003276,2024-05-16,116.22,900,630,0.8,30.68,114,56.58,15,204,0,47.06,3.74,10.45,0,91.59,105.66,1.115,91.26,Mobile App,East,5702.85
REC005084,2024-05-16,407.65,899,611,4.13,57.02,111,45.45,5,170,1,77.75,5.0,14.42,2,85.4,87.53,0.947,103.36,Mobile App,West,7924.57
REC001462,2024-05-16,88.56,908,635,3.03,65.73,105,41.18,10,176,1,49.9,4.41,5.5,0,88.78,99.88,0.873,102.63,Mobile App,Central,8202.39
REC003010,2024-05-17,76.58,948,655,5.83,28.52,104,45.03,10,203,2,47.22,5.0,13.51,3,85.37,117.19,0.955,106.09,Mobile App,North,3776.73
REC002234,2024-05-17,230.51,912,685,4.0,65.43,105,45.09,15,187,13,57.31,3.53,12.93,3,85.32,93.82,0.861,101.85,Mobile App,Central,6726.05
REC000103,2024-05-17,19.4,911,674,3.22,74.85,126,23.39,5,175,10,55.22,3.34,5.51,1,84.88,86.74,1.307,93.44,Website,North,11435.97
REC001472,2024-05-17,200.81,918,651,4.47,9.5,109,36.31,15,202,10,71.64,4.4,4.57,1,94.24,109.07,0.792,98.74,Website,East,1093.64
REC004320,2024-05-18,133.31,909,649,2.86,13.22,101,48.54,5,184,15,42.88,4.35,18.13,4,95.75,97.18,1.084,100.74,Mobile App,Central,1605.16
REC001269,2024-05-18,164.14,879,617,3.59,30.31,96,38.89,15,194,15,74.75,4.23,7.21,0,81.55,116.38,1.133,104.22,Marketplace,West,3343.73
REC005768,2024-05-18,496.26,929,645,3.4,14.86,111,34.74,0,192,12,64.5,3.2,10.8,1,88.85,94.97,1.335,100.47,Mobile App,West,3162.65
REC005374,2024-05-19,107.74,897,580,6.34,83.54,129,54.9,10,176,4,53.19,4.26,13.26,2,93.5,126.5,1.009,102.78,Marketplace,Central,12885.59
REC005063,2024-05-19,153.81,871,622,3.74,78.24,113,47.41,10,199,3,45.56,4.93,4.28,1,100.0,81.56,0.938,100.11,Website,South,12322.97
REC000669,2024-05-19,103.06,903,617,5.61,41.57,124,20.37,15,208,3,41.4,3.67,9.07,0,100.0,104.06,1.045,94.29,Mobile App,East,8103.9
REC000432,2024-05-19,91.51,905,633,5.47,68.65,116,34.86,15,189,15,62.82,5.0,8.99,1,92.03,104.51,0.905,96.68,Mobile App,North,8900.07
REC003465,2024-05-20,194.5,885,649,6.35,20.33,109,57.2,25,181,9,49.2,3.98,4.66,2,68.21,114.05,0.797,102.98,Mobile App,South,1867.58
REC002338,2024-05-20,105.38,896,660,3.86,114.46,122,25.95,15,188,3,62.01,3.53,8.78,0,82.86,87.83,0.96,97.16,Website,South,14258.66
REC003867,2024-05-20,292.46,859,613,4.15,73.51,102,38.07,15,183,13,62.12,4.35,10.4,2,87.15,114.82,1.133,103.39,Website,Central,9695.07
REC003659,2024-05-20,65.91,875,658,3.74,52.37,113,37.57,10,188,11,46.05,3.36,11.65,2,88.08,88.89,1.294,94.36,Website,South,8425.41
REC004272,2024-05-20,535.94,908,629,2.78,62.06,103,26.11,15,205,3,36.98,4.65,7.05,4,81.51,99.67,1.039,98.28,Website,South,5930.41
REC001435,2024-05-20,163.57,873,640,2.86,39.52,97,30.34,25,198,5,73.2,4.47,4.74,3,85.29,101.67,0.795,100.17,Website,North,3476.26
REC001924,2024-05-21,178.14,947,666,3.41,96.04,123,41.3,5,162,13,63.99,3.58,5.24,0,87.79,108.14,0.923,100.34,Marketplace,East,12642.73
REC002364,2024-05-21,167.23,920,621,5.11,86.27,108,60.05,15,178,12,49.48,2.97,11.1,0,83.98,91.24,0.885,105.84,Website,East,11716.87
REC002997,2024-05-21,140.48,914,619,3.14,59.97,125,34.31,20,215,14,35.08,4.12,7.06,1,86.33,126.26,1.154,97.52,Mobile App,South,9730.12
REC003779,2024-05-22,59.06,960,622,3.59,19.15,114,38.61,0,192,10,66.42,3.42,14.37,1,98.22,74.65,0.984,105.03,Website,East,2674.65
REC000561,2024-05-22,269.56,961,650,3.48,34.58,137,43.98,20,202,0,70.86,3.11,6.75,2,86.16,76.71,0.886,96.71,Mobile App,South,4278.84
REC001048,2024-05-22,621.64,897,628,3.38,17.69,118,17.47,10,204,9,64.72,4.18,4.67,1,92.77,81.83,1.18,101.28,Website,East,3022.33
REC005118,2024-05-23,267.68,858,629,3.6,37.04,118,40.16,15,170,1,63.81,4.99,5.83,3,88.38,98.42,0.753,100.17,Mobile App,South,4253.8
REC004029,2024-05-23,222.01,833,583,3.63,47.69,116,37.52,15,186,10,24.96,3.33,8.49,0,88.99,107.62,0.926,97.98,Marketplace,South,5734.13
REC001592,2024-05-23,471.67,961,631,2.81,6.96,120,35.34,15,208,6,54.45,3.19,16.63,2,75.09,104.95,0.847,105.37,Marketplace,West,566.16
REC005332,2024-05-23,192.49,874,615,2.91,41.83,96,40.93,15,188,9,36.79,4.29,2.49,1,88.52,94.29,1.31,105.3,Website,West,6830.28
REC000667,2024-05-23,204.31,956,618,2.53,70.16,124,46.41,20,168,1,59.27,3.45,11.29,0,86.07,118.95,0.915,106.23,Website,Central,8061.7
REC002374,2024-05-24,54.42,892,635,3.69,58.14,116,49.07,25,204,3,48.12,3.08,4.93,0,88.63,82.76,1.075,100.33,Website,West,9173.13
REC000524,2024-05-24,188.22,905,699,2.52,67.03,108,28.54,5,199,0,52.93,3.87,5.43,4,94.48,91.01,1.29,95.83,Mobile App,North,13430.36
REC003538,2024-05-24,336.67,920,628,3.18,28.42,105,57.33,20,187,15,61.63,4.47,8.4,1,85.48,82.06,1.212,91.0,Mobile App,North,4848.52
REC001858,2024-05-24,130.05,934,632,2.94,27.03,125,42.08,10,178,5,87.53,4.22,12.25,1,100.0,103.54,1.319,95.74,Website,North,5690.77
REC002543,2024-05-24,79.92,875,612,2.99,22.17,118,37.99,25,185,12,56.49,3.78,5.36,0,96.46,97.89,1.342,99.19,Website,Central,4489.35
REC003581,2024-05-24,52.75,937,624,4.89,16.74,132,49.67,5,181,7,43.58,2.95,6.54,0,100.0,95.49,1.032,98.37,Marketplace,West,2955.96
REC004123,2024-05-24,359.19,910,665,2.92,55.52,128,24.99,30,202,10,42.72,4.59,1.64,1,90.59,112.91,0.817,99.94,Website,East,6941.36
REC003409,2024-05-25,419.69,890,655,4.89,18.23,112,43.49,10,190,6,30.68,4.3,14.65,0,82.92,102.44,1.101,96.8,Mobile App,South,2642.88
REC005576,2024-05-25,33.93,901,635,3.29,37.15,110,25.44,15,186,12,50.4,4.3,6.6,3,81.84,104.27,1.199,107.82,Website,North,5204.34
REC003727,2024-05-25,120.68,862,613,5.07,59.87,130,29.55,5,192,6,52.6,3.82,7.4,2,88.32,95.73,1.285,98.01,Marketplace,East,10127.58
REC003031,2024-05-25,148.77,913,661,2.35,76.87,108,25.64,20,209,5,71.43,4.06,4.72,5,95.92,105.23,0.831,103.54,Mobile App,South,9302.92
REC003360,2024-05-25,61.75,900,668,4.64,85.33,113,23.31,15,202,12,52.05,4.14,7.6,2,99.13,85.83,0.864,108.76,Website,Central,11367.17
REC001587,2024-05-26,327.61,888,607,3.92,166.17,126,25.91,15,201,15,46.82,3.92,11.73,2,88.04,87.87,1.21,99.09,Marketplace,East,26738.53
REC005884,2024-05-26,29.36,899,622,4.33,98.66,100,18.47,20,160,3,59.87,2.96,5.68,2,92.33,93.22,1.028,99.81,Mobile App,West,13901.92
REC001394,2024-05-26,219.49,836,606,4.42,39.92,109,47.93,20,203,3,72.17,3.39,5.58,2,85.33,96.36,1.105,98.13,Website,North,5854.82
REC000934,2024-05-26,213.96,875,642,4.31,52.25,106,36.12,15,208,6,34.61,4.44,1.69,0,85.14,123.62,1.176,101.87,Mobile App,North,10031.9
REC005024,2024-05-26,104.29,890,606,3.69,54.35,121,64.42,15,187,1,59.72,4.41,3.21,3,85.13,111.0,0.905,96.16,Marketplace,East,6918.4
REC003102,2024-05-26,257.22,886,613,4.13,82.43,121,52.03,30,173,8,76.5,5.0,6.7,2,83.03,88.42,1.176,101.68,Mobile App,West,17005.61
REC000899,2024-05-27,221.6,891,682,2.18,17.9,105,39.27,25,172,1,64.35,4.88,10.17,2,94.63,106.54,1.31,100.07,Mobile App,North,3278.06
REC002171,2024-05-27,386.74,915,644,5.67,33.29,111,43.23,10,188,3,43.68,3.16,6.94,1,92.03,112.7,0.87,103.69,Website,South,4881.32
REC002001,2024-05-27,221.12,941,662,3.12,46.63,130,14.67,15,183,8,37.35,3.92,6.05,1,100.0,103.06,0.94,106.49,Marketplace,North,5751.88
REC001578,2024-05-27,85.44,936,634,3.26,28.67,131,39.47,20,196,4,67.0,3.78,11.59,3,83.68,117.17,1.263,100.12,Website,East,3967.22
REC000716,2024-05-27,49.99,909,640,5.79,62.25,136,50.02,10,171,12,66.76,5.0,7.39,2,81.84,72.3,1.316,105.67,Website,Central,11728.76
REC002552,2024-05-28,197.76,864,664,3.87,65.57,128,36.82,10,200,8,65.24,4.29,3.65,2,82.39,96.69,0.78,100.02,Website,East,7094.52
REC004054,2024-05-28,249.1,886,656,4.08,21.67,114,28.91,20,194,2,56.96,4.06,7.23,2,89.52,104.91,1.116,100.62,Website,West,3172.13
REC004454,2024-05-28,73.78,946,662,2.26,59.87,122,53.02,30,189,12,62.05,3.97,4.85,5,88.83,88.11,0.963,100.35,Mobile App,Central,8245.06
REC003835,2024-05-28,136.06,885,629,3.6,15.42,116,30.91,15,198,4,48.73,3.82,6.56,1,86.07,87.39,1.149,104.4,Marketplace,East,2010.53
REC004464,2024-05-28,111.44,917,649,5.26,37.93,95,21.96,20,190,10,68.69,4.68,10.17,4,90.94,107.07,1.15,92.76,Mobile App,South,4800.78
REC001588,2024-05-29,125.71,917,663,2.58,32.62,105,35.5,20,178,15,30.4,4.63,11.09,2,96.4,93.3,1.13,104.1,Marketplace,Central,4104.85
REC004388,2024-05-29,188.36,876,600,3.38,47.77,117,41.02,20,187,9,58.37,3.52,4.75,1,100.0,109.3,0.755,100.34,Website,West,5399.62
REC004797,2024-05-30,81.05,891,629,3.51,40.61,116,41.69,20,187,1,34.8,4.2,8.4,1,96.71,120.08,0.814,104.93,Mobile App,East,6503.31
REC000400,2024-05-30,454.17,928,648,4.26,32.2,96,27.89,15,191,5,59.86,3.83,8.25,0,86.81,98.84,1.064,88.42,Mobile App,East,4644.17
REC001534,2024-05-30,128.23,904,629,1.6,55.59,113,23.86,5,187,13,53.65,4.58,10.45,3,96.89,107.75,1.297,100.54,Website,Central,8233.66
REC005183,2024-05-30,121.18,873,647,2.89,16.11,125,57.16,15,186,8,73.34,4.29,4.5,1,91.55,110.84,1.268,98.84,Website,Central,3351.17
REC000379,2024-05-30,258.71,946,630,4.23,34.85,118,34.71,15,209,14,44.39,4.8,7.05,4,74.82,84.74,1.149,106.29,Website,Central,4917.64
REC005732,2024-05-31,244.0,874,621,2.68,36.23,109,56.47,15,211,15,74.17,4.24,7.13,1,92.44,87.71,1.253,95.48,Marketplace,Central,5243.75
REC003059,2024-05-31,102.21,896,678,3.29,81.41,102,24.68,5,173,9,50.74,3.63,5.17,2,90.09,120.76,0.791,92.56,Marketplace,East,6918.92
REC004477,2024-05-31,93.31,946,638,4.47,43.63,104,34.94,20,183,13,25.77,4.1,9.88,2,79.69,81.18,1.318,112.96,Website,South,5840.73
REC000299,2024-05-31,404.23,917,629,3.7,31.95,117,59.94,0,193,3,57.9,3.81,5.16,2,100.0,97.35,0.753,107.6,Mobile App,Central,4735.4
REC003190,2024-05-31,450.68,863,653,4.83,52.68,99,38.84,20,198,1,66.77,4.13,1.14,1,87.09,119.0,1.281,110.12,Website,East,9132.68
REC001463,2024-06-02,69.31,895,638,4.27,57.18,123,28.12,15,186,12,62.14,3.23,9.8,1,86.5,80.29,1.061,93.98,Website,East,7872.25
REC004490,2024-06-02,78.7,857,619,3.73,41.7,113,38.71,10,171,8,53.08,4.27,2.64,2,89.21,113.2,0.8,104.79,Website,Central,4266.8
REC001415,2024-06-02,158.22,867,627,5.12,62.98,117,32.53,10,190,14,70.62,4.62,1.18,3,100.0,118.58,1.343,92.62,Website,West,15378.55
REC003994,2024-06-02,43.96,881,677,4.49,71.19,121,23.3,5,196,13,40.2,4.96,7.11,3,100.0,111.96,1.124,93.57,Marketplace,East,10805.54
REC004836,2024-06-02,121.9,890,658,3.37,14.09,126,53.07,20,222,2,60.76,3.71,6.98,3,98.27,93.8,0.92,97.65,Website,North,2079.56
REC003802,2024-06-02,142.24,894,640,2.54,22.22,133,34.9,20,179,4,77.24,4.05,8.5,1,93.8,92.62,1.084,105.4,Marketplace,Central,3222.83
REC002556,2024-06-03,154.41,904,619,3.69,65.11,109,50.5,10,182,6,39.77,4.12,7.67,1,90.12,116.17,1.205,87.26,Website,East,9922.53
REC001004,2024-06-03,431.12,920,608,3.72,27.59,110,58.19,10,177,9,45.96,4.18,6.88,1,79.34,97.29,0.912,107.77,Website,Central,3075.03
REC002510,2024-06-03,120.02,848,681,3.57,70.03,118,36.31,20,180,7,52.46,4.21,9.74,0,90.28,98.41,0.87,100.43,Website,Central,8910.75
REC000140,2024-06-03,120.57,915,643,2.37,52.19,112,64.35,15,201,2,70.13,4.48,5.93,3,91.36,107.25,1.054,92.32,Marketplace,North,6067.62
REC003733,2024-06-04,254.03,948,612,3.17,39.61,129,31.93,30,180,12,56.23,3.44,1.86,1,81.85,97.4,1.335,102.02,Marketplace,Central,5501.39
REC004336,2024-06-04,239.69,851,667,1.43,17.17,118,47.11,5,214,3,40.95,4.26,8.05,1,83.42,94.28,1.325,106.96,Marketplace,Central,2530.96
REC003617,2024-06-04,323.22,905,659,3.52,34.75,130,49.17,10,183,14,46.15,4.12,11.77,1,83.3,101.74,1.062,98.17,Mobile App,South,5416.26
REC003391,2024-06-04,134.26,878,645,4.09,46.55,97,32.13,25,185,0,37.05,3.16,1.39,3,87.42,96.54,0.877,106.41,Mobile App,East,4630.06
REC000280,2024-06-04,146.1,889,637,4.2,55.04,102,35.15,20,184,15,49.09,4.78,7.85,0,98.36,101.84,0.881,92.16,Mobile App,East,7295.8
REC005829,2024-06-04,194.15,939,622,3.9,31.21,103,28.18,20,185,2,56.92,3.97,5.39,2,88.76,86.2,1.063,106.67,Mobile App,Central,4676.26
REC003721,2024-06-04,246.36,877,648,3.27,64.25,126,36.73,5,187,13,75.73,3.89,10.46,1,74.63,94.07,0.841,97.38,Website,West,7565.68
REC004453,2024-06-04,310.02,891,652,2.19,35.53,102,36.92,15,219,2,70.0,4.53,4.9,1,91.56,86.92,1.242,107.73,Mobile App,East,6050.35
REC005859,2024-06-04,51.86,916,652,4.83,22.84,108,44.81,0,204,15,41.51,4.05,9.3,0,89.43,101.79,0.983,106.72,Mobile App,North,3359.17
REC004843,2024-06-04,243.13,910,654,5.21,52.62,123,11.04,30,184,14,76.18,5.0,6.0,3,87.79,70.0,0.996,100.44,Website,East,6846.77
REC005977,2024-06-04,211.67,940,661,3.04,53.16,111,28.4,10,172,10,74.66,4.3,11.23,2,100.0,117.11,1.327,106.26,Website,West,10293.27
REC000304,2024-06-05,286.87,867,676,0.85,30.19,109,27.91,10,181,3,75.66,4.89,13.16,2,82.69,83.07,0.911,105.4,Website,South,2950.63
REC001183,2024-06-05,269.75,932,646,3.82,47.72,113,47.37,10,191,15,47.43,3.79,3.67,2,100.0,91.77,1.142,107.19,Website,Central,8501.27
REC002226,2024-06-05,119.0,912,600,2.93,50.58,119,59.63,20,182,10,44.71,3.98,8.01,2,99.44,110.56,0.774,97.95,Marketplace,South,5297.83
REC001559,2024-06-05,177.24,873,646,4.12,14.45,111,61.28,5,169,9,58.93,2.49,8.75,1,87.09,97.11,1.336,97.99,Website,North,2625.04
REC001330,2024-06-05,104.8,843,661,4.01,52.18,112,24.37,0,164,0,72.54,4.4,12.29,2,94.54,83.98,0.85,102.0,Website,South,5134.81
REC004452,2024-06-05,79.31,872,667,4.66,22.35,121,38.4,0,187,14,73.61,4.18,7.69,2,92.95,102.44,1.313,105.93,Website,North,4213.21
REC005335,2024-06-05,93.37,865,673,3.84,36.0,111,13.19,5,192,3,75.17,4.14,9.05,0,100.0,83.57,0.91,96.91,Website,Central,5274.92
REC003873,2024-06-05,220.11,869,661,3.24,40.46,100,19.05,15,195,9,61.17,3.52,5.5,3,95.85,100.63,1.311,100.01,Website,North,7469.46
REC001152,2024-06-06,245.96,892,627,3.32,44.62,116,23.81,10,172,10,63.37,3.69,3.86,2,86.01,98.83,1.064,101.74,Website,East,5750.91
REC001561,2024-06-06,194.42,911,650,3.33,34.62,100,14.14,30,184,4,63.51,4.16,12.21,1,88.82,96.27,0.809,89.84,Website,West,3374.76
REC001251,2024-06-06,173.7,902,605,4.96,35.58,98,53.65,10,181,4,64.15,4.61,16.17,1,95.21,78.72,1.048,106.33,Website,North,4099.51
REC003624,2024-06-06,260.14,876,616,3.27,15.62,126,48.71,15,191,5,60.58,4.32,13.62,1,89.53,114.52,1.064,105.15,Mobile App,South,2529.37
REC003757,2024-06-06,144.72,918,639,2.17,35.93,101,32.48,25,233,14,71.74,5.0,7.69,3,89.23,88.49,0.842,103.14,Mobile App,North,3361.75
REC001707,2024-06-06,118.82,868,639,3.43,64.28,118,72.72,0,199,12,57.75,4.14,5.09,0,87.09,89.55,1.225,99.01,Mobile App,East,12514.99
REC004559,2024-06-07,103.6,881,656,2.98,44.7,122,31.0,5,177,13,58.51,3.84,15.03,0,97.99,85.01,0.936,92.67,Mobile App,West,6607.71
REC000979,2024-06-07,62.26,895,644,3.3,55.54,104,14.41,25,180,8,34.32,4.26,13.84,2,93.97,106.5,1.257,101.39,Website,Central,8567.98
REC001068,2024-06-07,211.83,913,647,2.75,55.63,114,56.32,10,197,15,52.08,3.79,5.76,2,100.0,111.02,1.234,100.1,Mobile App,West,10570.84
REC004410,2024-06-07,185.36,865,658,3.18,56.6,104,35.73,25,180,7,28.71,4.31,12.88,1,78.82,103.29,0.857,96.12,Mobile App,North,5507.51
REC002993,2024-06-07,269.27,935,644,4.87,34.83,98,42.38,5,184,10,58.12,3.26,6.89,3,87.51,117.37,1.022,98.13,Marketplace,East,3800.19
REC000402,2024-06-07,41.4,880,664,4.78,54.07,116,36.75,5,189,14,66.38,4.38,6.62,1,85.77,105.29,0.911,94.62,Website,West,6997.94
REC003602,2024-06-07,73.48,928,660,3.25,26.16,136,54.47,20,175,14,63.21,3.81,2.57,1,88.63,91.64,0.81,102.88,Marketplace,West,3902.31
REC000096,2024-06-08,218.53,895,653,2.82,36.6,113,24.26,20,199,9,73.13,3.08,5.08,1,83.46,105.18,0.756,98.96,Marketplace,West,3104.83
REC005394,2024-06-08,210.35,925,648,5.49,58.91,137,39.01,20,213,5,57.01,2.82,21.84,0,75.97,88.75,1.261,104.68,Website,West,11994.88
REC000547,2024-06-08,160.01,911,618,6.07,36.24,128,48.74,0,186,10,54.11,3.94,5.3,3,84.55,92.99,1.267,95.64,Marketplace,East,6916.8
REC003813,2024-06-09,109.29,894,634,4.63,71.45,103,25.01,30,201,1,55.93,3.8,9.23,5,96.91,95.61,1.119,99.89,Website,Central,9315.24
REC001706,2024-06-09,636.95,898,669,4.87,56.72,117,57.42,15,203,11,59.08,3.69,5.98,3,99.78,98.51,1.041,99.8,Mobile App,North,10061.59
REC005769,2024-06-09,344.24,932,652,3.53,66.11,106,38.69,10,188,13,61.78,3.87,6.2,2,93.37,88.22,0.922,104.72,Website,North,8908.75
REC004855,2024-06-10,232.52,881,626,3.29,52.39,117,49.22,20,173,7,29.81,4.27,12.21,2,87.67,108.59,1.046,106.52,Mobile App,West,9371.13
REC002067,2024-06-10,143.12,899,641,4.48,51.72,139,29.85,5,204,15,60.66,4.2,12.05,0,91.03,109.21,0.812,102.44,Mobile App,South,7248.37
REC004333,2024-06-10,106.29,880,672,2.75,43.55,113,28.18,20,180,14,57.41,4.04,3.43,1,83.76,125.72,1.015,106.49,Website,East,5109.93
REC000344,2024-06-11,180.22,879,618,2.32,77.98,104,52.98,15,195,6,28.18,3.8,6.07,0,81.06,99.63,1.025,102.88,Website,South,9261.03
REC000798,2024-06-11,214.74,855,641,3.73,71.04,116,11.06,25,189,15,43.9,4.49,1.07,3,97.77,112.47,0.864,95.7,Mobile App,South,9762.64
REC002305,2024-06-11,115.28,898,602,2.63,48.55,130,9.35,0,196,7,54.45,4.61,0.88,1,90.52,103.67,0.962,105.42,Website,East,6946.89
REC001928,2024-06-11,94.67,883,664,2.27,53.64,116,48.77,30,196,4,71.78,4.1,10.52,2,86.18,114.66,0.839,98.35,Mobile App,East,5672.27
REC001485,2024-06-11,102.89,865,660,4.11,42.37,121,42.84,20,205,8,50.54,3.91,12.11,1,86.98,90.23,0.868,101.5,Website,South,4267.95
REC002034,2024-06-11,67.04,872,655,3.43,72.2,102,29.94,0,210,7,54.81,4.29,1.32,0,92.42,105.16,0.766,99.63,Mobile App,Central,7133.8
REC003063,2024-06-12,231.7,883,632,2.26,14.69,107,24.48,15,192,7,54.57,4.33,6.81,0,100.0,93.64,0.857,94.06,Mobile App,West,1749.02
REC001473,2024-06-12,18.14,937,640,4.51,56.54,113,31.69,10,179,14,47.61,5.0,10.04,2,85.99,97.91,1.082,97.07,Website,West,7969.05
REC004945,2024-06-13,99.99,951,642,2.58,20.44,129,20.23,15,215,0,60.38,3.49,10.41,2,90.47,116.44,0.977,96.73,Mobile App,South,2516.67
REC001870,2024-06-13,50.57,898,621,2.59,63.76,113,42.83,5,215,2,70.14,5.0,10.14,0,97.52,107.78,1.022,103.33,Marketplace,West,8963.29
REC005606,2024-06-13,436.23,900,653,4.06,116.51,119,40.58,25,190,5,59.58,3.23,4.1,1,90.82,92.79,1.114,96.52,Website,Central,17733.32
REC000691,2024-06-13,103.78,913,645,2.93,51.04,127,38.07,5,179,7,50.26,4.4,2.87,1,96.73,73.57,1.345,94.51,Website,North,10251.01
REC003573,2024-06-14,36.52,944,590,5.36,54.44,118,34.78,15,213,8,46.2,4.18,2.75,1,100.0,103.07,0.933,95.05,Mobile App,South,8912.17
REC005623,2024-06-14,171.17,878,651,1.96,19.34,103,29.4,10,187,1,44.25,4.63,8.25,1,80.66,90.13,0.806,99.96,Website,Central,1759.09
REC003766,2024-06-14,101.6,875,639,5.01,34.63,119,32.03,15,182,13,63.54,4.01,6.65,2,85.49,122.59,1.303,104.15,Mobile App,North,6425.81
REC004192,2024-06-14,188.28,937,611,3.74,32.76,121,50.09,0,198,11,68.03,5.0,8.34,0,100.0,102.23,1.233,100.62,Mobile App,East,7303.21
REC003863,2024-06-15,358.9,933,659,3.12,58.48,104,60.08,10,192,5,57.37,3.97,6.51,3,88.18,101.66,0.752,106.54,Mobile App,East,5333.95
REC000975,2024-06-15,117.69,910,610,5.26,55.93,107,52.83,20,207,9,72.73,3.61,11.55,3,81.51,86.86,1.097,101.76,Mobile App,Central,7408.73
REC000298,2024-06-15,414.85,901,669,3.23,67.14,130,40.34,5,180,15,64.89,3.79,11.19,0,99.29,90.75,0.776,93.4,Website,East,8684.66
REC001145,2024-06-15,73.67,895,711,4.33,53.86,111,22.02,20,191,8,62.96,3.88,8.46,1,94.15,86.6,0.902,96.32,Website,Central,6327.0
REC003481,2024-06-15,141.89,899,648,4.26,41.44,119,37.53,5,202,2,59.19,3.95,8.66,0,94.67,126.11,0.811,94.45,Marketplace,South,4184.49
REC002938,2024-06-15,63.34,888,682,4.18,42.51,118,47.13,20,209,1,59.07,3.41,16.66,0,86.23,116.55,1.326,97.87,Marketplace,North,7151.91
REC003993,2024-06-15,107.5,882,665,4.15,58.4,126,18.72,20,201,12,50.07,5.0,14.09,2,98.45,95.93,1.101,103.3,Mobile App,West,10714.32
REC003651,2024-06-16,94.59,922,607,3.52,23.0,106,42.22,5,170,9,71.18,3.1,4.14,1,91.77,104.04,0.851,105.82,Mobile App,Central,2870.97
REC005216,2024-06-16,228.05,909,658,3.84,32.66,123,47.98,10,198,2,62.97,4.14,13.72,1,92.3,106.29,1.221,101.01,Website,South,5541.41
REC000396,2024-06-16,164.27,898,663,3.29,126.88,115,32.24,10,170,6,44.13,4.91,3.86,3,96.55,100.5,1.161,95.78,Website,Central,20553.31
REC004486,2024-06-16,193.94,890,640,3.0,40.63,123,58.75,10,195,15,44.85,4.6,5.33,0,83.51,90.92,1.129,102.48,Website,South,5874.26
REC002668,2024-06-17,86.07,923,608,3.56,127.96,116,41.92,25,192,12,61.42,3.28,4.19,0,91.48,75.4,1.188,101.16,Website,South,22398.11
REC003749,2024-06-17,353.63,881,658,3.41,52.96,104,15.42,20,196,9,64.55,2.95,8.63,4,100.0,101.02,0.78,104.35,Website,North,5510.31
REC001582,2024-06-17,59.1,884,648,3.73,68.88,115,26.06,10,219,2,70.1,3.85,5.8,3,87.92,84.91,1.199,104.71,Website,South,10179.14
REC002429,2024-06-18,121.92,889,648,2.86,41.55,116,31.2,10,179,0,66.3,4.05,7.51,1,89.78,97.29,1.244,95.93,Website,North,7309.98
REC005691,2024-06-18,156.31,878,649,4.06,54.46,108,54.66,10,179,6,59.54,3.08,11.24,2,93.0,107.34,0.976,101.06,Website,South,6496.58
REC001836,2024-06-18,78.29,880,616,3.36,27.39,104,35.66,10,183,4,45.85,4.45,4.91,0,96.77,93.61,0.924,95.13,Website,East,3449.83
REC003886,2024-06-18,57.21,908,658,4.63,47.29,103,55.82,15,233,15,51.8,3.71,5.99,4,93.81,100.55,1.136,107.15,Website,North,6073.78
REC005507,2024-06-18,506.31,940,608,4.07,56.52,124,31.73,15,208,13,50.8,4.82,13.34,1,82.05,105.58,1.34,100.17,Marketplace,South,9507.66
REC000186,2024-06-18,293.18,907,631,2.61,42.25,130,30.29,10,177,12,65.08,4.01,9.77,0,86.95,95.23,1.138,100.55,Website,South,5943.67
REC005139,2024-06-19,47.42,933,617,3.09,34.09,110,31.51,20,182,10,59.81,4.77,14.01,2,91.16,96.73,0.971,94.37,Website,South,3978.62
REC000918,2024-06-19,66.27,877,621,3.21,48.31,92,55.72,10,183,3,53.64,3.62,6.28,1,82.32,107.31,1.054,100.96,Website,South,4576.58
REC005269,2024-06-19,481.21,904,674,5.8,32.93,114,26.19,20,186,13,68.66,3.99,7.74,2,82.58,111.37,1.263,99.76,Mobile App,Central,5597.35
REC000205,2024-06-19,169.38,909,650,2.59,30.24,122,42.27,20,187,15,72.33,3.58,5.97,1,89.57,127.97,1.193,100.15,Website,South,4331.94
REC001149,2024-06-20,366.77,935,615,4.34,12.53,116,27.78,10,200,5,68.73,4.68,5.31,2,96.65,92.06,1.302,96.32,Website,North,2509.61
REC004248,2024-06-20,62.68,890,603,3.57,37.44,146,50.44,30,195,12,71.96,4.14,10.87,1,89.87,101.97,1.221,101.97,Marketplace,West,7939.0
REC004376,2024-06-20,226.36,861,638,5.38,61.64,101,31.76,10,205,6,52.33,4.01,0.5,3,100.0,83.82,0.837,102.53,Mobile App,South,8904.04
REC000245,2024-06-20,119.63,888,662,3.9,76.38,129,46.71,5,179,9,62.26,4.61,2.07,0,92.33,94.43,1.173,106.41,Marketplace,East,14830.8
REC004342,2024-06-21,99.22,873,680,1.29,28.74,99,41.46,15,189,2,55.36,4.08,7.8,0,89.66,108.74,0.961,97.73,Website,East,3066.82
REC004152,2024-06-22,98.19,923,627,2.71,28.36,119,40.62,15,184,12,47.6,3.75,10.79,3,88.61,80.93,1.153,94.91,Website,West,4402.92
REC002203,2024-06-22,69.86,908,620,3.54,49.1,121,25.87,15,202,2,73.1,4.2,9.91,3,95.15,81.84,0.975,104.38,Mobile App,North,6659.15
REC004534,2024-06-22,373.25,883,646,2.28,69.04,122,51.16,25,179,7,53.86,4.58,4.64,2,76.34,92.14,1.238,97.97,Website,Central,7580.93
REC004831,2024-06-22,69.93,924,675,4.91,28.94,123,25.53,5,188,4,52.42,3.42,5.92,1,100.0,109.02,1.151,107.86,Mobile App,Central,6057.08
REC002862,2024-06-23,238.59,902,614,2.27,109.76,136,40.75,0,193,1,56.03,4.45,10.03,2,90.06,92.97,1.303,96.35,Mobile App,North,23803.82
REC000578,2024-06-23,77.05,893,618,3.14,24.89,132,33.69,5,193,13,67.08,4.09,8.05,1,95.66,83.59,1.298,88.14,Website,South,5731.6
REC003446,2024-06-24,87.95,916,609,5.35,37.35,127,14.64,20,205,10,75.57,4.08,7.2,0,92.59,99.42,1.034,101.55,Mobile App,East,6500.42
REC004124,2024-06-24,131.32,902,691,2.66,21.64,127,32.76,15,183,9,49.06,4.84,5.4,2,82.83,97.35,1.23,110.46,Mobile App,North,3585.51
REC003221,2024-06-24,114.31,946,614,3.03,59.83,115,48.7,20,197,0,52.35,4.71,6.55,3,90.7,105.1,1.054,105.33,Website,Central,8109.3
REC002340,2024-06-25,132.62,855,654,5.5,37.83,114,58.62,10,188,14,52.73,3.79,7.45,0,86.02,103.04,1.149,101.6,Website,North,6503.91
REC002852,2024-06-25,109.48,969,637,3.77,157.09,111,28.46,0,188,10,43.47,3.68,6.19,1,68.74,70.0,1.329,95.52,Marketplace,North,20915.3
REC004597,2024-06-25,190.37,894,631,6.39,27.69,114,54.94,30,180,11,65.24,3.44,13.86,2,96.74,108.61,1.174,102.28,Website,Central,4308.73
REC003378,2024-06-25,100.14,935,648,3.17,45.7,116,10.3,0,190,12,23.88,3.25,8.53,1,91.28,88.26,1.253,102.53,Website,Central,7087.3
REC005096,2024-06-25,106.5,860,605,4.82,32.84,102,31.85,15,206,6,64.72,4.03,13.77,4,88.76,93.22,1.342,89.44,Mobile App,West,6113.89
REC004932,2024-06-25,181.18,971,630,3.32,23.54,115,18.79,15,187,7,63.96,4.53,10.29,0,99.29,92.39,0.892,97.34,Website,West,3197.49
REC002304,2024-06-25,193.15,861,627,6.8,142.22,135,25.41,5,179,5,60.5,3.65,7.48,0,84.94,105.14,0.773,98.76,Marketplace,South,16706.32
REC001146,2024-06-26,51.06,949,616,6.0,139.11,130,63.04,10,190,14,76.24,3.42,2.33,0,81.56,94.78,1.26,95.59,Website,East,26327.6
REC004867,2024-06-26,233.68,935,638,1.84,12.56,105,59.23,25,189,9,60.4,4.34,10.64,2,76.08,97.65,0.762,95.97,Marketplace,Central,895.61
REC001129,2024-06-26,140.22,924,656,3.66,18.81,115,17.38,0,186,5,61.29,3.92,8.85,0,73.21,111.4,0.753,99.66,Mobile App,South,1721.74
REC001072,2024-06-27,290.3,900,619,4.32,46.92,114,29.29,20,154,14,58.54,3.77,8.46,2,96.95,87.0,1.168,98.93,Mobile App,South,8909.85
REC000649,2024-06-27,35.1,890,643,4.56,39.31,126,31.12,5,171,1,23.65,3.92,6.43,2,90.71,109.03,1.035,109.04,Marketplace,West,5397.89
REC004032,2024-06-28,122.38,922,652,4.53,28.41,122,44.08,10,210,0,77.41,4.39,9.12,1,86.4,89.52,1.236,99.57,Mobile App,East,5123.42
REC004265,2024-06-28,60.67,908,604,1.34,62.06,109,26.53,0,177,13,86.71,3.1,8.01,0,100.0,88.89,1.109,95.83,Marketplace,West,9298.64
REC005226,2024-06-28,191.51,897,631,4.06,13.4,103,40.18,15,196,4,60.73,4.5,10.45,1,98.62,97.36,1.262,94.99,Website,East,1822.18
REC001416,2024-06-29,245.98,933,641,3.51,31.98,123,44.9,15,195,8,51.42,4.54,8.63,0,84.84,105.11,1.281,100.11,Mobile App,Central,6619.09
REC002820,2024-06-29,330.06,918,645,5.97,29.69,138,50.83,0,209,7,48.01,4.53,15.24,2,92.44,94.6,1.055,104.29,Website,South,5462.27
REC003656,2024-06-29,322.31,886,642,5.03,58.32,110,36.68,10,181,13,39.09,3.93,5.53,2,94.54,93.91,0.959,103.55,Website,West,8021.64
REC002966,2024-06-29,60.4,982,673,2.71,45.97,119,62.46,25,181,12,55.56,3.61,7.1,2,86.48,98.51,1.343,94.6,Mobile App,West,8849.32
REC003966,2024-06-30,274.5,861,650,4.89,34.36,121,30.21,20,188,3,54.06,5.0,6.51,1,85.18,74.51,1.181,102.24,Website,South,5444.98
REC003719,2024-06-30,127.47,880,660,3.17,25.11,96,29.28,30,201,12,63.86,4.49,9.39,0,80.59,106.31,1.129,98.92,Website,Central,2953.28
REC001454,2024-06-30,65.09,935,655,3.77,49.39,118,31.16,25,203,9,51.56,4.24,10.43,0,78.78,105.97,1.288,98.58,Marketplace,North,6778.07
REC004858,2024-06-30,97.38,998,624,3.51,95.29,108,20.26,5,178,15,31.48,4.75,8.99,2,87.03,78.1,0.983,113.04,Website,North,11666.42
REC003400,2024-07-01,63.15,927,652,2.98,34.67,124,42.6,10,196,15,44.64,4.57,6.07,0,99.97,110.79,0.792,96.87,Mobile App,West,5038.42
REC001655,2024-07-01,127.76,878,621,4.85,40.26,120,48.5,10,201,0,89.09,3.88,10.49,1,88.32,91.7,0.972,101.56,Website,South,5132.4
REC000292,2024-07-02,371.25,901,657,5.42,36.94,110,58.53,20,205,9,61.51,4.16,11.39,3,96.65,104.59,1.256,108.22,Website,South,4912.72
REC002209,2024-07-02,87.52,854,624,5.31,24.46,107,37.77,10,175,9,42.06,4.23,4.65,1,85.3,94.86,0.756,107.57,Website,Central,2314.18
REC002223,2024-07-02,218.19,867,660,4.15,19.46,118,36.94,15,181,11,53.69,3.61,8.89,3,97.71,83.94,1.259,96.32,Website,West,4287.41
REC005199,2024-07-03,19.59,867,611,4.59,50.96,105,71.49,10,198,11,39.17,3.89,7.89,2,94.62,111.55,1.326,103.84,Mobile App,West,10480.98
REC003252,2024-07-03,306.95,849,630,5.33,33.83,112,40.39,5,203,9,61.83,2.97,8.79,6,96.1,119.87,0.806,107.61,Marketplace,East,3237.8
REC005012,2024-07-03,129.07,895,675,2.49,75.93,106,45.3,10,171,15,48.43,3.4,7.42,2,82.81,118.48,1.264,102.74,Website,South,9839.04
REC003767,2024-07-03,262.96,882,634,1.81,52.51,129,48.37,0,193,11,67.36,3.65,6.53,0,98.8,114.75,0.968,109.85,Website,North,9603.68
REC004688,2024-07-04,151.51,915,608,3.32,61.69,105,56.63,20,189,7,51.48,2.95,3.1,2,89.86,93.66,1.1,95.66,Mobile App,Central,9132.26
REC002076,2024-07-04,184.28,891,631,5.78,81.75,105,48.2,20,176,14,51.76,3.44,3.11,3,90.04,92.38,1.017,107.49,Mobile App,West,12218.19
REC000439,2024-07-04,205.72,927,633,4.48,34.03,103,50.06,20,200,7,51.68,3.5,5.63,2,89.79,102.1,1.01,104.1,Website,North,4287.23
REC004703,2024-07-04,191.06,906,620,2.8,24.31,105,39.4,0,187,15,40.28,4.4,11.18,1,98.85,106.03,0.975,108.8,Mobile App,East,3286.72
REC001168,2024-07-04,133.52,904,678,3.66,20.29,109,19.12,30,199,12,43.36,3.54,4.75,1,98.65,115.19,1.172,100.55,Mobile App,Central,2935.28
REC003586,2024-07-05,79.62,874,641,3.3,33.71,102,42.64,10,206,8,72.83,5.0,4.48,1,94.95,95.74,1.03,106.02,Website,West,4472.82
REC000539,2024-07-05,334.02,875,661,3.41,82.64,106,19.48,15,194,8,67.07,3.4,10.47,2,90.84,100.06,1.196,100.48,Mobile App,East,14379.44
REC001086,2024-07-05,77.78,880,611,2.95,30.87,119,29.13,15,175,2,41.33,4.95,6.22,1,100.0,82.3,0.902,95.84,Mobile App,West,4364.23
REC003108,2024-07-05,85.17,930,668,3.26,39.64,102,51.23,0,175,0,59.63,5.0,6.44,2,83.36,93.21,0.928,101.69,Marketplace,North,3927.3
REC002961,2024-07-06,139.14,910,695,1.98,79.05,115,43.87,5,214,10,66.89,4.77,6.6,0,95.3,71.64,1.187,100.5,Marketplace,West,12382.28
REC003526,2024-07-06,196.47,913,637,2.71,19.12,110,29.26,15,206,8,44.28,3.71,12.98,3,91.45,106.77,1.219,97.64,Mobile App,South,2781.01
REC003154,2024-07-06,55.53,929,661,3.89,73.69,128,25.08,0,171,0,31.4,4.36,7.52,1,82.26,73.04,0.761,101.73,Marketplace,West,8010.89
REC003039,2024-07-06,130.42,859,663,3.95,30.29,112,25.44,15,205,11,41.56,4.57,13.24,0,100.0,86.77,0.868,105.24,Website,North,3432.62
REC005615,2024-07-06,56.89,994,652,2.75,38.56,103,30.69,25,182,15,63.42,3.21,2.07,1,87.54,82.97,0.951,98.37,Mobile App,North,4642.23
REC001318,2024-07-07,188.46,876,706,2.95,65.47,103,42.71,25,194,9,60.08,4.23,5.7,0,94.73,93.93,0.817,93.67,Marketplace,South,5821.86
REC005807,2024-07-07,158.36,944,635,1.87,56.76,132,54.52,5,191,1,53.38,3.53,12.38,7,93.99,97.68,0.803,105.51,Marketplace,East,6496.9
REC005797,2024-07-07,140.3,878,574,3.89,50.29,130,27.17,20,200,11,61.3,3.53,10.48,1,87.81,109.34,1.109,100.48,Website,East,8772.54
REC005729,2024-07-07,254.97,917,660,1.43,79.57,109,11.79,15,181,15,57.05,4.87,11.64,0,97.92,103.1,1.32,98.44,Website,South,14114.74
REC002215,2024-07-08,78.56,833,652,4.67,74.75,117,51.5,20,188,8,66.83,4.52,10.38,1,91.27,99.87,0.777,99.47,Website,West,8867.82
REC005869,2024-07-08,472.31,946,643,4.52,36.72,119,29.91,15,186,6,44.55,3.51,0.5,1,100.0,107.61,0.878,91.87,Marketplace,Central,4344.28
REC000618,2024-07-08,274.35,937,641,3.69,22.88,107,39.3,10,193,0,59.0,3.37,0.5,0,90.34,120.39,0.869,102.57,Marketplace,East,2662.12
REC000852,2024-07-08,104.97,894,627,2.76,87.26,117,37.52,0,172,11,48.66,4.27,13.96,1,91.78,125.19,1.341,101.99,Website,East,15121.98
REC000895,2024-07-09,104.05,896,626,2.4,35.74,113,41.22,30,186,10,36.23,4.64,10.07,1,91.82,102.66,1.211,96.74,Website,North,5626.5
REC000499,2024-07-09,116.36,925,631,3.18,13.84,117,32.76,15,189,2,75.75,4.74,0.5,3,89.2,107.39,1.267,97.24,Mobile App,Central,2356.03
REC004845,2024-07-09,56.65,882,604,3.05,57.9,124,41.92,15,182,3,52.22,3.9,3.68,3,95.48,99.57,1.22,100.18,Website,West,10465.25
REC004204,2024-07-10,302.51,934,670,2.98,71.58,122,27.34,25,213,12,59.98,4.7,9.33,1,83.63,91.45,0.811,105.67,Website,Central,7228.96
REC002781,2024-07-10,52.42,866,609,4.79,40.06,114,36.03,20,216,13,49.98,4.44,5.68,3,85.16,91.25,0.952,94.34,Website,South,4351.58
REC001758,2024-07-10,216.83,909,623,3.31,50.58,114,14.05,5,170,14,65.34,3.69,4.06,1,87.0,82.91,1.179,99.63,Website,East,7437.91
REC000613,2024-07-10,92.43,896,650,3.6,30.79,110,33.48,20,193,14,78.52,4.32,15.36,3,82.71,89.9,0.982,100.59,Website,West,3665.2
REC003760,2024-07-10,1737.11,924,634,5.03,9.59,125,57.99,10,201,10,47.85,3.27,14.59,2,91.31,104.27,1.185,101.03,Website,Central,1986.78
REC000451,2024-07-11,243.15,896,669,2.93,46.67,115,19.45,0,205,3,52.43,4.16,7.65,0,97.05,101.7,0.875,102.35,Website,North,6002.24
REC005068,2024-07-11,253.93,893,602,3.93,75.78,119,49.23,15,183,11,68.81,2.94,4.47,2,81.52,115.76,0.94,98.93,Mobile App,East,11200.44
REC003043,2024-07-12,253.38,929,644,4.4,70.15,109,33.26,15,177,12,43.21,3.83,4.8,2,91.32,96.54,1.21,102.02,Website,South,11474.33
REC002652,2024-07-13,169.61,850,640,5.68,29.93,111,53.49,20,198,9,69.31,4.12,2.85,1,91.79,89.5,1.195,96.09,Mobile App,Central,6292.5
REC000528,2024-07-13,71.6,918,661,4.14,13.76,141,42.11,5,208,2,50.37,4.47,3.23,2,88.38,94.56,1.282,93.73,Website,North,3093.16
REC002894,2024-07-13,103.6,875,671,2.61,32.37,118,8.97,10,212,0,59.61,4.37,4.89,1,95.16,104.64,1.251,103.45,Mobile App,North,6472.04
REC000266,2024-07-13,71.62,900,669,3.67,18.44,129,39.72,15,200,10,63.13,4.18,4.0,5,90.37,84.71,0.906,96.24,Marketplace,East,2332.42
REC001356,2024-07-13,141.27,950,618,5.53,49.07,116,31.64,25,195,10,65.01,4.05,10.34,4,82.29,119.16,1.123,97.37,Mobile App,North,7727.07
REC003135,2024-07-14,246.1,880,620,2.64,32.49,119,35.73,5,185,9,73.42,4.41,7.35,2,87.67,122.33,1.085,101.1,Mobile App,North,4825.58
REC004351,2024-07-15,223.47,900,638,4.96,42.98,108,43.38,5,197,0,74.94,4.64,5.23,0,85.35,115.74,0.843,97.32,Mobile App,East,5672.75
REC002135,2024-07-15,64.09,924,647,4.08,83.97,128,58.39,15,195,1,43.87,3.52,9.54,2,95.88,102.91,1.041,106.56,Website,Central,11955.36
REC003783,2024-07-15,113.69,924,617,5.43,63.06,107,31.17,25,199,1,55.91,4.05,0.9,3,88.21,87.41,0.856,109.08,Website,West,7151.66
REC000123,2024-07-15,130.41,898,608,4.09,20.93,89,38.62,10,176,12,43.99,3.14,6.71,2,87.68,87.39,0.974,100.29,Website,East,2067.15
REC002793,2024-07-16,93.51,918,622,4.39,67.04,100,50.29,20,190,1,38.95,3.32,7.54,1,89.93,116.96,0.84,104.47,Mobile App,Central,8304.14
REC005272,2024-07-16,163.09,899,662,4.54,55.08,118,24.34,25,188,10,46.17,4.13,3.26,2,90.45,98.84,1.123,101.82,Mobile App,South,8251.06
REC001663,2024-07-16,371.12,846,658,1.96,59.95,93,36.0,15,193,10,60.64,4.22,7.51,1,81.66,99.79,0.769,95.17,Website,East,4212.88
REC002277,2024-07-16,302.68,902,643,4.15,35.81,110,34.66,0,230,15,68.25,3.89,10.5,0,100.0,89.63,1.158,99.83,Mobile App,South,5819.3
REC001798,2024-07-17,89.37,931,646,4.12,39.96,101,41.37,20,174,14,47.04,3.38,12.07,2,90.2,88.35,1.118,97.64,Website,Central,5757.44
REC005969,2024-07-17,306.56,868,629,2.35,54.93,114,24.04,10,166,14,68.48,4.49,7.35,2,88.5,116.81,0.93,98.43,Mobile App,North,7076.56
REC002084,2024-07-17,138.25,911,727,2.63,22.42,109,45.26,15,204,12,51.47,3.91,11.9,3,97.77,105.02,1.239,91.69,Marketplace,West,3150.98
REC005065,2024-07-18,316.28,919,659,3.15,27.65,108,32.54,10,178,2,78.16,3.18,7.25,3,91.4,94.88,0.97,102.03,Marketplace,West,3074.49
REC002756,2024-07-18,340.98,867,650,3.56,31.49,112,35.99,20,169,12,59.11,3.18,3.98,1,88.52,96.88,0.821,96.2,Mobile App,East,3795.85
REC003324,2024-07-18,126.14,898,650,2.75,49.45,112,40.71,0,199,2,49.69,4.19,3.94,5,94.82,132.63,1.008,95.07,Website,Central,6433.05
REC003045,2024-07-18,240.97,888,638,5.04,55.04,114,35.83,20,175,3,58.35,4.7,11.84,2,85.8,106.07,0.969,95.81,Website,West,7454.19
REC001413,2024-07-18,130.69,910,607,4.09,36.16,133,41.01,15,172,5,52.96,4.45,5.88,0,92.76,93.78,0.796,99.34,Website,Central,4824.47
REC004741,2024-07-19,173.9,895,639,2.12,66.9,121,38.35,10,207,10,56.17,3.18,13.2,3,80.75,87.17,1.077,112.46,Mobile App,Central,10237.9
REC004544,2024-07-19,370.76,914,689,4.08,39.08,105,59.08,10,220,15,63.18,3.44,10.74,0,90.0,95.02,0.972,105.86,Mobile App,South,5292.44
REC005817,2024-07-19,174.45,946,660,4.57,19.15,123,48.88,20,197,6,60.39,4.18,12.13,5,90.46,123.63,0.918,99.11,Website,East,2528.92
REC003404,2024-07-19,373.98,881,614,2.71,61.26,134,36.14,30,202,11,44.58,3.24,7.39,2,84.67,101.22,0.872,95.46,Marketplace,West,5972.18
REC000900,2024-07-19,271.41,886,634,3.81,34.87,126,43.49,25,191,6,42.07,4.26,4.59,0,85.51,106.92,1.088,89.11,Marketplace,Central,4664.03
REC005155,2024-07-19,206.36,899,691,5.3,50.6,117,38.79,15,225,4,62.94,3.72,9.44,1,90.12,104.95,1.341,95.31,Website,Central,9005.76
REC003410,2024-07-19,187.15,869,658,3.64,43.52,97,60.03,30,171,4,63.23,4.39,3.16,4,93.22,86.21,1.085,100.52,Website,East,5127.47
REC002294,2024-07-20,148.45,865,686,4.39,18.59,101,23.45,20,192,5,50.69,4.91,11.53,0,80.13,98.59,0.803,104.31,Mobile App,Central,1441.22
REC004538,2024-07-20,190.5,920,637,4.27,57.4,130,36.92,15,197,2,61.69,3.03,10.65,2,91.87,95.79,0.92,101.56,Marketplace,South,6863.54
REC002775,2024-07-20,397.97,922,670,5.59,29.71,109,41.05,15,207,11,59.73,4.05,6.46,4,88.72,101.03,0.785,94.95,Website,North,3554.79
REC003292,2024-07-20,210.01,881,675,3.95,49.15,111,30.01,10,170,7,58.3,4.62,9.36,2,88.87,105.27,0.788,109.48,Marketplace,East,4688.96
REC004679,2024-07-20,140.44,962,643,2.79,23.35,106,29.1,15,180,2,72.35,4.18,8.49,4,91.56,88.1,1.206,93.49,Marketplace,North,2907.59
REC000176,2024-07-20,155.16,906,651,2.86,126.36,124,20.78,0,182,2,47.03,2.84,6.24,3,96.81,97.56,0.796,97.78,Mobile App,East,16433.04
REC003231,2024-07-21,93.94,887,672,2.16,65.99,125,57.12,10,152,9,56.78,4.91,1.33,1,93.95,115.28,1.063,103.22,Mobile App,Central,11937.24
REC004472,2024-07-21,180.28,875,676,3.94,76.5,120,46.25,10,202,7,48.24,4.17,5.09,2,89.13,87.4,1.172,92.85,Marketplace,North,13187.78
REC000931,2024-07-21,82.7,913,665,2.7,57.05,104,45.47,0,187,13,54.49,4.51,6.44,3,79.72,102.9,0.949,105.9,Website,South,5907.1
REC003781,2024-07-21,73.99,901,645,3.32,24.29,123,19.15,15,201,14,67.84,3.76,10.31,0,100.0,115.1,0.887,89.53,Mobile App,Central,3622.02
REC001585,2024-07-21,222.61,887,634,3.98,44.78,127,24.63,20,191,9,70.0,4.06,10.61,1,94.78,119.33,1.292,100.72,Mobile App,East,9927.13
REC005273,2024-07-21,281.24,916,640,4.61,25.36,118,47.35,5,187,10,51.36,4.08,9.34,1,97.59,114.46,1.326,98.65,Mobile App,West,6365.06
REC002486,2024-07-21,146.17,919,635,3.59,45.38,115,42.27,20,169,12,72.1,4.97,7.8,0,84.18,116.69,1.232,111.46,Mobile App,West,8479.18
REC002006,2024-07-22,262.74,917,629,5.1,53.63,117,12.47,0,199,2,59.56,3.45,5.33,1,83.96,99.55,1.337,98.16,Mobile App,West,10822.97
REC005035,2024-07-22,116.86,900,616,3.07,101.34,111,15.86,0,200,0,39.49,4.7,7.85,3,82.69,79.88,1.285,106.88,Website,West,15101.06
REC003000,2024-07-22,277.36,896,637,3.71,57.44,116,59.35,0,209,5,49.13,3.54,1.21,3,88.47,100.06,1.167,98.79,Website,East,7789.33
REC001084,2024-07-22,129.96,951,643,2.64,34.39,112,31.58,10,212,7,69.87,4.29,8.32,2,93.26,107.47,0.788,106.93,Website,East,3423.48
REC005519,2024-07-22,262.91,916,679,4.08,35.9,125,15.68,10,187,8,56.09,4.44,5.85,2,80.03,110.11,1.031,102.31,Marketplace,Central,4388.87
REC004218,2024-07-23,786.95,842,632,4.14,47.18,112,31.76,5,180,8,51.98,3.98,10.05,2,97.69,96.64,0.914,107.76,Website,East,6200.16
REC002863,2024-07-25,59.45,943,645,5.52,12.74,102,32.18,15,189,0,57.37,3.21,8.22,1,85.67,110.23,0.887,105.23,Website,South,1132.96
REC000527,2024-07-25,128.14,895,677,2.77,28.81,106,31.64,10,208,4,54.22,3.87,5.38,3,92.56,100.78,0.988,104.42,Website,North,3722.34
REC003017,2024-07-25,273.63,877,619,4.61,64.32,113,34.92,5,167,11,44.76,3.52,6.22,3,89.63,70.0,1.112,105.66,Mobile App,South,11011.1
REC004408,2024-07-25,193.58,868,634,3.22,27.09,105,48.18,20,227,5,45.56,4.82,4.46,5,100.0,116.55,0.904,99.94,Website,West,3516.41
REC003678,2024-07-25,291.03,877,619,3.11,48.75,109,38.19,15,195,10,79.46,4.84,4.12,2,88.22,96.58,1.063,105.64,Mobile App,East,7313.29
REC004607,2024-07-25,75.67,937,640,5.56,26.65,115,40.95,25,174,11,56.64,3.94,10.27,2,100.0,74.96,1.264,108.17,Website,North,4753.94
REC005398,2024-07-26,99.4,881,657,3.89,75.98,99,36.92,10,188,9,64.33,3.91,3.05,1,86.86,81.12,1.076,92.61,Marketplace,North,7658.19
REC002909,2024-07-26,121.01,870,642,3.09,26.29,115,41.74,20,183,15,52.58,4.37,10.42,2,93.98,74.74,1.114,93.95,Mobile App,South,4067.72
REC001771,2024-07-27,533.47,879,620,3.66,10.58,116,41.99,20,181,1,72.01,4.83,10.3,1,85.96,106.08,1.103,102.88,Website,South,1434.97
REC001064,2024-07-27,41.33,855,624,4.78,67.9,109,13.76,30,163,4,36.12,3.04,10.21,2,100.0,93.45,1.323,100.51,Website,Central,12671.98
REC002497,2024-07-27,171.19,902,657,4.73,103.46,115,36.86,15,220,9,73.62,3.57,3.27,0,100.0,102.42,0.79,99.11,Marketplace,North,12979.8
REC002996,2024-07-27,189.56,861,653,3.16,36.15,118,40.83,30,182,7,66.24,4.02,5.3,1,81.9,99.02,0.89,97.63,Mobile App,South,4116.0
REC003821,2024-07-27,55.31,910,626,2.35,81.39,112,19.08,5,170,8,30.41,3.61,12.17,0,86.4,99.97,1.212,92.63,Marketplace,South,9466.02
REC002348,2024-07-28,254.3,987,669,4.33,18.78,134,41.64,5,181,14,57.68,4.36,5.41,2,85.06,86.02,1.114,97.0,Mobile App,Central,3414.4
REC000996,2024-07-28,121.08,946,661,2.81,19.67,125,41.44,0,188,15,65.56,4.18,2.98,4,81.14,97.07,0.977,106.14,Marketplace,Central,2475.29
REC004936,2024-07-28,272.36,869,683,3.75,18.85,122,20.88,25,187,2,38.64,4.72,7.61,0,85.17,90.95,1.081,99.57,Website,North,2325.14
REC003568,2024-07-28,101.24,907,632,5.2,26.37,107,27.42,15,167,6,57.71,5.0,10.46,3,80.82,98.73,1.253,99.79,Website,East,4199.87
REC001961,2024-07-28,161.74,940,666,5.24,61.58,110,14.66,25,182,6,48.04,3.28,4.77,0,85.97,97.94,0.766,95.62,Mobile App,North,6444.52
REC001113,2024-07-28,144.79,889,629,5.5,34.81,130,13.84,10,187,10,47.19,4.08,6.18,1,78.75,111.1,1.318,93.58,Website,West,6425.55
REC002044,2024-07-29,213.24,929,642,4.78,50.86,97,46.68,5,171,4,65.7,3.83,0.5,6,98.42,106.85,0.797,101.87,Marketplace,West,5334.75
REC003134,2024-07-29,147.77,923,632,4.52,28.6,112,54.06,0,196,10,47.56,4.28,3.32,3,95.2,94.93,1.084,95.53,Website,Central,4431.54
REC005947,2024-07-29,428.1,911,633,4.72,28.29,115,26.08,25,182,8,44.49,4.43,12.54,2,98.52,92.81,0.945,95.52,Website,West,3711.63
REC000076,2024-07-29,44.64,874,602,3.88,17.98,101,47.01,25,186,4,48.86,4.57,3.18,4,76.11,121.42,1.313,105.22,Mobile App,West,2496.55
REC001427,2024-07-30,105.44,920,629,2.88,85.12,111,60.62,15,162,8,56.46,3.61,5.61,1,91.9,109.12,1.209,105.06,Website,West,13517.76
REC000581,2024-07-30,229.26,888,658,4.0,34.19,123,44.6,10,206,7,67.29,3.92,5.88,4,84.2,88.07,0.902,101.8,Website,West,4747.64
REC005271,2024-07-31,394.41,969,618,4.62,27.76,118,33.46,5,182,7,63.38,5.0,8.98,0,90.34,96.47,1.122,99.63,Website,West,4604.55
REC000014,2024-07-31,162.91,896,692,4.65,27.88,117,38.81,10,203,4,61.6,3.97,11.33,2,91.91,93.24,0.826,106.19,Website,East,3380.09
REC000964,2024-07-31,245.84,879,621,4.25,42.37,117,26.85,25,188,7,36.18,4.87,10.35,2,80.09,102.32,1.07,100.28,Website,West,5915.57
REC004411,2024-07-31,454.84,875,611,3.31,76.05,115,27.73,10,188,15,41.42,4.94,10.62,3,87.98,113.79,1.308,104.21,Mobile App,East,13069.46
REC003732,2024-07-31,119.83,902,611,6.11,46.5,128,23.97,10,195,4,39.6,3.31,2.75,1,94.56,122.0,0.784,105.06,Mobile App,South,6428.11
REC000679,2024-07-31,293.86,941,669,3.04,15.79,111,37.57,5,186,7,66.74,4.64,3.14,1,92.81,107.32,1.202,109.73,Website,West,2714.45
REC003092,2024-08-01,399.02,907,648,3.75,22.51,110,26.27,25,213,11,62.86,3.81,9.39,0,92.04,88.5,0.805,106.21,Website,South,2396.11
REC000982,2024-08-01,33.23,903,604,3.94,67.56,115,32.77,20,197,9,61.44,4.02,6.0,0,95.99,86.83,0.845,99.29,Mobile App,Central,8382.19
REC000339,2024-08-01,121.84,887,647,5.07,32.87,132,28.88,20,182,7,59.13,4.51,2.51,3,83.47,98.58,0.813,106.48,Mobile App,North,4466.59
REC004817,2024-08-01,180.65,849,647,4.25,51.65,108,26.02,5,161,14,49.4,3.85,3.41,3,84.42,126.19,1.024,98.38,Website,West,6993.1
REC001096,2024-08-01,54.8,892,665,3.29,55.52,129,26.08,5,166,2,71.78,4.05,13.81,0,86.86,91.73,0.935,97.71,Website,East,7479.56
REC002623,2024-08-01,399.37,953,618,4.71,40.8,119,34.82,5,206,12,59.57,4.55,3.26,3,97.09,86.96,0.784,108.16,Website,South,4691.73
REC002827,2024-08-01,174.47,883,643,5.02,35.27,117,40.33,0,184,13,58.53,4.19,14.02,0,97.11,86.39,0.916,98.43,Website,West,5471.77
REC001385,2024-08-02,139.54,861,671,4.91,34.95,120,29.34,20,194,9,39.87,4.13,6.46,1,94.02,95.87,0.832,101.59,Website,East,3861.23
REC002384,2024-08-02,141.94,920,605,6.03,31.83,108,32.95,25,182,12,55.83,4.52,6.0,0,96.27,102.27,1.172,95.27,Mobile App,East,5125.71
REC005391,2024-08-02,48.09,951,617,4.25,67.12,125,65.37,30,199,1,66.35,3.75,9.62,1,96.82,109.8,1.071,98.69,Website,East,12916.29
REC004693,2024-08-02,178.02,868,620,5.81,22.29,118,48.87,0,202,10,70.46,3.61,9.01,2,81.43,90.95,0.883,96.86,Website,West,2743.16
REC003254,2024-08-02,137.54,868,647,5.19,36.38,122,36.38,25,202,12,40.38,4.38,6.5,0,93.43,100.74,0.965,97.16,Website,East,5250.66
REC005970,2024-08-02,144.21,918,670,3.45,74.56,132,46.01,5,205,0,42.86,4.17,6.73,2,93.15,104.55,0.948,93.73,Mobile App,South,11657.31
REC005620,2024-08-02,148.45,872,650,2.43,31.63,119,57.41,5,188,14,62.32,4.09,6.27,0,88.11,110.85,1.061,104.04,Mobile App,Central,4580.3
REC001446,2024-08-02,180.03,936,640,3.94,31.76,125,31.32,20,196,14,51.98,2.84,0.77,3,97.72,96.6,1.036,103.14,Mobile App,North,6186.39
REC002869,2024-08-03,211.59,860,635,2.92,73.63,134,42.12,0,197,11,37.75,4.01,7.14,0,97.37,127.46,1.081,96.54,Marketplace,Central,13462.71
REC005907,2024-08-03,92.0,969,639,2.3,67.19,104,41.09,15,197,2,61.37,3.97,7.87,0,86.05,104.87,1.026,95.89,Mobile App,South,8566.94
REC004648,2024-08-03,108.48,896,645,3.97,47.38,113,17.53,15,224,1,68.6,4.51,5.61,1,97.09,121.79,1.272,98.5,Marketplace,South,7522.38
REC005850,2024-08-03,159.44,874,648,2.9,50.6,110,67.6,0,187,13,58.21,5.0,3.01,2,82.48,109.73,0.809,100.05,Website,Central,4741.25
REC005409,2024-08-03,294.11,908,608,3.75,27.98,118,53.36,15,195,0,84.27,4.19,1.41,0,91.38,109.02,1.233,103.48,Mobile App,West,5795.75
REC004978,2024-08-03,344.7,903,622,2.88,24.79,102,26.92,20,176,15,61.46,3.46,8.9,3,97.03,84.07,1.321,100.48,Mobile App,East,4141.16
REC001199,2024-08-03,98.84,937,652,5.81,71.5,125,11.74,10,236,8,62.09,4.18,7.01,2,93.9,114.96,0.99,97.12,Mobile App,South,9840.18
REC005803,2024-08-04,82.4,905,640,2.22,35.16,107,8.0,20,216,8,54.86,4.65,7.2,3,83.01,95.31,1.044,104.54,Website,East,3513.87
REC000842,2024-08-04,396.15,923,629,5.39,44.4,106,32.58,5,220,13,48.55,4.36,4.18,0,84.82,70.0,1.263,93.34,Mobile App,East,7730.83
REC003849,2024-08-04,121.44,881,594,5.3,33.45,121,35.39,10,193,9,54.39,4.39,6.13,4,94.66,96.35,0.825,109.26,Mobile App,East,5013.14
REC001821,2024-08-04,59.81,911,623,4.52,20.67,110,46.75,20,190,2,69.38,3.92,7.08,0,80.23,97.36,0.788,94.06,Website,East,2150.77
REC002522,2024-08-04,222.46,908,629,2.81,19.37,122,12.4,30,165,2,61.19,4.13,7.08,4,90.86,96.92,0.832,105.58,Website,North,2075.94
REC004003,2024-08-05,305.17,879,662,3.41,29.22,110,43.92,0,194,4,43.34,4.13,9.79,1,88.46,93.54,1.308,109.52,Website,Central,4876.67
REC001887,2024-08-05,106.4,905,596,6.47,16.56,97,33.71,15,166,15,53.75,4.59,11.72,1,84.68,103.22,0.909,101.05,Website,North,1829.14
REC003942,2024-08-05,366.77,852,633,4.58,40.23,121,67.46,10,166,3,77.6,3.64,8.5,1,94.79,89.17,1.171,99.74,Website,Central,8665.27
REC002507,2024-08-05,205.21,932,652,3.98,34.95,114,29.74,0,177,3,67.99,3.95,0.5,1,94.64,116.59,0.872,101.94,Website,West,5080.63
REC004114,2024-08-05,33.22,908,610,2.76,172.46,123,51.5,20,176,1,77.89,4.85,11.88,0,84.29,89.61,1.117,99.47,Marketplace,South,24139.01
REC001697,2024-08-05,51.05,928,684,3.11,38.17,114,30.88,30,208,4,57.37,4.13,8.99,2,87.83,76.45,1.184,106.5,Website,Central,4949.02
REC005115,2024-08-06,156.49,889,656,3.14,87.19,101,23.82,20,180,15,64.72,4.12,6.93,2,92.16,115.8,0.788,93.09,Website,North,7177.86
REC004251,2024-08-06,35.47,871,654,4.56,54.84,117,46.62,25,177,13,41.29,3.55,1.67,2,100.0,104.11,0.979,101.07,Website,East,9290.28
REC004617,2024-08-06,559.78,920,618,3.98,23.87,115,20.34,10,194,8,55.81,5.0,8.92,1,77.38,98.35,0.753,98.63,Marketplace,South,1792.49
REC004684,2024-08-06,92.44,898,627,3.7,105.71,103,50.8,25,214,15,66.51,4.08,5.48,1,100.0,113.33,1.337,102.53,Mobile App,East,21558.78
REC001912,2024-08-06,122.98,878,640,3.65,82.25,116,32.1,25,185,9,48.48,4.19,6.39,0,90.68,88.42,1.057,98.63,Website,South,10264.86
REC004024,2024-08-06,118.9,955,670,4.72,40.71,98,43.85,5,162,11,75.35,4.42,8.85,1,83.43,96.78,1.246,97.16,Mobile App,North,6594.34
REC003345,2024-08-07,109.54,904,628,4.19,27.9,123,41.16,20,177,10,51.36,4.07,5.33,1,86.59,109.41,1.152,104.11,Website,East,4715.15
REC002698,2024-08-07,360.51,872,650,3.33,65.02,122,41.32,5,192,5,69.08,4.93,2.61,1,92.89,89.18,1.153,96.74,Website,West,12097.22
REC000065,2024-08-08,126.26,917,672,2.68,99.58,108,48.64,20,198,5,45.29,3.35,11.78,2,100.0,100.01,0.945,84.92,Website,South,13138.74
REC003076,2024-08-08,307.81,903,638,3.81,74.9,107,28.83,10,198,10,60.66,4.28,14.11,0,96.23,106.0,0.847,97.74,Mobile App,North,9192.73
REC000829,2024-08-08,129.14,888,661,2.38,92.72,120,52.74,25,203,2,41.12,3.75,4.69,2,92.14,107.85,1.061,102.1,Website,South,12919.77
REC000617,2024-08-08,69.39,896,630,2.6,25.41,120,56.43,30,200,1,34.55,4.73,3.46,0,88.96,93.14,1.185,94.2,Website,West,4582.73
REC005626,2024-08-08,76.61,906,638,1.56,55.19,108,30.0,10,163,8,55.56,4.96,5.15,4,81.95,100.2,1.06,98.65,Website,West,5449.02
REC004906,2024-08-08,149.07,948,623,5.09,58.82,113,42.72,15,185,4,69.26,4.49,3.21,1,100.0,104.85,0.912,98.92,Mobile App,South,8277.55
REC000371,2024-08-09,80.64,926,642,3.96,57.0,107,29.74,15,180,15,35.28,5.0,14.04,1,87.99,97.6,0.953,101.17,Website,South,5738.1
REC000489,2024-08-09,110.99,943,640,4.31,34.11,130,31.3,0,209,3,62.73,3.41,7.93,3,100.0,101.69,1.078,83.1,Marketplace,East,5892.47
REC005270,2024-08-09,31.46,973,661,5.71,59.59,103,43.55,10,197,11,67.09,3.62,8.68,1,86.53,113.04,0.782,91.53,Website,North,5557.21
REC001834,2024-08-09,135.12,839,644,4.52,39.68,114,52.7,10,204,5,59.08,2.78,14.1,2,80.31,107.92,0.979,96.6,Website,East,4884.01
REC004619,2024-08-10,164.63,881,618,3.99,34.1,112,14.66,15,185,11,65.09,3.08,6.15,2,100.0,111.67,1.108,99.28,Website,East,5092.29
REC002500,2024-08-10,293.25,875,640,4.37,19.71,112,51.11,15,184,7,55.68,4.86,7.73,1,91.15,95.21,1.285,94.39,Marketplace,East,3853.98
REC005070,2024-08-10,199.92,904,631,2.82,79.14,101,46.15,30,183,15,66.87,4.25,5.82,4,92.97,86.95,1.065,106.09,Website,West,12368.52
REC002784,2024-08-10,293.58,870,644,6.2,90.82,127,46.65,25,183,0,64.56,3.73,7.13,0,94.67,116.54,1.036,99.69,Website,East,16159.92
REC003354,2024-08-11,347.73,939,624,4.9,52.33,132,55.47,10,194,10,55.44,4.57,12.55,3,90.92,93.63,0.822,97.23,Mobile App,West,8019.86
REC001468,2024-08-11,290.27,899,628,3.8,26.54,109,25.36,5,184,13,45.85,3.93,2.75,0,92.5,117.14,1.034,107.66,Mobile App,West,4463.67
REC001546,2024-08-11,499.88,950,622,4.41,118.19,121,52.24,15,192,1,38.94,4.32,7.7,1,85.66,121.62,0.903,96.81,Website,North,14927.72
REC004912,2024-08-11,43.33,909,619,1.59,39.27,119,47.32,20,175,8,44.95,4.46,8.98,1,98.12,88.26,1.247,106.53,Website,North,7666.99
REC004214,2024-08-11,97.53,875,645,3.04,24.07,112,38.14,15,172,12,67.37,4.72,3.97,1,100.0,112.99,1.147,103.1,Marketplace,North,3996.64
REC005896,2024-08-11,29.38,928,621,3.77,35.98,119,32.84,10,155,3,73.83,2.64,1.64,0,97.72,100.27,0.751,94.69,Website,West,4408.37
REC004871,2024-08-11,161.92,923,637,3.39,64.65,96,13.81,5,192,0,42.03,3.54,9.83,5,93.97,113.67,1.072,98.14,Website,Central,8160.67
REC001237,2024-08-12,125.91,933,649,4.88,30.76,120,12.23,20,198,14,59.06,4.04,11.41,1,100.0,92.35,0.818,104.52,Website,Central,4310.84
REC005608,2024-08-12,159.17,907,621,4.54,41.92,123,21.12,0,183,7,65.0,4.08,8.63,0,73.25,99.9,1.258,96.65,Mobile App,West,6971.22
REC002322,2024-08-13,110.84,917,633,4.71,21.88,104,27.77,0,166,6,44.85,4.47,5.23,3,89.94,111.51,1.157,96.61,Website,West,3625.42
REC004821,2024-08-13,65.12,910,603,2.64,61.77,122,39.63,5,182,3,76.1,5.0,8.21,2,84.96,108.7,1.319,96.64,Mobile App,North,10583.21
REC000536,2024-08-13,176.43,912,646,2.24,25.51,137,25.73,20,175,6,54.99,3.19,13.88,1,87.61,106.19,1.139,101.21,Mobile App,Central,4299.02
REC000809,2024-08-13,369.92,854,655,2.42,29.16,103,34.17,0,184,12,43.95,3.64,10.21,6,94.62,99.67,0.991,100.02,Website,East,3381.0
REC000199,2024-08-13,52.92,898,623,4.81,72.74,125,45.1,15,182,1,65.67,4.45,10.19,1,91.33,93.28,1.17,94.4,Website,South,12714.52
REC002803,2024-08-13,352.04,873,623,3.76,26.32,112,51.29,5,191,5,56.16,3.72,3.67,0,87.56,123.15,1.033,99.38,Mobile App,East,4201.13
REC001527,2024-08-13,252.38,923,645,4.07,69.64,125,50.72,25,201,9,43.79,3.26,10.26,0,86.67,94.21,1.122,98.37,Mobile App,North,14641.0
REC005778,2024-08-13,174.1,876,652,5.42,95.47,120,37.51,20,182,10,65.51,4.56,9.14,2,98.89,96.21,0.79,100.09,Website,North,12740.15
REC005728,2024-08-13,197.98,877,653,4.29,15.12,130,46.61,10,210,1,59.37,3.58,6.53,1,89.96,95.21,0.795,97.7,Marketplace,Central,1775.58
REC005445,2024-08-13,180.01,887,605,2.14,18.0,135,47.77,20,194,10,64.32,3.4,7.83,0,96.99,97.5,0.829,105.61,Mobile App,Central,2160.02
REC005794,2024-08-14,179.52,887,635,4.65,32.53,127,40.35,5,204,7,58.29,4.52,1.0,0,94.53,115.96,0.903,93.94,Website,Central,4692.02
REC003909,2024-08-14,142.87,889,643,4.25,18.38,120,21.87,10,169,14,49.13,4.91,17.05,1,90.91,95.1,1.181,93.68,Mobile App,Central,3663.05
REC001422,2024-08-14,132.03,940,635,5.96,56.3,129,30.65,20,191,6,67.19,4.38,7.08,1,96.48,86.57,1.347,105.98,Marketplace,South,12451.55
REC002887,2024-08-14,38.86,871,656,5.49,24.67,121,30.64,10,179,3,60.17,4.62,7.56,3,84.26,91.06,0.964,97.52,Website,South,2926.03
REC003449,2024-08-14,444.33,885,604,3.92,40.34,116,46.48,20,200,8,71.47,3.91,6.82,1,89.67,94.29,1.001,95.66,Website,Central,5047.0
REC003011,2024-08-15,319.63,840,638,3.0,51.31,107,50.37,15,199,13,45.65,4.87,7.23,0,76.07,112.21,1.206,101.88,Website,West,7018.69
REC003895,2024-08-15,125.32,918,633,5.83,22.01,134,35.59,10,195,4,37.79,4.75,1.1,1,86.05,96.3,1.152,86.39,Marketplace,South,3956.72
REC003894,2024-08-15,147.52,928,575,4.58,87.76,107,29.76,15,201,12,53.2,4.7,4.23,1,83.47,101.38,1.118,97.11,Website,West,16611.47
REC005102,2024-08-15,398.56,858,608,3.88,56.91,122,65.01,0,193,10,60.1,4.88,3.29,2,100.0,104.63,1.292,96.83,Mobile App,North,14993.63
REC003920,2024-08-15,155.57,873,663,3.25,43.87,111,24.21,5,185,2,49.52,3.79,5.98,0,94.35,106.74,0.933,101.52,Website,North,5412.88
REC003466,2024-08-15,112.46,879,625,3.71,23.23,129,20.3,20,186,11,49.1,4.01,2.92,2,85.02,110.59,1.222,104.98,Mobile App,East,4365.87
REC000657,2024-08-15,119.13,907,630,5.28,122.22,124,49.53,10,190,1,64.16,3.43,7.53,0,93.45,101.75,1.168,95.47,Website,Central,25691.28
REC004572,2024-08-16,95.94,946,608,4.91,32.13,115,25.63,10,160,8,53.32,4.12,6.8,2,91.46,109.83,1.132,97.01,Website,Central,5078.97
REC004716,2024-08-16,84.47,948,639,3.14,21.32,121,47.57,15,215,9,50.6,3.7,8.36,2,86.25,84.44,0.817,102.93,Marketplace,Central,2176.58
REC003768,2024-08-16,48.33,897,651,3.67,41.23,110,47.5,10,206,10,22.4,4.61,10.25,1,84.34,94.7,0.988,95.46,Website,West,4762.14
REC000794,2024-08-17,84.51,903,607,4.17,98.19,123,44.79,20,178,10,49.36,3.14,6.4,0,84.15,92.3,0.869,99.43,Website,East,11091.08
REC000142,2024-08-17,56.65,924,649,4.57,38.0,107,44.21,25,195,9,50.84,3.73,7.37,2,86.11,97.77,0.9,89.49,Mobile App,East,3825.72
REC002244,2024-08-17,119.35,890,672,4.68,86.12,105,25.89,10,208,3,59.94,3.79,1.6,3,94.24,87.68,1.058,92.59,Website,South,11581.32
REC000976,2024-08-17,145.13,889,610,2.55,36.05,97,27.2,25,198,15,51.56,4.12,15.15,2,92.87,104.24,0.947,98.98,Mobile App,North,4119.68
REC002731,2024-08-17,193.82,861,639,4.19,36.64,99,26.79,5,194,1,48.77,3.59,11.95,1,96.2,110.26,1.285,93.88,Website,West,6033.68
REC003058,2024-08-17,56.03,860,637,2.9,68.05,90,44.29,10,197,12,28.23,3.65,9.95,0,86.7,91.96,0.938,98.97,Website,Central,6195.86
REC005110,2024-08-17,151.66,897,616,5.46,79.06,103,20.3,25,197,3,57.19,3.23,9.75,2,83.4,94.59,1.015,105.14,Mobile App,East,9811.07
REC003883,2024-08-18,265.03,918,631,4.78,56.78,109,43.45,15,213,9,35.37,4.23,9.27,1,83.42,107.62,1.166,100.88,Website,South,8604.86
REC003225,2024-08-18,181.2,882,612,3.18,24.55,108,11.3,15,196,1,57.3,4.69,9.24,1,86.71,86.91,1.298,106.11,Website,South,3756.11
REC005984,2024-08-18,100.37,921,678,4.21,19.02,101,36.66,15,212,1,45.93,3.77,10.8,1,90.73,107.16,0.967,91.93,Website,West,2108.15
REC002913,2024-08-18,192.88,878,597,4.02,83.09,115,47.53,15,184,3,45.62,4.71,9.14,1,96.5,120.32,1.242,97.33,Marketplace,Central,14392.32
REC003516,2024-08-18,165.35,903,657,2.53,75.6,106,33.89,20,202,9,64.89,4.76,4.33,1,94.95,98.16,1.003,110.59,Website,Central,8465.83
REC005905,2024-08-18,155.22,858,622,1.71,64.13,125,22.19,5,199,12,38.09,4.24,1.46,2,87.12,83.18,1.147,105.84,Website,East,9206.43
REC003788,2024-08-18,117.86,882,648,3.9,41.82,112,45.58,25,192,2,61.44,3.63,9.3,2,94.76,101.86,0.944,105.14,Mobile App,South,5772.27
REC001525,2024-08-18,89.14,936,625,5.25,32.7,113,22.68,5,173,5,55.29,3.83,12.0,2,87.4,86.07,1.124,100.62,Marketplace,North,4692.25
REC004380,2024-08-19,944.99,891,634,2.27,61.39,102,33.39,20,207,9,49.74,4.77,9.77,1,85.25,102.49,0.818,104.27,Marketplace,West,5775.79
REC002213,2024-08-19,96.0,912,643,3.18,59.38,144,46.65,15,191,2,60.71,3.68,8.73,0,98.76,94.36,1.044,101.11,Mobile App,Central,12816.88
REC003211,2024-08-20,130.37,853,663,2.25,25.5,120,20.05,15,199,2,44.41,3.92,5.16,3,98.79,85.58,0.931,91.07,Mobile App,West,3766.2
REC002018,2024-08-20,61.4,924,623,4.66,24.76,117,35.46,10,201,11,82.9,3.42,9.66,1,99.95,92.61,1.117,95.57,Mobile App,East,4781.87
REC001105,2024-08-20,121.79,906,641,4.84,14.22,108,39.39,10,188,11,44.84,3.96,9.29,1,90.58,117.79,1.204,90.68,Website,South,2312.47
REC002025,2024-08-21,167.68,847,631,3.75,60.91,118,32.61,15,219,2,53.16,4.67,13.09,1,98.4,101.74,1.142,99.52,Marketplace,West,10260.1
REC004992,2024-08-21,77.81,868,654,3.47,101.99,96,52.91,5,173,11,78.06,3.94,1.39,4,98.08,115.74,1.256,100.06,Website,East,17530.3
REC003109,2024-08-21,238.19,906,634,4.22,49.7,112,19.4,30,180,10,62.03,4.17,6.52,2,99.86,94.45,0.923,102.97,Mobile App,South,7102.02
REC002695,2024-08-21,351.47,910,615,4.49,15.38,125,53.85,20,166,14,44.19,4.81,0.63,1,100.0,91.68,1.338,87.66,Mobile App,Central,3455.27
REC003850,2024-08-22,236.68,891,660,4.09,79.04,109,40.87,20,170,8,34.22,3.77,8.85,1,93.14,70.0,0.791,102.04,Mobile App,South,9066.71
REC005697,2024-08-22,522.35,910,595,4.32,93.73,90,26.55,30,190,15,51.12,3.71,8.98,2,93.11,103.36,1.178,102.44,Website,East,12502.77
REC001057,2024-08-22,417.04,900,653,1.66,22.54,105,37.53,20,211,1,54.57,4.51,5.55,3,96.39,113.04,1.087,100.0,Website,Central,2653.82
REC005178,2024-08-22,111.08,908,678,3.31,31.33,108,40.75,0,208,12,51.57,3.72,0.5,3,87.14,84.29,1.208,95.44,Marketplace,South,4006.76
REC000533,2024-08-22,112.32,881,579,2.2,45.87,121,27.55,10,201,2,55.09,3.14,7.61,3,89.43,94.1,1.199,86.09,Website,South,6566.37
REC001965,2024-08-23,178.58,863,618,3.91,21.12,132,23.42,15,189,8,53.77,3.65,8.05,2,86.81,92.14,0.918,104.7,Website,West,2718.16
REC005952,2024-08-23,272.37,873,650,3.64,93.98,113,42.22,0,202,5,71.73,3.9,7.38,0,100.0,100.16,1.305,103.73,Mobile App,North,20031.03
REC005849,2024-08-23,58.27,907,626,4.12,45.13,107,46.93,0,191,15,60.81,3.48,7.41,1,92.87,91.86,1.34,97.91,Mobile App,North,9010.57
REC001669,2024-08-23,106.55,917,649,4.35,61.64,123,45.27,15,172,7,55.4,4.14,9.73,1,91.16,103.34,0.91,95.37,Mobile App,South,8536.68
REC002299,2024-08-23,542.89,895,626,2.68,47.15,132,34.47,10,198,0,71.26,4.23,10.51,2,86.61,103.48,1.343,104.33,Website,North,8990.97
REC003683,2024-08-23,702.06,895,656,4.64,31.38,115,40.83,15,219,0,75.73,3.71,3.92,0,80.07,96.24,0.832,106.87,Mobile App,Central,3245.51
REC004634,2024-08-24,196.69,901,615,4.59,22.53,116,59.2,15,176,8,54.58,2.98,6.36,3,94.52,102.04,1.19,97.3,Mobile App,West,4758.57
REC005057,2024-08-24,460.92,914,657,3.33,16.81,124,37.58,0,184,9,42.78,4.95,11.78,1,85.53,82.39,1.113,101.78,Website,West,3032.17
REC003340,2024-08-25,196.72,886,656,2.29,67.87,113,50.66,10,194,4,77.39,4.11,5.95,2,98.06,85.57,1.101,91.54,Mobile App,South,11605.39
REC005122,2024-08-25,285.78,936,608,4.41,12.07,108,30.19,20,192,11,53.15,4.9,10.43,2,100.0,94.14,1.104,98.81,Mobile App,North,2201.85
REC003380,2024-08-26,271.83,904,654,4.58,27.89,102,36.85,20,202,2,79.53,4.22,16.82,3,94.84,105.11,1.302,100.78,Website,East,4686.46
REC001997,2024-08-26,79.53,885,672,3.89,74.38,130,47.16,15,189,14,60.24,4.66,7.22,3,93.87,97.65,1.026,95.58,Mobile App,East,12120.7
REC002995,2024-08-26,162.34,883,659,4.74,72.23,111,34.65,15,199,2,64.07,4.08,8.99,1,79.89,106.85,1.188,101.89,Website,South,11158.31
REC005701,2024-08-27,128.63,888,609,4.99,31.86,117,49.13,15,202,12,34.54,3.36,5.74,1,83.42,83.59,1.127,107.04,Mobile App,Central,5720.69
REC000673,2024-08-27,47.37,922,611,0.8,72.4,131,34.92,15,210,6,66.31,5.0,5.07,0,93.75,104.26,1.221,102.43,Website,East,12764.95
REC005079,2024-08-27,164.59,908,680,3.7,47.63,106,63.96,0,176,6,60.57,3.37,11.71,0,100.0,106.75,0.959,102.23,Mobile App,West,8330.36
REC003197,2024-08-27,93.75,901,638,2.54,28.07,125,27.26,10,199,7,63.04,4.15,9.01,2,100.0,112.88,1.01,100.71,Website,South,4953.16
REC004956,2024-08-27,158.12,933,643,3.69,28.07,122,29.99,25,187,3,72.13,4.08,4.35,0,92.39,110.02,0.794,95.32,Mobile App,Central,3310.42
REC002182,2024-08-28,145.36,917,635,3.29,87.24,123,29.69,10,200,2,56.79,4.08,8.72,2,90.02,113.27,1.31,93.73,Marketplace,West,14291.27
REC004042,2024-08-28,257.54,847,636,4.24,19.98,106,40.93,20,199,6,39.71,4.01,8.89,1,81.97,99.06,0.962,96.58,Marketplace,Central,1832.82
REC003799,2024-08-28,190.88,892,654,5.07,25.24,106,34.14,10,192,14,53.98,4.63,7.86,2,83.98,105.8,0.963,98.84,Mobile App,South,3291.31
REC003286,2024-08-29,151.15,953,666,5.39,110.29,115,29.44,20,187,11,54.36,3.93,4.32,3,84.4,113.67,1.324,93.31,Website,Central,19727.64
REC005367,2024-08-29,525.17,858,628,5.75,70.13,133,26.0,5,186,4,47.68,4.19,6.55,1,83.87,102.6,1.182,105.76,Mobile App,South,13580.04
REC003346,2024-08-29,94.83,942,639,4.7,29.01,134,24.45,15,202,10,72.87,3.7,11.66,0,86.72,100.17,1.314,101.48,Website,West,7257.33
REC002368,2024-08-29,92.9,888,674,3.82,42.98,109,33.4,5,175,1,76.55,3.88,1.57,1,80.31,124.23,0.932,102.1,Mobile App,East,5359.91
REC003460,2024-08-30,90.79,887,612,3.48,39.59,110,58.43,5,204,7,57.66,3.4,11.97,0,99.52,105.52,0.865,103.32,Mobile App,South,4907.96
REC002616,2024-08-30,326.86,891,665,3.98,33.97,98,45.83,25,189,5,41.85,4.51,7.48,6,87.76,124.69,1.199,101.55,Mobile App,East,4724.69
REC002557,2024-08-30,156.75,892,617,3.12,45.24,111,28.76,10,168,0,64.25,4.33,2.97,5,94.07,111.85,1.128,93.35,Website,East,7405.13
REC005467,2024-08-31,321.7,924,628,1.18,13.44,99,40.88,10,180,14,68.43,4.28,3.62,2,97.45,85.61,1.15,101.46,Website,Central,1984.34
REC004332,2024-09-01,87.45,894,655,3.4,59.66,117,31.57,10,184,4,90.0,4.1,1.45,3,80.2,102.58,1.227,100.14,Website,South,7223.84
REC001218,2024-09-01,132.37,916,606,4.0,28.11,112,46.61,5,184,2,60.44,4.43,6.63,3,82.84,104.23,1.232,99.96,Mobile App,Central,4839.92
REC000789,2024-09-01,87.32,900,620,3.06,52.93,108,35.41,15,218,7,78.59,3.35,10.2,1,89.19,83.89,1.261,109.8,Marketplace,Central,7035.12
REC003342,2024-09-01,103.58,904,697,4.08,43.33,116,27.18,25,199,8,47.29,3.79,5.37,0,94.08,98.95,0.988,101.69,Website,West,6762.32
REC003530,2024-09-01,189.78,904,645,4.44,62.93,111,49.13,10,194,15,55.05,3.67,12.63,2,94.94,114.05,0.773,104.39,Website,Central,7344.85
REC003104,2024-09-01,113.83,894,622,3.32,27.17,113,40.91,15,221,11,66.33,4.62,8.23,2,88.04,91.79,1.169,95.06,Mobile App,East,4589.98
REC002249,2024-09-02,145.22,949,635,4.34,48.83,108,44.83,15,185,14,66.58,3.77,8.65,1,90.72,85.24,0.816,107.71,Mobile App,East,5985.33
REC004199,2024-09-02,108.83,939,652,5.16,75.89,120,48.81,15,192,8,28.22,3.4,6.96,1,90.46,97.32,0.905,96.71,Website,North,10600.75
REC003353,2024-09-03,141.79,913,646,3.4,24.61,108,29.96,25,198,5,53.68,3.96,2.93,1,91.05,92.7,1.11,102.63,Mobile App,North,3651.09
REC002290,2024-09-04,56.61,888,666,2.66,22.15,133,27.29,25,219,15,53.93,4.1,2.31,1,89.43,100.37,1.199,99.37,Website,South,3728.19
REC005237,2024-09-04,129.35,879,649,2.17,20.17,105,22.34,20,183,5,49.88,4.13,8.73,4,98.22,103.77,1.106,97.62,Website,Central,2838.38
REC000181,2024-09-04,85.91,906,609,3.51,16.72,122,35.64,10,183,12,51.67,4.46,18.69,2,95.85,103.27,1.306,103.14,Mobile App,West,3464.99
REC003670,2024-09-04,135.3,899,646,2.92,40.02,124,35.21,15,200,3,58.14,3.99,4.65,3,97.81,93.47,0.926,95.95,Mobile App,West,6475.18
REC002264,2024-09-05,243.44,888,622,2.99,37.36,121,31.1,20,204,5,61.06,4.29,14.55,1,90.68,95.95,1.232,99.54,Mobile App,East,6549.58
REC002163,2024-09-05,313.47,886,674,6.49,17.05,128,41.54,5,199,4,54.47,4.3,6.44,1,92.3,120.52,1.327,108.65,Website,Central,3722.21
REC005679,2024-09-05,214.5,913,612,3.32,17.32,133,61.28,5,188,1,68.56,4.19,4.91,0,79.53,97.98,0.92,102.86,Mobile App,North,2822.21
REC002104,2024-09-05,94.66,911,628,4.72,29.87,103,45.54,10,202,5,53.34,4.69,9.3,1,95.96,81.85,1.229,96.66,Website,West,4447.18
REC000242,2024-09-05,133.97,875,623,3.39,26.45,105,31.01,10,184,10,48.24,4.09,9.2,1,93.81,122.6,1.271,102.61,Mobile App,East,3834.22
REC000844,2024-09-06,62.29,896,597,5.62,44.27,110,33.57,30,183,0,74.32,4.67,7.61,1,99.05,112.41,0.826,104.15,Mobile App,East,5653.49
REC003666,2024-09-06,211.12,870,656,3.33,91.02,132,35.85,0,193,1,44.91,4.14,7.14,4,86.23,114.12,1.029,103.07,Marketplace,North,12906.61
REC005209,2024-09-06,196.83,932,624,2.78,25.99,112,44.45,10,174,6,44.34,4.71,6.96,0,97.79,97.99,1.154,96.21,Website,East,4080.08
REC000121,2024-09-06,196.0,901,668,1.45,23.72,108,47.14,10,199,10,66.06,4.19,4.15,1,93.9,91.1,0.781,103.84,Website,Central,2560.43
REC005722,2024-09-06,231.46,909,648,3.4,76.54,112,37.21,0,205,13,60.4,4.03,9.51,0,95.6,89.26,0.804,94.96,Mobile App,North,9170.66
REC002016,2024-09-06,127.76,913,590,5.83,78.35,129,43.36,10,207,2,23.97,4.29,4.65,2,96.37,101.38,1.328,100.82,Website,East,17839.79
REC001056,2024-09-06,151.68,818,650,2.29,17.82,106,46.45,0,170,15,33.6,4.17,9.77,1,100.0,105.54,0.943,99.34,Marketplace,Central,1999.8
REC003780,2024-09-07,275.4,884,639,4.59,18.37,108,52.99,10,178,13,56.43,4.73,5.94,1,99.04,78.4,0.851,95.2,Website,North,2356.49
REC001161,2024-09-07,112.03,871,606,4.62,111.8,112,34.63,5,169,12,49.85,3.38,6.89,1,88.42,75.32,0.959,90.26,Mobile App,Central,15479.43
REC001579,2024-09-07,357.44,888,651,4.61,62.03,131,33.71,10,194,11,49.0,3.5,11.19,3,85.73,103.98,0.999,95.17,Website,East,8697.63
REC003314,2024-09-07,64.36,879,628,2.35,44.09,131,52.01,15,201,5,61.6,2.67,4.06,0,100.0,90.95,0.969,99.49,Mobile App,Central,8071.25
REC004205,2024-09-07,81.9,886,624,3.93,80.78,107,45.35,0,186,7,41.67,3.85,6.04,0,95.86,83.47,1.28,97.18,Mobile App,Central,17043.58
REC003990,2024-09-07,757.88,856,596,2.62,23.62,106,50.98,15,181,4,46.54,4.43,14.79,0,84.42,100.4,0.973,91.1,Mobile App,North,2903.86
REC001970,2024-09-08,68.63,889,639,3.12,64.17,119,48.4,20,164,10,67.18,4.41,6.9,2,85.51,114.96,0.834,98.65,Marketplace,South,5889.45
REC002316,2024-09-09,282.29,852,621,5.12,39.73,119,21.66,20,193,8,40.96,3.77,3.12,1,92.28,96.7,0.971,95.38,Website,South,4690.78
REC005707,2024-09-09,133.76,929,616,4.85,14.57,112,33.31,10,181,6,57.18,4.51,9.8,0,93.23,107.32,1.105,94.83,Marketplace,Central,2156.9
REC004667,2024-09-09,124.29,922,622,4.36,38.01,102,55.81,30,191,6,60.49,3.75,9.23,3,91.68,85.91,1.16,99.27,Website,South,5054.25
REC005295,2024-09-09,282.79,927,670,1.46,39.63,122,32.65,15,184,7,58.38,4.09,8.19,0,95.63,111.06,1.184,100.86,Website,West,8127.42
REC003803,2024-09-10,85.78,876,637,5.16,37.76,130,61.18,20,178,7,67.62,3.33,7.91,4,89.73,103.96,1.049,110.68,Mobile App,Central,6690.36
REC002186,2024-09-10,95.77,889,675,5.42,73.13,110,36.95,20,226,8,49.51,4.15,7.31,1,100.0,117.64,1.329,103.34,Mobile App,North,16916.24
REC002928,2024-09-10,482.24,895,666,3.31,45.57,115,39.77,5,223,5,38.04,3.96,13.36,1,93.44,81.43,1.116,100.62,Website,East,6580.77
REC002687,2024-09-10,264.57,931,629,2.74,60.26,118,41.77,15,188,5,62.74,3.71,2.7,3,83.82,125.07,0.796,97.41,Website,Central,6234.18
REC005948,2024-09-10,352.27,916,686,4.1,39.18,112,28.34,10,205,1,52.32,3.48,7.93,2,93.58,93.19,0.897,105.09,Website,East,5260.73
REC001628,2024-09-10,169.75,905,615,4.56,60.96,109,18.95,15,183,7,75.03,4.74,9.57,2,98.02,79.84,1.237,97.63,Website,West,11718.98
REC000202,2024-09-10,339.57,882,680,3.9,14.08,123,40.29,20,169,2,68.76,4.22,3.34,0,85.3,108.27,1.227,97.0,Mobile App,North,2881.28
REC000744,2024-09-11,97.78,883,624,4.99,59.26,113,42.09,5,193,2,63.15,4.3,14.14,1,83.11,100.02,1.129,102.23,Website,North,8725.05
REC004283,2024-09-12,301.26,908,631,5.17,61.09,140,36.95,10,170,2,45.64,4.56,8.44,0,100.0,83.47,1.287,109.22,Website,North,17303.47
REC001230,2024-09-12,187.34,889,630,4.94,55.29,117,16.82,0,184,2,65.0,3.62,6.53,0,95.91,121.68,0.927,96.03,Website,North,8239.8
REC002575,2024-09-12,229.58,932,602,3.27,22.08,111,46.24,5,197,1,48.22,4.34,12.71,3,80.23,106.32,1.34,96.69,Website,West,3641.31
REC005877,2024-09-12,70.04,935,677,3.06,35.79,102,51.04,5,208,4,67.07,4.69,2.31,0,97.83,102.91,0.817,96.1,Mobile App,Central,4009.45
REC000367,2024-09-13,29.22,911,652,3.84,46.35,114,39.04,20,213,15,59.06,4.25,5.86,3,100.0,100.7,0.928,98.8,Website,Central,5586.49
REC004520,2024-09-13,109.73,974,613,4.72,213.0,125,45.42,5,190,13,50.57,3.74,6.78,1,95.11,83.89,0.928,94.44,Website,North,32334.21
REC005498,2024-09-13,233.18,898,616,3.16,41.56,113,54.83,20,203,10,78.25,3.87,5.31,2,100.0,104.65,1.343,92.15,Mobile App,Central,9244.93
REC001811,2024-09-13,245.14,920,639,3.23,77.9,86,26.89,20,175,14,55.7,3.96,7.64,2,85.88,125.64,1.047,97.4,Mobile App,Central,8499.31
REC003869,2024-09-13,44.36,895,652,1.9,176.89,98,36.91,20,168,1,38.29,3.99,7.62,0,90.4,92.03,0.931,103.6,Mobile App,East,18623.73
REC004800,2024-09-13,209.06,914,624,3.42,53.3,114,35.23,25,202,5,50.87,4.61,13.37,1,93.7,103.46,1.137,101.42,Website,North,8487.5
REC001424,2024-09-13,149.22,930,658,4.46,34.5,114,42.39,20,193,2,60.52,4.89,3.46,2,86.49,124.02,0.977,107.48,Website,Central,4324.21
REC003902,2024-09-13,349.51,867,681,3.04,43.76,124,19.82,20,186,9,39.18,4.18,6.5,2,100.0,119.72,1.083,107.84,Mobile App,South,8306.53
REC004884,2024-09-14,298.44,910,615,3.45,32.13,130,46.7,20,198,9,49.35,4.92,9.38,0,99.26,89.73,0.929,95.91,Website,East,5179.52
REC006000,2024-09-14,144.18,859,637,3.28,28.28,124,40.83,20,217,12,78.0,4.03,4.96,3,95.04,87.36,1.021,101.53,Website,East,4184.89
REC003996,2024-09-14,148.59,912,643,3.2,9.73,119,43.3,15,197,8,36.38,4.75,7.1,5,92.31,101.56,0.757,98.02,Marketplace,North,1055.29
REC002398,2024-09-14,263.53,920,598,4.38,38.26,110,32.63,15,172,14,56.04,3.78,3.73,0,88.7,110.76,0.857,107.17,Mobile App,South,4882.26
REC000849,2024-09-14,119.93,902,673,4.56,65.87,117,17.66,20,180,7,56.92,3.35,7.23,1,80.91,82.28,0.846,101.42,Website,East,7379.66
REC003030,2024-09-15,216.95,912,645,4.73,42.46,126,26.65,10,187,5,64.5,4.06,9.96,2,86.34,92.96,0.872,94.72,Marketplace,West,5435.36
REC004850,2024-09-15,440.84,950,628,3.7,136.17,116,47.93,15,185,15,57.66,3.48,0.6,0,94.91,90.7,0.756,99.98,Website,Central,16338.78
REC005284,2024-09-15,77.96,898,648,4.2,50.6,129,52.02,5,204,9,65.86,3.2,4.01,2,84.04,111.87,1.037,101.25,Website,West,8207.32
REC003389,2024-09-15,65.93,879,648,4.28,38.77,117,33.99,5,178,11,56.45,5.0,3.86,0,100.0,102.49,1.294,99.96,Website,Central,8077.91
REC000827,2024-09-16,311.58,859,642,3.88,28.62,106,44.96,5,188,1,65.12,4.16,9.35,4,96.04,85.78,0.927,99.73,Marketplace,North,2771.36
REC005520,2024-09-16,295.13,881,627,5.32,98.23,113,28.35,5,202,10,54.04,4.76,11.53,2,91.47,110.43,1.046,95.91,Mobile App,Central,15274.23
REC002809,2024-09-16,143.73,905,682,4.11,110.6,99,21.78,0,163,3,68.73,4.38,7.24,2,83.14,91.85,1.182,100.09,Marketplace,Central,11342.16
REC003974,2024-09-16,98.45,905,639,3.56,54.41,108,47.29,10,185,11,44.7,4.77,5.69,1,92.64,98.24,0.913,95.55,Mobile App,East,7072.11
REC005016,2024-09-17,315.07,892,632,3.64,32.44,110,58.4,15,169,14,68.11,4.33,7.5,2,92.64,92.04,1.127,106.65,Mobile App,East,5060.53
REC002901,2024-09-17,78.43,865,661,2.85,87.69,110,25.13,15,189,7,47.1,4.21,9.86,1,93.85,87.04,1.134,98.22,Marketplace,North,12013.35
REC001593,2024-09-17,137.89,891,648,4.02,22.71,111,45.2,10,162,15,77.65,3.2,5.43,1,90.67,100.33,0.875,107.79,Website,East,2599.55
REC004838,2024-09-17,186.19,883,628,4.82,22.11,125,28.99,0,207,1,33.87,3.22,5.32,3,97.8,101.62,0.869,105.88,Mobile App,North,3692.83
REC004596,2024-09-17,76.71,891,654,4.76,48.99,100,43.6,15,189,4,60.45,4.35,12.88,0,80.92,95.71,0.907,96.09,Mobile App,West,6034.5
REC002370,2024-09-18,127.28,866,624,1.97,39.4,133,46.2,15,192,4,54.01,4.44,7.62,2,82.4,103.88,0.962,96.99,Website,South,4734.81
REC004462,2024-09-18,92.35,929,629,2.79,39.89,103,45.26,15,193,7,41.12,3.84,9.07,4,83.19,84.27,1.153,101.04,Marketplace,North,4517.84
REC005152,2024-09-19,142.19,923,626,3.51,24.37,97,35.35,20,206,4,53.71,3.5,12.38,0,100.0,76.27,0.925,95.31,Website,West,3142.58
REC005406,2024-09-19,207.38,900,616,5.72,58.41,133,21.64,10,199,12,41.56,4.23,6.38,1,95.78,111.19,0.795,103.84,Marketplace,South,6915.8
REC000235,2024-09-19,64.74,872,656,3.91,31.12,130,46.5,5,182,12,66.96,4.65,10.35,1,84.1,123.54,1.325,98.35,Website,South,5662.89
REC005739,2024-09-19,99.93,937,650,5.02,44.8,100,29.65,25,219,2,58.71,3.96,5.16,2,84.48,100.04,0.923,104.91,Website,West,5318.03
REC004815,2024-09-19,130.99,954,602,4.05,48.8,106,31.86,20,198,0,58.66,3.33,6.53,2,87.89,94.12,1.103,93.64,Mobile App,East,6789.89
REC003864,2024-09-19,126.44,877,630,6.05,25.92,111,40.22,10,204,4,44.15,4.5,8.62,3,86.66,104.67,0.904,108.33,Website,Central,3237.45
REC004331,2024-09-19,271.87,888,659,5.22,30.09,94,17.38,5,186,1,55.98,4.71,7.64,0,92.48,100.94,1.259,96.98,Mobile App,South,4680.46
REC003263,2024-09-19,53.04,864,679,2.19,35.08,100,47.12,25,186,11,40.75,3.59,6.98,1,94.81,80.46,1.16,99.54,Mobile App,Central,4524.75
REC003347,2024-09-20,79.99,871,634,2.56,108.98,96,41.29,10,170,4,66.54,3.39,7.06,2,85.06,105.86,0.815,105.98,Website,Central,9738.65
REC002468,2024-09-21,104.7,915,638,5.72,23.49,102,52.09,25,192,0,73.47,3.51,8.67,0,84.01,123.11,1.319,94.13,Website,Central,3915.18
REC003566,2024-09-21,45.98,927,645,5.17,108.35,113,51.43,10,186,10,45.01,4.7,7.29,1,88.11,90.83,1.31,92.66,Website,East,21920.59
REC003407,2024-09-21,228.2,953,628,3.7,37.02,133,37.13,5,176,5,66.51,3.39,6.46,1,72.21,94.13,0.819,90.06,Website,East,3751.76
REC005940,2024-09-23,38.82,892,666,2.0,22.94,88,57.24,10,189,5,71.07,4.92,6.59,1,86.83,85.9,0.851,99.64,Mobile App,South,1860.15
REC004271,2024-09-23,125.31,889,633,3.28,84.43,124,30.25,15,189,6,73.04,4.47,13.42,1,88.71,104.06,1.073,96.32,Mobile App,North,13451.28
REC003594,2024-09-24,150.06,911,634,2.63,22.36,121,46.84,15,210,15,48.88,3.92,10.14,0,97.52,99.69,0.776,99.59,Mobile App,South,2694.99
REC000212,2024-09-24,170.79,887,697,1.29,14.89,118,51.23,30,199,8,52.44,5.0,14.4,1,89.68,100.07,0.849,99.76,Mobile App,South,1578.72
REC005865,2024-09-24,141.45,928,615,4.57,19.57,112,39.6,20,167,8,48.41,4.92,7.57,1,95.88,117.62,0.813,102.3,Mobile App,Central,2218.92
REC001471,2024-09-25,88.42,883,659,4.06,66.3,104,35.57,20,216,0,42.97,3.55,8.4,3,95.05,103.03,1.188,101.14,Mobile App,Central,10650.09
REC001186,2024-09-25,96.35,893,618,4.52,27.15,121,51.1,20,171,8,39.91,4.08,2.84,3,86.91,75.68,1.266,103.51,Mobile App,East,5083.49
REC004785,2024-09-25,126.57,864,633,2.93,21.92,128,23.75,5,199,14,39.86,4.52,11.18,1,86.37,106.18,0.753,98.96,Website,South,1784.9
REC000129,2024-09-25,309.72,860,670,3.41,37.72,116,47.14,5,178,7,55.79,4.56,8.21,2,97.52,98.73,0.843,94.06,Website,Central,4952.03
REC001360,2024-09-25,90.73,920,639,1.83,46.76,113,60.14,15,191,9,57.89,4.34,10.85,0,90.09,124.84,0.904,100.55,Website,East,5405.12
REC005820,2024-09-26,294.54,878,625,3.05,30.09,127,20.09,15,208,8,82.37,5.0,3.15,1,87.79,97.67,0.861,110.84,Marketplace,North,3566.52
REC000258,2024-09-26,107.23,904,679,2.73,44.19,119,30.24,20,183,3,50.94,5.0,3.33,3,80.5,108.41,1.304,93.79,Marketplace,North,6451.11
REC005106,2024-09-26,267.99,923,630,2.1,54.12,123,39.67,30,195,9,69.16,4.94,5.04,3,96.18,81.12,0.863,101.86,Mobile App,West,7596.3
REC002456,2024-09-26,98.21,844,690,3.66,76.34,121,35.5,25,207,14,43.97,2.47,4.34,3,95.02,118.23,1.004,100.4,Website,East,10212.23
REC005225,2024-09-26,237.89,911,662,2.41,41.01,118,21.63,10,174,5,50.76,3.09,6.37,1,87.48,114.05,1.172,96.74,Mobile App,South,5478.67
REC001513,2024-09-26,156.22,979,619,4.55,16.42,131,30.03,15,232,14,58.71,3.97,13.4,1,85.01,91.36,0.992,96.83,Marketplace,Central,2148.27
REC004227,2024-09-26,44.89,942,647,5.09,84.08,112,45.65,30,206,5,55.04,3.96,7.36,0,89.08,117.53,1.183,98.73,Website,South,14288.2
REC003343,2024-09-27,90.51,924,594,2.5,16.8,117,36.81,15,195,8,40.2,4.99,6.25,1,92.28,95.61,0.761,105.82,Mobile App,South,1765.49
REC002237,2024-09-27,117.36,898,632,2.54,15.69,92,37.58,25,201,15,64.24,4.24,8.41,4,94.86,98.49,1.23,103.63,Website,South,1857.62
REC003484,2024-09-27,184.76,871,611,2.84,62.53,96,20.52,10,196,1,44.46,4.49,6.1,3,82.16,111.14,1.174,103.57,Marketplace,North,6444.9
REC003081,2024-09-28,253.76,853,632,4.72,38.44,130,54.57,10,183,0,45.67,3.47,11.27,4,89.69,120.09,1.078,106.27,Website,North,6565.16
REC001540,2024-09-28,237.35,917,636,3.38,32.02,101,48.2,15,190,11,39.21,4.39,10.87,4,84.76,96.87,0.789,93.34,Website,West,3215.64
REC004642,2024-09-29,322.42,895,675,4.83,61.11,111,42.8,5,179,6,76.06,3.95,9.12,1,88.3,109.3,1.114,89.94,Website,South,7384.04
REC004682,2024-09-30,218.91,916,622,4.48,24.63,118,40.22,25,179,3,54.22,3.56,4.9,4,77.22,86.52,1.1,100.56,Mobile App,South,3851.85
REC005067,2024-09-30,66.48,909,616,4.54,15.5,98,42.88,5,179,12,64.71,4.38,2.01,1,83.88,99.44,1.202,102.1,Website,Central,2229.35
REC000053,2024-09-30,82.1,893,639,4.75,86.5,98,75.0,30,196,12,56.6,2.86,9.44,4,92.24,95.13,0.935,92.02,Mobile App,West,12184.22
REC001166,2024-10-01,148.53,890,610,4.78,20.63,94,52.69,15,193,2,61.62,4.13,12.47,1,92.9,106.9,1.175,94.11,Marketplace,West,2709.33
REC003509,2024-10-01,95.96,902,643,3.94,32.23,132,21.47,0,196,14,58.28,4.27,11.74,1,89.66,99.16,1.33,94.13,Website,North,7409.34
REC001779,2024-10-02,133.78,859,661,4.41,31.4,107,33.24,15,198,4,70.4,3.93,8.84,0,96.3,103.4,0.831,99.63,Mobile App,East,4388.6
REC005846,2024-10-02,287.28,898,632,4.39,67.23,124,19.11,10,204,3,56.08,3.42,7.18,0,94.43,107.27,0.767,105.77,Website,North,7847.84
REC003159,2024-10-02,260.49,923,631,0.8,58.38,116,45.78,15,222,11,50.99,4.39,5.73,2,100.0,110.87,1.305,104.81,Website,West,10682.63
REC005254,2024-10-02,189.19,851,675,6.16,74.27,100,44.1,15,182,12,73.78,3.7,4.68,2,75.74,108.52,0.917,101.78,Website,Central,6473.17
REC004078,2024-10-02,582.59,874,593,4.43,30.99,129,28.12,20,165,0,58.25,3.66,1.53,2,93.88,96.53,1.112,92.96,Mobile App,Central,6226.32
REC000277,2024-10-03,265.48,875,620,2.72,106.42,113,28.44,10,184,4,77.9,4.91,3.65,2,94.86,112.37,1.063,99.88,Mobile App,West,17036.88
REC004095,2024-10-03,185.53,917,635,4.02,32.61,114,51.91,0,192,11,46.93,3.34,7.42,1,72.75,106.96,0.902,102.33,Mobile App,West,3973.91
REC003156,2024-10-03,172.16,882,605,5.49,23.79,127,50.27,5,211,3,35.99,3.68,10.26,1,82.36,109.77,1.214,97.09,Mobile App,Central,4490.1
REC001944,2024-10-04,348.85,869,638,4.02,55.05,129,23.16,0,201,13,53.87,3.58,11.42,1,94.09,97.41,0.806,94.62,Website,North,7526.31
REC000505,2024-10-04,179.55,853,625,2.78,99.85,110,55.54,0,198,10,45.66,3.9,8.44,2,99.68,80.13,1.117,107.29,Mobile App,Central,17613.97
REC002719,2024-10-04,152.24,891,601,2.97,52.98,114,28.95,0,197,12,69.35,3.95,7.67,0,96.19,90.96,0.841,96.8,Mobile App,Central,6415.31
REC001065,2024-10-04,59.12,865,611,5.79,43.1,117,48.74,0,167,1,47.01,4.62,6.19,1,84.98,111.61,0.854,89.45,Mobile App,West,5562.75
REC003215,2024-10-05,259.78,872,640,3.19,79.75,121,36.35,25,208,10,67.28,4.65,9.65,2,93.66,105.01,1.026,107.95,Mobile App,North,12425.64
REC004546,2024-10-05,175.63,904,644,3.09,21.23,124,41.8,0,217,0,53.52,4.78,14.56,1,79.62,118.22,1.095,92.21,Mobile App,North,3113.2
REC004865,2024-10-05,293.65,863,649,3.68,20.15,131,44.4,30,193,12,53.55,4.33,8.81,2,94.07,103.92,0.969,94.68,Website,West,3261.03
REC004742,2024-10-05,110.97,885,650,3.51,25.96,106,36.56,10,199,6,58.28,3.38,3.78,4,99.84,108.93,1.139,90.8,Mobile App,South,4133.51
REC001959,2024-10-06,187.56,927,614,2.3,38.79,99,47.11,20,171,9,45.58,3.8,6.05,2,94.08,93.11,1.27,97.08,Mobile App,South,5711.81
REC003381,2024-10-06,381.21,907,650,3.04,48.92,109,33.91,0,170,14,48.47,3.63,9.71,1,82.47,91.58,1.054,103.97,Website,North,6970.86
REC004685,2024-10-06,159.66,883,661,3.44,123.3,112,45.91,15,166,14,76.19,4.52,0.71,3,86.84,102.87,1.158,99.56,Website,East,18569.46
REC003112,2024-10-06,126.59,877,644,4.07,34.98,106,45.6,10,186,11,44.99,3.85,7.11,0,100.0,99.34,0.811,95.43,Website,East,4003.64
REC005912,2024-10-06,74.53,868,602,4.2,41.35,114,41.76,10,198,6,62.25,3.56,0.5,1,85.36,104.59,0.848,100.8,Marketplace,East,3813.67
REC004529,2024-10-06,167.44,911,651,4.86,25.13,111,29.17,15,163,9,73.9,5.0,7.47,3,90.88,98.73,1.348,104.81,Mobile App,North,4818.99
REC000680,2024-10-07,110.24,901,658,6.6,48.04,122,40.96,5,188,12,49.57,5.0,11.44,2,90.88,99.65,1.226,103.68,Website,Central,9885.59
REC000819,2024-10-07,195.5,898,641,4.71,28.63,113,28.5,25,209,5,50.32,3.59,7.83,0,87.86,114.52,0.899,104.45,Mobile App,Central,3759.01
REC003005,2024-10-07,272.09,861,656,3.36,25.21,116,56.05,15,220,14,63.02,4.04,6.88,3,92.1,108.19,1.042,89.12,Website,Central,3585.74
REC003500,2024-10-07,118.56,893,629,4.74,19.6,132,49.56,15,220,14,36.47,4.24,17.09,2,88.71,92.77,1.348,94.9,Mobile App,North,4219.09
REC004899,2024-10-07,96.38,940,620,3.62,31.98,112,21.26,10,185,2,53.69,4.71,12.63,1,79.89,91.72,1.011,92.58,Mobile App,North,4253.07
REC001856,2024-10-08,178.57,913,652,3.09,58.29,124,25.83,25,183,9,43.8,4.6,7.74,0,91.63,90.27,0.931,95.13,Website,West,9195.16
REC003053,2024-10-08,84.58,903,659,5.4,53.54,107,49.11,0,188,12,59.96,3.66,9.73,2,83.19,106.41,0.963,102.64,Website,West,6853.05
REC002777,2024-10-08,70.47,896,640,3.14,87.17,131,19.55,10,217,13,63.27,3.31,10.31,2,89.71,83.06,0.947,101.43,Mobile App,North,14392.04
REC002748,2024-10-08,300.36,924,642,3.89,62.31,130,47.05,25,184,11,46.54,3.0,8.74,0,87.29,94.11,1.105,94.43,Website,East,10838.52
REC005904,2024-10-09,102.04,868,605,5.36,27.93,110,40.84,15,192,12,78.78,4.29,6.34,0,100.0,106.11,1.319,99.95,Mobile App,South,6051.84
REC005356,2024-10-09,76.87,889,651,3.06,32.17,118,38.9,15,193,11,58.68,3.96,6.75,0,99.92,101.38,0.762,98.18,Website,North,4187.5
REC003235,2024-10-09,132.43,914,634,2.6,68.11,113,57.33,15,195,10,62.77,3.72,6.86,1,90.67,106.31,0.768,97.72,Website,East,6863.88
REC004087,2024-10-10,160.51,896,638,4.79,18.35,114,48.3,5,219,11,65.98,3.67,11.26,0,77.78,96.51,1.039,104.14,Website,North,2626.55
REC003816,2024-10-10,30.35,936,647,3.59,49.51,105,45.59,25,200,1,50.56,4.17,8.22,1,94.35,91.82,1.089,100.39,Mobile App,Central,7532.38
REC001820,2024-10-10,115.62,877,627,4.73,98.72,116,29.34,15,188,4,30.75,3.71,6.82,3,97.31,106.75,1.236,101.09,Website,Central,16758.12
REC000262,2024-10-10,158.39,916,608,4.26,92.99,123,60.04,10,196,8,53.62,3.71,9.87,1,90.42,109.74,1.162,104.51,Mobile App,East,16650.07
REC001274,2024-10-10,411.82,855,607,4.3,26.88,113,48.55,15,208,15,61.71,3.59,8.59,1,93.4,110.06,0.89,101.07,Mobile App,North,4017.97
REC004804,2024-10-11,83.96,855,672,4.29,137.57,118,29.71,5,183,5,48.8,4.44,2.03,0,78.4,111.7,0.826,104.1,Mobile App,South,17995.13
REC005982,2024-10-11,65.47,887,654,2.85,50.03,139,63.65,5,218,1,64.57,4.45,11.59,2,91.37,99.82,0.834,99.12,Website,North,7444.91
REC005412,2024-10-11,176.32,934,605,4.25,45.19,122,18.04,20,178,14,60.44,3.73,5.89,1,81.42,98.14,1.02,90.33,Website,East,5898.19
REC004554,2024-10-11,279.35,912,649,4.16,34.49,125,23.55,20,182,12,41.11,4.02,7.49,0,85.65,88.71,1.1,105.08,Website,East,5720.42
REC005799,2024-10-11,244.99,928,641,4.04,20.43,98,27.82,15,174,13,34.54,4.13,6.51,0,85.86,89.68,1.033,101.82,Website,Central,2453.08
REC005192,2024-10-11,140.15,879,630,3.99,9.76,121,48.57,0,196,10,75.63,3.68,6.38,2,93.62,120.9,1.237,104.23,Website,Central,1774.68
REC002559,2024-10-11,179.63,827,630,2.04,7.34,115,40.67,10,179,7,71.95,3.66,9.12,2,98.52,86.78,0.973,94.87,Mobile App,West,1130.3
REC001429,2024-10-11,169.34,873,643,3.45,45.22,128,34.71,0,195,3,49.52,3.57,10.07,2,72.43,109.7,0.928,110.29,Mobile App,North,5857.77
REC004976,2024-10-12,105.86,892,647,5.98,110.95,106,43.81,15,170,10,60.45,4.38,6.73,1,87.69,95.73,0.98,109.72,Mobile App,West,19074.97
REC003259,2024-10-12,82.61,898,638,4.09,56.96,92,46.15,20,179,8,48.99,5.0,9.31,3,87.12,98.51,1.024,102.56,Website,South,5614.57
REC005094,2024-10-12,249.74,891,661,2.4,49.18,113,45.62,10,192,3,35.71,3.16,6.38,1,85.8,92.06,1.058,96.65,Mobile App,Central,7407.17
REC002246,2024-10-12,743.28,927,601,3.89,17.54,86,47.3,5,163,5,46.44,5.0,1.39,1,88.39,99.56,1.18,100.72,Website,South,1960.79
REC004581,2024-10-12,168.5,900,634,3.53,78.76,122,43.6,5,163,14,48.1,4.15,7.43,3,87.01,85.67,1.199,104.55,Website,North,13204.24
REC001284,2024-10-13,107.99,894,630,3.0,96.93,114,45.67,15,203,13,58.28,3.54,3.66,1,76.85,80.52,1.117,99.11,Mobile App,North,13298.51
REC000089,2024-10-13,218.41,919,598,2.81,44.61,112,34.14,15,208,2,63.15,3.37,6.53,0,86.47,72.87,1.239,91.21,Mobile App,North,7886.61
REC004519,2024-10-13,48.28,879,614,3.6,19.6,116,41.55,10,188,1,73.38,4.81,4.21,0,88.99,106.6,0.757,101.58,Mobile App,East,2070.24
REC003075,2024-10-13,187.85,923,672,3.36,28.79,113,33.93,25,183,9,62.51,4.3,7.63,4,87.46,119.12,1.275,107.16,Website,South,4634.36
REC002762,2024-10-14,143.77,873,659,4.61,72.1,131,31.54,5,176,9,49.8,4.48,10.21,5,97.0,110.75,1.14,99.55,Mobile App,South,14687.08
REC005491,2024-10-14,154.08,886,616,2.96,28.25,112,47.11,5,200,5,47.32,4.27,6.62,2,82.01,97.94,1.0,99.24,Website,North,3395.1
REC004828,2024-10-14,34.17,922,650,4.47,107.97,122,23.34,10,185,14,41.95,4.95,5.23,1,86.26,98.2,1.323,102.39,Website,East,21553.5
REC001844,2024-10-14,129.2,865,661,5.29,22.16,116,35.6,10,200,3,32.24,3.08,3.56,2,91.65,106.53,0.881,106.58,Mobile App,West,3997.58
REC003146,2024-10-15,65.53,895,570,3.97,71.51,104,52.39,0,183,2,61.68,4.16,11.24,1,84.4,77.3,1.197,96.77,Website,Central,10110.5
REC001509,2024-10-15,155.27,907,657,4.19,29.9,101,57.17,5,174,7,58.94,3.66,11.96,1,94.48,98.42,0.813,98.48,Website,North,3151.63
REC003578,2024-10-15,84.88,892,650,4.61,23.5,121,57.79,15,189,11,72.28,3.82,8.63,5,95.85,104.93,1.315,100.77,Website,Central,4794.5
REC004072,2024-10-16,124.84,959,636,5.26,38.68,115,44.0,5,184,5,72.07,3.04,2.19,1,86.16,118.08,0.813,102.69,Marketplace,North,3610.71
REC004169,2024-10-16,276.33,904,610,3.37,37.01,125,22.81,5,172,13,46.2,3.24,5.77,1,75.57,91.89,0.944,94.68,Website,West,3943.93
REC004441,2024-10-16,114.38,903,661,4.53,15.35,111,33.49,0,186,12,47.02,4.7,10.68,3,80.48,95.55,1.085,92.0,Website,East,2135.58
REC001314,2024-10-16,91.56,958,647,4.89,52.95,118,46.12,5,213,10,45.88,3.86,10.02,3,95.67,122.78,1.317,97.74,Website,East,10904.69
REC001069,2024-10-16,122.78,861,665,3.97,60.56,125,38.44,25,188,0,59.88,4.36,4.7,0,90.49,95.06,1.202,104.01,Mobile App,West,12424.69
REC005203,2024-10-16,137.6,926,639,4.39,51.28,98,42.99,5,211,0,62.94,3.82,13.7,2,96.8,101.41,1.09,102.31,Mobile App,East,8142.26
REC005494,2024-10-17,105.15,851,600,4.72,36.06,106,37.76,30,217,0,52.0,4.74,5.37,2,88.24,70.0,1.0,98.54,Marketplace,South,3783.68
REC005386,2024-10-17,260.52,891,672,4.11,17.47,113,47.08,10,192,10,57.96,3.66,10.27,1,97.29,107.09,0.935,97.41,Website,West,2564.16
REC002245,2024-10-17,191.59,898,592,3.87,11.65,127,35.15,10,174,12,48.06,4.01,11.58,0,100.0,104.59,0.896,99.87,Mobile App,East,1959.59
REC004353,2024-10-17,92.37,878,682,4.99,31.92,128,23.86,10,190,5,62.51,4.62,8.52,2,85.91,107.65,1.162,102.61,Mobile App,East,5150.95
REC003096,2024-10-17,212.81,929,667,2.33,37.65,91,32.19,0,190,8,72.87,4.27,5.64,1,86.37,101.96,1.141,90.47,Website,Central,3748.19
REC004574,2024-10-17,164.61,879,609,4.72,140.01,108,25.92,20,177,12,41.87,3.15,7.36,1,95.36,80.07,1.015,102.04,Mobile App,East,22598.88
REC001117,2024-10-18,320.22,895,649,3.83,104.73,121,47.3,10,198,7,57.28,4.63,9.1,0,93.21,100.5,1.236,102.59,Mobile App,South,19113.32
REC002530,2024-10-18,170.75,915,654,3.56,46.67,114,44.09,5,173,6,59.31,3.53,2.98,3,87.6,86.14,1.346,98.17,Website,North,7847.77
REC004489,2024-10-18,158.41,929,641,1.53,59.29,105,37.28,30,181,4,29.05,4.74,1.58,2,90.96,112.39,0.897,107.15,Mobile App,East,6474.19
REC002705,2024-10-18,109.82,936,618,2.25,48.16,129,39.62,10,202,14,52.27,4.75,5.97,1,81.94,94.48,0.858,104.83,Mobile App,North,6384.78
REC003728,2024-10-19,65.21,907,656,2.61,48.34,117,37.1,0,182,14,63.9,4.13,6.6,0,93.71,82.0,1.294,103.96,Mobile App,East,9941.17
REC002026,2024-10-19,145.02,971,617,4.36,34.7,116,18.79,15,165,7,54.47,4.54,5.67,0,85.15,110.3,1.152,101.6,Mobile App,East,5372.71
REC004079,2024-10-19,146.57,887,656,2.98,184.25,106,25.8,10,206,10,72.22,5.0,7.13,3,85.66,95.57,1.09,102.36,Mobile App,West,28133.72
REC004909,2024-10-20,91.5,962,608,1.29,24.96,132,29.01,15,183,10,77.1,3.64,8.43,1,92.69,105.41,1.031,93.18,Marketplace,West,3587.55
REC003841,2024-10-20,74.64,940,670,4.21,40.22,124,24.66,0,166,3,47.17,3.95,10.73,1,96.68,97.29,1.294,105.3,Mobile App,North,8942.33
REC001590,2024-10-20,354.6,902,634,4.82,17.19,107,36.71,10,173,0,50.21,4.5,3.34,1,88.77,87.64,1.095,98.52,Mobile App,South,2661.84
REC003483,2024-10-20,124.57,863,639,2.84,48.39,103,49.58,10,186,10,59.26,3.22,0.73,0,88.31,98.34,0.768,105.69,Mobile App,South,5286.08
REC000490,2024-10-21,235.24,870,620,4.74,28.11,128,23.92,10,191,0,75.8,4.37,7.64,0,81.34,108.05,1.069,97.05,Website,South,3830.06
REC001642,2024-10-21,133.56,890,649,5.59,48.77,120,30.0,0,191,14,50.37,4.52,8.37,0,95.34,83.05,0.752,102.02,Marketplace,East,5708.19
REC000778,2024-10-21,159.47,866,623,3.78,47.97,113,38.15,5,203,14,54.36,4.3,1.72,2,88.91,100.11,1.336,100.56,Website,North,9057.83
REC005174,2024-10-22,111.03,888,644,3.55,18.99,128,33.33,15,169,8,45.15,3.06,2.37,0,93.14,86.65,0.895,95.47,Website,East,2894.83
REC000718,2024-10-22,190.26,900,607,2.38,42.33,104,54.52,5,175,1,62.8,4.02,5.85,0,85.35,89.66,0.896,99.84,Website,North,4575.18
REC002587,2024-10-22,254.79,879,648,6.37,102.39,121,41.85,5,214,14,29.06,4.48,8.96,2,88.59,90.69,0.936,99.03,Website,West,16333.34
REC002335,2024-10-23,75.79,889,656,4.05,93.67,107,47.49,25,183,12,79.43,4.0,4.26,1,95.53,87.41,1.214,101.09,Mobile App,Central,16133.43
REC005735,2024-10-23,62.5,899,675,5.09,100.25,119,42.97,30,200,14,53.48,2.9,10.64,1,100.0,120.11,0.956,98.03,Marketplace,North,14164.36
REC001807,2024-10-23,265.02,850,665,2.05,63.7,110,40.51,15,177,0,81.38,3.89,8.29,1,100.0,107.13,1.223,103.26,Website,West,12422.45
REC001689,2024-10-23,145.52,870,629,3.47,84.28,104,22.45,5,192,9,72.67,3.15,12.43,1,90.55,91.79,0.779,105.68,Website,East,8023.94
REC003632,2024-10-24,223.1,921,634,4.48,122.35,110,41.16,0,198,2,62.0,3.61,7.64,2,91.11,120.03,1.045,99.6,Website,East,20236.98
REC005678,2024-10-24,280.93,886,649,2.94,100.77,101,52.02,20,179,7,50.61,4.27,9.05,2,91.34,107.86,1.11,101.2,Website,Central,13263.49
REC005765,2024-10-24,309.51,896,603,4.81,19.32,110,29.42,10,156,12,41.3,4.34,13.43,2,89.72,118.98,0.769,108.71,Mobile App,Central,1903.27
REC004683,2024-10-25,44.53,930,669,5.06,73.19,135,29.79,25,176,13,70.63,4.53,2.91,0,92.46,102.5,0.795,100.48,Marketplace,South,8767.79
REC002352,2024-10-25,54.96,859,671,4.39,52.09,120,37.94,25,171,1,39.51,4.27,8.23,4,85.18,79.75,1.118,107.36,Mobile App,North,8795.33
REC004137,2024-10-25,98.84,942,658,2.0,89.72,117,19.86,5,217,4,56.6,3.58,6.24,1,100.0,97.42,0.922,104.64,Website,South,11717.94
REC001210,2024-10-25,213.03,896,614,5.77,57.07,136,33.38,15,185,5,65.71,3.95,9.32,2,87.61,105.64,1.215,102.78,Marketplace,South,10007.58
REC002177,2024-10-26,97.62,899,660,5.01,30.03,101,30.08,20,202,3,72.39,4.33,8.69,4,86.02,107.11,0.755,103.53,Website,Central,2494.52
REC000351,2024-10-27,254.96,897,628,3.85,102.46,114,40.56,25,211,9,70.06,4.32,8.19,2,82.55,101.67,0.905,99.55,Marketplace,East,10521.38
REC002983,2024-10-27,28.03,957,609,2.63,17.68,106,8.0,10,180,4,45.38,4.13,2.56,2,82.4,96.35,1.129,102.84,Website,East,2163.01
REC001954,2024-10-27,109.12,867,685,4.15,66.47,131,47.4,10,171,12,49.45,4.26,6.74,2,95.46,116.64,0.946,95.3,Website,East,11271.55
REC000584,2024-10-27,143.5,928,631,2.35,30.42,128,55.89,5,177,2,64.36,3.44,2.46,1,92.79,98.99,1.307,105.35,Website,West,6750.37
REC005800,2024-10-27,778.08,919,660,2.21,37.5,116,31.36,30,205,9,36.17,3.25,2.74,1,85.64,107.55,1.264,90.93,Website,South,6029.03
REC005050,2024-10-27,195.88,904,638,5.15,76.52,133,29.28,25,193,6,79.88,3.51,8.24,2,87.53,94.67,0.77,96.17,Mobile App,West,8752.51
REC003770,2024-10-27,158.03,872,613,3.08,22.55,131,26.1,25,205,6,55.12,3.55,8.81,0,97.22,109.53,0.926,91.22,Website,East,2991.8
REC000967,2024-10-27,291.33,902,657,2.97,30.73,113,31.36,10,193,15,38.24,3.86,14.77,2,91.55,115.09,1.286,102.73,Website,Central,5511.9
REC001052,2024-10-28,37.77,873,652,3.61,21.24,125,47.34,10,211,13,57.2,4.23,8.85,2,84.67,111.2,1.01,100.23,Mobile App,East,3638.64
REC002325,2024-10-28,221.63,908,645,2.38,64.36,120,51.83,25,185,15,58.56,4.69,9.98,2,97.83,84.22,1.221,103.22,Website,North,10555.93
REC002977,2024-10-28,131.16,911,604,3.64,112.74,103,53.77,15,197,5,41.74,4.18,4.9,1,99.7,77.65,0.888,104.19,Marketplace,Central,13964.65
REC004226,2024-10-29,161.2,908,602,4.09,27.48,140,14.76,15,183,15,64.87,4.14,6.13,1,100.0,107.26,0.977,93.9,Mobile App,West,5750.31
REC003715,2024-10-29,230.08,883,687,4.82,45.6,119,43.34,15,179,2,76.12,4.63,6.71,1,86.83,93.27,1.047,97.83,Website,East,6404.84
REC003312,2024-10-29,96.44,888,675,2.59,30.88,103,26.77,0,164,3,64.41,4.59,8.29,0,97.85,107.86,1.018,104.08,Mobile App,Central,4127.37
REC000416,2024-10-29,99.0,862,626,4.77,41.33,108,36.52,10,193,11,64.28,4.05,7.2,2,97.34,96.05,1.131,96.06,Mobile App,East,6421.78
REC001398,2024-10-30,453.49,912,664,3.88,132.08,107,35.11,5,172,4,72.17,3.99,4.85,0,94.71,99.12,0.865,95.49,Marketplace,East,15207.38
REC002232,2024-10-30,109.2,876,629,3.63,34.68,136,34.81,20,197,7,57.28,3.9,8.45,1,89.06,82.15,0.808,101.49,Mobile App,Central,4154.36
REC005719,2024-10-31,91.15,896,666,3.33,36.0,129,31.34,15,195,6,50.46,3.54,10.13,1,92.34,97.89,1.163,97.5,Mobile App,South,6750.13
REC005793,2024-10-31,85.27,874,678,3.41,14.84,99,42.28,15,189,6,64.8,4.3,9.49,0,86.07,114.85,1.107,92.45,Website,North,1707.97
REC002729,2024-10-31,102.4,928,644,2.43,22.23,114,38.45,0,185,6,54.05,3.75,11.14,0,98.33,88.51,1.311,107.78,Marketplace,Central,3680.16
REC000220,2024-10-31,109.07,891,651,3.21,20.28,108,36.08,25,202,4,57.27,4.16,12.83,1,82.23,101.0,0.837,96.36,Website,East,1788.72
REC000232,2024-10-31,106.38,861,598,4.18,98.81,127,54.76,0,176,8,54.59,4.73,4.27,0,91.8,83.7,1.002,93.75,Website,North,16591.63
REC005930,2024-11-01,177.75,915,652,3.42,36.17,114,45.04,0,202,2,72.26,4.24,10.65,2,87.34,93.52,1.062,92.68,Website,North,4848.66
REC004063,2024-11-01,99.9,899,671,5.45,30.87,121,42.34,15,183,14,63.95,3.77,10.96,0,94.12,96.13,1.226,98.68,Mobile App,North,6071.38
REC002414,2024-11-02,44.93,884,633,4.2,26.06,121,42.44,0,191,15,48.71,5.0,6.79,2,95.8,96.68,1.185,97.24,Website,North,4684.37
REC000328,2024-11-02,555.69,911,655,4.18,80.71,110,23.22,0,194,9,34.73,3.07,10.72,1,91.45,70.0,0.939,92.72,Mobile App,South,9609.28
REC005792,2024-11-03,164.67,877,677,3.81,37.48,98,59.9,10,218,8,67.14,3.77,11.43,3,92.52,101.36,0.908,96.85,Website,West,4585.59
REC004974,2024-11-03,136.99,933,623,3.29,61.91,129,47.65,25,194,8,63.33,4.39,2.1,1,78.33,114.47,0.938,96.18,Website,West,7141.62
REC002109,2024-11-03,255.75,873,646,1.34,62.94,112,54.49,20,179,5,58.82,3.95,6.56,0,94.04,84.42,0.93,101.92,Mobile App,South,7302.02
REC003319,2024-11-04,399.13,885,654,2.65,33.46,119,54.49,20,209,13,38.2,3.56,4.97,0,91.66,88.96,1.199,91.68,Mobile App,West,7234.03
REC003291,2024-11-04,190.01,951,666,3.9,51.16,114,58.01,0,182,4,66.4,4.19,11.75,3,97.88,83.56,1.075,95.85,Mobile App,West,8743.0
REC000727,2024-11-04,101.99,863,633,4.05,17.83,120,45.39,10,195,14,63.74,3.39,1.67,1,98.16,98.86,1.135,99.29,Website,East,2910.01
REC000730,2024-11-04,303.38,920,638,1.45,33.67,120,67.53,10,198,9,71.39,4.45,7.1,3,88.94,108.62,1.263,90.0,Website,East,5039.49
REC000264,2024-11-04,198.6,945,651,2.72,23.5,105,34.41,25,207,12,67.58,4.46,3.83,5,90.34,114.61,1.083,106.18,Website,Central,3075.19
REC002243,2024-11-04,48.34,931,642,2.9,38.22,109,43.41,10,191,5,65.69,3.39,6.85,4,93.61,114.9,1.124,107.47,Website,West,5728.72
REC000094,2024-11-04,170.24,855,649,2.56,35.24,124,30.04,10,196,0,64.74,4.16,13.39,2,100.0,106.35,1.006,112.09,Mobile App,North,6785.53
REC004834,2024-11-04,134.21,901,632,2.64,85.43,139,38.82,10,218,0,62.72,3.37,6.88,2,96.67,85.96,0.963,92.43,Website,South,13750.41
REC004856,2024-11-04,72.56,886,649,6.72,47.29,110,48.03,20,189,8,37.92,4.26,3.93,0,89.48,112.46,1.195,102.08,Website,East,7464.27
REC001857,2024-11-05,170.83,943,648,3.61,59.04,116,47.82,10,210,14,56.79,3.76,8.58,4,87.92,86.18,0.759,100.5,Website,Central,5805.55
REC005960,2024-11-05,83.03,914,642,3.3,42.3,106,41.44,15,186,3,55.94,4.36,10.96,2,90.31,104.4,1.199,99.44,Website,Central,5673.86
REC001521,2024-11-05,111.47,889,647,4.49,31.85,112,41.67,0,189,4,61.01,4.31,2.51,1,86.34,70.0,0.793,110.62,Marketplace,North,3227.89
REC003033,2024-11-05,174.1,909,642,2.19,143.03,114,32.62,25,207,13,58.5,4.77,12.8,1,86.93,124.48,1.197,103.55,Mobile App,West,23792.95
REC005078,2024-11-05,148.15,867,640,1.39,36.9,106,52.93,5,172,4,60.82,4.44,6.99,2,98.73,97.29,0.901,96.42,Website,East,5110.35
REC001031,2024-11-06,110.11,869,644,5.81,38.4,123,22.96,20,198,7,41.86,4.8,7.74,2,88.4,82.13,1.18,97.58,Mobile App,Central,6124.21
REC003729,2024-11-06,226.1,853,604,3.2,50.65,125,42.62,5,183,6,49.13,4.05,6.35,2,88.39,115.86,0.905,100.42,Marketplace,South,5594.55
REC000770,2024-11-06,199.98,843,649,2.29,58.79,111,42.4,15,223,8,52.9,4.16,8.77,0,96.59,95.59,0.786,99.1,Mobile App,Central,6929.64
REC002094,2024-11-06,91.78,902,659,4.3,94.03,99,20.76,5,181,3,64.54,3.84,12.46,1,89.98,98.79,1.249,92.34,Website,North,15070.81
REC002757,2024-11-06,107.3,928,657,4.32,39.8,127,46.51,5,194,0,64.52,4.86,7.74,1,85.58,104.21,0.77,103.41,Mobile App,Central,5124.01
REC005224,2024-11-06,156.81,901,653,3.34,13.34,128,52.58,20,184,3,67.59,4.64,6.32,3,97.99,117.67,0.825,102.71,Mobile App,East,1706.04
REC004573,2024-11-06,74.09,911,605,4.41,55.05,114,38.7,20,167,2,53.89,4.17,8.9,2,92.26,120.88,1.279,95.17,Website,North,10832.13
REC005422,2024-11-06,148.83,897,641,1.44,46.67,109,41.47,15,160,13,68.44,4.37,5.89,1,83.35,106.35,1.348,93.88,Website,South,6761.44
REC005321,2024-11-07,701.53,844,648,3.54,56.67,125,32.73,15,206,15,54.57,4.34,10.41,1,98.29,108.08,0.967,95.38,Website,East,8537.83
REC003183,2024-11-07,130.91,906,685,2.44,42.17,119,31.24,5,200,4,60.09,4.7,8.03,1,88.06,113.19,0.838,94.79,Marketplace,West,4486.57
REC001816,2024-11-07,123.14,913,620,3.2,71.0,138,49.17,15,183,10,78.24,4.34,8.34,1,92.25,107.54,1.217,102.39,Website,Central,13666.72
REC003558,2024-11-07,178.76,885,682,4.55,56.03,103,38.24,0,201,6,45.98,4.1,10.28,0,90.91,97.74,1.226,101.16,Website,West,9540.73
REC000005,2024-11-07,334.61,912,618,4.55,55.03,126,20.25,0,194,8,61.78,3.21,4.57,2,93.33,99.71,1.187,96.25,Website,North,10026.81
REC002843,2024-11-07,176.01,840,680,6.66,11.94,103,34.56,10,207,9,34.65,4.14,7.48,1,93.32,92.1,1.326,94.86,Website,West,2276.03
REC003738,2024-11-07,211.03,932,646,4.63,54.76,104,24.83,5,203,3,72.88,4.23,7.73,0,81.11,98.36,1.286,96.31,Marketplace,North,8102.29
REC002746,2024-11-08,84.42,875,648,3.75,33.77,93,21.29,0,177,9,54.06,3.63,7.51,2,77.76,89.46,1.344,98.74,Website,West,4395.94
REC002676,2024-11-08,348.84,907,648,5.45,23.84,119,20.64,5,198,14,61.56,4.73,9.43,0,94.53,95.48,1.085,100.9,Website,Central,4194.25
REC004316,2024-11-08,87.04,887,650,2.26,44.79,114,54.31,10,181,6,44.65,4.55,11.05,1,83.59,109.49,1.195,99.83,Mobile App,West,7595.05
REC002346,2024-11-08,193.8,865,685,1.9,66.21,121,44.82,20,204,3,67.58,3.7,12.37,0,93.11,97.99,0.932,99.38,Website,North,7960.41
REC002953,2024-11-08,53.4,893,650,3.55,50.99,109,41.64,25,191,9,67.74,4.28,7.96,2,83.9,109.83,1.011,93.52,Mobile App,East,5665.01
REC003806,2024-11-08,54.51,903,649,5.65,96.86,118,42.19,0,193,2,55.02,5.0,10.72,2,87.38,102.05,0.978,111.51,Website,South,13270.26
REC004599,2024-11-08,245.6,900,646,4.24,52.29,98,29.19,15,176,5,68.38,3.79,10.43,1,76.01,101.91,0.879,100.17,Website,Central,5233.27
REC004130,2024-11-09,99.51,871,613,3.51,38.78,109,32.87,10,183,3,52.66,3.96,6.7,2,97.91,115.14,1.066,102.57,Marketplace,West,6060.03
REC005228,2024-11-09,302.79,932,642,5.26,40.99,115,51.09,25,192,8,63.89,3.59,11.59,2,92.16,85.64,1.026,96.94,Mobile App,West,7904.86
REC002286,2024-11-09,111.13,898,599,4.49,36.22,117,73.81,10,190,3,58.11,4.5,2.64,2,87.49,89.06,1.282,102.23,Website,South,6625.65
REC000307,2024-11-09,303.35,882,617,7.15,61.95,117,29.35,15,205,0,46.94,3.07,7.49,1,92.08,89.16,0.784,111.2,Website,West,8881.97
REC000418,2024-11-10,64.17,941,654,5.67,60.81,138,41.74,10,195,11,60.47,3.93,6.98,1,92.16,98.2,1.304,94.41,Mobile App,East,14791.0
REC001073,2024-11-10,193.66,920,624,5.21,17.35,108,31.78,15,193,8,55.3,3.39,0.5,0,91.82,106.24,0.956,102.33,Mobile App,Central,2322.02
REC004365,2024-11-10,154.93,930,638,3.47,68.21,115,40.41,15,204,9,51.38,3.55,1.41,1,94.11,97.23,1.251,92.35,Mobile App,West,12656.37
REC001666,2024-11-10,198.32,946,630,3.57,51.6,123,39.39,0,215,12,46.42,3.92,2.66,2,96.83,98.1,0.773,98.99,Mobile App,Central,6910.35
REC004206,2024-11-10,136.1,916,631,5.27,25.06,114,32.61,25,201,2,58.63,3.79,6.57,6,100.0,112.47,1.285,102.66,Marketplace,East,3799.68
REC002478,2024-11-11,305.58,904,636,4.49,38.31,114,51.25,10,200,11,54.06,4.26,12.96,1,84.3,90.32,1.061,96.43,Website,West,5774.61
REC002463,2024-11-11,182.29,912,639,5.41,96.64,103,22.75,25,196,6,59.68,3.3,4.39,1,100.0,107.51,1.27,102.12,Marketplace,East,13918.84
REC005901,2024-11-11,98.75,884,672,4.7,37.96,115,19.8,20,182,15,54.64,3.84,5.7,0,81.29,83.14,1.086,96.76,Marketplace,West,4550.75
REC000909,2024-11-11,114.88,889,667,3.0,76.9,116,36.76,20,178,7,62.58,4.08,9.81,1,89.76,99.79,0.946,106.19,Website,East,9082.43
REC004327,2024-11-11,272.6,873,640,3.21,22.96,125,53.96,15,173,10,61.82,4.0,9.25,2,90.21,114.82,1.275,98.51,Website,West,3846.82
REC005158,2024-11-11,83.13,955,635,4.1,52.57,110,53.88,10,211,0,66.33,4.03,10.71,0,93.92,88.21,0.872,98.91,Mobile App,North,6815.6
REC005811,2024-11-11,343.76,958,658,4.22,41.87,108,47.71,10,195,7,66.87,3.78,7.42,2,90.28,97.71,0.927,93.85,Website,Central,5688.67
REC004187,2024-11-11,178.8,908,631,3.5,65.14,109,20.64,15,200,6,61.25,3.81,12.4,0,89.02,81.95,1.06,94.75,Mobile App,Central,9634.31
REC003580,2024-11-11,35.93,874,587,3.13,21.87,111,38.64,20,208,0,65.87,3.64,8.04,2,81.55,110.28,0.951,98.49,Mobile App,North,2403.45
REC004757,2024-11-12,231.23,910,614,1.38,126.74,113,40.3,15,191,1,57.91,4.25,5.76,1,84.84,86.96,0.829,95.71,Marketplace,North,10783.23
REC003216,2024-11-12,24.95,872,640,5.96,57.33,126,46.83,20,185,1,59.99,3.75,15.24,0,89.05,112.1,0.76,97.25,Website,South,6419.11
REC001923,2024-11-13,195.41,881,650,3.16,35.69,109,45.87,15,204,1,66.01,3.48,11.33,1,89.73,87.51,0.877,94.33,Website,East,3657.41
REC000493,2024-11-13,258.83,930,662,2.25,54.58,105,35.94,10,185,7,52.68,3.76,8.72,0,87.64,114.27,1.089,104.12,Website,Central,6072.79
REC001745,2024-11-13,114.88,877,646,2.81,54.68,107,51.27,15,198,0,67.06,3.8,4.65,0,85.45,96.83,0.98,99.32,Website,South,7083.85
REC005723,2024-11-13,75.57,854,607,3.43,30.22,103,44.31,20,209,10,43.08,3.33,10.9,3,89.41,105.01,0.851,100.78,Mobile App,Central,3260.86
REC004780,2024-11-13,219.86,920,616,1.96,96.95,111,33.0,5,192,12,60.5,4.25,7.2,1,92.62,73.95,0.882,114.27,Mobile App,North,11565.38
REC002685,2024-11-13,264.91,879,661,3.23,15.84,107,51.37,10,184,14,62.26,3.69,11.92,2,100.0,107.02,1.208,103.96,Mobile App,South,2590.18
REC001326,2024-11-14,158.33,882,645,3.29,172.67,105,32.72,15,189,13,76.53,4.69,2.5,3,84.22,106.31,1.25,88.55,Marketplace,West,26292.57
REC003694,2024-11-15,185.69,891,644,5.34,63.83,120,35.11,10,184,12,46.33,3.69,5.57,1,99.19,94.88,1.214,109.78,Marketplace,Central,13237.3
REC004668,2024-11-15,124.05,859,632,3.8,128.5,111,58.86,10,169,2,55.7,4.96,8.08,1,91.37,113.57,0.969,102.58,Mobile App,South,16560.84
REC005721,2024-11-15,373.45,919,665,3.7,10.03,124,56.11,20,189,1,47.98,3.92,7.66,1,98.3,107.6,1.031,103.07,Website,Central,1770.58
REC005706,2024-11-16,248.99,870,664,7.65,41.63,123,20.94,25,189,5,44.73,4.88,5.97,3,81.46,110.61,1.08,102.9,Mobile App,North,6284.97
REC002680,2024-11-16,139.55,894,669,4.23,88.83,120,32.73,15,187,2,40.27,4.14,11.2,2,100.0,97.31,0.91,96.87,Marketplace,West,10930.37
REC005058,2024-11-17,65.03,925,627,5.84,47.77,111,28.33,5,185,7,54.08,3.15,3.98,1,94.77,91.01,0.857,94.6,Mobile App,West,5995.29
REC002713,2024-11-17,253.3,911,650,3.44,50.08,132,28.76,5,187,7,60.4,4.35,6.77,1,83.4,102.48,0.902,96.87,Mobile App,South,6543.51
REC004202,2024-11-17,104.28,940,645,4.64,35.04,117,43.06,5,189,3,54.93,4.62,4.86,0,95.06,128.21,0.76,102.01,Mobile App,West,4516.5
REC000393,2024-11-17,105.45,918,638,5.13,78.26,113,22.9,5,195,0,50.95,4.58,6.07,3,80.76,102.07,0.982,99.25,Mobile App,West,11301.2
REC003113,2024-11-17,144.49,911,626,4.08,19.33,115,44.02,10,177,3,54.49,5.0,6.36,0,85.74,106.35,0.925,98.29,Marketplace,South,2390.31
REC002457,2024-11-18,196.7,890,643,2.56,61.88,135,46.32,10,186,14,63.87,3.98,11.58,1,99.99,113.48,1.301,99.81,Website,North,13509.3
REC002229,2024-11-18,82.16,924,658,3.45,53.64,110,37.3,25,195,10,62.86,3.89,7.22,3,80.46,114.64,1.305,97.41,Website,Central,7929.27
REC005069,2024-11-18,170.14,952,653,3.87,27.11,111,17.25,25,187,15,73.2,4.08,5.56,4,88.89,106.03,1.124,98.29,Mobile App,West,3844.18
REC005504,2024-11-18,139.51,882,690,4.6,65.26,113,42.07,20,206,10,59.56,3.7,7.85,0,97.9,99.4,0.816,103.45,Marketplace,South,7366.93
REC002060,2024-11-19,209.27,899,631,3.49,29.17,97,33.01,10,203,2,63.73,4.97,7.79,2,95.59,81.96,1.228,96.21,Mobile App,East,4361.67
REC001531,2024-11-19,145.28,931,622,4.42,18.98,131,13.61,25,189,13,59.37,3.83,10.92,3,87.39,89.37,0.979,98.7,Mobile App,Central,2564.78
REC000306,2024-11-19,180.0,954,665,3.63,49.32,130,31.63,20,176,13,51.89,4.26,3.55,1,92.0,99.1,0.894,103.94,Marketplace,East,6030.21
REC003067,2024-11-19,106.08,908,661,3.13,28.96,114,29.38,20,179,10,58.6,4.24,8.84,0,95.35,111.58,1.033,97.77,Marketplace,West,4011.39
REC000702,2024-11-19,253.59,965,659,6.42,32.15,110,42.56,10,201,2,46.69,3.55,6.59,0,85.73,112.36,1.095,104.06,Marketplace,South,4655.02
REC003325,2024-11-19,152.75,897,662,2.91,53.76,118,25.44,25,167,9,79.82,3.98,9.28,2,98.52,103.01,1.031,101.95,Website,North,8041.01
REC002702,2024-11-19,108.63,869,607,3.72,37.65,112,25.7,0,202,0,70.63,4.0,14.87,2,97.31,83.13,1.106,103.41,Website,East,6039.65
REC001658,2024-11-20,172.89,827,642,4.52,19.6,118,44.04,20,200,13,67.78,4.67,6.04,4,100.0,80.34,0.908,96.4,Website,Central,2949.78
REC002599,2024-11-20,228.35,924,649,4.73,54.93,116,42.44,5,176,8,67.5,3.54,4.68,3,98.16,95.88,0.843,107.02,Website,West,8816.5
REC000492,2024-11-20,515.84,938,678,2.61,34.14,106,44.01,25,196,0,68.17,5.0,11.31,1,91.24,91.76,0.802,96.12,Website,West,3198.71
REC003876,2024-11-20,206.27,938,703,4.15,33.34,131,32.0,5,167,3,68.35,4.14,8.31,1,90.44,80.63,1.021,105.19,Mobile App,South,5366.69
REC005135,2024-11-20,113.59,897,629,4.9,30.2,127,33.08,15,180,14,75.98,4.55,8.54,3,83.21,98.83,1.346,98.01,Website,West,5329.1
REC001061,2024-11-20,149.99,917,616,4.95,20.1,112,40.86,5,184,13,64.67,4.64,3.08,2,93.75,129.16,1.194,101.36,Website,South,3432.51
REC005957,2024-11-21,79.4,930,663,4.0,32.54,132,46.72,0,209,3,41.19,5.0,5.84,3,86.93,92.2,0.82,98.55,Mobile App,North,4641.42
REC001787,2024-11-21,227.65,919,613,3.29,67.09,106,64.71,25,183,2,56.35,3.77,7.81,0,91.18,77.1,1.28,96.6,Mobile App,East,12544.22
REC005694,2024-11-21,94.08,917,604,3.71,59.0,117,20.57,25,179,3,58.44,3.8,4.22,1,100.0,92.99,0.834,103.18,Website,North,7840.48
REC003706,2024-11-22,148.35,913,659,3.97,68.75,114,37.44,10,194,15,82.75,3.73,10.95,1,94.98,114.76,1.06,99.8,Website,West,9667.27
REC000776,2024-11-22,196.42,895,636,2.7,79.52,106,35.19,15,197,11,53.68,3.84,10.59,2,80.96,91.27,1.225,101.13,Mobile App,East,11467.92
REC004455,2024-11-22,159.41,896,655,4.52,42.56,121,40.92,25,192,14,61.84,4.69,2.91,1,96.87,114.71,1.176,91.92,Website,East,7034.83
REC001217,2024-11-23,102.7,904,579,3.22,63.25,117,31.17,20,205,14,60.74,3.83,7.03,1,85.3,119.8,1.17,98.58,Mobile App,West,10070.14
REC004479,2024-11-24,175.13,893,643,4.58,14.13,116,45.68,5,190,11,63.25,3.83,6.08,4,94.69,99.75,1.237,97.46,Mobile App,North,2962.74
REC002413,2024-11-24,108.57,931,641,4.12,24.01,136,43.3,10,180,10,47.46,4.01,0.5,5,97.45,94.07,1.196,93.29,Website,North,4587.99
REC002640,2024-11-24,169.9,917,645,2.9,47.18,120,48.97,20,195,0,65.67,4.28,11.15,4,83.77,98.0,1.042,97.88,Website,North,5670.35
REC005964,2024-11-24,96.27,872,664,4.03,21.4,127,40.48,10,192,2,67.92,4.12,11.75,4,87.73,109.85,1.345,99.68,Website,West,4335.15
REC002610,2024-11-24,138.27,882,657,4.56,144.09,124,42.28,15,200,15,41.81,4.52,4.72,1,86.13,70.29,0.897,98.85,Mobile App,East,19207.82
REC003269,2024-11-25,95.0,909,632,3.56,36.2,110,28.2,25,183,9,54.07,4.27,2.17,4,87.56,95.03,1.0,95.7,Website,North,4066.3
REC004337,2024-11-25,230.94,889,610,4.42,80.51,120,41.84,5,172,8,66.3,3.79,5.87,0,87.59,117.09,1.094,94.85,Website,West,13262.04
REC001865,2024-11-25,102.05,856,610,4.37,39.81,140,36.44,0,179,13,47.82,3.99,6.96,1,95.96,102.43,0.841,92.43,Mobile App,North,6553.83
REC002200,2024-11-26,81.79,931,633,3.22,42.09,122,25.38,15,184,1,45.43,3.8,2.65,2,86.58,111.12,1.015,101.13,Website,South,5024.45
REC003450,2024-11-26,168.79,826,619,4.2,24.29,110,39.96,15,205,2,63.39,3.69,13.7,0,92.84,111.16,0.87,106.37,Website,East,3239.92
REC001974,2024-11-27,346.16,902,636,2.91,123.31,107,56.63,0,183,11,36.96,4.08,11.95,0,77.7,120.04,1.089,86.91,Website,Central,13443.69
REC000928,2024-11-27,270.99,933,659,3.91,45.43,118,49.3,5,172,15,58.99,3.94,7.16,2,96.22,110.62,0.868,99.0,Website,East,6857.75
REC001694,2024-11-27,386.05,984,624,3.77,22.32,112,38.0,10,193,9,61.16,5.0,6.99,0,94.4,133.06,0.969,91.94,Mobile App,Central,3358.14
REC000338,2024-11-27,282.3,922,670,2.9,52.9,114,15.1,15,212,0,50.82,3.41,3.06,1,78.38,106.92,1.309,96.61,Marketplace,Central,7074.71
REC004099,2024-11-28,24.09,870,609,2.34,46.54,133,36.83,10,184,0,49.77,4.65,8.89,2,93.86,105.64,0.827,91.17,Mobile App,East,5184.55
REC004832,2024-11-28,121.97,890,642,4.2,57.38,117,53.09,15,185,8,61.71,4.14,4.81,1,84.25,99.3,1.29,91.35,Mobile App,North,10647.59
REC004881,2024-11-28,234.74,890,621,4.21,39.56,123,26.36,15,208,4,50.85,4.65,17.22,1,91.26,105.74,1.282,94.1,Mobile App,North,8276.97
REC003929,2024-11-28,132.56,884,635,0.81,67.4,121,68.77,20,189,14,40.93,4.8,4.73,0,83.85,105.75,1.088,106.87,Website,North,9004.71
REC003432,2024-11-28,78.92,922,608,3.94,35.92,108,38.64,20,207,6,64.71,4.07,3.2,0,100.0,86.97,0.918,99.5,Mobile App,South,4592.28
REC000626,2024-11-28,142.52,902,622,3.33,44.16,109,27.67,5,181,2,66.66,4.46,0.5,0,89.86,72.17,0.75,108.68,Website,Central,4449.44
REC005195,2024-11-28,80.73,886,642,2.02,66.73,115,36.82,25,195,2,41.05,4.45,4.94,0,90.55,100.23,0.812,104.43,Website,South,7041.25
REC000303,2024-11-29,209.94,905,640,4.79,58.01,104,25.9,10,169,4,80.17,3.79,3.18,1,95.29,98.91,0.92,104.82,Website,Central,7645.94
REC004076,2024-11-29,94.02,896,624,4.42,30.23,125,52.42,0,187,2,71.76,4.81,11.64,1,89.72,99.34,1.289,99.29,Website,West,5645.49
REC002341,2024-11-29,357.38,912,656,4.19,22.03,108,30.43,5,181,4,56.09,3.76,4.46,1,96.98,84.99,1.069,103.28,Website,South,2435.72
REC004905,2024-11-29,447.32,910,652,4.83,44.31,101,34.96,10,191,7,57.12,3.87,3.96,2,92.55,128.19,1.312,93.74,Mobile App,East,8357.63
REC000765,2024-11-29,120.76,887,659,3.55,40.5,121,30.34,5,197,2,52.88,3.96,4.19,3,96.17,97.52,1.246,95.57,Mobile App,East,8792.21
REC003759,2024-11-29,195.18,937,639,4.01,73.15,105,47.2,25,194,7,39.77,3.79,5.84,1,98.39,108.98,1.12,95.27,Marketplace,West,11278.4
REC001539,2024-11-29,66.03,900,602,5.73,36.54,118,44.66,15,176,4,52.39,4.44,10.6,0,79.6,95.94,1.273,87.63,Website,East,6048.61
REC002794,2024-11-29,206.37,882,635,2.12,14.05,119,28.71,10,192,0,68.25,4.5,8.67,1,90.55,89.72,1.181,99.08,Marketplace,South,1909.35
REC003537,2024-11-29,41.96,913,663,3.46,16.65,123,46.97,25,208,2,60.68,4.68,6.39,0,92.3,101.27,0.999,100.64,Mobile App,East,2555.6
REC005913,2024-11-30,460.48,913,653,3.55,59.03,135,43.19,10,185,12,41.16,3.82,6.39,2,100.0,114.42,0.929,104.5,Mobile App,West,12551.94
REC004616,2024-11-30,103.35,920,655,2.97,64.87,121,43.89,10,195,9,85.4,3.45,12.11,1,84.73,85.56,1.041,106.0,Website,Central,8964.13
REC005757,2024-11-30,160.21,921,639,4.28,16.38,108,38.55,20,175,15,58.54,4.11,6.42,1,95.31,114.41,0.971,101.57,Website,Central,2071.59
REC002967,2024-11-30,101.3,868,625,4.16,11.32,127,56.88,10,188,5,66.43,3.28,3.3,1,100.0,122.05,0.925,102.88,Website,South,1734.26
REC004710,2024-11-30,235.59,968,649,2.92,57.31,116,51.1,5,196,6,63.24,5.0,8.79,0,89.94,87.52,0.96,94.72,Website,East,6787.93
REC005868,2024-12-01,79.13,898,643,3.49,20.19,96,39.96,10,202,12,57.81,4.35,11.16,1,99.47,108.51,1.333,103.11,Marketplace,East,2976.23
REC005220,2024-12-03,335.05,865,640,1.94,86.41,129,32.64,20,203,4,73.71,3.4,2.11,2,88.43,97.93,1.063,99.01,Mobile App,Central,14417.75
REC004159,2024-12-03,67.87,850,641,3.35,35.56,112,57.28,15,185,0,58.64,3.75,11.74,0,82.6,93.04,1.144,109.29,Website,South,4655.11
REC003907,2024-12-03,130.93,963,628,1.68,99.22,114,19.17,30,181,4,62.73,5.0,8.14,2,94.58,96.35,1.287,97.42,Mobile App,Central,17342.41
REC004270,2024-12-04,158.03,898,656,3.77,36.21,104,29.29,5,202,5,58.73,4.03,9.29,3,92.1,70.0,0.808,102.21,Marketplace,Central,3114.21
REC000254,2024-12-04,629.45,891,659,4.94,157.05,115,55.91,20,202,3,58.38,3.28,3.37,2,92.19,107.59,0.923,100.91,Mobile App,East,24285.97
REC003941,2024-12-04,92.07,900,631,3.8,35.39,107,49.83,15,179,2,51.76,4.57,7.65,0,90.65,106.65,1.324,92.96,Marketplace,South,4369.38
REC004120,2024-12-04,95.34,900,643,3.6,37.18,116,41.87,0,182,3,46.15,3.88,11.13,1,100.0,112.62,0.894,100.62,Mobile App,Central,4611.06
REC004904,2024-12-05,67.81,899,643,2.77,7.69,118,28.55,10,200,10,62.92,4.18,13.63,0,86.34,105.04,1.191,96.69,Website,Central,951.3
REC001249,2024-12-05,261.18,895,671,3.86,30.61,105,53.73,10,165,0,40.9,4.17,4.45,1,92.65,98.57,1.268,103.77,Mobile App,South,5321.92
REC004592,2024-12-05,189.52,872,637,2.0,32.82,135,41.95,10,190,12,63.24,3.99,9.92,2,90.69,99.57,0.93,104.81,Mobile App,West,5295.81
REC002513,2024-12-06,41.88,928,612,4.48,70.23,111,41.67,5,196,5,59.08,5.0,6.26,3,84.97,89.13,0.906,103.1,Mobile App,West,9395.28
REC001900,2024-12-06,75.24,897,648,2.94,24.12,135,24.19,0,177,9,61.8,4.17,7.39,2,98.86,115.94,1.301,100.45,Marketplace,South,4700.06
REC001917,2024-12-06,67.95,891,612,3.65,19.19,124,15.28,10,204,3,40.29,4.06,8.14,1,90.92,93.86,0.775,93.74,Mobile App,Central,2563.55
REC003596,2024-12-06,649.51,923,624,2.61,32.94,125,26.44,5,175,1,44.76,4.17,4.34,3,94.95,96.55,1.276,102.13,Mobile App,West,6608.43
REC000645,2024-12-06,141.06,906,642,2.7,17.34,104,24.89,5,217,6,37.67,3.75,6.04,6,86.61,107.94,1.148,88.53,Mobile App,East,2564.17
REC004735,2024-12-06,56.13,907,624,5.28,42.32,110,20.12,15,170,4,37.63,4.61,5.73,0,91.25,98.83,0.908,103.75,Mobile App,West,5365.32
REC000705,2024-12-07,191.08,899,604,3.19,80.98,111,39.56,30,168,3,52.9,3.72,4.2,5,78.32,79.49,1.086,95.05,Marketplace,East,8950.23
REC004243,2024-12-07,153.25,922,627,4.1,33.71,122,55.89,0,226,1,66.56,3.61,3.37,2,86.92,114.85,0.93,99.12,Mobile App,West,5228.54
REC005200,2024-12-07,279.35,907,677,3.31,59.35,119,8.0,5,168,3,63.59,3.69,7.63,1,90.82,109.77,0.851,106.89,Mobile App,East,6493.84
REC004266,2024-12-07,54.55,909,669,3.65,27.09,115,35.81,0,179,11,43.71,4.69,2.35,0,98.84,90.93,1.297,104.24,Website,West,6067.79
REC002400,2024-12-07,133.79,900,641,5.37,54.7,115,41.21,5,200,11,42.11,4.7,8.6,2,100.0,94.42,0.895,100.7,Mobile App,Central,7395.73
REC002143,2024-12-08,68.95,865,638,2.54,55.88,126,35.94,20,180,11,56.48,4.25,2.65,1,93.59,105.98,0.903,99.4,Mobile App,North,7066.76
REC004310,2024-12-08,127.31,924,622,5.14,41.3,106,61.45,0,186,15,66.87,4.42,11.7,1,96.77,102.64,0.925,107.05,Website,East,6481.85
REC001960,2024-12-08,72.21,923,682,5.08,40.2,140,56.87,10,178,11,54.85,4.67,6.91,2,83.93,95.49,0.829,88.84,Mobile App,Central,6066.86
REC005485,2024-12-09,317.16,912,619,6.69,71.38,117,36.17,15,175,13,66.49,4.06,11.06,2,92.94,111.99,0.893,101.93,Marketplace,West,10726.58
REC001182,2024-12-09,354.04,855,646,3.31,55.86,134,24.2,30,190,3,62.98,4.74,6.89,4,98.61,98.76,1.227,96.2,Website,East,12111.39
REC005826,2024-12-09,173.01,846,617,4.01,19.91,121,34.69,5,191,2,67.73,4.55,5.92,1,86.35,93.46,0.769,101.01,Website,Central,2057.76
REC001672,2024-12-09,155.31,867,628,1.77,15.88,112,34.3,10,183,7,59.32,4.31,6.33,0,97.58,87.04,0.822,96.04,Mobile App,East,1879.63
REC000446,2024-12-09,222.69,929,674,4.66,48.08,110,45.32,5,170,11,42.61,4.58,3.76,2,91.72,99.96,0.787,99.58,Website,East,5732.22
REC000518,2024-12-09,154.05,933,644,5.5,18.79,128,37.36,10,172,12,29.18,4.01,6.32,2,94.43,93.58,1.175,96.94,Marketplace,North,3709.78
REC004650,2024-12-10,122.12,893,669,5.2,28.06,127,56.81,30,194,0,52.46,3.77,4.47,1,86.17,98.86,1.223,102.48,Website,East,4551.91
REC001370,2024-12-11,211.06,884,657,1.56,157.96,110,43.74,0,189,7,52.6,4.1,12.99,0,100.0,108.27,0.751,92.4,Marketplace,East,14271.23
REC004902,2024-12-11,75.98,855,621,1.37,49.68,109,23.19,10,194,4,56.44,3.34,9.91,1,92.61,109.11,1.101,100.98,Website,South,7506.66
REC005556,2024-12-11,263.66,854,641,1.79,26.23,133,38.96,10,182,13,70.15,4.86,12.04,0,87.18,87.92,1.228,102.6,Website,Central,4806.42
REC001916,2024-12-11,283.19,911,638,3.95,45.16,107,51.96,0,197,15,51.98,4.23,13.06,0,84.02,97.6,0.984,100.29,Mobile App,East,6590.65
REC005754,2024-12-12,228.29,834,674,4.77,20.74,101,27.6,10,184,10,65.36,3.86,4.71,2,89.17,98.41,1.318,100.64,Marketplace,West,3155.28
REC005064,2024-12-12,693.33,936,613,4.8,37.77,115,62.93,5,164,15,76.59,4.34,4.44,2,87.51,89.54,0.896,100.84,Website,West,5399.48
REC005307,2024-12-12,296.28,942,656,2.23,32.72,121,45.0,20,193,7,44.47,5.0,16.74,0,87.09,88.83,0.919,102.56,Website,West,3919.9
REC001212,2024-12-12,218.69,903,652,4.25,39.46,106,47.32,10,201,5,57.32,4.47,7.53,3,94.51,95.3,1.032,104.07,Mobile App,East,6585.09
REC003309,2024-12-13,190.64,866,664,4.71,42.6,92,18.46,20,192,10,66.14,4.1,12.46,0,87.82,98.67,1.317,95.07,Website,Central,5609.86
REC004942,2024-12-13,207.77,868,637,4.15,18.83,98,20.46,20,190,10,72.22,3.94,13.75,0,100.0,106.78,1.177,101.05,Marketplace,North,2836.74
REC003946,2024-12-13,111.99,927,596,3.21,28.4,115,20.37,20,190,2,33.52,4.11,0.5,1,97.03,100.1,1.022,103.61,Mobile App,West,4950.96
REC002253,2024-12-13,41.55,894,656,5.13,14.74,106,41.18,5,175,2,41.35,4.32,3.85,1,90.98,101.45,0.919,93.04,Mobile App,Central,1671.84
REC002117,2024-12-14,85.0,952,623,4.14,29.91,120,47.67,20,211,4,67.09,3.86,6.98,1,94.26,112.23,1.183,104.23,Mobile App,Central,5382.63
REC000814,2024-12-14,142.8,897,639,3.02,38.16,133,40.82,5,193,9,73.48,3.19,9.02,2,100.0,103.06,1.084,108.83,Website,East,6599.55
REC003910,2024-12-14,158.54,871,684,4.63,69.49,134,40.95,15,205,8,68.62,4.41,2.85,5,96.55,96.26,1.293,101.46,Website,Central,15002.48
REC004383,2024-12-14,280.52,903,590,2.98,37.14,127,16.29,0,135,14,79.71,3.82,2.83,1,84.05,103.37,1.019,97.96,Mobile App,South,5194.24
REC004952,2024-12-14,218.21,890,639,4.37,26.55,117,21.49,20,194,0,56.64,4.52,12.06,1,96.35,82.77,0.854,99.06,Website,North,3629.46
REC004197,2024-12-15,167.88,926,671,4.95,68.56,95,36.64,0,189,13,65.36,3.97,3.22,2,89.1,98.83,1.264,97.13,Marketplace,South,8949.59
REC002782,2024-12-15,263.13,888,600,4.2,65.55,125,42.47,5,209,0,67.37,5.0,12.5,0,71.28,83.43,0.93,107.04,Marketplace,Central,6871.0
REC001718,2024-12-16,47.31,920,648,4.85,27.65,141,29.74,10,197,2,40.69,5.0,13.6,1,82.78,109.75,1.163,93.03,Website,Central,5246.33
REC001383,2024-12-16,188.72,849,648,5.57,53.61,115,32.56,15,185,1,46.51,3.87,3.57,0,98.67,88.26,1.318,102.93,Mobile App,Central,12117.06
REC000078,2024-12-16,65.12,859,618,2.52,29.71,108,21.8,5,206,1,39.38,4.29,0.5,4,86.98,117.54,0.843,98.34,Mobile App,West,2975.12
REC003981,2024-12-16,94.8,876,629,5.42,118.51,102,32.67,20,177,12,43.05,3.88,10.63,2,96.86,101.01,0.923,98.57,Mobile App,South,15627.46
REC003233,2024-12-16,92.46,869,668,3.26,94.26,96,33.13,0,198,5,58.99,5.0,8.12,0,90.62,102.35,1.209,98.43,Website,South,12173.96
REC001316,2024-12-16,45.59,874,578,5.84,111.08,126,39.17,5,185,5,74.69,5.0,11.07,1,93.1,110.16,0.952,104.6,Mobile App,West,19954.16
REC002353,2024-12-16,93.29,889,660,3.74,61.29,113,34.51,20,209,3,54.04,3.4,15.58,1,85.42,90.33,0.753,96.1,Website,Central,5181.68
REC002903,2024-12-17,109.85,888,665,4.2,27.62,121,26.49,10,186,9,85.37,4.91,4.28,3,86.74,114.29,1.281,103.33,Mobile App,West,5068.6
REC002365,2024-12-17,82.73,923,653,3.8,42.66,114,36.72,5,169,7,48.99,4.05,10.39,1,95.31,102.08,1.147,94.66,Website,North,6220.8
REC003955,2024-12-17,141.29,902,644,5.21,29.42,121,29.21,30,166,8,71.36,3.96,6.22,3,94.62,87.93,1.226,101.56,Mobile App,East,6000.1
REC000915,2024-12-17,107.99,890,631,5.34,40.15,107,40.02,5,173,14,55.99,4.03,1.0,3,83.59,87.04,0.879,99.35,Website,East,4021.83
REC004577,2024-12-17,151.57,956,659,2.13,57.49,102,19.39,20,190,12,72.79,4.59,0.76,2,97.08,90.38,1.155,100.96,Website,West,7385.95
REC005470,2024-12-17,94.12,933,618,3.28,53.2,104,44.36,10,184,14,71.12,4.37,8.96,2,89.98,102.91,0.901,103.6,Mobile App,Central,5270.95
REC003323,2024-12-18,191.19,851,661,2.57,76.65,150,32.29,15,172,2,68.54,3.8,0.5,2,91.82,100.93,0.773,106.61,Mobile App,West,12160.46
REC001082,2024-12-18,652.93,910,625,3.34,42.44,105,24.75,15,194,12,55.75,4.2,9.69,2,91.76,94.49,0.781,92.02,Mobile App,South,3949.42
REC001287,2024-12-18,37.27,865,631,2.05,32.16,122,53.72,15,197,12,72.47,4.4,5.95,2,95.84,110.95,1.334,94.16,Mobile App,South,5604.81
REC002558,2024-12-18,67.58,902,636,4.29,49.84,109,50.61,10,169,0,55.98,4.85,7.75,4,93.15,81.9,0.994,98.27,Website,North,6650.53
REC003422,2024-12-19,72.47,908,625,2.04,28.63,127,43.75,10,207,0,36.39,4.22,9.66,1,95.16,97.17,1.051,96.54,Website,South,4118.15
REC001876,2024-12-19,137.38,891,704,4.11,77.89,124,34.78,20,171,15,49.24,3.89,5.21,3,95.26,84.84,0.766,90.31,Mobile App,West,9813.31
REC004833,2024-12-19,81.78,948,669,3.55,32.0,120,40.52,5,185,2,59.32,3.75,7.93,1,100.0,95.1,1.07,104.4,Marketplace,East,5328.74
REC000495,2024-12-20,76.08,874,627,4.66,44.04,107,41.03,10,194,14,54.27,3.64,9.26,0,89.87,108.97,1.128,101.8,Website,South,6365.82
REC005175,2024-12-20,181.27,896,619,3.8,43.19,116,47.88,15,207,1,71.49,4.25,10.56,3,100.0,86.99,0.758,103.2,Mobile App,East,5923.47
REC004739,2024-12-21,262.77,889,666,3.47,64.05,110,22.93,10,187,9,42.74,4.3,5.27,0,89.67,107.02,0.917,112.0,Mobile App,West,8904.43
REC000343,2024-12-21,156.17,915,658,2.2,20.2,106,35.55,5,188,15,44.46,3.85,7.78,1,100.0,105.05,1.197,96.71,Mobile App,North,3152.54
REC001635,2024-12-21,107.13,920,612,4.43,53.91,123,22.79,5,210,2,57.08,3.75,5.87,2,100.0,94.77,1.016,98.71,Marketplace,Central,7949.92
REC000340,2024-12-22,81.42,835,637,3.32,77.65,121,23.89,5,199,3,74.75,5.0,8.1,3,87.49,89.65,1.292,98.85,Mobile App,North,14707.12
REC004074,2024-12-22,154.1,902,639,2.73,95.81,102,34.83,25,179,1,49.67,3.36,11.45,1,100.0,92.18,1.195,91.78,Mobile App,East,16729.88
REC001518,2024-12-22,174.63,917,657,4.34,57.28,126,34.89,20,189,9,74.29,3.75,5.09,1,94.23,93.04,1.041,96.22,Mobile App,West,10502.02
REC000522,2024-12-23,341.95,886,656,4.87,18.17,95,33.06,10,186,2,64.2,3.78,8.2,0,87.77,95.14,1.205,92.13,Website,South,2343.43
REC003960,2024-12-23,223.76,922,646,2.7,40.38,129,43.0,15,191,12,62.28,4.93,5.93,2,92.58,100.59,1.154,100.02,Website,Central,7090.17
REC000676,2024-12-23,132.3,891,659,6.15,58.97,101,28.09,25,189,5,43.08,4.16,7.55,2,99.65,88.76,0.923,96.12,Mobile App,North,8252.39
REC002541,2024-12-23,212.17,868,650,4.31,27.69,114,27.84,5,167,3,52.39,4.26,3.64,1,73.88,90.42,1.242,104.5,Mobile App,South,4421.7
REC000641,2024-12-24,142.48,947,613,3.05,45.17,114,55.64,15,179,3,70.24,4.07,6.2,1,89.66,116.72,0.914,107.67,Mobile App,East,5822.56
REC000906,2024-12-24,127.54,958,655,4.11,29.89,121,47.51,10,198,15,54.88,4.19,10.52,1,80.41,105.32,0.752,91.28,Mobile App,East,2645.92
REC000148,2024-12-25,191.7,891,649,3.56,35.36,104,36.49,0,191,10,70.59,5.0,14.26,2,90.83,110.38,0.899,93.13,Marketplace,South,3570.6
REC005854,2024-12-25,340.22,953,631,5.49,45.94,122,29.73,15,186,15,53.9,4.05,8.14,2,85.18,93.93,1.19,92.1,Marketplace,West,8036.46
REC004548,2024-12-25,104.61,912,601,2.7,27.43,105,34.2,0,210,10,74.89,4.35,8.87,0,96.32,101.52,1.233,111.74,Mobile App,South,4889.49
REC004194,2024-12-25,343.32,915,612,4.38,31.9,108,17.5,10,190,6,69.43,3.0,7.45,0,95.22,114.27,0.78,103.05,Website,Central,3234.97
REC003846,2024-12-25,118.02,946,654,3.51,26.34,128,33.16,0,169,5,57.06,4.72,13.04,1,93.45,94.19,0.899,97.05,Website,North,3000.32
REC003598,2024-12-26,154.28,858,632,6.27,105.09,109,55.86,20,174,8,68.99,4.52,1.2,2,100.0,70.02,1.071,94.86,Marketplace,East,14732.24
REC003552,2024-12-26,83.45,866,671,4.98,12.87,111,36.08,10,203,10,70.78,3.76,4.83,2,93.67,106.68,1.188,103.85,Mobile App,South,2391.53
REC003711,2024-12-26,318.33,918,647,3.16,23.3,119,41.56,5,172,1,55.4,3.36,0.88,1,92.75,76.99,1.127,108.02,Mobile App,Central,4795.06
REC003847,2024-12-26,117.5,895,640,4.02,33.01,94,46.97,10,190,3,33.35,4.49,10.49,2,88.6,97.19,1.18,99.64,Website,Central,3581.55
REC003514,2024-12-26,97.77,887,678,3.48,44.64,112,26.2,10,193,2,45.66,4.57,6.93,1,94.56,101.33,0.806,96.43,Marketplace,North,3930.97
REC000081,2024-12-27,124.6,881,611,4.49,25.01,127,16.82,5,193,11,72.43,3.79,16.77,0,100.0,100.74,1.092,100.01,Mobile App,East,4797.37
REC001147,2024-12-27,666.9,831,623,4.24,45.25,119,46.49,10,157,14,51.48,4.24,8.84,1,88.12,82.81,0.914,98.13,Marketplace,Central,6022.24
REC003128,2024-12-27,114.12,893,693,4.92,54.61,111,51.83,5,170,8,52.71,4.79,4.09,0,92.53,93.64,1.143,104.4,Website,East,9552.2
REC000024,2024-12-28,178.08,878,632,4.07,85.35,130,21.12,25,171,6,56.35,4.15,10.38,1,96.18,95.83,1.132,112.93,Website,West,15307.26
REC001076,2024-12-28,49.69,926,625,4.74,11.95,110,28.22,25,197,10,40.08,4.4,8.42,1,100.0,84.65,0.823,103.43,Website,East,1231.05
REC002937,2024-12-28,482.69,919,637,3.7,24.87,119,39.84,10,174,14,64.73,5.0,8.96,1,86.21,120.01,1.15,97.06,Website,Central,3854.49
REC001258,2024-12-28,201.73,909,653,4.47,22.76,114,31.23,0,177,0,46.87,3.54,8.06,0,99.89,107.97,0.968,97.67,Website,South,3374.57
REC000214,2024-12-29,114.36,935,620,3.26,40.47,113,31.37,15,187,10,34.92,3.25,10.51,4,81.43,116.46,1.016,100.98,Mobile App,Central,4483.3
REC003646,2024-12-29,381.27,934,654,3.51,31.19,102,28.22,25,210,8,63.63,3.27,14.05,3,92.52,95.93,1.149,97.47,Mobile App,Central,4800.64
REC005436,2024-12-29,292.47,880,642,4.47,20.2,99,38.15,15,224,2,42.58,3.8,13.4,3,99.26,107.18,1.048,100.88,Mobile App,South,2668.75
REC003722,2024-12-29,164.42,928,627,3.77,32.9,116,33.2,20,185,8,48.3,4.84,15.76,1,100.0,98.06,1.233,99.28,Mobile App,North,4913.93
REC005076,2024-12-29,35.81,924,645,3.16,76.98,111,34.36,30,195,7,68.37,4.72,11.84,0,81.68,81.2,1.245,97.73,Website,South,8555.46
REC005000,2024-12-30,77.59,901,666,5.32,45.18,106,21.69,30,196,6,64.6,3.26,11.85,1,96.27,116.62,1.058,94.79,Website,East,6115.28
REC005669,2024-12-30,133.82,867,610,3.71,62.02,93,27.62,5,195,8,37.46,3.83,8.54,1,90.73,112.04,1.229,92.64,Website,West,9339.3
REC004315,2024-12-30,44.63,934,661,3.39,18.82,107,75.0,10,208,9,53.82,5.0,5.52,0,100.0,98.02,1.063,86.2,Mobile App,North,3071.03
REC000455,2024-12-31,279.91,895,648,2.12,34.1,115,28.53,10,180,13,53.02,4.18,10.35,1,93.0,109.91,0.949,104.06,Website,North,4314.81
REC000506,2024-12-31,54.09,849,659,1.64,112.54,114,33.41,10,176,5,56.2,3.76,6.96,1,85.86,115.9,1.247,95.65,Website,South,15697.19
REC001908,2024-12-31,363.34,830,625,4.23,77.96,107,34.16,5,187,9,71.16,4.79,9.3,3,89.54,102.95,1.197,97.47,Website,West,12469.33
REC001310,2024-12-31,176.14,869,645,3.87,28.79,117,47.92,15,185,11,64.39,4.12,14.44,3,90.71,104.83,1.171,104.25,Marketplace,West,4469.66
REC002263,2024-12-31,116.38,910,657,3.49,49.92,110,28.51,15,191,10,74.29,3.67,6.55,1,96.26,92.12,1.228,102.27,Mobile App,North,9453.2
REC005605,2024-12-31,138.69,885,659,4.63,20.31,132,50.38,5,175,5,54.02,4.44,11.78,4,95.33,92.48,1.073,110.04,Mobile App,Central,3890.13
REC005508,2024-12-31,269.22,895,631,3.15,17.58,120,46.06,20,206,4,48.31,4.33,5.97,2,99.86,104.31,0.883,98.39,Website,East,2500.96
REC003144,2024-12-31,241.96,885,632,2.58,52.98,129,44.87,5,210,14,61.52,4.19,8.03,1,98.59,105.18,1.262,93.74,Mobile App,East,11175.5
REC004213,2024-12-31,68.44,958,697,3.79,24.82,111,47.78,15,204,7,78.57,4.19,2.89,1,80.88,116.97,1.303,104.4,Website,East,3688.58
REC005661,2025-01-01,84.97,899,635,3.25,31.02,112,44.35,20,167,15,48.41,4.32,0.5,2,94.1,82.72,0.891,95.42,Marketplace,East,3559.08
REC002219,2025-01-01,208.31,890,627,4.44,23.1,116,42.9,15,201,1,71.7,4.45,5.76,1,88.37,95.82,0.937,91.62,Website,South,3010.49
REC004001,2025-01-01,66.64,924,637,3.79,75.64,121,58.16,20,195,14,47.14,3.49,6.34,1,80.75,92.89,1.219,95.83,Mobile App,Central,11898.33
REC005259,2025-01-02,195.78,923,659,3.51,44.78,110,34.58,25,202,9,47.27,3.64,4.27,0,94.29,102.97,0.786,101.64,Mobile App,West,5485.22
REC005908,2025-01-02,50.13,844,648,4.04,14.04,115,52.75,30,189,8,41.81,4.86,8.97,2,97.81,100.68,1.229,106.29,Mobile App,East,2535.42
REC003184,2025-01-02,136.92,859,637,2.8,58.59,109,36.25,15,179,3,43.6,4.62,8.89,2,97.11,100.94,1.131,109.22,Mobile App,Central,9248.45
REC002395,2025-01-02,154.19,941,671,7.12,33.24,107,28.06,20,190,0,62.92,3.16,5.92,1,100.0,98.05,1.099,104.17,Website,West,5786.48
REC001755,2025-01-02,278.26,859,643,4.22,47.75,99,42.85,20,201,9,76.94,4.73,0.5,1,88.18,73.02,1.275,102.79,Website,Central,6538.04
REC004184,2025-01-02,142.23,922,661,3.15,42.66,115,56.23,15,187,1,67.77,3.75,13.04,2,89.51,116.39,1.323,100.91,Marketplace,South,7170.23
REC004162,2025-01-03,142.15,934,617,3.57,109.7,115,21.34,0,199,8,46.02,4.78,7.88,1,84.57,85.06,0.819,100.7,Website,West,12401.46
REC002031,2025-01-03,75.6,881,611,4.4,31.83,109,29.92,10,174,15,39.13,3.82,9.21,0,79.05,122.09,1.176,95.11,Website,West,4557.26
REC005633,2025-01-03,104.13,896,632,4.01,39.16,134,65.47,15,191,2,56.58,4.46,4.86,0,87.36,101.7,1.114,91.31,Mobile App,Central,7278.77
REC002841,2025-01-03,98.73,848,606,3.35,81.82,135,50.98,10,164,8,50.17,4.27,4.94,1,95.95,105.12,0.89,105.27,Mobile App,South,15190.89
REC005503,2025-01-03,157.28,907,649,3.93,24.74,102,26.63,15,197,9,74.78,3.68,10.64,0,94.88,89.31,1.336,99.87,Mobile App,East,4737.62
REC004629,2025-01-03,153.9,902,626,4.96,18.32,128,34.84,15,205,0,51.34,3.51,8.56,1,96.98,87.22,1.101,98.22,Mobile App,North,3063.61
REC005141,2025-01-03,45.65,898,629,2.84,53.59,110,38.55,15,201,1,48.83,3.37,7.4,2,95.49,97.71,1.222,97.21,Mobile App,Central,9048.05
REC003997,2025-01-03,297.52,880,649,3.93,71.87,107,34.49,15,199,6,71.7,4.11,7.18,1,90.66,103.01,0.884,108.55,Website,North,8691.15
REC002356,2025-01-03,186.89,896,657,3.82,81.61,106,49.41,0,187,9,54.83,3.62,3.25,3,87.51,100.09,1.235,95.02,Mobile App,East,11172.51
REC002361,2025-01-04,53.03,882,644,3.5,9.93,123,58.35,15,190,5,51.85,4.79,13.4,0,83.25,105.82,0.769,105.24,Website,West,1125.61
REC003029,2025-01-04,197.31,904,629,3.39,72.12,129,38.73,5,218,4,38.98,3.1,9.45,0,95.66,109.57,1.344,99.58,Mobile App,North,17534.22
REC004500,2025-01-04,389.34,878,645,3.57,13.05,110,51.55,25,201,9,63.54,4.83,6.29,0,86.39,99.97,0.818,96.6,Mobile App,East,1481.25
REC000760,2025-01-04,112.61,883,625,4.4,32.02,118,36.19,10,195,14,77.36,4.53,4.38,1,93.87,83.64,0.824,104.7,Mobile App,East,4603.25
REC000152,2025-01-05,97.3,892,628,4.09,25.24,116,29.25,0,173,0,60.43,3.95,9.02,1,83.94,98.67,0.963,82.74,Website,North,3238.96
REC005492,2025-01-05,131.73,871,622,4.83,58.59,104,40.51,5,183,14,56.08,5.0,9.66,2,81.11,105.1,0.846,105.76,Mobile App,North,5621.74
REC004106,2025-01-05,119.54,880,643,3.52,45.29,130,48.75,15,181,2,69.72,3.81,7.82,2,93.71,95.64,1.184,96.77,Marketplace,Central,8021.87
REC000431,2025-01-05,264.98,932,660,3.43,38.28,137,55.7,20,191,13,57.68,3.75,10.14,1,99.02,101.43,1.017,95.33,Mobile App,South,5918.93
REC001430,2025-01-05,103.17,874,604,4.02,122.62,125,37.79,20,207,2,59.06,3.6,9.13,0,91.81,90.5,1.014,107.36,Mobile App,West,20828.08
REC001589,2025-01-06,208.16,879,636,4.83,59.7,100,25.74,25,186,8,51.85,5.0,5.62,0,100.0,104.7,0.777,99.44,Website,West,6604.8
REC001757,2025-01-06,759.9,883,630,3.73,37.22,120,24.27,30,188,0,50.87,4.54,10.13,1,100.0,83.48,1.17,97.89,Website,West,6213.8
REC002649,2025-01-06,132.78,913,640,4.29,40.17,108,41.6,0,216,4,24.03,3.47,2.77,2,88.35,75.87,0.966,101.24,Website,East,5345.73
REC005490,2025-01-06,209.02,916,636,2.37,51.69,124,35.54,5,197,10,62.39,3.44,0.94,1,89.67,99.75,0.984,90.22,Mobile App,North,6516.51
REC000717,2025-01-06,38.05,921,606,4.42,108.49,131,15.65,10,185,4,46.8,3.67,6.38,4,98.52,99.57,1.23,107.66,Mobile App,North,22769.95
REC002562,2025-01-07,167.38,927,654,3.73,18.98,138,60.98,25,184,5,60.03,5.0,4.9,1,82.59,84.73,0.875,106.84,Website,South,2548.15
REC004666,2025-01-08,209.45,931,641,3.65,65.61,140,55.5,25,200,15,54.06,4.3,8.3,5,80.41,100.22,1.259,106.66,Website,North,12487.58
REC002860,2025-01-08,271.58,905,653,1.82,72.82,119,34.43,20,198,7,35.24,4.23,5.88,0,100.0,98.39,1.348,104.16,Website,East,14722.75
REC004604,2025-01-08,89.47,885,677,4.03,112.86,108,32.9,15,183,6,63.2,4.64,5.47,0,84.42,95.08,0.768,107.44,Website,West,10988.92
REC004993,2025-01-09,95.99,891,635,4.88,54.94,113,46.7,10,173,7,51.21,3.97,9.77,0,89.34,96.41,1.197,95.72,Website,Central,8353.82
REC001994,2025-01-09,151.28,841,642,3.73,30.52,100,58.22,10,193,15,59.0,3.45,6.19,1,93.48,102.77,1.163,94.01,Website,East,4798.35
REC000579,2025-01-09,101.93,908,585,2.57,45.11,95,43.51,10,183,6,61.35,3.39,5.35,1,97.12,112.66,1.124,91.49,Mobile App,North,6048.94
REC003775,2025-01-09,87.73,993,656,2.0,28.78,110,43.81,15,186,5,55.93,2.82,7.27,0,99.36,121.42,1.117,96.96,Marketplace,East,4572.39
REC003817,2025-01-09,57.13,845,648,3.51,78.63,122,45.31,10,197,13,52.14,4.95,13.66,1,84.76,110.12,1.243,106.0,Mobile App,South,11597.65
REC003889,2025-01-09,264.53,854,614,4.83,56.22,119,51.91,5,175,6,51.77,2.98,8.28,0,90.98,105.42,0.801,106.72,Website,North,6830.66
REC003513,2025-01-09,60.53,867,650,5.1,19.52,130,45.69,5,192,3,69.7,4.24,11.39,2,99.86,103.63,1.168,116.32,Website,South,3787.81
REC003441,2025-01-09,232.07,909,650,4.95,20.45,108,19.94,10,207,12,59.81,3.47,9.75,5,91.22,125.66,1.065,102.64,Website,West,3207.89
REC000312,2025-01-10,122.23,899,655,3.41,30.17,112,46.47,10,212,13,54.29,4.41,15.27,1,75.82,97.61,1.193,97.42,Website,West,4459.58
REC002072,2025-01-10,242.06,891,646,4.12,35.18,107,27.52,25,177,6,68.48,3.27,9.96,0,84.26,89.7,1.34,94.99,Website,South,5405.77
REC002787,2025-01-10,478.43,883,698,5.14,71.49,115,16.9,10,190,5,64.29,4.59,9.61,3,91.3,84.71,1.271,103.31,Mobile App,South,13263.16
REC003522,2025-01-10,319.47,952,649,5.47,47.63,101,30.12,20,212,0,70.01,3.85,9.03,1,82.83,115.78,1.151,106.61,Mobile App,East,6618.41
REC005439,2025-01-10,157.14,932,618,3.98,26.77,114,35.37,10,210,14,63.81,4.14,5.27,1,79.47,81.93,1.213,109.03,Website,Central,4026.45
REC001136,2025-01-10,220.05,879,636,5.95,21.05,117,29.32,15,193,11,38.72,3.05,6.33,2,82.82,98.11,1.281,99.8,Mobile App,East,4325.94
REC004513,2025-01-10,51.4,920,665,2.74,110.23,128,54.19,25,172,14,36.99,3.92,9.22,2,87.79,109.18,0.813,104.95,Mobile App,South,12735.25
REC000346,2025-01-10,198.81,883,630,4.1,48.62,115,36.09,10,174,10,25.96,4.28,2.91,1,88.25,109.89,0.925,105.83,Website,South,5892.13
REC005619,2025-01-11,466.3,982,612,5.22,60.53,116,62.13,5,197,5,43.96,4.79,16.77,4,87.39,105.83,0.875,93.41,Website,Central,6340.96
REC002075,2025-01-11,95.64,909,630,4.97,65.02,134,22.97,0,170,7,59.11,4.33,7.94,2,96.38,81.11,0.759,100.44,Marketplace,South,7461.8
REC002017,2025-01-11,148.42,942,654,3.44,27.51,118,36.12,5,173,15,58.78,4.39,4.92,2,87.55,86.58,1.022,105.71,Website,East,4208.02
REC004939,2025-01-11,86.65,913,628,3.02,51.49,112,50.65,25,199,11,67.79,4.58,3.88,3,95.88,101.41,0.895,98.56,Website,Central,6313.42
REC005161,2025-01-12,40.35,930,649,3.55,39.92,124,32.09,15,195,12,51.97,4.37,1.99,2,89.51,113.9,1.307,94.49,Mobile App,North,8296.51
REC000300,2025-01-12,180.13,879,626,3.63,49.76,121,43.22,15,196,15,52.03,4.52,14.51,0,87.73,108.26,0.887,99.54,Marketplace,South,5339.34
REC003145,2025-01-12,376.1,919,638,3.87,47.7,132,56.59,15,170,12,60.62,4.35,4.49,2,84.43,75.83,1.35,98.43,Mobile App,East,10038.38
REC004745,2025-01-12,178.86,915,597,4.33,46.67,118,42.77,5,176,1,67.15,3.79,13.12,3,92.32,106.49,1.117,116.14,Mobile App,South,8092.34
REC001304,2025-01-13,186.78,922,613,2.58,91.0,119,48.56,10,196,6,51.79,3.81,2.03,0,90.78,123.57,1.322,98.46,Website,Central,19796.07
REC001686,2025-01-13,79.22,890,653,3.3,173.45,122,34.71,0,190,6,61.76,3.69,7.5,0,87.02,88.58,0.961,100.62,Website,Central,25541.61
REC002008,2025-01-13,390.72,882,655,6.02,33.48,133,47.41,10,174,0,35.52,3.52,11.3,2,97.27,96.91,0.937,101.81,Mobile App,South,5649.81
REC003584,2025-01-14,523.15,911,637,3.06,19.85,114,33.61,5,163,0,51.52,4.69,9.37,1,94.13,104.75,1.241,97.12,Marketplace,West,3271.9
REC001412,2025-01-14,562.92,931,635,2.99,70.74,130,41.76,0,207,5,73.53,4.49,4.85,0,95.91,111.68,1.298,99.91,Website,Central,15857.01
REC001765,2025-01-15,180.45,936,646,3.79,28.39,112,28.47,15,205,6,44.47,4.53,8.15,1,88.61,100.67,0.79,98.0,Marketplace,East,2902.32
REC005240,2025-01-15,138.44,905,676,2.22,27.56,109,22.68,15,172,5,58.28,4.22,7.51,4,93.75,111.33,0.859,89.78,Website,North,2965.15
REC003088,2025-01-15,113.21,970,624,5.66,27.38,97,34.21,5,201,13,32.93,4.07,15.53,4,90.39,100.26,1.252,97.76,Mobile App,South,3668.89
REC000111,2025-01-15,100.83,851,633,4.59,22.22,117,40.44,15,184,9,53.39,3.54,6.07,2,82.39,87.21,1.15,84.61,Website,East,3040.44
REC004059,2025-01-15,28.75,899,639,3.61,40.98,117,55.74,10,165,0,52.87,3.28,11.47,1,92.04,95.97,0.905,89.51,Marketplace,Central,4182.41
REC005327,2025-01-15,641.79,850,625,0.97,29.84,114,56.62,0,179,11,54.56,4.35,7.55,1,80.23,108.67,1.063,97.06,Mobile App,East,4302.87
REC002738,2025-01-16,261.23,923,602,4.07,81.7,121,40.19,5,195,7,36.68,3.73,4.34,2,90.86,70.26,0.95,103.14,Website,East,11793.46
REC000753,2025-01-16,153.19,870,649,3.7,20.43,115,33.98,25,185,3,48.98,3.87,7.4,1,84.5,91.45,0.95,100.9,Marketplace,Central,2398.7
REC000093,2025-01-16,55.86,866,605,4.8,33.19,107,29.98,0,191,15,57.98,4.12,6.08,2,88.67,99.87,1.161,107.01,Mobile App,East,5206.57
REC004299,2025-01-16,706.52,887,618,2.68,34.45,115,60.17,5,180,1,74.54,4.14,6.57,1,72.38,102.89,1.194,98.43,Marketplace,Central,4641.54
REC004680,2025-01-16,160.85,910,629,4.95,45.51,127,31.81,10,213,1,42.55,3.66,6.53,1,90.26,103.06,1.15,100.42,Website,North,9335.94
REC000957,2025-01-16,73.29,926,638,4.92,31.85,119,28.16,15,183,10,60.28,3.55,6.11,0,98.09,98.76,0.807,92.45,Mobile App,North,4224.63
REC000166,2025-01-17,146.73,856,637,2.33,71.25,101,27.78,10,193,6,56.76,4.77,7.87,1,100.0,91.07,0.891,101.84,Website,West,8697.26
REC002178,2025-01-18,500.21,856,687,3.12,124.11,140,41.45,30,190,7,63.15,3.67,5.48,0,82.27,93.94,1.286,99.06,Marketplace,North,22123.42
REC004033,2025-01-18,137.18,923,619,3.3,57.52,105,47.75,20,194,2,42.71,3.74,1.19,4,91.44,95.85,0.848,101.49,Website,East,6548.9
REC002744,2025-01-18,57.32,873,633,5.53,43.66,127,34.08,25,184,3,55.8,4.47,2.36,1,84.25,91.19,1.189,92.63,Mobile App,Central,6857.53
REC001688,2025-01-18,152.67,935,655,5.13,20.23,129,47.92,5,186,13,49.32,4.01,5.3,0,92.6,91.61,0.766,94.61,Mobile App,West,3130.76
REC001958,2025-01-19,274.38,911,628,3.35,75.29,122,35.85,0,176,8,71.13,3.22,14.05,2,90.72,111.16,1.003,104.66,Mobile App,North,12500.66
REC001058,2025-01-19,88.48,909,651,2.76,92.0,112,27.77,10,201,6,76.79,3.46,7.89,0,96.48,118.31,1.311,96.11,Mobile App,East,18353.18
REC004951,2025-01-19,484.35,930,650,5.08,20.83,116,48.3,10,227,14,67.55,4.38,6.96,0,91.41,109.69,0.924,102.3,Website,North,3169.02
REC002187,2025-01-19,205.88,911,642,2.61,64.42,140,36.68,10,198,6,54.66,3.16,0.97,1,82.02,80.39,1.19,100.88,Mobile App,Central,12211.49
REC002999,2025-01-20,215.74,927,654,2.63,49.46,99,48.14,15,219,14,73.78,3.1,1.56,3,82.21,116.23,0.826,88.45,Website,North,4169.54
REC000764,2025-01-20,144.71,851,641,1.85,66.24,115,45.25,5,189,3,82.93,3.73,9.24,0,100.0,95.76,1.135,92.98,Website,South,10342.15
REC002893,2025-01-20,200.27,903,649,4.21,51.47,116,38.27,0,210,5,60.38,3.4,4.5,1,91.03,92.0,1.157,95.46,Website,Central,6858.61
REC004034,2025-01-20,107.86,889,634,4.86,26.5,116,23.18,5,198,7,63.67,3.59,0.5,1,100.0,95.95,0.919,96.27,Website,South,3719.89
REC003933,2025-01-21,113.98,877,655,4.94,16.41,116,36.88,30,199,10,34.58,4.04,7.71,0,87.13,107.02,1.245,105.08,Website,East,2722.52
REC002032,2025-01-21,88.98,891,658,5.21,41.13,124,42.68,0,194,4,48.04,4.36,11.0,1,82.06,106.68,1.188,107.26,Mobile App,East,6904.29
REC002958,2025-01-22,175.93,898,633,3.37,80.51,115,23.08,25,188,8,44.76,2.98,3.0,1,87.57,87.76,1.344,97.04,Website,East,16473.9
REC004822,2025-01-22,215.37,853,638,5.13,45.72,112,37.01,25,160,10,41.22,4.1,6.73,1,80.13,105.06,1.346,106.34,Marketplace,North,7471.56
REC000636,2025-01-22,488.11,912,612,3.14,64.48,125,38.04,25,197,7,23.7,4.33,7.6,2,88.53,97.83,1.06,103.86,Mobile App,Central,9907.02
REC002712,2025-01-22,203.04,909,701,4.25,24.95,111,34.77,10,200,13,48.23,4.19,8.43,2,88.61,105.72,0.939,99.6,Website,East,3392.63
REC000678,2025-01-23,100.56,954,616,6.21,134.46,110,33.12,10,203,10,70.49,4.16,6.1,2,100.0,77.23,0.875,106.22,Website,Central,19952.75
REC001824,2025-01-23,263.26,879,643,2.8,28.5,85,44.8,15,186,4,58.45,3.94,13.48,0,85.49,104.45,0.789,97.81,Mobile App,East,2476.64
REC000546,2025-01-23,79.4,893,639,5.34,31.23,94,37.2,20,207,9,59.92,3.99,13.02,2,87.09,98.46,1.223,98.6,Marketplace,Central,3628.99
REC002875,2025-01-23,113.89,868,641,3.82,43.35,117,45.28,5,203,8,77.6,4.22,8.66,0,99.58,111.34,1.026,96.06,Mobile App,Central,7667.98
REC004670,2025-01-23,100.9,865,625,2.39,11.22,124,59.51,0,176,9,59.13,3.83,7.15,1,100.0,94.57,0.931,98.0,Website,West,1904.57
REC004008,2025-01-23,100.54,932,645,3.64,27.07,98,43.3,15,194,0,68.61,3.48,1.41,0,100.0,93.11,1.24,98.13,Mobile App,Central,4666.99
REC005128,2025-01-23,227.78,945,641,1.36,76.03,114,40.27,0,186,14,41.08,4.5,2.42,0,97.44,103.95,1.229,100.85,Mobile App,North,13495.29
REC002753,2025-01-23,192.64,882,601,5.52,33.66,122,19.65,5,195,12,53.59,4.0,11.83,4,97.36,105.63,0.879,96.6,Website,West,4964.16
REC001868,2025-01-23,121.42,875,619,4.82,56.07,122,28.21,15,170,0,61.29,3.61,4.13,1,83.48,89.39,1.326,83.19,Website,Central,7689.99
REC001789,2025-01-24,462.68,914,657,4.4,27.71,113,33.79,0,199,11,73.32,4.81,5.37,1,87.22,110.62,0.915,105.27,Mobile App,Central,3734.89
REC003575,2025-01-24,124.28,861,667,5.8,37.96,116,20.41,5,176,13,72.46,4.7,11.16,0,91.5,118.41,0.963,95.83,Mobile App,Central,5498.08
REC005596,2025-01-25,168.16,944,583,2.91,49.08,107,32.16,5,190,1,59.73,4.0,6.79,2,89.26,107.32,0.879,101.05,Website,Central,5006.87
REC004417,2025-01-25,178.68,851,630,4.1,68.59,124,43.78,20,179,1,22.39,4.15,9.54,0,93.04,95.08,0.826,110.65,Website,North,10186.74
REC001544,2025-01-25,203.4,916,666,4.05,42.7,119,28.69,10,187,3,80.5,3.25,10.11,3,98.13,92.72,0.97,100.42,Mobile App,Central,6784.86
REC005575,2025-01-26,291.55,863,627,4.67,28.38,113,30.67,20,161,11,84.52,4.48,8.4,1,92.99,103.91,1.339,102.22,Website,Central,5270.46
REC005339,2025-01-27,537.31,943,628,4.54,76.17,118,47.51,0,181,8,56.69,4.35,5.73,4,94.41,86.91,0.774,94.8,Marketplace,South,8000.83
REC000004,2025-01-27,181.62,909,637,5.96,86.78,122,32.92,15,186,5,74.91,3.23,5.54,0,100.0,98.15,0.945,101.35,Website,South,12319.41
REC003426,2025-01-27,85.27,914,652,6.4,70.2,120,45.58,20,184,13,52.3,4.0,3.84,1,90.44,91.97,1.143,97.85,Website,South,11380.73
REC004895,2025-01-27,109.96,905,601,2.33,46.66,104,33.88,20,180,10,44.53,4.08,5.65,2,80.1,80.06,1.263,98.97,Mobile App,North,6453.68
REC003394,2025-01-27,41.96,923,629,2.78,68.79,123,24.37,15,194,6,60.63,3.45,4.34,2,80.26,86.54,0.815,102.31,Mobile App,East,7278.77
REC002318,2025-01-27,206.42,880,652,2.86,14.68,113,40.02,30,160,2,60.82,4.57,7.85,2,95.26,100.77,0.821,95.25,Marketplace,East,1415.41
REC001324,2025-01-29,120.75,882,622,0.8,27.86,131,28.57,5,184,11,69.85,4.3,8.24,0,97.93,107.58,0.783,103.82,Mobile App,South,3421.01
REC000878,2025-01-29,53.48,920,643,5.34,24.43,124,46.57,10,176,2,53.13,3.52,13.77,3,73.3,97.95,1.302,100.59,Website,West,3783.67
REC002645,2025-01-29,96.32,915,626,4.39,44.67,115,33.47,0,174,7,63.33,5.0,12.84,0,91.63,107.95,1.156,101.59,Mobile App,South,7818.44
REC002831,2025-01-29,167.75,918,647,2.95,41.01,129,51.4,15,183,3,73.51,4.07,6.99,2,91.23,102.07,0.895,96.67,Mobile App,North,6079.53
REC004965,2025-01-29,457.93,859,651,3.86,39.31,110,26.96,5,199,14,69.22,3.5,10.79,1,91.01,104.63,1.13,103.26,Website,West,6809.59
REC001770,2025-01-30,390.8,929,603,3.79,27.29,105,37.3,5,195,15,58.33,3.84,13.7,1,95.7,82.96,1.285,95.92,Website,North,4949.97
REC000688,2025-01-30,178.62,943,646,3.46,25.91,123,39.73,20,185,13,56.6,5.0,0.5,1,100.0,99.06,0.849,93.7,Website,West,3764.64
REC001040,2025-01-30,161.03,926,671,2.44,43.0,116,22.62,10,177,10,33.55,3.21,3.56,2,92.47,110.59,1.146,102.74,Website,South,6533.33
REC005447,2025-01-30,262.95,883,645,2.78,27.95,116,41.64,10,191,5,39.82,4.3,4.82,2,84.95,96.08,0.81,96.7,Mobile App,Central,2969.77
REC003072,2025-01-30,98.91,911,662,3.59,32.31,116,31.2,10,180,10,39.27,4.61,9.47,2,88.15,98.5,0.946,99.08,Website,North,4574.38
REC002050,2025-01-31,47.18,905,666,5.01,29.38,113,24.83,0,186,2,56.49,3.75,9.76,2,82.99,95.5,1.169,92.91,Marketplace,West,3987.07
REC002460,2025-01-31,91.71,862,616,3.55,57.54,108,32.4,5,193,14,61.35,2.65,4.15,1,93.9,100.97,0.972,110.08,Mobile App,East,7805.62
REC004531,2025-02-01,73.4,926,650,2.84,52.86,110,38.73,5,174,15,39.82,4.15,0.5,0,90.26,86.94,0.896,101.07,Mobile App,West,7265.95
REC000358,2025-02-02,518.86,875,641,5.52,19.81,111,35.26,10,182,12,44.73,4.46,7.08,0,93.44,130.76,0.777,105.28,Website,West,2348.94
REC005132,2025-02-02,191.73,891,646,3.17,51.54,125,26.84,5,184,1,62.67,5.0,12.16,2,84.76,80.98,1.266,95.81,Mobile App,North,10025.59
REC005582,2025-02-02,275.93,924,654,4.44,40.44,101,22.43,5,164,3,65.77,4.93,4.99,1,99.1,124.73,0.837,105.39,Marketplace,South,3905.17
REC002908,2025-02-02,66.64,881,589,4.32,16.85,102,44.95,10,178,3,69.3,3.36,9.24,2,100.0,93.14,1.093,95.28,Mobile App,West,3098.34
REC004510,2025-02-02,131.02,908,640,3.53,74.84,120,37.0,10,196,9,65.06,4.28,10.1,2,86.11,111.51,1.118,94.41,Website,West,12338.24
REC001840,2025-02-02,243.42,862,622,3.88,58.12,127,34.61,5,193,7,64.29,2.75,4.08,1,100.0,84.2,0.894,100.62,Mobile App,Central,9908.42
REC001457,2025-02-03,92.05,952,647,3.5,37.53,108,36.31,20,193,0,51.9,4.36,7.97,1,83.34,114.1,0.931,100.17,Website,West,3601.86
REC004212,2025-02-03,215.72,918,621,4.12,21.76,125,26.0,20,195,12,82.1,4.69,6.86,0,93.77,92.37,1.23,105.27,Website,West,3788.12
REC002964,2025-02-03,173.49,910,590,5.97,54.01,119,33.28,30,199,15,42.13,4.5,6.64,1,90.18,104.59,0.965,95.83,Mobile App,North,8380.74
REC005413,2025-02-03,111.49,971,625,2.63,21.01,115,48.88,10,194,14,34.93,5.0,2.38,1,92.51,103.93,1.121,103.86,Mobile App,North,3310.46
REC004613,2025-02-04,145.5,909,660,4.84,27.51,117,30.6,15,151,15,63.13,4.84,8.0,0,90.96,109.71,0.792,100.46,Website,South,2971.35
REC005607,2025-02-04,104.83,894,629,2.92,23.59,108,33.9,10,203,8,63.59,4.03,2.66,3,93.82,117.03,1.202,101.27,Website,West,3651.74
REC000380,2025-02-04,317.34,929,593,4.7,30.48,94,37.39,20,175,15,78.69,4.49,1.14,3,89.32,117.54,1.06,105.35,Marketplace,South,3184.65
REC004915,2025-02-04,50.47,926,644,3.45,18.81,109,25.55,0,190,15,75.14,4.6,1.37,2,87.26,95.87,1.036,107.54,Website,Central,2267.84
REC003807,2025-02-04,613.79,869,628,4.31,85.64,133,15.4,5,197,8,59.56,3.65,12.35,1,100.0,96.49,1.001,92.15,Mobile App,South,16329.03
REC001701,2025-02-04,185.14,873,640,2.86,50.48,118,8.0,10,216,8,50.71,4.17,11.73,1,84.46,110.93,0.999,98.11,Mobile App,Central,6468.8
REC001568,2025-02-04,62.88,867,632,0.93,17.4,115,25.08,10,184,1,59.84,4.11,9.02,0,88.69,103.39,0.964,90.54,Website,North,2183.11
REC005909,2025-02-05,174.29,880,634,2.75,80.31,114,37.09,20,190,0,56.14,4.17,10.28,2,89.21,94.5,0.9,100.87,Marketplace,West,9199.85
REC004601,2025-02-05,383.56,936,650,3.19,71.22,105,40.98,25,188,3,76.33,4.81,11.11,1,95.83,90.3,1.257,100.89,Mobile App,South,14189.56
REC001988,2025-02-05,324.72,917,622,3.3,31.2,106,39.47,5,194,7,50.22,3.82,12.02,3,79.99,101.71,1.249,104.9,Website,East,4191.12
REC004848,2025-02-05,218.8,909,632,2.05,32.52,125,23.34,15,181,6,50.28,4.37,8.03,3,99.04,96.6,0.96,104.63,Website,South,4337.45
REC003621,2025-02-05,144.92,928,632,6.46,33.68,117,43.3,10,203,0,83.02,4.66,2.65,2,85.12,110.85,0.756,102.81,Website,West,3487.48
REC003944,2025-02-05,271.55,939,597,3.2,16.36,131,47.83,10,203,11,50.8,3.51,9.81,2,100.0,93.23,1.073,89.52,Website,West,2984.35
REC000260,2025-02-06,342.82,896,653,5.29,48.93,121,38.9,5,190,3,31.28,3.62,7.72,2,82.51,87.26,0.945,104.21,Mobile App,Central,6757.0
REC000971,2025-02-06,288.88,928,659,3.73,34.41,137,21.39,0,196,5,43.8,4.05,0.54,6,100.0,76.55,0.75,94.81,Website,North,4592.52
REC004309,2025-02-06,134.28,852,614,3.01,136.85,130,30.69,30,195,0,77.45,3.44,12.35,0,91.17,110.02,0.865,102.19,Website,South,15567.61
REC002597,2025-02-07,411.45,921,674,5.4,58.52,99,46.96,15,177,13,61.29,3.61,0.5,2,88.48,85.05,1.077,101.84,Mobile App,South,8199.7
REC001629,2025-02-07,98.97,927,630,3.75,36.06,109,33.96,10,172,15,62.3,4.13,3.62,0,96.52,103.16,0.823,99.61,Marketplace,East,4226.35
REC000110,2025-02-07,137.21,896,654,3.72,56.46,118,23.4,15,202,5,68.36,3.83,5.17,1,94.07,119.5,0.978,101.37,Marketplace,South,6202.13
REC005973,2025-02-07,51.3,902,639,5.19,51.79,111,37.71,15,198,10,73.53,4.01,12.87,2,83.55,92.07,0.765,102.26,Mobile App,North,5494.94
REC003138,2025-02-07,134.04,905,634,3.96,30.4,121,43.0,0,203,9,41.02,4.19,3.76,1,92.67,101.67,0.849,99.95,Marketplace,East,3364.71
REC004330,2025-02-08,226.49,880,626,1.9,80.02,120,51.4,25,177,2,39.41,4.26,6.94,2,92.32,70.64,1.186,104.4,Mobile App,Central,13771.57
REC005590,2025-02-08,106.34,939,620,3.78,79.72,114,46.56,20,195,7,29.47,4.35,8.99,1,100.0,105.84,1.308,105.88,Website,West,15525.03
REC005834,2025-02-08,114.87,901,686,3.04,60.56,130,31.25,0,175,5,48.47,3.93,2.19,0,83.2,108.43,0.901,103.16,Website,South,7240.32
REC004835,2025-02-08,743.91,870,632,2.65,58.15,124,29.49,0,181,8,46.06,3.93,7.09,2,86.65,92.0,1.121,97.53,Marketplace,North,8392.77
REC002737,2025-02-08,170.54,916,645,5.85,115.52,132,27.88,25,212,13,63.89,3.99,5.02,3,88.9,107.32,0.786,104.9,Marketplace,North,13282.05
REC003064,2025-02-08,93.29,950,600,5.15,30.85,131,30.41,25,212,5,57.78,4.4,11.9,1,100.0,95.35,1.332,103.7,Website,South,6661.17
REC002949,2025-02-09,282.5,903,629,4.7,34.87,105,45.36,0,207,10,85.87,4.5,10.52,4,89.57,105.23,0.846,95.16,Website,Central,4019.56
REC001495,2025-02-09,237.42,893,670,4.03,46.35,108,40.23,0,173,0,68.97,3.83,3.66,2,81.95,90.53,1.081,95.44,Marketplace,East,5654.91
REC004031,2025-02-09,215.83,886,580,4.27,84.8,99,51.42,15,186,3,67.45,4.84,7.92,3,100.0,108.77,1.053,103.4,Website,East,11744.58
REC001710,2025-02-10,418.6,943,614,2.17,15.32,130,33.51,15,201,6,44.91,5.0,14.92,1,77.78,106.41,0.942,105.57,Website,Central,1835.05
REC002211,2025-02-10,171.55,914,653,3.09,28.12,119,22.94,10,174,1,36.17,3.75,8.58,1,90.39,118.59,1.303,101.59,Website,West,5619.92
REC000944,2025-02-10,154.26,885,623,3.17,13.04,116,45.25,5,189,9,57.93,4.23,9.82,1,81.69,105.61,1.179,101.38,Marketplace,Central,1686.62
REC005632,2025-02-10,283.0,918,660,5.2,28.94,116,55.16,5,209,0,75.14,4.57,13.27,2,87.31,124.62,0.785,93.35,Mobile App,East,3929.02
REC005712,2025-02-10,210.62,885,695,3.42,66.23,106,54.46,10,212,0,49.7,3.68,8.18,1,92.54,107.59,0.783,98.26,Website,East,6735.21
REC005980,2025-02-10,39.15,905,637,4.13,28.7,101,26.67,15,170,7,68.28,4.29,3.89,2,92.54,101.32,1.243,93.93,Marketplace,North,3988.73
REC000946,2025-02-10,596.94,911,656,5.75,20.92,126,55.99,15,214,13,78.08,3.16,8.28,1,94.63,93.03,1.125,98.87,Mobile App,North,4407.67
REC000207,2025-02-10,241.52,890,655,4.6,30.21,101,19.51,15,168,6,50.3,3.45,4.36,2,78.45,78.44,0.866,101.54,Marketplace,North,2751.46
REC005878,2025-02-11,78.48,903,676,2.85,28.42,112,27.31,5,183,8,60.67,3.78,5.23,3,94.62,94.23,1.254,100.37,Mobile App,South,4765.5
REC004122,2025-02-11,56.47,905,649,4.14,24.07,108,62.72,10,200,7,54.21,4.23,9.96,2,99.61,115.07,0.918,101.84,Website,East,3065.84
REC001683,2025-02-11,112.62,909,619,5.31,104.32,118,32.36,15,203,1,60.58,4.2,10.68,1,88.56,105.72,0.773,100.7,Website,North,10663.51
REC000898,2025-02-12,223.95,892,657,2.26,37.86,107,46.23,20,171,8,62.58,4.21,8.16,0,98.43,77.66,1.248,112.24,Website,Central,6436.28
REC002605,2025-02-12,117.21,896,642,3.43,76.23,121,20.36,15,202,6,39.44,3.51,9.05,1,94.64,87.58,0.856,104.46,Marketplace,North,8569.26
REC001752,2025-02-12,91.61,886,637,3.73,67.58,108,25.69,20,204,0,70.94,4.85,9.03,3,89.42,111.35,0.756,98.28,Mobile App,South,6222.45
REC004241,2025-02-12,224.74,916,624,3.44,50.27,107,62.05,15,194,10,47.36,4.61,7.92,2,82.44,101.06,0.867,101.87,Website,East,5054.73
REC000484,2025-02-13,480.58,954,642,2.84,24.08,111,15.59,10,188,11,48.02,3.57,7.46,2,89.79,113.6,0.89,97.61,Website,Central,2532.88
REC003141,2025-02-13,254.56,935,630,1.66,39.37,112,49.14,5,175,13,49.48,3.1,7.03,2,90.73,95.66,0.902,92.67,Website,North,4587.03
REC003275,2025-02-13,366.15,910,674,4.98,50.72,132,27.14,10,191,9,58.6,4.29,5.59,1,94.08,87.39,0.9,92.16,Marketplace,North,8131.81
REC005020,2025-02-13,126.74,945,614,3.91,21.29,106,48.09,10,190,7,46.97,4.49,5.36,1,100.0,89.1,1.252,107.89,Website,South,3856.25
REC001980,2025-02-13,111.54,961,639,3.43,12.33,109,50.46,10,221,12,56.4,4.12,3.93,0,90.74,94.7,1.31,102.03,Website,West,2155.19
REC005822,2025-02-13,125.06,881,630,6.14,52.74,130,41.67,0,186,3,68.11,4.77,0.76,1,86.54,110.23,0.995,94.78,Website,East,8400.12
REC000635,2025-02-13,91.28,922,655,3.39,34.94,113,28.5,10,189,15,88.99,4.6,7.94,1,95.32,100.85,0.763,98.16,Marketplace,South,3452.21
REC002415,2025-02-14,54.05,894,642,2.81,23.22,99,23.18,0,197,2,71.12,4.33,10.72,1,88.33,96.97,1.245,99.93,Website,West,3238.56
REC000500,2025-02-14,147.98,931,670,3.79,61.76,109,44.67,5,182,7,74.77,3.27,0.5,1,78.16,97.77,1.091,99.34,Mobile App,East,7631.16
REC003947,2025-02-14,82.53,866,614,2.77,53.51,127,38.4,30,187,13,72.74,3.84,9.09,1,86.1,94.65,1.251,103.16,Mobile App,West,10223.29
REC001338,2025-02-14,164.95,851,633,4.31,39.83,131,24.38,15,192,10,53.63,3.91,3.98,3,88.2,108.8,0.783,101.59,Marketplace,Central,4111.16
REC001851,2025-02-15,165.73,906,619,1.93,103.72,105,38.95,5,200,4,42.91,3.74,6.72,1,99.82,93.37,0.984,104.16,Mobile App,Central,12416.26
REC002111,2025-02-15,62.9,906,607,4.71,34.92,123,24.46,10,188,4,70.54,4.25,12.47,2,97.8,126.88,1.164,105.74,Website,East,5245.88
REC000813,2025-02-15,71.92,927,623,4.28,31.41,107,30.2,0,192,11,33.6,4.14,9.21,2,85.13,105.06,0.829,106.92,Mobile App,Central,3411.25
REC001449,2025-02-15,85.73,921,649,2.88,46.16,120,42.76,10,181,12,46.13,4.45,5.08,1,86.33,99.6,0.892,85.9,Website,East,5668.88
REC002583,2025-02-16,138.56,892,630,3.49,80.18,98,58.63,10,194,7,51.01,3.85,13.05,1,73.98,121.62,1.005,100.92,Website,Central,6907.78
REC002057,2025-02-16,314.54,912,621,5.54,35.58,111,45.84,10,199,4,51.67,3.1,8.87,0,94.85,127.36,1.119,104.92,Marketplace,East,5303.5
REC002771,2025-02-16,125.75,951,644,3.37,26.54,121,35.9,15,195,0,52.22,5.0,8.72,1,79.28,98.43,0.837,107.11,Website,Central,2649.39
REC001460,2025-02-16,378.07,916,663,5.11,111.53,124,30.05,0,182,8,66.23,4.56,2.3,1,92.56,117.05,1.238,102.84,Mobile App,Central,23631.23
REC003743,2025-02-17,108.52,955,685,3.96,55.74,118,47.47,20,179,1,42.41,3.22,13.1,2,89.77,110.19,0.869,97.0,Marketplace,West,6280.95
REC001832,2025-02-17,289.63,865,673,2.39,38.31,107,45.44,15,198,3,47.62,4.04,8.71,0,91.19,98.61,0.892,99.92,Mobile App,North,4954.12
REC002730,2025-02-17,145.28,911,648,1.21,44.08,103,25.98,15,205,12,52.86,4.05,5.45,1,95.59,91.74,0.945,98.51,Marketplace,Central,4446.58
REC005881,2025-02-17,287.29,913,644,3.48,27.74,113,40.26,10,179,7,47.99,4.46,7.91,1,93.69,91.57,1.261,99.87,Website,South,5255.91
REC004354,2025-02-18,172.24,857,643,3.18,54.7,119,32.78,20,181,0,59.63,3.89,11.06,0,85.64,98.17,1.213,101.04,Mobile App,North,9875.07
REC004768,2025-02-18,69.74,877,630,3.5,39.43,118,41.9,20,203,15,34.73,4.95,13.59,2,89.93,118.62,1.005,102.03,Marketplace,East,4935.76
REC005612,2025-02-19,231.13,907,632,5.86,96.6,103,44.34,10,197,12,38.14,3.65,10.12,2,82.02,113.82,0.899,100.89,Website,East,10035.97
REC004922,2025-02-19,349.64,886,631,5.09,17.02,112,37.8,25,205,9,37.53,4.62,7.28,2,85.64,104.95,1.317,98.73,Website,East,3014.33
REC001128,2025-02-19,155.76,949,703,3.06,62.31,109,33.23,15,191,13,60.64,4.71,5.96,6,100.0,106.95,0.867,99.3,Marketplace,South,7315.36
REC001334,2025-02-19,308.82,880,647,4.9,67.73,103,54.07,0,171,2,53.79,4.98,12.82,4,88.05,110.42,0.893,104.95,Website,Central,7606.38
REC002297,2025-02-20,89.08,951,664,4.35,18.69,122,30.72,20,185,9,58.95,4.38,11.42,3,88.89,106.99,1.18,111.42,Mobile App,North,3550.25
REC000566,2025-02-20,94.96,901,658,4.19,31.3,112,62.38,20,200,5,73.07,3.38,9.39,2,91.73,94.27,1.019,115.32,Mobile App,Central,4891.23
REC003724,2025-02-21,191.3,840,634,2.34,34.64,110,36.96,20,221,12,73.73,4.21,6.63,0,79.21,129.18,1.179,105.26,Website,Central,4234.67
REC000007,2025-02-21,133.73,894,630,4.96,43.84,142,15.14,20,196,2,56.89,4.67,10.67,1,86.41,80.6,1.011,88.07,Website,North,6087.96
REC004514,2025-02-21,119.47,900,623,4.42,55.62,96,39.88,15,213,3,71.53,3.99,7.1,0,81.19,116.44,1.164,97.81,Website,West,6701.78
REC003457,2025-02-21,133.77,868,658,6.45,28.37,111,36.86,10,181,5,68.24,4.89,6.77,1,81.67,108.98,1.235,99.62,Website,East,4420.38
REC001436,2025-02-22,178.88,908,643,2.0,32.98,122,33.01,20,190,11,52.89,4.07,12.01,2,100.0,79.63,0.79,95.13,Mobile App,South,4268.51
REC005338,2025-02-22,224.7,861,634,4.2,44.41,106,37.75,20,195,5,56.97,4.07,7.1,2,95.29,110.31,1.105,99.17,Mobile App,West,6949.24
REC004901,2025-02-22,465.37,935,622,2.85,102.91,113,14.19,0,216,8,63.06,4.72,6.21,0,100.0,102.72,1.176,101.65,Mobile App,West,20370.01
REC003367,2025-02-22,77.73,880,712,4.38,66.01,115,43.97,20,194,11,46.94,4.74,7.46,1,100.0,105.47,0.949,103.38,Marketplace,South,10197.77
REC000939,2025-02-23,90.31,892,669,3.91,161.7,118,16.4,10,187,14,68.67,4.31,5.92,1,87.36,107.6,1.094,94.24,Mobile App,Central,25059.62
REC005693,2025-02-23,79.08,903,625,2.98,37.02,114,37.63,0,189,7,51.29,4.35,5.32,2,97.68,106.29,0.814,104.43,Website,Central,4206.49
REC001548,2025-02-23,467.02,942,589,3.41,42.07,107,40.53,0,180,0,60.58,3.87,0.67,1,96.37,85.16,1.178,100.69,Marketplace,South,5744.54
REC004051,2025-02-23,270.4,931,653,4.42,15.61,104,30.42,15,176,15,56.96,3.85,5.12,1,97.82,110.71,1.268,79.33,Marketplace,Central,2436.92
REC000272,2025-02-24,104.8,923,628,3.29,40.44,102,39.33,25,207,13,75.45,3.7,6.81,2,84.42,116.27,0.827,94.36,Website,South,3008.31
REC005879,2025-02-24,327.54,895,578,5.15,26.39,99,41.99,0,207,15,58.94,3.65,11.81,1,94.7,82.73,1.01,96.21,Mobile App,North,3763.37
REC000359,2025-02-24,300.3,906,632,3.97,59.07,121,53.1,15,188,11,53.07,3.71,16.22,2,96.12,98.83,1.01,101.94,Mobile App,South,8024.09
REC003022,2025-02-24,167.83,909,613,3.9,26.61,136,26.94,15,195,10,63.12,4.43,9.77,1,80.57,97.56,0.803,96.79,Website,Central,3068.04
REC000621,2025-02-24,102.87,863,647,4.74,13.15,125,36.25,25,193,4,78.44,4.04,6.85,1,98.8,104.61,1.01,98.32,Website,South,2085.95
REC000779,2025-02-25,258.82,879,620,2.5,34.92,120,62.99,25,186,9,43.99,4.18,6.85,1,97.37,108.58,1.149,96.17,Website,South,6658.4
REC000583,2025-02-25,105.1,918,622,4.37,38.5,108,43.22,10,192,6,58.58,4.58,10.47,0,96.09,100.57,0.894,103.26,Marketplace,East,4207.53
REC001358,2025-02-25,40.82,900,658,4.55,20.96,127,37.18,25,175,10,53.3,4.21,12.22,0,86.05,93.26,0.807,99.38,Mobile App,Central,2458.28
REC001247,2025-02-25,248.42,867,655,4.1,39.71,126,46.68,15,177,13,69.6,2.99,6.48,0,97.6,97.46,1.217,85.7,Marketplace,West,7648.32
REC001165,2025-02-25,123.05,926,630,3.78,25.07,128,23.6,10,187,4,51.11,3.12,5.24,3,87.74,98.91,0.836,97.71,Website,East,3601.48
REC004713,2025-02-26,192.93,944,698,2.72,42.86,121,47.55,15,199,3,65.31,4.07,0.56,3,79.16,101.1,1.141,104.73,Mobile App,Central,6199.74
REC005855,2025-02-26,665.06,920,653,4.1,46.71,115,45.54,10,173,4,58.67,4.74,10.96,0,92.86,99.14,0.977,102.87,Website,West,7438.15
REC004781,2025-02-26,103.66,891,623,5.51,41.24,99,22.72,30,162,10,56.52,4.92,13.13,1,89.89,111.98,1.177,94.75,Website,South,5253.04
REC001411,2025-02-26,79.17,897,634,4.3,33.93,97,45.57,15,190,12,57.93,4.8,6.1,1,83.74,95.2,1.207,99.3,Mobile App,Central,4732.4
REC002366,2025-02-26,92.0,905,632,4.05,35.87,131,24.27,20,190,14,40.04,5.0,10.56,2,86.12,109.11,1.098,96.2,Website,Central,5904.88
REC004975,2025-02-26,124.0,878,655,2.22,44.72,130,36.63,30,196,13,71.98,4.25,9.45,0,89.08,96.24,1.182,95.06,Website,South,6494.67
REC000357,2025-02-26,208.54,912,624,5.75,32.1,121,35.6,30,206,4,67.84,4.04,6.81,3,90.35,89.65,1.078,93.81,Website,West,6034.75
REC000066,2025-02-27,82.29,906,684,4.68,68.45,121,31.45,15,170,5,59.9,3.79,6.0,0,87.05,113.06,0.819,102.79,Mobile App,North,9445.2
REC001619,2025-02-27,58.4,908,662,4.43,25.63,120,33.24,10,185,11,54.76,4.3,4.6,4,85.69,123.04,0.912,107.13,Mobile App,Central,3379.09
REC003648,2025-02-28,323.66,912,627,2.7,16.88,100,29.02,5,168,4,68.53,4.41,14.33,4,84.6,86.38,0.774,104.99,Website,West,1288.83
REC002825,2025-02-28,138.75,923,633,5.31,34.63,128,22.92,15,183,13,43.42,3.2,3.95,2,80.93,104.21,1.251,98.5,Website,North,5953.64
REC004219,2025-02-28,807.88,903,636,3.59,33.25,122,33.36,0,185,15,48.16,3.82,14.98,1,100.0,84.08,0.98,98.38,Mobile App,South,5313.26
REC000173,2025-02-28,500.2,949,601,1.92,35.08,91,31.99,20,206,1,64.65,4.33,6.56,0,76.82,99.29,1.118,92.64,Mobile App,West,4451.75
REC001514,2025-02-28,194.78,925,615,5.59,93.71,116,58.32,10,196,5,68.36,4.45,5.26,2,81.73,100.78,0.808,97.15,Marketplace,West,10421.04
REC004728,2025-03-01,157.77,946,624,5.45,19.45,123,34.06,20,207,13,90.0,3.83,10.72,0,100.0,98.87,0.922,90.04,Website,Central,2686.96
REC004796,2025-03-01,135.36,869,635,3.99,77.82,119,37.83,5,207,14,58.21,3.69,3.75,1,88.58,123.6,0.901,104.88,Website,South,9477.8
REC003082,2025-03-01,45.62,887,636,3.27,38.73,118,63.13,5,201,11,47.95,3.97,7.97,3,89.51,104.18,0.789,102.05,Mobile App,West,4683.61
REC004647,2025-03-01,272.27,928,672,3.99,54.38,114,39.64,15,148,6,53.5,3.75,4.83,3,91.69,108.35,1.054,101.57,Mobile App,North,9296.08
REC003348,2025-03-02,383.6,918,670,2.73,44.3,130,37.98,10,220,0,57.54,3.85,8.26,3,91.02,100.29,1.112,105.01,Website,Central,7498.68
REC004062,2025-03-02,713.83,897,625,5.08,143.8,117,22.74,0,232,13,59.9,4.79,5.24,1,85.67,105.63,1.267,100.74,Mobile App,West,24647.43
REC000648,2025-03-02,156.26,952,621,4.28,33.02,126,47.84,15,177,14,46.76,5.0,9.56,2,89.78,106.5,1.069,102.36,Website,South,4535.55
REC002479,2025-03-03,289.06,915,667,6.88,45.93,103,37.24,20,196,14,37.15,3.9,1.54,2,97.26,102.12,1.092,97.51,Mobile App,East,7863.43
REC004277,2025-03-03,161.56,901,636,3.73,50.34,118,37.63,20,198,11,66.03,4.29,7.56,1,95.48,91.53,0.796,109.95,Mobile App,North,6955.3
REC001329,2025-03-03,124.4,880,631,1.21,51.39,114,37.65,10,201,2,49.78,4.45,7.56,5,94.05,84.54,0.761,98.99,Mobile App,West,5430.75
REC005718,2025-03-03,179.24,876,642,4.42,55.02,111,47.23,10,206,3,27.86,3.09,9.66,1,91.62,100.57,1.015,102.91,Mobile App,West,9887.64
REC000634,2025-03-03,309.34,931,606,2.94,64.44,103,26.18,5,190,11,72.63,4.43,9.15,2,91.89,111.28,0.862,102.32,Website,South,6144.67
REC003106,2025-03-04,499.84,857,658,2.8,68.55,113,38.21,5,217,5,52.78,4.74,4.48,0,99.2,102.0,0.811,103.81,Website,West,7682.0
REC005872,2025-03-04,311.43,945,634,4.05,34.08,102,11.57,20,176,1,63.18,4.46,6.18,4,100.0,114.07,1.017,104.2,Website,South,4013.01
REC001813,2025-03-04,95.58,845,618,4.82,36.42,102,34.05,10,211,0,57.82,3.57,3.63,2,95.47,119.82,1.017,94.43,Mobile App,South,5358.77
REC003840,2025-03-04,101.16,883,654,4.76,31.4,115,45.02,10,177,0,41.39,4.61,4.52,0,93.7,86.73,1.255,94.25,Mobile App,Central,7010.23
REC004883,2025-03-04,120.95,945,625,4.26,45.58,115,33.15,15,187,7,76.1,4.21,7.99,2,92.84,92.81,0.932,99.39,Mobile App,West,7600.7
REC001528,2025-03-04,180.44,861,619,3.07,19.36,126,54.98,5,168,15,62.32,4.32,5.91,1,96.32,95.97,1.195,94.58,Website,Central,4133.73
REC004818,2025-03-04,60.82,884,623,3.69,56.5,122,31.02,30,207,2,51.75,4.4,14.45,1,100.0,115.62,1.178,101.77,Website,North,9795.88
REC002061,2025-03-04,97.55,869,642,3.09,63.13,106,57.57,20,206,6,29.79,4.83,13.13,2,93.87,107.88,1.251,101.61,Mobile App,Central,10712.78
REC005193,2025-03-04,152.9,906,629,2.42,35.27,120,50.72,5,164,3,59.04,4.55,10.27,3,84.47,101.78,1.229,100.66,Mobile App,North,5912.57
REC000033,2025-03-05,92.18,879,662,5.94,16.85,117,37.18,25,188,13,61.06,4.21,15.56,2,98.02,86.23,0.88,94.85,Mobile App,South,1852.26
REC005922,2025-03-05,69.3,891,651,5.2,25.73,116,66.04,15,193,5,69.92,3.94,0.5,1,91.66,108.3,1.193,103.6,Website,South,5329.34
REC003793,2025-03-05,278.52,852,641,4.88,28.74,107,33.28,20,183,6,60.48,4.43,12.88,2,97.0,106.28,1.338,102.18,Website,North,5682.1
REC000397,2025-03-05,338.22,893,654,2.05,51.17,111,36.78,10,203,10,85.09,4.18,2.11,3,88.03,94.4,0.896,103.46,Website,North,6173.77
REC004094,2025-03-05,119.15,871,659,2.53,62.37,115,38.03,20,193,6,43.04,4.66,1.79,1,92.58,118.66,1.18,94.68,Website,East,11032.3
REC001181,2025-03-05,116.41,896,623,3.59,96.68,111,33.72,15,168,7,40.78,4.11,5.51,2,80.89,98.97,1.038,99.69,Mobile App,East,14347.52
REC003649,2025-03-05,62.62,842,632,7.7,31.24,133,74.46,0,168,3,74.12,4.11,7.71,0,94.07,112.31,0.89,97.4,Mobile App,Central,6164.05
REC000233,2025-03-06,109.31,903,660,3.2,52.93,114,23.23,5,188,4,60.12,3.88,10.45,3,92.72,81.94,1.062,97.39,Website,East,6973.44
REC004055,2025-03-06,52.76,878,650,3.45,29.69,116,39.57,30,198,0,62.19,4.51,5.55,3,97.42,93.85,1.224,106.04,Website,East,6181.1
REC001500,2025-03-06,176.47,913,603,3.97,42.94,127,19.08,30,173,6,52.93,2.86,6.61,5,95.83,89.99,1.25,107.41,Mobile App,Central,7750.24
REC004937,2025-03-06,151.29,909,631,3.53,38.6,112,55.73,15,179,11,68.51,4.3,11.16,4,85.52,101.37,0.78,94.8,Mobile App,Central,3895.03
REC002767,2025-03-06,107.53,878,654,4.3,96.7,131,28.39,15,179,8,75.7,4.64,5.68,1,100.0,90.94,1.16,100.69,Website,Central,18028.62
REC003164,2025-03-07,314.34,873,617,3.97,69.47,118,22.39,5,180,7,57.06,4.73,5.02,2,83.75,99.77,1.199,101.55,Mobile App,South,10741.13
REC000588,2025-03-07,117.91,945,616,4.83,67.3,123,51.18,10,197,4,46.21,3.75,5.58,1,93.49,103.82,1.009,100.59,Mobile App,East,13522.68
REC005812,2025-03-07,503.11,910,598,3.8,76.43,115,33.68,15,195,13,32.48,3.77,7.65,0,94.2,89.91,1.331,108.71,Mobile App,South,15783.12
REC005816,2025-03-07,75.73,866,638,5.33,34.24,111,32.83,10,171,5,65.04,3.34,5.32,0,83.73,98.69,1.151,111.92,Website,East,5162.11
REC005937,2025-03-08,160.88,857,612,3.23,12.12,122,40.45,0,183,13,64.64,3.11,9.98,3,73.81,94.02,0.801,91.63,Website,South,1082.85
REC001254,2025-03-08,515.85,885,668,2.59,31.67,129,40.16,10,204,9,61.65,5.0,7.19,2,95.25,77.03,0.853,99.94,Marketplace,Central,3888.25
REC005594,2025-03-09,195.68,871,608,2.7,48.17,131,37.54,10,192,11,59.03,3.52,8.05,0,90.76,106.45,1.05,99.32,Marketplace,South,7434.64
REC002191,2025-03-09,126.39,950,662,4.19,79.46,121,63.09,15,189,9,47.08,3.77,1.72,1,92.39,102.85,1.214,102.43,Mobile App,North,18368.06
REC000756,2025-03-09,63.04,865,668,4.17,53.26,119,44.19,10,186,15,54.41,4.71,4.91,1,93.47,114.44,0.872,96.4,Website,Central,6609.88
REC000985,2025-03-09,97.98,885,669,2.46,12.09,107,34.03,10,160,11,44.48,3.35,4.69,1,92.19,96.44,1.331,98.79,Mobile App,West,2318.2
REC003705,2025-03-09,60.01,900,652,3.34,26.82,110,41.8,15,166,5,33.4,3.34,8.12,0,88.27,104.1,0.987,84.46,Mobile App,East,3619.36
REC001270,2025-03-09,295.08,882,619,3.44,43.9,115,35.91,20,181,3,72.22,4.06,7.98,0,91.07,95.93,0.847,97.49,Website,North,5352.89
REC005437,2025-03-10,89.67,984,616,3.45,27.93,113,35.12,25,186,9,38.37,3.66,7.12,3,100.0,81.62,0.788,107.27,Website,North,3664.96
REC001615,2025-03-10,90.19,938,659,4.63,33.03,107,16.18,20,217,9,69.82,4.02,3.24,1,84.62,92.63,1.173,100.63,Mobile App,North,4547.78
REC002691,2025-03-10,170.71,924,644,4.38,33.28,108,41.19,0,181,2,67.45,4.45,12.2,3,93.59,96.38,1.135,102.75,Marketplace,West,5209.44
REC005738,2025-03-10,103.36,898,680,4.83,52.66,124,42.39,25,229,12,60.37,4.27,9.99,3,86.2,78.18,1.168,110.05,Website,West,9218.04
REC003447,2025-03-10,104.93,949,658,4.23,18.46,114,31.96,5,205,3,48.79,4.29,10.56,1,100.0,89.36,1.009,100.54,Marketplace,Central,2480.44
REC002532,2025-03-10,370.12,912,602,3.72,15.81,104,42.58,10,217,10,60.54,3.4,6.57,1,94.11,90.23,1.34,104.57,Mobile App,West,2952.13
REC001448,2025-03-10,287.0,877,711,3.02,38.68,131,33.18,0,189,5,50.84,3.01,7.82,3,100.0,112.22,0.784,109.73,Website,West,5263.57
REC002785,2025-03-11,317.7,906,617,4.57,32.19,121,25.03,25,170,3,68.43,3.52,6.67,0,71.14,91.38,1.329,107.55,Marketplace,Central,4523.19
REC004929,2025-03-11,185.38,892,604,4.6,38.69,122,49.0,20,184,9,52.09,3.72,11.35,0,91.2,80.48,0.903,96.57,Website,East,4863.21
REC000131,2025-03-11,71.61,935,631,5.09,61.4,122,53.58,25,188,6,59.46,4.06,4.2,1,93.34,79.55,1.134,103.49,Mobile App,West,14443.11
REC001298,2025-03-11,65.43,899,582,3.49,37.12,116,46.16,15,212,11,50.56,3.98,8.78,0,84.07,109.58,1.012,95.05,Website,Central,5374.29
REC003079,2025-03-11,125.62,889,661,3.82,85.72,114,27.86,20,177,4,71.12,4.91,9.0,2,86.06,109.45,0.932,99.59,Mobile App,West,11002.98
REC005006,2025-03-12,227.83,911,647,3.21,24.49,137,40.22,10,240,2,46.84,3.69,5.63,1,95.93,104.89,1.197,110.71,Website,East,4989.22
REC000538,2025-03-12,133.18,857,668,4.52,28.56,108,26.79,25,175,0,50.9,3.75,12.98,3,100.0,121.06,1.331,96.14,Website,East,4886.68
REC003808,2025-03-12,319.18,865,683,2.53,55.51,111,50.45,0,204,11,67.87,3.73,3.82,1,86.95,107.48,0.843,105.97,Marketplace,North,5405.24
REC002289,2025-03-13,250.29,953,659,0.8,35.45,125,39.28,0,210,6,82.64,3.83,2.24,0,87.49,101.7,0.935,107.16,Mobile App,West,5656.12
REC004484,2025-03-13,159.5,918,642,3.35,23.07,103,42.13,15,177,12,57.69,4.0,8.57,4,99.08,110.26,0.841,98.84,Mobile App,East,2663.46
REC003193,2025-03-13,151.16,915,622,3.65,60.62,112,28.71,5,165,4,71.82,3.65,8.52,5,81.61,90.88,0.842,95.24,Mobile App,North,5562.54
REC005804,2025-03-14,381.88,881,621,3.85,33.47,105,33.95,25,193,10,47.85,2.16,3.22,1,85.31,116.15,1.234,104.29,Website,South,4985.03
REC002206,2025-03-14,42.99,868,652,4.53,52.86,124,42.74,10,183,15,59.93,4.12,13.55,0,94.44,96.21,0.972,101.85,Website,East,9431.33
REC000323,2025-03-14,97.24,929,613,3.54,41.24,125,43.91,10,171,2,47.58,4.02,10.98,0,95.31,103.64,0.846,104.96,Mobile App,North,6811.85
REC001646,2025-03-14,70.59,906,608,3.01,74.97,119,43.97,10,193,6,62.08,3.96,9.02,3,100.0,98.39,0.817,95.26,Mobile App,East,8089.0
REC003958,2025-03-15,186.69,928,679,5.13,51.5,119,40.18,25,190,9,67.52,3.66,7.46,1,71.7,111.98,0.856,88.37,Website,North,5842.36
REC003851,2025-03-15,122.22,898,603,3.9,25.03,102,29.15,15,199,9,61.6,4.35,13.46,1,94.94,81.9,0.874,103.23,Marketplace,Central,2393.12
REC001420,2025-03-15,139.52,867,698,5.02,25.21,124,25.53,15,189,3,45.84,4.55,8.73,1,100.0,109.44,0.837,100.81,Website,South,3255.71
REC005670,2025-03-15,102.21,917,646,4.35,48.29,120,38.51,10,194,3,58.75,2.9,15.34,3,91.72,123.99,1.177,97.62,Mobile App,West,8844.98
REC003628,2025-03-16,304.2,907,668,3.51,23.93,112,31.66,20,191,11,64.63,3.06,7.94,3,89.47,102.76,1.016,103.74,Mobile App,East,3243.99
REC000783,2025-03-16,237.48,924,588,4.51,40.95,101,37.76,15,191,9,63.67,3.17,10.09,1,85.32,91.99,0.762,103.15,Website,North,3937.93
REC000866,2025-03-16,315.19,843,620,5.35,48.82,115,42.11,0,186,7,61.91,3.49,9.34,1,92.2,98.03,0.768,103.14,Mobile App,Central,4942.99
REC004954,2025-03-16,156.57,862,678,5.07,47.11,115,31.94,20,203,7,51.73,4.53,4.48,2,100.0,108.57,1.145,104.18,Mobile App,West,10016.78
REC001889,2025-03-17,226.67,901,586,4.5,27.2,106,38.53,10,189,13,70.43,3.61,11.22,1,90.19,110.01,1.078,108.95,Website,Central,4035.09
REC003186,2025-03-17,136.44,888,662,2.96,92.41,104,33.69,0,204,7,69.94,3.29,3.87,3,100.0,80.97,1.123,96.01,Website,West,14124.21
REC004014,2025-03-17,208.45,911,620,5.54,51.93,119,45.54,10,187,7,83.8,3.27,2.43,1,87.64,106.59,1.067,100.26,Website,Central,8139.45
REC003084,2025-03-17,25.48,878,588,5.53,24.64,127,27.85,10,198,0,59.16,3.85,0.5,0,97.72,120.68,0.903,97.93,Website,South,3552.53
REC000695,2025-03-18,257.45,923,637,1.86,20.18,113,28.93,5,176,14,65.19,3.61,2.27,3,89.18,95.75,1.147,101.47,Website,North,3008.71
REC005965,2025-03-18,194.38,926,621,3.67,52.35,112,41.41,5,177,10,50.17,4.16,1.91,1,99.75,130.56,1.319,102.73,Website,North,9862.75
REC005291,2025-03-19,86.45,876,624,6.6,57.81,115,61.81,20,196,4,46.69,4.04,11.19,0,86.36,86.48,1.11,101.23,Website,South,9501.05
REC003036,2025-03-20,146.31,894,611,4.1,69.77,117,36.91,10,192,5,53.24,3.64,9.83,4,99.3,92.77,1.151,91.93,Marketplace,West,12500.78
REC004967,2025-03-20,66.49,874,649,2.89,60.59,126,24.52,20,199,13,59.27,4.35,7.67,2,87.71,85.11,0.921,90.46,Website,North,7921.0
REC001496,2025-03-20,372.66,908,659,3.87,113.05,121,51.44,5,174,10,58.15,4.37,1.3,4,93.13,102.54,0.803,102.41,Website,South,12437.47
REC000890,2025-03-21,118.87,848,646,3.2,52.62,121,47.44,5,236,10,48.64,4.42,7.96,3,86.04,105.79,1.249,95.73,Marketplace,South,7860.91
REC004089,2025-03-21,161.62,891,654,6.19,24.67,119,33.68,0,215,6,75.61,3.8,13.33,0,90.04,93.3,0.877,105.17,Website,North,3638.84
REC000894,2025-03-21,72.37,881,669,3.4,91.12,129,45.6,10,183,13,52.2,4.35,8.4,1,86.7,115.27,1.185,100.53,Website,South,16302.42
REC002488,2025-03-21,134.74,887,666,4.83,57.95,131,37.86,10,169,12,54.32,4.16,6.82,0,93.18,97.78,0.906,100.19,Website,Central,8708.55
REC005210,2025-03-22,159.73,886,626,4.29,70.37,110,45.18,20,166,0,39.82,4.48,9.44,1,85.97,92.45,1.219,96.36,Website,West,10677.44
REC000481,2025-03-22,64.77,912,649,3.1,55.33,127,39.19,30,200,7,39.58,3.77,5.41,2,100.0,98.3,1.069,96.7,Marketplace,South,7853.83
REC002110,2025-03-22,286.07,891,633,2.43,40.71,108,32.4,30,194,15,53.85,4.01,8.56,2,89.88,119.13,0.755,102.66,Website,Central,3909.94
REC002571,2025-03-22,65.27,908,656,3.8,26.8,120,28.88,5,191,5,26.32,4.4,3.96,5,81.07,76.75,0.76,105.47,Mobile App,South,2447.94
REC000271,2025-03-22,220.74,858,634,5.11,86.23,118,28.15,5,189,0,75.04,4.58,6.33,2,95.59,100.28,1.128,97.86,Website,Central,14081.78
REC002622,2025-03-23,198.2,887,632,5.25,29.25,113,42.93,0,189,7,49.0,4.36,1.22,3,85.13,115.98,0.918,106.38,Mobile App,West,3580.16
REC001604,2025-03-23,162.12,922,655,3.86,12.55,118,12.74,10,180,1,56.24,3.85,7.37,0,91.94,91.04,1.043,98.13,Website,East,1607.16
REC002326,2025-03-24,89.61,860,649,3.59,16.66,105,43.55,15,201,11,52.85,4.21,6.43,1,100.0,95.84,1.148,100.28,Marketplace,East,2586.77
REC004872,2025-03-24,71.71,931,630,3.67,93.48,130,72.03,5,175,0,39.19,3.82,10.55,1,100.0,93.66,1.012,104.99,Marketplace,South,15305.35
REC000059,2025-03-24,275.09,929,644,4.05,46.03,115,36.87,5,196,15,67.12,2.97,10.96,4,90.86,109.13,1.206,97.64,Website,South,8215.27
REC005998,2025-03-24,94.11,911,684,4.57,20.9,112,28.35,15,164,5,72.01,3.9,3.29,0,89.12,97.07,1.179,105.2,Mobile App,North,3126.26
REC001791,2025-03-24,200.77,940,631,6.51,9.73,108,22.92,5,199,8,54.37,4.14,7.16,1,90.8,109.87,0.94,92.44,Mobile App,South,1373.48
REC005616,2025-03-24,111.06,930,615,3.5,25.55,102,45.79,15,191,15,49.96,3.44,10.44,0,94.55,88.34,1.192,100.46,Mobile App,East,3663.21
REC002916,2025-03-24,120.47,892,645,2.8,46.84,102,44.8,15,169,8,69.91,3.31,7.86,0,93.56,90.74,1.175,105.98,Marketplace,North,6718.57
REC003921,2025-03-26,210.93,905,641,3.37,35.48,104,23.79,15,198,14,38.33,3.62,7.83,5,93.91,103.18,0.866,102.55,Marketplace,South,3189.49
REC003908,2025-03-26,194.55,896,607,2.51,30.63,118,23.41,25,183,5,72.97,4.55,10.49,1,91.74,82.55,1.327,93.49,Website,North,5816.74
REC001577,2025-03-26,488.89,907,646,2.98,18.62,120,43.93,10,180,7,59.54,3.44,2.95,0,86.14,85.68,0.794,98.54,Marketplace,Central,1766.08
REC001715,2025-03-26,114.02,865,667,3.77,35.06,102,53.42,25,205,3,68.7,4.02,13.18,1,86.26,95.42,0.906,103.88,Mobile App,Central,4068.52
REC004085,2025-03-26,378.96,890,634,2.9,75.2,123,22.29,5,204,15,56.68,3.28,12.15,0,98.8,99.04,1.094,84.68,Website,West,12816.24
REC005567,2025-03-26,143.64,888,625,2.99,26.57,115,36.6,30,206,5,67.23,3.99,3.34,2,100.0,109.85,0.757,101.19,Marketplace,West,2541.23
REC001232,2025-03-27,53.58,873,650,4.29,89.27,105,26.03,5,194,15,66.62,4.61,9.17,1,96.24,100.17,0.75,96.21,Website,South,8820.14
REC004224,2025-03-27,85.34,874,636,4.3,79.83,124,34.34,10,185,14,46.0,4.02,4.92,3,95.59,88.9,0.993,99.19,Mobile App,East,14833.58
REC001995,2025-03-27,282.61,906,659,4.36,30.55,133,20.95,25,158,0,71.86,3.44,10.06,3,86.14,99.81,1.202,106.6,Website,West,5426.42
REC001523,2025-03-27,130.35,891,667,4.25,37.82,139,31.83,5,210,13,51.9,4.17,11.79,1,90.63,90.9,1.237,100.89,Mobile App,East,9172.47
REC001244,2025-03-27,156.73,903,615,2.94,36.67,120,50.48,25,182,11,45.74,3.24,11.55,0,96.32,118.5,0.86,98.11,Marketplace,North,4466.03
REC003502,2025-03-27,159.77,882,677,5.25,29.55,115,38.53,15,201,2,69.67,3.73,4.82,2,88.52,87.88,1.178,94.83,Marketplace,West,5285.2
REC000327,2025-03-28,105.23,886,650,4.7,34.43,108,20.37,0,180,13,57.6,3.9,0.5,0,98.85,74.93,1.345,93.74,Mobile App,South,6414.26
REC005360,2025-03-28,52.32,906,630,3.23,34.19,131,21.89,15,183,7,52.97,4.21,3.72,1,93.21,74.41,1.127,97.45,Mobile App,West,7384.06
REC005212,2025-03-28,186.01,880,650,4.02,34.41,107,50.99,10,211,13,64.18,3.57,7.48,0,100.0,113.18,1.291,103.92,Mobile App,East,6528.47
REC002458,2025-03-28,242.6,939,652,2.92,84.52,128,25.15,10,215,6,45.74,3.85,10.64,4,96.14,112.19,1.35,95.85,Website,West,18316.97
REC005968,2025-03-29,162.71,874,622,3.91,13.49,120,27.05,30,185,14,50.15,4.96,2.97,1,100.0,87.68,0.886,95.74,Website,South,1591.31
REC003644,2025-03-29,60.83,898,599,4.53,89.3,105,48.68,15,202,1,50.27,3.89,8.4,0,92.82,88.48,1.135,99.28,Mobile App,East,15189.54
REC000595,2025-03-29,276.18,904,572,3.63,32.33,120,58.23,10,197,13,41.32,4.48,7.79,4,78.66,90.49,1.069,95.54,Marketplace,West,4467.83
REC004468,2025-03-29,214.22,886,641,5.91,66.03,113,54.3,30,172,8,61.63,4.52,11.49,0,90.78,94.23,1.005,88.27,Website,South,8562.32
REC001062,2025-03-30,135.68,923,626,3.58,42.75,88,44.86,25,182,7,71.86,4.36,2.84,2,88.34,101.22,0.833,112.43,Marketplace,East,3191.9
REC002301,2025-03-30,384.49,893,624,5.9,39.63,109,36.21,10,173,12,51.67,4.75,14.61,1,87.24,109.32,0.933,100.76,Mobile App,South,5093.58
REC001838,2025-03-30,51.08,952,620,3.55,18.54,113,13.14,5,187,12,49.59,4.03,6.5,0,91.25,111.84,0.796,91.65,Mobile App,South,1928.68
REC000586,2025-03-30,115.19,907,618,3.84,45.16,123,26.64,5,183,0,65.57,4.42,8.69,4,89.5,76.91,1.203,97.08,Website,South,6141.92
REC000796,2025-03-30,133.3,881,646,3.93,75.0,102,38.93,5,164,4,56.26,3.96,11.73,2,88.38,102.03,1.067,100.23,Mobile App,North,10488.08
REC003382,2025-03-31,60.61,853,634,3.99,18.44,104,50.49,15,183,0,52.09,4.27,14.0,1,92.51,118.34,1.053,104.58,Website,West,2736.12
REC005585,2025-04-01,275.74,951,661,3.04,26.49,128,44.99,0,180,12,72.15,4.96,5.51,5,100.0,98.66,0.928,104.56,Website,South,4390.33
REC000803,2025-04-01,242.34,941,660,4.09,32.97,126,33.07,20,212,11,34.0,3.54,4.4,2,100.0,105.5,1.104,95.63,Website,Central,5976.05
REC005997,2025-04-01,304.12,873,635,4.11,26.8,112,23.13,5,195,4,71.1,4.35,4.83,1,99.44,116.58,1.006,108.25,Mobile App,Central,4808.71
REC002251,2025-04-01,111.57,912,624,3.88,35.42,108,36.4,15,195,5,40.28,4.17,10.92,2,95.76,101.8,0.831,101.11,Website,North,4621.61
REC005430,2025-04-01,137.97,869,654,4.34,51.58,102,32.43,25,192,3,57.52,4.36,11.53,1,84.26,89.98,0.779,92.24,Website,East,4677.31
REC005971,2025-04-01,129.09,908,630,2.68,18.77,113,42.97,20,176,4,45.09,4.51,9.46,2,100.0,96.88,1.117,105.4,Website,Central,2592.19
REC001873,2025-04-02,158.39,911,598,3.0,34.35,115,42.56,10,181,13,69.07,3.7,6.3,2,81.57,95.77,0.966,97.22,Marketplace,East,3920.87
REC004324,2025-04-02,88.42,908,626,2.19,27.75,103,36.23,5,171,0,65.01,4.09,3.56,1,92.65,87.67,0.892,103.18,Marketplace,West,3166.63
REC004230,2025-04-02,93.6,941,622,4.71,98.02,116,22.34,25,176,6,51.71,3.9,9.6,1,84.98,76.69,0.794,103.24,Mobile App,North,9554.24
REC004172,2025-04-03,37.85,894,634,4.08,21.8,113,39.41,15,181,12,70.03,3.23,8.16,2,100.0,112.25,1.055,102.58,Website,East,3852.42
REC002855,2025-04-03,52.55,968,649,4.51,58.25,127,34.2,10,168,11,56.1,4.49,11.85,3,92.45,105.76,0.956,107.81,Website,South,6780.45
REC004228,2025-04-03,88.45,892,653,5.16,48.65,134,11.98,20,193,3,42.85,3.48,14.61,0,92.82,114.46,1.294,88.36,Website,Central,10787.32
REC004671,2025-04-03,129.08,899,655,2.99,14.0,120,22.58,15,188,6,71.22,4.02,11.66,1,100.0,94.75,0.75,98.31,Mobile App,East,1681.51
REC001115,2025-04-04,119.04,894,600,4.74,28.41,108,50.57,15,209,0,48.66,5.0,14.57,1,80.4,95.1,1.027,93.59,Mobile App,West,4001.89
REC004263,2025-04-05,45.77,894,629,4.36,65.07,110,51.24,5,179,11,55.16,4.54,8.73,0,100.0,118.56,0.912,108.2,Mobile App,South,8606.62
REC000822,2025-04-05,208.53,917,634,1.83,41.53,112,39.79,25,184,15,65.58,4.35,6.73,1,89.83,92.75,0.8,98.12,Website,North,3797.68
REC002589,2025-04-06,114.23,915,671,4.2,11.56,108,37.72,15,172,3,63.99,4.18,11.96,1,84.38,96.89,1.134,105.96,Website,West,1528.52
REC005985,2025-04-06,147.26,929,616,2.17,55.3,119,8.0,30,200,12,59.12,3.99,2.53,2,96.18,96.45,1.322,111.3,Website,Central,9605.48
REC002425,2025-04-06,83.99,923,623,2.79,18.92,124,38.83,5,206,9,49.16,3.79,2.55,2,93.23,111.58,0.766,100.93,Website,West,2341.75
REC003723,2025-04-06,281.33,906,630,2.88,44.55,112,50.6,5,230,9,66.18,4.07,8.13,2,96.47,104.24,0.806,98.93,Mobile App,East,5488.05
REC005278,2025-04-07,358.64,941,655,2.49,35.94,111,13.25,10,170,0,46.26,4.05,8.02,0,95.94,98.88,0.829,101.71,Website,Central,4128.9
REC000736,2025-04-07,83.94,940,628,4.68,62.03,128,20.6,15,188,7,69.29,3.65,1.43,1,80.5,74.86,0.947,104.22,Mobile App,West,9065.75
REC003519,2025-04-07,513.21,948,632,3.33,81.06,120,35.78,15,177,1,64.13,4.21,9.03,0,95.99,94.71,1.252,107.46,Website,Central,15283.66
REC003415,2025-04-07,170.86,930,610,4.6,56.3,97,51.55,15,183,13,52.56,4.34,9.98,0,83.38,77.84,1.009,102.43,Marketplace,North,6400.8
REC001892,2025-04-08,407.7,926,668,4.18,38.48,121,38.53,25,216,1,60.84,3.71,4.01,0,95.88,116.68,1.202,95.95,Mobile App,East,8626.87
REC002624,2025-04-09,191.13,927,588,3.62,97.39,102,41.62,0,194,12,70.19,4.1,8.98,1,78.02,113.63,0.769,106.68,Mobile App,South,9353.21
REC004461,2025-04-09,62.57,895,615,4.81,61.62,107,20.96,30,192,2,44.56,4.12,10.31,2,100.0,89.24,0.793,105.58,Marketplace,North,6363.11
REC001322,2025-04-09,78.36,893,652,4.47,60.24,106,37.19,30,198,10,78.88,4.15,7.44,1,82.22,115.78,1.02,101.58,Mobile App,South,7012.31
REC002310,2025-04-09,170.19,910,650,3.85,134.58,126,53.51,15,186,9,46.01,3.55,6.57,0,100.0,82.95,1.284,105.1,Marketplace,North,31217.22
REC004746,2025-04-10,145.23,905,633,3.76,34.87,120,31.52,0,185,9,52.73,4.86,6.97,2,87.48,110.6,1.26,103.18,Mobile App,East,7168.97
REC001950,2025-04-10,92.89,910,662,2.96,21.63,124,60.58,5,178,10,82.48,3.8,2.26,1,79.3,90.72,1.328,99.51,Website,West,4116.41
REC002257,2025-04-10,532.42,824,657,2.79,41.4,114,50.92,0,198,2,41.89,3.37,6.66,0,86.56,98.2,1.325,93.39,Website,Central,6530.61
REC003789,2025-04-11,184.46,897,657,2.94,74.89,110,31.01,15,203,3,69.86,4.59,1.73,1,78.27,102.55,0.931,101.68,Mobile App,South,9344.25
REC002650,2025-04-11,60.95,890,631,4.45,113.35,133,32.9,5,204,2,36.61,4.3,10.18,1,90.82,118.39,1.098,98.86,Mobile App,West,22378.59
REC003844,2025-04-12,243.6,892,634,3.65,16.0,110,50.98,15,197,3,62.01,4.25,1.97,0,85.18,123.68,1.075,99.3,Website,South,1994.26
REC000812,2025-04-12,187.58,896,629,3.81,45.56,116,35.68,5,168,1,32.48,3.71,12.91,2,79.72,99.31,1.104,97.1,Mobile App,Central,6950.7
REC000293,2025-04-12,136.0,886,642,3.0,56.61,108,27.16,15,185,7,56.35,4.13,1.95,1,88.37,100.08,1.138,94.68,Mobile App,Central,8521.66
REC003021,2025-04-12,221.83,890,636,2.35,33.49,112,28.55,10,182,15,57.21,4.26,3.98,1,90.37,115.27,1.105,109.2,Website,North,4831.83
REC002127,2025-04-12,54.15,923,660,3.05,50.87,122,39.63,5,227,3,68.02,5.0,5.07,1,91.56,75.69,1.046,98.17,Mobile App,West,8122.58
REC004473,2025-04-12,680.81,918,635,4.41,39.19,117,49.41,10,190,8,41.09,4.19,6.95,2,100.0,79.1,1.224,89.41,Website,North,8894.7
REC005039,2025-04-13,191.77,894,607,3.59,51.82,131,22.5,15,204,12,57.09,3.46,5.12,1,95.92,96.73,0.933,102.2,Website,North,7604.27
REC002760,2025-04-13,141.05,887,621,4.95,34.49,120,11.24,10,198,15,24.64,4.35,6.69,2,87.84,74.28,0.995,94.35,Website,West,5076.97
REC001327,2025-04-13,130.75,859,640,2.75,27.01,114,25.77,25,193,7,55.63,4.28,11.17,1,87.26,93.18,0.784,102.11,Mobile App,North,2889.39
REC003916,2025-04-14,180.82,908,603,2.73,22.54,125,29.04,25,170,14,55.68,4.25,8.56,2,94.83,98.21,1.252,101.92,Mobile App,North,4465.56
REC002867,2025-04-14,108.92,894,636,2.53,39.51,106,65.05,15,176,7,65.2,3.6,11.66,1,88.51,112.24,1.335,94.58,Marketplace,South,6069.51
REC000032,2025-04-15,108.59,892,639,4.15,55.8,110,47.69,5,188,6,53.38,3.47,5.29,2,93.58,101.67,1.344,105.78,Website,Central,8869.31
REC001795,2025-04-15,44.2,920,670,3.2,32.46,116,36.97,15,187,3,79.2,3.86,5.65,0,89.98,98.99,1.262,100.4,Website,Central,5438.42
REC002761,2025-04-15,204.76,859,616,3.86,85.51,113,51.86,10,182,8,47.32,3.38,7.5,2,81.61,96.34,1.096,96.1,Marketplace,Central,10050.89
REC001680,2025-04-15,114.14,872,648,3.69,23.34,110,61.9,20,204,0,69.83,5.0,7.8,0,86.19,96.78,1.085,103.23,Website,East,3446.76
REC002022,2025-04-16,592.19,868,612,2.97,50.52,117,40.8,10,194,12,52.05,3.15,6.01,1,100.0,111.3,0.842,86.63,Mobile App,North,7562.3
REC005785,2025-04-16,25.75,919,619,4.17,42.81,127,55.57,5,190,11,46.03,4.28,8.64,2,82.74,103.94,1.006,98.18,Marketplace,East,5565.56
REC001150,2025-04-17,347.85,908,612,4.52,25.23,104,36.2,20,179,7,38.32,4.87,7.51,1,93.08,85.83,1.325,99.47,Marketplace,West,4427.84
REC004183,2025-04-17,272.6,849,623,4.34,12.74,137,9.04,10,190,2,66.89,4.16,8.37,2,87.89,106.1,1.294,99.05,Marketplace,North,2239.71
REC001176,2025-04-17,238.32,905,622,4.44,51.45,108,56.02,5,179,7,70.85,4.48,3.34,0,91.47,109.85,1.227,94.01,Website,Central,8760.27
REC003274,2025-04-17,167.54,909,649,5.1,37.51,115,33.52,0,202,11,68.94,4.33,6.01,3,98.72,94.42,1.222,86.43,Marketplace,Central,6123.19
REC002483,2025-04-17,118.51,911,645,1.84,27.31,117,30.15,5,176,14,55.07,3.73,11.65,1,90.21,102.02,0.781,106.92,Mobile App,East,2945.84
REC002899,2025-04-18,119.14,889,622,2.02,30.48,117,40.09,15,187,15,65.91,3.87,8.63,0,88.85,93.26,1.131,99.6,Mobile App,Central,4499.36
REC005454,2025-04-18,149.47,926,645,3.39,45.04,100,26.64,10,197,10,62.69,3.42,6.34,1,98.08,122.58,1.144,103.69,Mobile App,East,7981.87
REC000442,2025-04-18,85.34,905,649,3.65,35.68,109,42.33,15,173,10,65.82,3.34,7.12,1,87.71,94.92,1.021,103.37,Website,West,4744.67
REC000473,2025-04-18,168.08,842,582,4.67,26.8,120,15.0,5,190,9,74.43,4.5,5.29,1,98.47,117.47,1.053,95.79,Mobile App,Central,4339.14
REC004071,2025-04-18,132.92,900,653,2.37,36.27,117,36.15,25,181,6,54.09,3.22,6.11,1,100.0,89.01,1.0,102.41,Mobile App,Central,6140.85
REC000056,2025-04-19,268.94,901,616,4.26,74.94,115,26.41,15,167,2,69.62,4.33,5.48,1,87.34,124.33,1.328,105.13,Website,South,13327.74
REC005893,2025-04-19,80.8,879,631,3.7,55.01,108,47.51,20,176,1,74.08,2.99,3.98,3,94.73,101.29,1.338,96.89,Marketplace,South,7180.54
REC003972,2025-04-19,223.94,901,662,2.92,49.03,134,43.62,15,188,1,73.59,4.02,2.23,1,85.57,111.28,1.275,95.7,Website,Central,9644.23
REC000036,2025-04-19,286.51,882,640,4.73,28.91,132,45.98,10,197,8,46.36,5.0,7.52,0,86.41,76.87,1.144,103.32,Website,South,5911.29
REC003014,2025-04-20,37.94,936,641,3.42,28.42,122,8.0,20,208,4,58.85,4.49,5.71,2,93.73,97.43,0.767,97.65,Marketplace,North,2918.98
REC002145,2025-04-20,113.25,895,617,1.84,51.86,131,30.41,10,164,12,43.78,3.56,3.97,1,79.45,99.4,0.979,102.0,Website,South,5965.9
REC005167,2025-04-20,172.36,909,670,3.85,11.49,129,26.58,15,182,1,57.8,3.79,12.59,0,92.92,106.68,1.213,101.74,Mobile App,North,1889.92
REC004181,2025-04-20,223.54,942,641,4.97,80.43,127,25.83,10,196,15,66.2,4.15,9.76,2,85.11,112.41,0.759,90.34,Marketplace,North,8100.33
REC005512,2025-04-21,181.91,919,612,4.06,51.93,113,34.69,10,182,0,75.63,4.61,8.95,0,87.01,108.08,0.841,103.51,Website,West,7184.63
REC002536,2025-04-21,278.74,923,675,3.97,53.68,122,51.86,10,187,1,60.97,3.64,3.47,1,85.38,111.14,0.752,98.01,Website,Central,5893.7
REC004415,2025-04-21,51.21,888,634,3.27,26.69,124,35.58,20,193,12,63.11,3.38,6.86,2,91.17,89.5,1.074,105.7,Marketplace,North,3525.28
REC005481,2025-04-22,58.21,918,615,4.29,55.74,99,10.31,15,182,6,56.26,3.15,4.14,2,90.78,105.98,1.285,106.34,Mobile App,Central,8065.76
REC003440,2025-04-22,92.25,894,650,2.58,14.49,119,49.68,15,199,5,55.81,3.76,2.13,1,96.85,93.52,1.348,105.04,Mobile App,East,3426.57
REC003544,2025-04-23,194.59,903,614,2.76,38.25,107,44.99,5,210,5,78.54,3.27,4.08,5,94.86,87.96,1.157,99.38,Mobile App,South,5828.1
REC005683,2025-04-23,71.01,850,669,2.59,17.95,118,46.52,30,187,3,43.27,3.89,10.01,1,82.08,93.14,0.908,103.36,Marketplace,West,1940.36
REC001975,2025-04-24,99.03,901,651,4.31,15.7,124,37.88,20,178,3,49.27,3.65,7.97,4,83.03,104.23,0.869,104.53,Mobile App,North,1738.79
REC005417,2025-04-24,227.97,893,679,4.15,46.76,88,33.64,5,178,9,47.47,3.81,9.71,0,95.18,106.74,0.978,104.69,Mobile App,Central,4942.08
REC005404,2025-04-24,74.68,840,621,2.12,22.12,104,30.82,10,208,1,57.65,4.63,8.11,1,86.54,97.65,0.977,101.91,Marketplace,North,2018.25
REC001419,2025-04-24,59.85,882,628,2.54,82.22,117,45.65,20,201,10,73.49,5.0,10.23,1,88.77,113.54,1.237,99.19,Website,Central,12897.76
REC001452,2025-04-24,211.85,849,612,1.67,29.75,128,47.33,5,195,5,50.53,3.89,6.53,0,81.02,95.99,1.011,93.79,Mobile App,South,4919.46
REC003165,2025-04-25,366.67,872,628,3.43,15.47,100,8.0,0,199,2,53.39,4.87,1.54,1,78.83,103.08,1.039,104.14,Website,North,1989.05
REC001126,2025-04-25,252.62,975,654,2.91,26.38,123,23.24,15,203,14,52.48,4.77,3.34,1,81.84,90.65,1.325,96.34,Website,East,4509.76
REC005478,2025-04-25,119.87,934,673,1.79,31.77,123,31.47,10,200,9,70.02,4.83,7.94,1,100.0,94.07,0.804,102.17,Mobile App,South,3981.97
REC003967,2025-04-25,344.78,896,613,2.84,44.56,123,31.07,20,182,12,45.16,3.91,3.77,1,85.91,77.39,0.791,97.07,Mobile App,North,5586.17
REC004765,2025-04-25,466.48,921,597,3.58,23.21,130,38.16,30,182,9,58.73,4.07,14.51,3,85.35,114.79,0.905,98.6,Website,East,2835.76
REC001731,2025-04-25,147.14,882,667,4.17,15.95,120,33.27,15,219,8,56.69,4.59,5.37,1,94.0,95.21,0.879,97.6,Marketplace,West,1865.11
REC000229,2025-04-25,408.7,942,660,2.53,22.53,123,54.47,20,182,14,33.16,3.5,9.3,1,100.0,93.37,1.047,99.1,Marketplace,South,3448.18
REC000068,2025-04-25,57.07,895,650,2.22,24.23,129,52.1,25,197,4,55.5,3.63,3.67,2,89.98,116.32,1.313,106.03,Website,West,4763.65
REC001102,2025-04-26,121.52,923,632,2.32,96.55,100,30.51,0,188,7,62.27,4.44,3.8,1,92.82,110.29,1.026,107.44,Mobile App,West,14102.03
REC004982,2025-04-26,36.59,907,665,2.77,60.3,141,32.62,15,179,2,51.87,5.0,9.03,1,84.67,123.18,0.789,100.69,Mobile App,West,8620.95
REC004457,2025-04-26,465.03,930,596,4.09,51.99,110,52.85,10,193,6,55.39,4.99,11.37,0,84.65,92.53,0.923,103.59,Mobile App,West,7230.92
REC000577,2025-04-26,136.95,864,621,1.73,70.4,126,8.0,20,184,1,58.78,3.99,7.25,1,89.5,95.41,0.87,95.21,Mobile App,Central,8205.17
REC001395,2025-04-26,180.75,925,615,4.5,45.95,109,56.43,20,196,14,62.16,4.74,11.96,3,93.54,109.14,0.934,106.79,Website,Central,5396.59
REC001051,2025-04-26,45.96,915,615,3.57,31.11,99,23.07,25,197,8,65.94,4.21,10.19,0,93.65,110.99,0.774,97.65,Mobile App,East,2486.98
REC000190,2025-04-26,78.31,876,663,2.73,58.35,115,49.21,0,174,2,42.61,4.38,11.92,2,89.88,113.41,1.15,97.5,Marketplace,East,8422.06
REC004264,2025-04-26,261.87,941,634,3.57,18.84,115,45.44,5,184,0,43.75,4.83,9.61,0,83.59,103.63,0.816,96.7,Mobile App,South,2166.68
REC002950,2025-04-26,52.27,967,612,4.1,63.46,130,57.73,30,220,9,53.12,3.21,10.57,0,91.81,105.35,1.23,100.58,Mobile App,West,14026.73
REC004282,2025-04-27,39.73,863,674,1.72,11.47,109,44.11,10,163,0,74.41,3.74,7.71,0,82.17,101.13,1.265,102.59,Marketplace,Central,1464.46
REC002073,2025-04-27,160.42,874,628,5.36,97.55,127,35.95,10,157,13,49.9,3.24,7.11,4,100.0,105.84,1.234,103.71,Mobile App,West,24172.02
REC003114,2025-04-27,560.23,904,590,4.71,34.03,106,38.62,10,169,13,59.29,3.49,0.62,1,90.09,76.25,0.93,99.99,Website,West,4641.19
REC001319,2025-04-27,127.43,851,610,2.71,59.19,124,37.95,15,195,5,48.11,2.7,13.45,3,97.12,92.36,0.96,104.54,Website,North,8994.42
REC005572,2025-04-28,76.77,886,651,4.45,47.46,117,29.63,20,169,10,59.02,3.06,14.3,3,88.04,87.98,0.895,95.78,Website,North,4806.74
REC005889,2025-04-28,121.48,942,630,3.79,69.95,101,34.62,20,205,10,53.56,4.13,12.15,1,92.99,104.34,0.806,106.63,Website,North,6791.64
REC000389,2025-04-28,519.36,874,616,3.99,39.53,124,40.31,10,199,15,68.71,3.16,11.05,1,87.39,98.92,0.972,107.58,Website,South,6245.27
REC002626,2025-04-29,484.09,922,663,3.66,27.22,103,47.99,5,187,11,55.37,3.87,3.15,2,94.74,118.79,1.061,104.75,Website,Central,3922.43
REC003040,2025-04-29,85.66,911,620,4.15,27.54,119,43.86,5,178,3,76.71,3.61,8.41,1,96.14,98.44,1.225,99.91,Marketplace,East,5232.24
REC001042,2025-04-29,134.19,894,651,4.02,59.3,127,24.58,20,197,13,36.27,3.97,12.61,2,93.95,101.5,0.952,107.03,Mobile App,Central,9389.11
REC000949,2025-04-29,175.51,894,619,5.46,61.91,115,27.13,0,186,10,65.79,4.14,3.77,1,92.33,96.33,0.83,93.62,Website,West,9140.17
REC003175,2025-04-29,62.11,900,650,4.5,21.65,132,30.02,10,172,13,61.44,4.23,11.76,2,84.56,93.15,1.264,99.37,Marketplace,East,3582.88
REC003420,2025-04-30,176.44,931,671,4.7,26.63,134,16.68,10,208,9,70.59,4.58,5.27,3,96.09,116.0,1.096,89.0,Website,East,5401.88
REC002646,2025-04-30,164.86,889,639,5.23,59.56,133,60.35,15,177,11,52.25,2.53,1.55,3,98.43,113.13,0.888,100.44,Mobile App,Central,9613.37
REC004908,2025-05-01,188.57,903,660,2.78,30.35,114,23.58,25,203,5,48.3,4.22,8.07,2,82.1,81.08,0.759,100.05,Mobile App,North,2933.6
REC002334,2025-05-01,144.03,932,669,4.22,25.13,107,63.58,15,171,0,56.0,4.56,8.0,0,91.96,111.67,0.837,101.49,Website,Central,3033.48
REC002851,2025-05-01,120.16,875,637,3.44,58.19,113,25.44,10,189,14,27.83,4.18,8.92,2,100.0,105.94,1.263,97.46,Website,West,11816.96
REC005150,2025-05-01,143.78,930,652,4.35,30.12,125,22.56,15,188,6,64.26,3.5,6.44,1,78.51,108.73,1.03,107.13,Marketplace,South,3475.1
REC005301,2025-05-01,47.08,931,645,3.51,45.33,97,47.39,15,187,3,72.69,4.99,11.85,2,81.0,72.81,0.899,105.5,Mobile App,South,3377.99
REC003055,2025-05-01,293.88,896,606,3.35,22.82,126,40.8,10,179,1,52.79,3.43,1.45,3,94.05,118.12,1.301,91.9,Website,East,5076.47
REC003915,2025-05-01,114.73,927,663,4.73,26.91,100,59.16,15,193,4,42.26,2.97,9.91,1,91.36,111.86,1.147,97.05,Marketplace,East,3930.58
REC005983,2025-05-02,79.64,868,581,4.12,56.39,116,49.6,10,166,9,45.81,4.38,14.17,2,96.93,84.57,1.344,105.96,Mobile App,South,12708.28
REC001425,2025-05-02,117.74,910,621,4.05,25.17,114,47.65,30,192,14,72.53,4.61,2.66,0,98.8,105.55,1.08,99.86,Website,South,3617.72
REC001991,2025-05-02,404.98,917,652,6.8,29.7,108,28.01,20,212,15,61.27,4.49,12.05,1,97.71,101.31,0.753,97.69,Website,East,3673.45
REC000211,2025-05-03,355.69,893,589,2.64,38.79,107,37.26,25,208,2,45.76,4.79,7.77,2,82.65,104.45,1.108,100.79,Marketplace,Central,4283.87
REC001654,2025-05-03,93.38,922,627,3.76,26.5,125,32.4,30,210,9,41.3,4.17,11.24,2,80.43,111.86,1.113,105.17,Website,North,3378.32
REC004097,2025-05-03,159.0,861,615,4.03,55.09,109,35.34,5,180,0,52.26,4.31,10.88,3,93.26,106.88,0.981,98.91,Website,South,6851.89
REC002336,2025-05-03,302.78,887,651,3.67,80.76,117,37.74,15,163,1,49.21,3.82,6.69,1,87.17,102.79,1.323,105.34,Website,East,14269.28
REC005322,2025-05-03,215.38,924,655,4.79,52.14,126,46.28,30,218,10,49.57,3.71,11.94,2,83.28,102.79,0.885,103.69,Mobile App,West,7065.44
REC004300,2025-05-03,301.72,901,668,6.33,41.15,112,12.55,5,180,12,47.08,3.55,12.7,0,94.72,109.34,0.919,95.59,Mobile App,North,6194.63
REC000775,2025-05-04,236.18,930,606,3.09,21.15,130,53.09,20,189,1,45.11,3.92,3.6,2,87.91,83.68,0.984,96.23,Marketplace,Central,3048.45
REC002122,2025-05-04,206.65,938,620,4.7,17.75,114,19.53,0,204,11,69.69,4.46,14.75,1,83.67,83.76,0.767,96.09,Website,East,1691.75
REC003028,2025-05-04,107.01,868,626,4.04,23.88,126,57.32,5,175,15,52.56,3.88,13.24,0,93.41,113.53,0.941,99.13,Website,South,3537.58
REC005191,2025-05-04,448.94,884,671,3.09,74.01,109,33.67,10,159,7,61.91,2.93,6.39,3,95.15,127.27,1.091,90.29,Mobile App,North,11780.88
REC004147,2025-05-04,230.25,883,651,2.83,35.58,119,42.5,10,212,14,48.91,4.12,9.67,0,89.47,96.04,1.13,94.02,Marketplace,South,4737.24
REC001526,2025-05-04,276.49,884,622,4.21,55.57,126,33.67,10,192,15,58.04,3.49,7.14,0,100.0,103.38,1.068,102.65,Mobile App,South,10838.49
REC004962,2025-05-05,724.95,963,632,5.92,40.71,121,49.91,5,181,4,62.85,3.63,8.48,2,84.34,98.37,0.848,99.41,Website,North,5205.75
REC001505,2025-05-05,126.53,899,669,3.81,60.06,112,33.04,0,188,15,63.09,3.99,8.04,1,88.44,96.87,0.844,99.1,Mobile App,North,6760.63
REC002433,2025-05-05,201.02,921,590,2.84,66.07,113,15.51,15,182,8,39.35,4.19,5.72,1,91.19,117.11,0.801,99.97,Mobile App,North,7991.14
REC005604,2025-05-05,117.84,840,658,3.75,43.21,114,33.38,10,176,3,45.51,4.37,11.9,1,79.78,109.86,1.164,94.51,Mobile App,Central,6422.58
REC004161,2025-05-05,197.31,928,620,4.77,25.39,105,10.4,0,202,12,63.09,3.43,0.5,2,87.91,72.81,0.912,106.29,Website,North,3012.04
REC002986,2025-05-05,61.75,894,626,4.19,69.62,94,46.82,0,215,3,63.14,4.39,13.13,1,98.59,87.17,1.214,105.54,Website,South,9853.22
REC000434,2025-05-06,56.41,919,646,3.6,68.44,111,47.78,10,195,2,51.96,4.22,9.77,1,100.0,107.25,0.922,91.41,Marketplace,South,8077.03
REC005042,2025-05-06,102.15,945,656,5.54,97.61,115,33.96,30,190,6,24.05,3.61,15.13,1,91.98,112.89,1.265,93.13,Marketplace,Central,16204.18
REC001026,2025-05-07,58.4,944,654,3.59,38.85,129,47.48,15,194,12,61.15,3.26,8.63,1,96.67,77.96,1.303,101.95,Website,West,8201.51
REC000097,2025-05-07,105.95,900,650,2.14,16.14,101,23.08,10,173,13,63.67,3.67,13.76,3,91.71,110.18,1.347,95.02,Marketplace,East,2167.3
REC004641,2025-05-07,77.1,912,573,2.85,60.5,112,40.48,10,172,12,47.03,4.26,11.68,2,96.33,83.29,1.196,91.43,Website,North,10239.27
REC000150,2025-05-07,199.1,910,633,2.46,34.71,116,8.0,5,227,9,33.91,4.8,6.29,1,78.63,102.71,1.271,98.42,Mobile App,West,4927.05
REC002091,2025-05-07,291.25,889,644,3.97,188.22,99,44.41,5,190,0,60.6,4.22,14.57,1,95.38,96.61,1.054,100.65,Mobile App,South,28814.92
REC005277,2025-05-07,165.46,895,624,2.56,49.31,115,36.96,10,202,4,58.15,4.66,6.96,1,87.64,89.1,0.853,97.42,Website,South,5170.13
REC005856,2025-05-07,181.79,914,695,5.04,111.95,122,38.74,25,177,1,45.34,4.16,10.52,4,97.74,105.68,1.255,101.88,Website,West,24979.93
REC004293,2025-05-08,162.31,951,589,4.35,62.35,116,50.98,10,180,7,50.75,4.24,12.84,3,97.39,107.14,1.089,93.33,Website,South,10245.83
REC000610,2025-05-08,395.0,897,653,4.95,38.93,112,44.23,10,184,12,70.78,3.23,0.5,2,84.49,101.75,1.233,113.67,Mobile App,North,7367.5
REC001011,2025-05-08,593.97,886,645,5.97,74.2,118,35.15,10,191,14,45.16,4.81,7.5,1,86.76,100.21,1.328,96.77,Website,Central,13206.21
REC001983,2025-05-08,298.76,908,647,4.87,26.01,109,26.08,5,206,9,49.73,3.05,0.5,0,86.75,110.29,1.038,101.91,Mobile App,North,3352.19
REC005708,2025-05-09,257.01,886,613,1.75,41.46,91,17.89,10,192,2,50.39,4.16,10.02,0,81.53,106.75,1.237,92.37,Website,Central,4457.94
REC002895,2025-05-09,95.72,922,603,3.94,59.12,100,33.55,10,199,7,46.51,2.97,3.16,2,94.76,103.05,1.027,95.37,Marketplace,East,7016.38
REC003399,2025-05-09,182.21,928,638,2.73,44.4,108,40.65,10,188,8,69.4,5.0,2.53,1,98.21,87.71,1.075,95.48,Website,Central,6583.95
REC003673,2025-05-09,162.73,877,643,4.99,44.45,90,28.21,10,185,9,60.57,3.4,7.49,2,88.99,101.92,1.268,98.69,Website,North,6395.14
REC004511,2025-05-10,148.22,855,624,3.15,21.96,124,40.3,15,195,7,54.87,3.61,4.69,2,95.87,107.98,0.876,106.02,Website,South,3120.89
REC002208,2025-05-10,141.3,943,641,2.56,25.86,128,18.59,5,189,1,70.96,3.87,3.63,0,92.85,111.49,1.005,100.13,Marketplace,West,3823.26
REC003167,2025-05-10,200.04,850,619,3.99,53.37,129,43.16,0,176,13,49.68,4.75,13.12,1,88.88,100.13,0.956,101.79,Website,West,8218.28
REC000943,2025-05-10,168.63,886,624,4.45,40.47,110,27.87,15,191,12,66.52,3.54,5.61,2,91.82,85.86,1.129,108.99,Website,South,6154.23
REC000441,2025-05-10,33.18,935,638,4.2,137.42,118,53.52,25,161,9,65.34,3.88,6.96,2,91.75,94.21,0.95,104.32,Website,North,19906.25
REC002911,2025-05-10,97.73,906,637,4.01,56.28,121,59.11,30,207,4,62.11,4.73,9.36,1,99.32,99.1,1.263,100.36,Website,South,11164.5
REC005458,2025-05-11,197.75,868,642,1.94,25.22,118,26.11,5,217,2,78.89,4.05,12.68,1,88.15,86.58,1.133,106.25,Marketplace,South,3388.56
REC003763,2025-05-11,269.03,943,629,4.78,41.03,105,42.0,10,201,13,46.12,4.68,11.23,4,90.24,129.0,0.81,98.97,Website,West,3558.18
REC005397,2025-05-12,274.05,893,628,3.21,31.58,126,37.49,10,195,4,63.81,4.15,8.96,2,87.59,97.65,1.0,100.89,Mobile App,South,4944.93
REC003429,2025-05-12,110.94,868,676,3.01,21.5,104,44.63,30,191,2,63.35,4.93,8.98,2,98.24,101.28,1.167,98.37,Marketplace,West,3076.74
REC005502,2025-05-12,233.13,910,637,4.93,41.39,121,35.03,0,192,13,53.58,3.75,6.63,1,96.49,107.39,0.93,100.19,Mobile App,Central,6751.44
REC004663,2025-05-12,121.46,937,650,3.86,18.49,128,50.03,10,192,11,42.85,4.08,5.87,3,73.74,119.32,1.194,96.44,Marketplace,South,2354.79
REC005143,2025-05-12,132.22,920,666,5.09,62.67,113,44.4,10,199,10,63.02,4.3,4.88,2,82.77,99.83,0.891,96.0,Website,East,6363.49
REC001837,2025-05-12,273.95,883,668,1.47,31.54,111,36.26,5,191,8,66.02,4.72,8.75,0,89.77,103.95,1.141,94.86,Website,Central,4998.7
REC004755,2025-05-13,155.09,910,601,6.48,20.21,97,40.3,15,175,13,44.27,5.0,15.44,0,89.34,100.22,0.801,93.02,Website,East,2019.31
REC005730,2025-05-13,129.54,868,660,2.01,130.64,108,29.78,30,177,15,63.65,4.94,8.99,2,84.54,101.05,1.062,92.25,Mobile App,East,17498.03
REC001778,2025-05-13,55.45,951,633,4.31,75.2,113,44.77,20,179,7,71.24,4.43,8.58,1,89.2,77.73,0.955,91.97,Mobile App,South,10592.32
REC003836,2025-05-13,105.6,965,649,4.29,24.97,97,48.29,10,207,7,66.28,4.13,5.75,2,98.76,106.47,1.104,102.58,Website,North,3130.54
REC003497,2025-05-13,122.29,910,588,5.23,22.43,106,30.2,25,206,14,70.27,3.81,6.52,2,98.67,92.96,1.304,105.73,Mobile App,Central,3648.83
REC002040,2025-05-13,230.89,862,675,2.81,69.43,108,45.23,20,207,11,48.13,4.15,6.72,1,74.93,82.35,1.027,89.67,Mobile App,Central,7497.69
REC000475,2025-05-14,340.33,910,623,3.14,32.34,109,33.39,15,185,14,67.5,4.2,5.95,1,97.25,112.34,1.056,98.41,Website,South,3762.48
REC000861,2025-05-14,136.49,858,689,4.47,17.47,103,19.79,5,170,1,55.8,3.96,4.88,2,87.48,84.87,1.247,99.12,Mobile App,East,2669.36
REC005233,2025-05-14,129.18,885,632,3.34,34.14,114,20.53,5,192,2,62.56,4.17,11.93,2,85.82,87.84,0.903,101.7,Website,South,3378.93
REC000146,2025-05-15,251.54,890,658,3.11,35.9,111,26.06,20,199,4,43.17,4.67,6.64,1,91.98,119.51,1.241,101.07,Website,South,5909.2
REC000160,2025-05-15,877.55,921,627,4.85,26.5,102,53.61,15,212,4,72.17,4.78,11.65,1,81.74,92.85,1.213,102.13,Mobile App,East,4241.62
REC004598,2025-05-15,180.31,882,655,3.16,24.08,127,37.17,20,183,11,55.91,4.25,10.71,1,94.09,114.72,0.804,101.02,Website,Central,3003.41
REC000217,2025-05-16,218.07,892,605,4.55,23.57,111,38.12,10,219,12,67.95,4.46,11.03,0,91.07,100.78,0.847,98.33,Website,North,2885.01
REC003795,2025-05-16,111.45,945,617,4.61,81.8,125,48.76,15,198,13,56.19,3.34,6.28,2,85.3,85.89,1.073,101.84,Mobile App,North,15148.61
REC001550,2025-05-16,114.78,936,619,2.71,30.83,110,33.94,10,173,4,57.85,4.5,6.8,4,83.05,99.91,1.082,102.58,Website,South,3420.8
REC003285,2025-05-16,170.48,894,657,1.95,27.75,107,25.26,5,196,13,44.03,4.04,9.51,3,95.39,132.71,0.799,103.64,Marketplace,West,2559.65
REC002320,2025-05-16,215.45,902,656,3.56,26.52,116,51.91,20,152,11,72.81,4.34,3.19,1,85.1,118.08,0.916,102.23,Website,East,3475.59
REC003166,2025-05-16,208.82,854,610,3.64,141.38,117,42.81,15,175,5,42.75,4.29,10.53,2,93.74,127.56,1.067,102.56,Marketplace,South,21605.25
REC001570,2025-05-17,238.35,883,656,1.14,95.7,104,27.52,5,202,7,61.49,2.91,7.24,0,96.0,95.32,1.075,94.81,Marketplace,South,11039.45
REC004947,2025-05-17,267.29,897,635,5.55,35.96,111,51.17,20,187,11,51.71,4.28,1.64,2,93.55,122.06,1.002,103.06,Mobile App,Central,6142.19
REC000901,2025-05-17,162.19,922,620,3.99,65.89,119,45.39,5,199,11,59.16,3.28,11.36,1,86.33,104.4,1.035,100.86,Mobile App,Central,10836.05
REC001192,2025-05-17,126.63,883,628,5.13,22.6,106,29.65,15,207,11,33.47,3.46,6.13,4,88.11,94.87,0.948,98.08,Website,Central,2350.32
REC001333,2025-05-17,280.54,890,634,1.35,26.33,119,60.03,5,189,5,43.3,4.24,9.43,1,83.02,91.92,1.121,98.0,Marketplace,East,3373.64
REC000023,2025-05-17,96.8,896,656,1.33,25.31,115,56.58,30,177,6,63.57,4.06,4.51,1,95.12,73.5,1.049,93.97,Website,West,3606.19
REC004313,2025-05-17,290.88,845,668,3.28,23.72,127,49.23,10,209,9,75.78,5.0,10.1,3,93.76,81.63,1.236,98.41,Website,West,4809.05
REC003637,2025-05-18,57.87,913,618,4.48,108.47,121,64.03,5,166,6,83.91,3.83,7.78,1,87.24,95.87,1.133,101.06,Website,North,20242.45
REC005363,2025-05-18,84.05,938,678,3.88,92.92,103,24.07,5,206,8,45.05,4.51,8.73,3,89.93,110.74,1.07,107.66,Website,North,12565.59
REC003461,2025-05-18,145.79,884,674,4.59,35.75,135,31.62,10,169,13,45.86,4.34,10.13,0,85.56,113.47,1.26,94.01,Mobile App,Central,7232.77
REC002846,2025-05-18,195.58,909,627,3.59,69.49,107,46.41,0,196,2,47.93,3.23,1.15,1,94.09,91.35,0.885,95.42,Mobile App,West,9976.96
REC004943,2025-05-19,240.98,935,637,3.82,21.28,129,58.93,5,174,4,47.82,5.0,9.0,3,88.22,101.27,0.976,105.54,Marketplace,West,3427.39
REC003961,2025-05-19,128.77,912,711,2.95,22.37,117,38.09,10,182,13,71.19,4.08,0.5,0,93.14,107.88,0.84,104.42,Marketplace,North,2879.82
REC000406,2025-05-20,18.56,935,593,1.48,41.69,117,19.68,0,186,4,61.68,3.42,11.39,2,98.96,92.34,0.934,97.94,Mobile App,Central,5959.47
REC004432,2025-05-20,53.06,927,657,4.53,24.49,141,23.06,0,193,7,64.46,4.59,13.01,3,90.96,98.09,0.98,102.22,Mobile App,East,4079.19
REC002576,2025-05-20,250.8,916,607,3.98,34.99,142,53.91,10,195,7,69.62,4.48,16.27,1,81.55,92.72,0.796,101.98,Mobile App,North,5206.13
REC001522,2025-05-20,264.13,867,701,2.44,25.45,113,18.46,0,183,4,58.64,3.55,4.41,2,84.08,106.91,1.271,96.91,Website,North,4230.57
REC004878,2025-05-20,98.9,900,574,3.38,36.93,119,41.61,0,182,12,32.18,3.05,7.22,1,95.66,86.25,1.175,102.9,Mobile App,West,6818.86
REC002307,2025-05-20,260.77,896,666,4.21,24.21,128,30.55,10,166,4,68.09,4.87,7.26,1,90.58,113.08,1.124,112.3,Mobile App,Central,4570.88
REC002703,2025-05-20,93.82,928,623,5.37,46.63,133,50.81,5,184,7,53.9,3.31,7.65,1,76.62,70.0,0.899,97.58,Mobile App,West,6528.97
REC002402,2025-05-21,139.47,877,625,4.67,24.36,118,40.38,10,185,7,69.69,2.93,8.88,2,100.0,94.74,1.022,93.36,Mobile App,East,4531.46
REC001501,2025-05-21,48.71,890,645,4.33,53.14,118,40.56,15,183,0,49.43,5.0,4.98,2,92.85,99.67,1.011,91.37,Mobile App,Central,6833.56
REC001248,2025-05-21,107.37,928,628,1.82,83.13,120,38.76,5,181,5,55.57,3.91,9.01,0,86.87,78.76,0.764,93.07,Website,Central,7193.55
REC001530,2025-05-21,91.97,846,636,3.31,33.81,114,56.6,15,184,13,63.68,3.33,8.67,3,79.86,111.14,1.232,100.68,Website,East,4851.88
REC004286,2025-05-22,153.88,845,626,5.04,60.77,117,26.03,10,186,11,72.71,4.59,10.86,1,89.19,110.3,0.825,102.27,Website,Central,7101.5
REC003657,2025-05-22,115.67,898,640,3.15,36.29,101,57.89,25,185,3,68.99,4.07,8.1,6,92.71,102.97,0.987,105.13,Marketplace,Central,3732.01
REC005796,2025-05-22,80.01,894,648,3.27,27.77,105,30.16,20,201,4,51.01,5.0,11.23,2,83.34,98.5,1.185,100.75,Mobile App,East,3983.76
REC004394,2025-05-22,139.92,926,633,4.11,24.71,123,47.75,10,189,9,65.88,4.39,8.72,0,87.42,113.97,0.877,99.84,Website,South,2708.64
REC000008,2025-05-23,40.67,869,630,4.1,8.85,102,21.13,0,175,11,39.56,4.18,11.92,3,88.79,103.46,0.765,100.49,Website,South,756.05
REC000787,2025-05-23,173.01,877,656,4.52,32.77,115,24.11,15,201,3,35.48,3.68,5.35,3,87.07,110.17,1.173,97.48,Marketplace,Central,4565.35
REC004400,2025-05-23,95.79,899,650,4.87,47.54,121,57.8,20,193,9,50.9,3.81,9.32,0,92.77,126.44,1.336,97.91,Website,North,11554.65
REC005181,2025-05-23,375.37,903,625,2.67,35.8,107,41.4,10,195,3,44.74,4.16,9.98,1,100.0,83.33,1.267,97.03,Website,Central,6442.21
REC003377,2025-05-23,348.56,901,674,4.47,33.38,130,45.75,15,177,13,51.2,3.9,8.29,0,91.48,95.45,1.174,107.14,Marketplace,East,6569.95
REC003855,2025-05-23,114.43,934,624,3.81,73.75,114,36.4,10,185,8,55.85,4.67,5.81,0,82.81,82.55,1.021,106.87,Website,Central,8856.36
REC004485,2025-05-23,68.38,917,661,4.57,186.34,120,46.24,25,218,1,51.96,3.8,10.31,1,88.19,102.5,0.89,94.07,Website,West,27653.89
REC000168,2025-05-24,114.09,927,653,4.03,17.22,110,50.02,20,202,3,53.96,4.52,2.05,0,91.98,102.58,1.014,95.72,Marketplace,East,2384.61
REC001461,2025-05-24,39.78,890,606,3.83,61.66,121,44.08,10,189,12,65.12,4.23,9.66,2,100.0,122.1,0.984,100.82,Website,North,9797.27
REC002563,2025-05-24,78.08,877,640,5.3,67.28,123,29.95,10,199,1,68.77,3.17,6.51,0,87.78,104.18,1.245,105.13,Website,South,10636.43
REC001197,2025-05-25,46.13,875,641,5.31,40.57,123,32.86,25,206,6,48.93,4.78,6.09,3,90.21,101.63,0.99,97.74,Marketplace,West,5437.73
REC004421,2025-05-25,330.03,910,634,2.74,16.05,114,43.28,15,179,13,54.17,3.83,4.83,2,70.48,85.05,0.904,101.57,Website,North,1596.01
REC002195,2025-05-25,125.94,917,672,5.48,50.66,102,14.48,5,194,14,65.79,4.22,8.71,2,90.81,97.15,0.886,103.62,Mobile App,Central,5732.43
REC001788,2025-05-25,172.67,923,645,5.75,75.6,109,31.42,15,192,13,38.09,4.23,4.02,1,90.58,107.92,1.088,100.14,Website,West,12825.82
REC001235,2025-05-25,129.57,968,691,5.33,41.36,120,50.12,15,190,15,44.92,4.39,4.47,2,92.37,113.16,1.006,96.58,Website,Central,6955.74
REC003897,2025-05-25,40.75,893,659,3.08,37.3,135,41.74,15,179,12,80.6,3.17,5.27,1,85.44,111.91,1.213,101.36,Mobile App,South,7697.61
REC000391,2025-05-25,123.37,949,618,3.47,20.36,120,35.38,15,195,11,40.98,3.82,10.2,2,91.44,116.23,1.05,104.78,Website,Central,2843.81
REC005446,2025-05-25,174.71,946,590,3.95,37.89,114,55.71,10,221,6,37.92,2.87,4.48,6,98.97,89.62,0.828,100.51,Mobile App,South,4683.66
REC001343,2025-05-26,561.83,910,611,2.5,23.43,101,31.79,10,173,5,59.1,4.79,4.06,2,83.96,103.7,1.065,100.37,Website,Central,2878.68
REC000833,2025-05-26,114.77,892,687,6.21,14.32,114,40.36,15,178,3,72.51,5.0,11.64,1,91.64,92.68,1.301,94.69,Website,South,2657.29
REC001736,2025-05-27,74.57,932,637,2.98,30.6,114,54.34,25,189,8,68.16,4.26,3.38,4,100.0,99.68,0.841,105.71,Website,South,3259.11
REC003491,2025-05-27,168.65,847,652,2.78,71.31,115,29.93,10,189,15,42.1,3.99,10.65,0,90.23,92.53,1.161,99.66,Website,West,12999.51
REC005586,2025-05-27,114.0,910,593,4.55,32.62,135,49.06,20,195,15,39.32,3.29,11.25,4,80.57,87.86,0.882,90.04,Marketplace,West,4263.82
REC000279,2025-05-27,134.16,888,675,2.9,45.09,119,11.64,10,172,0,85.1,4.26,3.8,1,94.36,125.03,1.235,99.95,Website,Central,7718.21
REC001054,2025-05-28,197.75,847,648,3.15,57.93,110,24.76,5,187,11,72.86,3.59,6.14,5,86.28,97.89,1.066,101.75,Website,Central,5618.91
REC005104,2025-05-28,161.35,931,644,5.19,76.43,120,42.66,20,191,12,60.6,4.68,7.41,1,83.8,116.12,0.964,103.21,Marketplace,West,9957.35
REC005075,2025-05-28,182.71,902,609,3.82,58.03,101,19.27,5,198,4,55.42,4.31,4.23,2,85.46,103.68,1.039,102.63,Website,South,5579.26
REC000377,2025-05-28,129.63,890,592,1.96,48.75,113,45.03,30,201,6,59.83,4.2,5.25,0,84.4,93.66,0.959,98.92,Website,Central,5397.68
REC000876,2025-05-28,208.07,946,616,3.85,121.02,111,25.89,10,207,10,45.38,4.25,4.08,4,87.33,90.89,0.913,97.89,Website,South,13283.52
REC003178,2025-05-30,117.13,902,607,3.17,81.72,116,46.17,20,196,5,24.39,4.06,13.64,1,86.69,84.74,0.831,100.78,Website,North,9227.06
REC002459,2025-05-30,116.82,915,659,4.71,98.53,101,30.04,25,197,12,54.25,4.2,6.72,4,84.04,96.99,1.304,102.68,Website,Central,14161.63
REC002406,2025-05-30,78.88,891,633,3.1,39.53,117,38.7,30,186,6,41.38,4.27,1.61,1,100.0,108.43,0.783,100.17,Mobile App,West,5495.95
REC002701,2025-05-30,203.99,922,698,4.72,37.7,105,58.32,30,181,0,47.98,3.82,11.13,2,93.97,120.5,1.05,105.27,Website,South,5382.04
REC005747,2025-05-30,237.27,893,642,4.38,51.23,104,19.7,10,207,3,61.66,4.32,7.33,1,84.5,122.32,0.968,91.28,Mobile App,South,6027.5
REC000149,2025-05-31,84.23,859,640,3.59,24.18,95,50.6,15,194,10,69.6,3.25,7.19,2,100.0,108.88,1.056,98.49,Website,West,3661.98
REC000090,2025-05-31,145.31,921,691,2.66,34.82,113,59.09,15,172,5,60.66,5.0,13.62,2,84.74,106.82,1.026,104.66,Mobile App,Central,4667.03
REC004624,2025-05-31,169.38,911,617,4.69,20.29,106,53.61,25,190,12,50.17,4.36,6.32,0,88.86,97.24,0.913,102.5,Website,West,2500.58
REC000797,2025-06-01,101.55,895,605,5.33,38.82,113,45.83,10,188,5,61.29,3.74,9.79,0,100.0,91.82,0.91,94.61,Mobile App,North,6189.63
REC004854,2025-06-01,441.89,908,633,3.39,15.83,102,27.65,15,199,15,56.79,3.91,14.09,3,89.35,118.14,1.241,105.81,Mobile App,North,2117.31
REC000427,2025-06-01,71.63,898,626,3.9,29.1,103,28.56,5,158,1,47.45,4.72,8.09,3,88.27,97.5,0.836,103.11,Mobile App,North,3225.94
REC000392,2025-06-01,366.34,904,658,3.67,51.8,118,42.57,5,179,13,52.75,4.26,3.86,2,87.43,99.24,1.172,102.57,Website,South,7829.12
REC002783,2025-06-01,132.75,860,653,2.78,51.5,105,40.78,10,205,7,81.87,3.39,9.78,3,82.1,90.35,1.056,98.97,Website,West,6602.62
REC000354,2025-06-02,471.89,922,599,1.54,25.0,130,30.68,10,198,15,68.45,3.89,5.41,1,83.44,107.04,0.874,110.73,Website,Central,3105.69
REC002833,2025-06-02,97.05,904,612,4.46,142.58,118,11.43,20,198,12,60.47,4.16,9.25,1,96.88,104.99,1.006,97.34,Mobile App,East,22643.51
REC002615,2025-06-02,69.78,892,664,4.23,49.32,107,23.09,0,187,13,40.38,4.15,4.48,3,90.98,109.45,0.92,97.71,Website,North,6123.34
REC000364,2025-06-02,63.85,902,653,2.36,17.35,115,27.34,10,168,14,48.47,4.53,6.64,3,86.77,109.13,1.171,97.58,Mobile App,North,2714.74
REC002396,2025-06-03,48.13,869,653,3.34,35.78,119,40.91,0,197,7,59.7,3.8,6.97,2,93.69,92.84,1.21,106.03,Website,North,6122.84
REC000241,2025-06-03,481.82,943,632,3.61,26.22,113,14.38,20,186,9,53.13,3.65,1.82,1,79.51,101.63,1.015,100.0,Website,Central,3027.9
REC003207,2025-06-03,293.05,876,701,1.15,40.55,108,39.05,25,204,10,55.16,3.56,0.5,1,84.08,102.92,0.951,102.32,Marketplace,South,3564.53
REC002295,2025-06-03,273.07,891,653,5.09,40.53,112,42.55,0,214,8,77.15,5.0,11.31,1,81.92,112.42,0.853,95.7,Website,South,4345.8
REC001979,2025-06-04,152.4,874,663,3.62,19.81,101,25.15,25,208,8,54.05,3.99,11.22,1,100.0,103.09,1.038,96.62,Mobile App,East,3090.41
REC001234,2025-06-05,66.55,909,628,4.07,29.93,103,44.64,10,198,0,76.21,4.81,11.77,0,85.62,103.93,1.325,102.29,Marketplace,North,4348.48
REC004640,2025-06-05,96.21,905,636,2.21,15.73,111,33.39,25,172,9,75.83,3.63,6.92,2,89.39,100.09,1.015,92.9,Mobile App,West,2288.07
REC004156,2025-06-05,55.23,902,658,5.28,50.66,124,22.44,25,178,3,66.43,4.4,6.85,3,94.21,104.08,1.302,97.35,Mobile App,North,10621.91
REC003713,2025-06-06,81.65,879,668,3.03,35.82,109,37.03,5,182,4,48.93,4.91,13.4,1,98.23,117.29,1.329,108.92,Website,East,6643.59
REC001067,2025-06-06,57.04,905,652,4.84,37.01,115,32.35,15,198,10,64.18,3.05,13.92,2,97.4,85.02,0.923,98.74,Mobile App,East,5675.44
REC002147,2025-06-06,77.58,932,653,3.9,38.38,125,41.74,5,171,15,59.3,4.86,7.53,2,88.97,112.32,1.209,94.24,Website,East,6568.86
REC004724,2025-06-07,103.15,874,613,3.34,48.87,117,53.65,30,213,12,57.91,4.43,12.1,0,69.99,96.28,1.004,105.36,Website,Central,5470.73
REC002561,2025-06-07,231.27,893,634,4.24,43.66,122,46.68,10,192,9,53.12,3.82,7.37,2,83.73,119.38,1.337,104.65,Mobile App,East,7982.81
REC000659,2025-06-08,73.49,877,630,4.06,64.17,128,41.31,25,204,5,71.39,4.76,4.22,2,84.22,122.33,0.824,99.05,Website,East,7588.07
REC001381,2025-06-08,40.73,938,672,4.38,27.85,122,48.8,20,187,10,53.06,5.0,7.7,1,86.18,87.72,1.197,101.11,Website,South,4619.09
REC001198,2025-06-08,207.81,876,612,3.84,32.44,110,31.58,5,190,6,74.7,3.49,11.13,1,96.76,112.38,1.339,101.0,Website,Central,6362.69
REC003937,2025-06-09,84.21,858,637,4.38,32.77,106,42.49,30,200,13,56.4,4.02,6.23,0,90.22,107.91,1.073,91.33,Website,West,5021.62
REC004418,2025-06-09,84.77,916,631,4.56,82.57,117,46.05,20,181,5,86.2,4.82,2.83,1,88.39,113.28,0.957,92.42,Website,South,9338.04
REC000820,2025-06-09,56.17,914,655,3.58,32.34,115,27.25,5,204,4,60.95,4.47,6.23,2,90.52,91.23,1.333,104.93,Mobile App,East,5947.14
REC004237,2025-06-10,113.56,877,635,3.82,102.91,127,58.24,20,199,2,72.37,3.69,6.66,3,100.0,104.99,1.29,97.85,Marketplace,West,19976.25
REC003493,2025-06-10,252.21,912,621,4.17,67.24,100,31.14,10,182,2,44.11,4.9,11.5,2,90.13,111.72,0.846,101.65,Website,East,6780.48
REC000376,2025-06-11,162.09,945,685,3.92,31.99,100,49.5,15,212,7,62.53,4.22,9.3,1,99.78,101.1,0.92,95.99,Website,West,3983.37
REC003823,2025-06-11,213.65,884,691,4.99,70.36,117,46.34,5,182,0,51.46,3.32,10.02,2,86.14,125.47,1.306,114.97,Mobile App,Central,15100.85
REC003899,2025-06-11,181.89,877,642,3.03,32.6,123,55.39,15,178,8,56.51,3.61,7.39,1,91.19,83.49,0.949,106.62,Marketplace,Central,4859.6
REC000430,2025-06-11,138.08,878,644,3.13,20.18,102,28.12,20,205,10,74.93,3.99,10.82,2,91.95,104.94,1.211,107.06,Website,West,3508.43
REC004959,2025-06-11,262.1,862,630,4.03,33.75,108,61.48,15,178,13,63.74,3.73,5.43,1,91.45,70.0,0.755,98.06,Website,Central,3175.26
REC005839,2025-06-12,238.0,880,678,4.4,18.01,114,59.67,15,176,15,44.66,4.19,5.96,1,92.03,94.44,0.791,104.18,Website,South,2194.44
REC000514,2025-06-12,69.72,920,617,2.21,62.7,105,53.38,25,184,8,44.23,4.6,10.02,3,100.0,100.09,1.045,101.91,Mobile App,East,7976.63
REC003349,2025-06-12,225.11,910,656,1.36,35.36,130,52.73,15,198,7,36.6,4.23,6.42,0,88.63,72.38,0.869,98.11,Website,West,4960.31
REC003339,2025-06-12,113.3,897,616,3.81,19.92,122,36.36,20,184,15,66.52,4.98,8.4,0,84.61,97.47,1.34,99.84,Marketplace,East,3396.91
REC004173,2025-06-12,184.23,879,577,4.94,48.21,107,44.77,10,184,4,72.09,3.96,11.16,1,79.56,119.73,1.056,100.62,Website,Central,5359.8
REC002527,2025-06-12,72.87,914,620,6.75,53.38,104,40.54,15,202,8,88.98,5.0,15.85,1,95.43,109.55,1.232,99.44,Mobile App,Central,11014.74
REC001932,2025-06-12,191.73,907,652,5.72,17.3,123,40.58,20,186,6,52.67,4.44,9.72,1,96.95,101.81,1.164,108.43,Mobile App,East,3494.5
REC001175,2025-06-12,184.75,883,620,5.02,44.86,103,31.67,5,174,4,54.01,4.4,5.45,2,93.09,78.78,0.911,100.13,Website,West,5804.26
REC005609,2025-06-12,169.18,942,665,2.71,51.33,113,59.86,5,195,9,43.96,4.11,6.36,4,89.15,81.35,0.988,106.6,Mobile App,East,6245.51
REC005477,2025-06-12,239.12,916,658,2.94,44.78,128,32.37,25,186,3,58.39,3.85,9.66,0,77.16,101.85,1.111,103.04,Website,East,6627.52
REC000454,2025-06-12,324.23,931,649,4.24,58.36,114,43.65,15,192,6,46.36,3.07,11.71,3,99.75,100.38,0.857,106.19,Mobile App,South,7441.57
REC000530,2025-06-12,137.0,876,676,2.01,28.37,129,30.95,15,186,5,50.83,4.19,9.47,2,95.03,103.44,0.807,98.02,Website,West,4065.91
REC001104,2025-06-12,261.91,905,598,3.48,15.48,134,23.32,15,194,11,70.71,4.63,9.71,2,100.0,91.47,1.259,100.13,Marketplace,North,3289.85
REC005201,2025-06-13,228.4,919,675,4.05,36.23,108,16.34,15,177,13,38.3,4.28,2.42,2,89.95,122.2,0.921,100.74,Mobile App,South,4751.11
REC005018,2025-06-13,157.26,893,688,2.83,39.15,113,34.54,15,198,2,56.8,4.06,4.14,2,82.06,97.18,1.143,104.85,Mobile App,South,4832.22
REC003896,2025-06-13,219.66,846,610,3.04,14.35,129,37.33,5,225,8,69.09,4.07,4.51,0,97.07,85.38,1.286,100.94,Mobile App,South,3447.51
REC003962,2025-06-13,161.31,906,664,2.54,26.02,132,35.82,0,180,7,42.32,5.0,12.26,2,94.36,70.0,1.318,97.94,Mobile App,North,5646.86
REC005333,2025-06-13,55.96,938,668,3.31,29.02,121,29.07,5,185,2,43.3,3.89,9.52,2,97.99,118.72,1.07,96.84,Website,North,5404.76
REC002030,2025-06-14,376.29,892,660,3.67,36.65,107,55.1,5,191,10,53.04,3.84,8.67,2,76.43,111.81,1.13,96.0,Mobile App,Central,4592.05
REC005166,2025-06-14,94.45,891,646,6.34,63.54,115,21.06,5,198,0,50.87,3.97,5.57,1,95.32,100.43,0.88,88.95,Marketplace,South,7476.04
REC005264,2025-06-14,117.94,913,626,4.04,58.7,110,24.58,15,227,10,81.84,3.94,8.76,2,84.6,109.19,1.043,95.88,Mobile App,North,7607.09
REC005276,2025-06-15,69.33,903,639,1.41,43.73,115,34.05,0,185,13,62.32,4.39,6.75,3,91.09,114.07,0.961,105.14,Website,Central,5511.73
REC001211,2025-06-15,53.72,912,667,2.7,72.77,135,26.66,10,188,11,57.69,4.98,6.68,1,81.93,108.79,0.884,94.63,Marketplace,South,8187.06
REC002013,2025-06-15,100.11,878,626,3.21,27.22,129,42.18,25,194,0,60.64,3.48,1.41,2,95.03,89.08,1.2,99.33,Website,South,4639.59
REC000681,2025-06-15,95.51,916,638,3.55,78.87,117,24.63,15,204,14,67.64,5.0,5.57,4,87.98,108.3,0.854,102.75,Mobile App,Central,8584.95
REC003810,2025-06-15,358.5,905,625,1.92,44.55,110,31.76,25,182,10,61.97,4.84,0.5,1,89.02,103.32,0.857,91.54,Mobile App,East,5625.24
REC004038,2025-06-15,172.45,919,655,4.63,76.14,109,28.79,30,166,6,47.1,4.05,8.63,0,85.97,95.48,0.753,92.99,Website,East,6913.19
REC002035,2025-06-15,65.42,892,625,4.61,19.04,127,23.67,5,186,13,79.11,3.16,3.53,4,91.51,101.08,1.034,106.36,Mobile App,Central,2904.54
REC000369,2025-06-16,175.97,898,658,2.36,56.3,110,39.06,30,188,7,62.07,4.58,9.65,4,84.81,102.73,1.329,91.98,Mobile App,Central,9474.58
REC002789,2025-06-16,73.32,916,672,5.02,26.49,116,55.65,0,211,3,62.54,3.74,8.54,1,98.04,104.87,1.312,95.58,Marketplace,Central,5223.6
REC000697,2025-06-16,160.74,876,679,3.87,11.26,139,19.08,20,193,12,60.26,4.36,7.37,1,86.62,118.59,1.227,96.78,Mobile App,North,2149.83
REC003527,2025-06-16,140.89,900,613,4.34,30.03,125,26.15,15,206,7,65.05,4.58,4.81,1,92.98,105.35,1.111,104.28,Website,East,5005.12
REC003224,2025-06-16,87.51,894,614,5.06,84.25,127,29.01,15,195,13,44.01,4.56,9.38,1,80.64,85.43,0.853,103.14,Website,Central,9834.79
REC003486,2025-06-17,155.4,856,615,4.99,36.89,104,54.98,10,181,7,53.59,4.33,14.47,0,87.19,101.19,0.957,93.49,Mobile App,South,4459.18
REC002373,2025-06-17,189.63,921,637,2.89,31.02,144,35.91,0,207,0,58.0,3.79,13.22,0,93.38,96.97,1.039,105.42,Mobile App,Central,5147.16
REC000805,2025-06-17,126.89,896,661,3.58,68.26,104,40.44,15,196,10,46.52,2.77,3.98,2,82.14,98.4,1.055,98.51,Mobile App,South,8644.65
REC005364,2025-06-17,100.48,910,647,2.91,52.14,107,39.72,15,199,8,36.4,3.76,6.72,2,100.0,89.62,0.87,98.12,Website,North,6297.67
REC005426,2025-06-17,282.3,911,646,4.76,18.69,106,24.63,10,195,3,42.88,4.18,7.25,2,96.87,105.79,1.163,100.77,Website,East,2727.07
REC003720,2025-06-17,100.52,920,653,5.01,27.33,123,34.41,10,179,9,71.4,2.73,1.92,1,89.98,112.77,1.092,102.79,Mobile App,South,5121.88
REC005677,2025-06-17,63.03,900,641,4.3,39.3,129,32.32,15,202,9,35.88,3.84,5.19,1,77.47,92.38,1.26,92.12,Website,East,5693.73
REC002674,2025-06-18,62.34,869,635,6.86,98.94,136,22.1,20,189,1,56.38,3.73,9.13,2,82.78,115.05,0.905,91.43,Website,North,14067.15
REC001191,2025-06-18,131.64,868,660,3.51,47.74,109,22.73,25,205,8,54.4,4.2,2.81,3,99.23,117.78,1.307,114.94,Marketplace,West,8083.76
REC003358,2025-06-18,319.05,856,673,3.71,56.96,115,34.71,10,197,5,45.19,4.13,6.34,3,87.02,120.63,1.221,91.69,Website,East,9008.58
REC001382,2025-06-18,126.08,896,635,4.53,45.74,114,23.37,15,185,8,46.57,4.37,6.66,2,90.14,85.95,1.121,98.09,Marketplace,South,5744.72
REC003986,2025-06-19,277.12,913,637,3.54,37.6,122,46.51,25,202,4,64.84,4.71,8.89,0,95.94,105.7,1.257,104.91,Marketplace,North,8057.21
REC001507,2025-06-19,108.96,884,651,3.67,39.9,114,37.44,10,180,8,59.16,3.68,14.28,4,93.59,91.22,1.175,99.22,Website,Central,5586.77
REC001888,2025-06-19,253.06,883,662,4.04,31.04,112,42.54,0,187,4,66.39,4.31,11.93,0,88.13,103.0,1.022,95.3,Website,Central,3220.91
REC003664,2025-06-19,127.4,866,586,2.89,26.16,113,56.59,30,205,15,46.85,4.9,0.93,0,89.95,113.28,0.923,98.31,Mobile App,Central,3979.27
REC002690,2025-06-19,194.4,899,695,5.19,30.0,119,38.83,20,187,2,51.2,3.34,10.28,1,100.0,99.39,1.167,103.08,Website,East,6501.32
REC000685,2025-06-19,216.37,935,662,4.02,24.51,127,49.18,25,174,9,41.56,4.44,7.97,3,78.97,99.34,0.945,99.31,Marketplace,West,3308.31
REC000656,2025-06-19,133.8,872,625,4.1,65.17,110,50.28,20,179,0,66.08,4.69,2.69,1,96.9,96.31,0.905,93.94,Marketplace,South,6991.89
REC002931,2025-06-20,280.57,894,692,4.89,8.38,115,54.3,15,188,3,61.43,4.42,11.78,5,92.81,90.73,0.838,95.82,Website,West,1166.07
REC005388,2025-06-20,57.8,908,625,1.97,63.33,115,45.82,20,214,8,57.82,3.59,0.7,2,92.75,84.25,1.188,96.98,Website,West,11483.36
REC001006,2025-06-21,425.8,928,658,4.09,88.4,115,38.34,5,159,10,67.94,4.12,5.2,1,92.05,70.71,0.907,92.78,Website,East,12541.25
REC003992,2025-06-21,157.06,896,632,3.84,26.46,119,27.09,25,215,12,72.45,4.17,9.64,1,99.43,88.94,0.882,92.57,Website,East,3720.99
REC000947,2025-06-21,457.74,842,627,2.94,18.14,101,37.78,10,187,3,65.97,4.65,6.88,2,88.17,115.39,1.014,104.87,Mobile App,Central,2074.72
REC000063,2025-06-22,126.31,877,621,3.5,43.17,128,56.84,0,217,14,59.31,3.94,10.4,2,83.6,109.53,1.008,97.29,Mobile App,West,7566.39
REC003272,2025-06-22,314.6,925,604,2.87,28.73,115,46.0,20,162,4,66.16,3.44,14.54,2,91.64,112.6,1.186,105.42,Website,West,4964.83
REC000962,2025-06-22,68.56,894,653,4.14,20.04,126,22.68,20,189,1,32.28,3.94,9.06,2,97.19,100.59,0.793,104.43,Mobile App,West,3378.29
REC005649,2025-06-23,162.88,918,632,4.65,80.44,130,40.82,30,183,7,63.3,3.9,7.98,2,94.14,107.1,1.134,100.71,Website,West,16701.98
REC002000,2025-06-23,102.27,922,664,1.77,30.5,116,37.8,5,190,3,63.45,3.43,14.39,2,91.1,119.45,0.77,86.59,Website,East,2931.12
REC003071,2025-06-24,84.66,856,640,4.36,19.97,101,40.44,20,205,6,46.04,4.74,7.51,2,95.11,93.84,0.993,102.35,Marketplace,West,2559.87
REC002324,2025-06-24,200.08,912,654,5.01,23.83,109,25.83,15,185,3,49.83,3.62,10.73,2,84.78,117.75,1.209,100.97,Mobile App,East,3570.67
REC001296,2025-06-24,144.0,882,612,2.52,20.67,120,24.05,30,193,6,50.99,3.46,4.18,2,83.07,120.28,1.068,100.26,Marketplace,North,2349.98
REC003663,2025-06-24,98.22,954,649,5.64,40.64,115,39.02,30,184,0,51.74,3.85,5.79,2,87.73,95.88,1.015,99.53,Website,South,5616.2
REC004080,2025-06-24,36.33,913,646,3.54,92.43,142,27.92,15,183,5,51.65,3.77,1.49,3,93.05,93.05,1.121,102.75,Mobile App,West,19852.66
REC001674,2025-06-24,198.61,841,685,2.8,18.74,137,37.93,10,182,9,60.51,3.91,6.75,3,70.9,70.0,0.762,101.64,Website,South,1716.68
REC000378,2025-06-25,210.71,927,629,3.97,33.93,127,49.12,15,185,11,60.53,4.38,5.45,1,96.04,105.68,1.023,97.37,Website,East,5928.19
REC005098,2025-06-26,35.35,909,668,4.69,18.42,118,70.54,10,192,14,56.11,4.55,4.39,0,85.23,105.81,0.966,105.28,Website,South,2381.39
REC005117,2025-06-26,320.34,872,640,2.47,39.06,120,23.2,10,194,3,77.17,4.44,6.51,2,97.15,86.88,0.837,106.21,Website,South,5469.17
REC002199,2025-06-26,450.62,908,641,4.39,67.26,97,35.16,25,187,2,49.56,3.52,5.58,3,93.68,96.34,1.321,110.19,Website,South,10092.19
REC002150,2025-06-26,919.66,954,641,5.14,59.55,103,48.27,20,221,0,29.15,4.16,0.5,2,89.16,107.16,1.066,105.77,Mobile App,Central,8359.94
REC003965,2025-06-27,98.95,911,640,4.45,74.2,120,37.0,15,194,5,49.3,4.44,5.64,2,100.0,100.5,1.259,98.72,Mobile App,South,13341.97
REC002776,2025-06-27,88.68,912,674,3.34,39.22,121,24.82,5,182,12,69.95,5.0,5.46,0,93.53,94.0,1.316,100.62,Website,Central,6206.4
REC001508,2025-06-27,152.5,901,607,3.59,44.07,109,42.83,5,197,1,54.79,4.64,6.6,1,88.25,105.75,1.143,107.65,Mobile App,South,6883.29
REC002175,2025-06-28,146.99,854,645,4.11,83.94,109,51.62,0,183,12,80.51,4.01,10.17,2,100.0,95.47,0.79,97.82,Mobile App,Central,10917.04
REC001266,2025-06-28,352.44,890,660,3.31,10.73,116,45.62,15,173,13,86.81,3.33,9.81,0,89.18,96.56,1.192,103.5,Website,South,1951.4
REC002113,2025-06-28,548.7,913,639,5.19,76.32,96,27.96,10,190,5,53.21,3.95,12.24,0,100.0,107.66,0.912,106.29,Website,South,8759.93
REC004827,2025-06-28,599.59,889,624,0.8,56.69,113,24.88,20,170,10,64.21,4.66,11.98,0,100.0,116.27,1.159,94.85,Mobile App,West,10623.46
REC001733,2025-06-28,198.29,867,622,5.2,19.6,112,37.96,20,197,7,50.54,4.99,5.63,6,89.98,117.07,1.096,96.74,Mobile App,West,2947.77
REC005197,2025-06-29,74.15,897,642,3.75,71.06,101,33.74,0,183,11,68.38,3.43,11.48,2,75.98,90.27,1.204,105.07,Mobile App,Central,10236.5
REC004220,2025-06-29,273.41,869,661,5.87,20.19,136,53.48,10,202,4,61.23,4.85,6.54,2,87.12,114.9,1.293,103.05,Marketplace,North,4044.2
REC002968,2025-06-29,101.52,915,585,3.77,24.61,128,35.87,25,193,7,61.21,4.11,11.34,0,82.63,118.18,1.309,95.16,Website,East,4054.4
REC000218,2025-06-29,612.75,887,588,3.34,48.7,117,29.32,5,195,5,51.41,4.52,10.26,3,87.03,86.51,1.291,91.3,Website,South,7934.42
REC005256,2025-06-29,178.68,818,627,3.47,50.78,113,40.08,10,204,10,71.6,4.89,6.88,1,84.96,86.21,0.956,104.62,Mobile App,West,6381.98
REC001647,2025-06-30,93.03,930,627,4.21,48.8,111,29.14,15,191,6,76.21,4.66,10.4,1,94.3,96.16,0.979,95.13,Mobile App,West,7189.78
REC001652,2025-06-30,274.15,885,634,3.61,123.76,139,31.32,5,184,15,50.63,4.59,11.19,1,97.99,117.95,0.82,97.99,Website,East,19723.67
REC004107,2025-06-30,194.33,851,628,3.57,70.15,130,36.68,25,203,13,53.38,4.11,3.64,2,83.14,95.91,1.276,89.6,Mobile App,East,14762.37
REC003133,2025-06-30,95.37,914,672,2.48,38.95,131,23.19,10,202,6,65.49,4.73,0.5,1,89.99,96.63,0.835,100.38,Marketplace,Central,3673.5
REC000602,2025-07-01,220.49,878,607,5.88,41.18,131,51.6,10,194,9,42.89,3.7,7.62,1,99.62,78.94,0.813,94.49,Website,East,7032.02
REC000020,2025-07-01,254.12,908,619,4.73,93.04,120,50.96,10,177,8,77.52,3.63,7.64,1,84.06,101.62,1.212,94.58,Website,East,16323.83
REC001543,2025-07-02,130.32,898,590,2.04,41.24,93,27.22,10,192,12,47.55,4.12,9.63,1,92.87,117.04,0.867,103.3,Website,South,3429.0
REC003070,2025-07-02,259.9,870,661,4.64,45.87,126,38.47,25,189,7,80.65,4.22,3.38,0,84.51,95.45,1.278,99.12,Website,South,7660.39
REC001776,2025-07-02,148.16,908,685,4.9,24.36,109,30.41,10,192,14,64.25,4.83,10.29,0,81.1,108.83,0.866,101.66,Mobile App,North,2800.45
REC002758,2025-07-03,296.67,903,652,3.59,57.98,117,46.1,5,177,0,57.34,4.49,11.89,2,71.83,96.39,0.881,97.43,Mobile App,South,5771.1
REC003601,2025-07-03,117.13,901,641,4.84,64.69,117,40.83,10,168,10,71.27,4.11,7.47,3,99.91,91.36,0.842,98.61,Website,West,9290.79
REC004389,2025-07-03,155.41,897,627,4.93,63.17,127,41.72,25,191,10,32.1,4.26,4.42,1,72.67,74.08,1.017,95.95,Marketplace,North,7681.75
REC003702,2025-07-03,48.16,944,645,2.76,26.97,110,44.5,15,192,3,38.01,3.18,6.05,1,99.37,108.27,1.098,97.33,Website,South,3657.14
REC002805,2025-07-03,43.91,925,626,5.53,104.19,117,34.85,10,209,8,65.17,3.95,0.9,2,96.3,106.42,1.049,101.99,Mobile App,South,14920.11
REC000410,2025-07-04,293.97,863,596,5.32,50.7,110,40.58,5,179,3,51.12,3.93,7.19,1,98.12,127.38,1.139,97.98,Website,West,8922.74
REC004626,2025-07-05,130.82,895,657,3.86,26.79,107,34.64,5,180,6,51.06,4.1,3.73,1,97.79,96.78,0.971,98.61,Website,West,4035.83
REC005847,2025-07-05,72.57,911,636,4.14,37.73,126,30.15,5,170,12,46.77,4.03,6.19,2,88.03,84.28,1.039,105.23,Mobile App,North,6702.92
REC005318,2025-07-05,461.7,941,654,3.89,17.94,120,44.33,5,200,0,38.07,4.04,11.5,0,100.0,119.68,1.059,103.18,Mobile App,East,3152.85
REC001560,2025-07-05,97.54,946,662,3.08,35.32,107,48.3,15,202,0,43.88,3.91,9.79,3,94.43,107.97,1.107,102.37,Website,South,4345.46
REC000159,2025-07-05,112.07,922,681,5.58,119.91,97,59.12,30,181,15,38.15,3.87,11.46,2,91.86,92.78,0.859,95.58,Website,East,11535.21
REC004295,2025-07-05,97.75,916,646,3.08,54.25,102,37.57,15,214,15,63.63,4.04,8.18,5,99.69,107.8,1.129,109.71,Website,West,8411.34
REC001681,2025-07-06,179.98,891,644,4.94,31.8,108,35.92,5,193,12,66.07,4.35,0.5,1,95.29,117.8,0.869,94.5,Mobile App,West,4871.53
REC003833,2025-07-06,246.01,903,681,4.82,70.99,124,45.78,20,175,13,61.0,4.01,11.84,2,96.76,88.7,1.067,104.76,Mobile App,South,13442.5
REC001367,2025-07-06,207.42,875,624,2.85,51.16,126,33.45,30,173,9,60.81,2.81,8.09,1,83.38,96.56,0.812,98.96,Mobile App,North,5735.5
REC000468,2025-07-06,84.23,906,686,3.02,25.49,101,47.99,25,197,10,60.5,4.66,3.79,2,89.03,98.42,1.193,102.88,Mobile App,North,3656.44
REC004718,2025-07-07,137.91,820,648,4.35,38.38,118,36.3,5,185,7,41.53,3.6,6.12,0,88.96,110.32,1.247,101.0,Website,South,6320.82
REC000516,2025-07-07,273.15,863,705,3.79,69.0,117,60.59,5,194,11,33.72,3.51,10.67,1,96.05,94.36,1.124,104.84,Mobile App,East,14449.47
REC000087,2025-07-07,304.97,888,649,5.14,26.78,116,26.3,5,196,6,54.03,5.0,9.56,0,95.86,90.99,1.102,105.65,Mobile App,Central,4867.85
REC000356,2025-07-07,338.54,936,664,5.86,65.94,119,45.03,25,215,14,54.1,3.82,13.84,3,91.59,70.66,0.954,105.65,Website,Central,9313.2
REC005696,2025-07-08,169.26,956,625,4.0,42.76,108,15.62,0,175,6,35.53,3.8,6.01,0,98.03,94.2,1.05,96.47,Marketplace,South,5844.8
REC005642,2025-07-08,53.5,891,590,2.75,26.08,113,26.52,5,172,14,53.53,4.36,8.18,4,87.82,109.0,1.318,104.81,Marketplace,North,3591.81
REC004691,2025-07-08,71.27,900,643,4.39,18.2,109,45.78,10,184,5,70.2,4.11,8.89,0,93.07,113.46,0.75,92.42,Website,Central,1783.69
REC002745,2025-07-09,99.76,894,611,3.9,53.87,124,37.63,0,172,0,66.57,4.14,5.8,1,81.93,95.84,1.207,105.03,Marketplace,East,7943.41
REC003611,2025-07-09,128.96,922,608,2.87,32.66,114,28.17,5,188,15,68.76,5.0,7.37,2,85.7,103.03,0.817,98.14,Marketplace,South,2498.15
REC003229,2025-07-10,127.63,910,649,4.61,35.22,101,53.33,30,188,4,51.32,3.44,3.08,1,79.8,88.59,1.193,102.22,Website,West,4953.55
REC004584,2025-07-10,207.8,890,631,3.97,34.52,129,47.54,20,186,6,72.96,4.52,4.83,0,84.71,94.97,0.974,108.56,Website,East,5360.5
REC003412,2025-07-10,289.16,904,644,2.79,31.38,100,37.82,15,206,6,78.6,3.72,5.38,1,100.0,91.22,1.145,98.15,Website,South,4491.19
REC003853,2025-07-10,188.78,896,677,4.13,55.27,110,45.55,0,175,8,46.65,3.18,5.18,2,86.96,106.88,1.11,95.62,Mobile App,North,9417.85
REC005468,2025-07-10,89.11,903,594,3.21,70.03,133,55.18,5,169,10,45.34,3.96,10.75,0,97.78,96.96,1.335,99.3,Mobile App,North,19252.84
REC001440,2025-07-11,143.15,887,661,5.07,27.63,114,40.63,20,212,11,42.81,4.09,8.93,1,98.12,89.89,0.841,106.93,Website,North,3784.79
REC001874,2025-07-12,397.65,919,619,3.75,48.07,120,41.16,10,173,2,83.63,3.77,1.91,2,100.0,102.85,0.967,103.2,Mobile App,South,7581.43
REC004507,2025-07-12,181.56,944,656,2.18,62.0,102,50.53,5,193,5,68.1,3.9,6.29,0,100.0,107.02,0.898,99.76,Mobile App,West,9049.93
REC000723,2025-07-12,183.82,920,598,4.19,56.81,120,25.83,5,191,13,71.92,3.96,7.87,0,87.49,88.74,1.065,93.14,Mobile App,Central,7533.03
REC001784,2025-07-12,87.32,829,657,4.86,68.67,113,43.05,20,195,6,59.84,4.37,13.56,1,94.7,78.39,1.066,96.04,Website,South,10199.11
REC001878,2025-07-13,503.46,923,634,4.43,21.73,128,47.39,10,178,8,60.43,3.25,12.69,1,93.04,83.72,0.758,100.54,Mobile App,East,3115.87
REC004314,2025-07-13,137.23,893,651,4.65,16.08,110,28.72,5,174,6,68.38,4.26,9.61,1,88.32,101.89,0.978,106.26,Website,South,2116.37
REC002155,2025-07-13,208.75,913,670,4.83,53.38,100,25.27,20,197,5,34.43,4.21,5.97,2,93.03,87.07,0.919,103.85,Website,North,6319.47
REC004037,2025-07-13,123.71,905,624,4.98,18.41,119,24.68,5,183,14,66.87,4.78,13.88,2,87.43,82.59,0.927,107.32,Marketplace,East,2108.85
REC002709,2025-07-13,82.39,925,659,4.18,68.42,114,41.59,5,184,2,37.63,3.45,5.83,2,85.52,93.16,1.203,105.5,Website,South,11059.8
REC005427,2025-07-14,359.23,927,643,3.35,50.62,125,33.89,15,184,5,54.41,3.4,2.18,2,98.29,81.94,0.775,100.86,Website,South,5095.17
REC004301,2025-07-14,508.07,917,629,3.23,53.62,116,30.39,15,177,5,49.6,4.68,6.72,1,100.0,104.74,1.134,99.33,Marketplace,Central,8047.31
REC005627,2025-07-14,203.24,908,633,4.31,17.89,120,36.99,5,201,3,52.86,3.86,7.87,0,96.35,88.9,1.009,106.72,Website,North,2331.24
REC001320,2025-07-15,42.02,962,678,4.73,29.69,128,38.95,10,188,4,44.71,4.79,5.27,4,90.3,99.51,0.781,103.04,Website,North,3514.96
REC005610,2025-07-15,99.24,883,630,3.39,78.98,98,56.08,10,189,5,72.34,4.26,2.54,3,100.0,127.3,1.171,111.22,Website,South,10280.18
REC005925,2025-07-15,112.14,878,612,3.9,15.97,120,18.19,15,188,2,75.91,3.35,6.2,1,100.0,108.89,1.177,101.6,Website,North,3046.87
REC000960,2025-07-15,319.01,928,585,3.22,33.12,109,39.65,5,201,13,52.41,3.56,11.25,0,92.91,83.3,1.128,101.19,Mobile App,West,5706.0
REC002567,2025-07-15,131.1,891,660,6.96,44.95,120,26.56,25,189,8,58.38,4.32,15.62,1,86.44,116.91,1.336,92.54,Marketplace,South,6672.37
REC005895,2025-07-16,120.11,950,650,3.34,69.6,117,23.19,0,173,5,77.4,3.38,9.67,4,91.87,99.38,1.264,97.69,Marketplace,East,11276.38
REC001524,2025-07-16,109.68,898,622,2.29,107.12,121,21.27,15,178,9,57.29,4.94,6.62,1,90.6,101.64,0.972,105.29,Mobile App,Central,14702.08
REC002309,2025-07-16,136.08,846,656,3.21,77.24,123,39.64,5,208,8,67.68,4.08,14.36,1,100.0,110.88,1.025,93.74,Website,North,12835.95
REC005676,2025-07-17,20.17,888,627,3.63,18.31,101,42.06,10,189,4,50.21,4.14,8.7,3,99.47,96.85,0.813,97.27,Website,South,1807.48
REC004252,2025-07-17,283.31,906,645,2.71,48.9,136,42.17,15,185,10,57.1,4.42,8.18,1,95.93,106.82,1.039,93.04,Marketplace,East,9113.92
REC002822,2025-07-17,122.96,919,588,2.52,40.69,134,56.59,10,188,3,53.98,3.88,2.42,1,84.51,92.79,1.127,96.25,Marketplace,West,7718.71
REC003239,2025-07-17,106.8,907,628,2.8,170.18,112,35.86,10,190,7,26.75,4.04,13.5,3,90.15,112.18,0.763,92.47,Website,West,18548.68
REC002403,2025-07-18,199.37,909,639,2.46,52.04,131,42.76,0,193,7,45.91,4.09,8.6,2,91.11,93.93,1.055,101.76,Website,North,7626.0
REC003388,2025-07-18,198.19,914,606,3.61,46.78,139,19.07,10,210,14,37.87,3.38,8.99,2,89.22,97.17,1.226,99.69,Mobile App,East,9279.85
REC005943,2025-07-18,234.04,900,619,5.34,46.63,128,47.43,5,180,10,48.2,3.72,1.58,1,89.15,91.99,1.348,106.43,Website,East,11508.69
REC005614,2025-07-18,325.99,903,665,4.07,15.8,143,47.4,10,195,3,60.31,4.07,10.11,1,88.24,125.96,1.303,99.82,Website,Central,3354.99
REC002593,2025-07-19,197.96,856,649,3.68,36.24,113,32.19,10,180,5,47.13,4.43,7.98,1,84.32,111.04,1.176,88.17,Mobile App,East,5403.66
REC000052,2025-07-19,51.86,913,617,5.39,45.3,95,22.13,0,196,14,66.88,3.61,7.1,1,70.82,79.34,1.184,94.51,Marketplace,Central,4829.69
REC003742,2025-07-19,125.5,875,628,2.17,39.9,114,39.3,0,192,15,59.46,4.44,5.71,0,89.54,102.85,1.255,106.75,Website,North,7147.55
REC001300,2025-07-20,276.7,857,656,3.36,21.36,112,47.81,10,185,14,80.82,4.46,7.35,2,92.98,97.73,1.312,105.55,Website,West,4823.81
REC001767,2025-07-20,68.85,899,613,4.27,33.0,102,36.59,15,209,8,58.03,4.14,6.62,0,100.0,111.04,1.309,101.39,Marketplace,Central,5113.56
REC000841,2025-07-21,207.12,881,666,2.75,34.35,129,53.95,15,204,4,48.2,4.3,10.31,1,87.78,110.9,1.141,99.31,Mobile App,East,5806.44
REC005297,2025-07-22,113.05,940,664,2.35,18.37,109,39.07,20,212,8,80.31,3.49,9.5,3,85.61,102.04,1.147,89.86,Website,West,2625.72
REC004754,2025-07-22,212.17,902,670,2.77,32.48,117,55.59,15,187,0,72.7,3.89,7.02,1,90.54,73.78,1.262,97.86,Mobile App,North,6472.18
REC003560,2025-07-22,87.55,918,604,2.18,27.65,128,49.34,10,180,10,58.71,4.6,5.92,3,91.55,109.82,1.095,105.31,Mobile App,East,4033.89
REC001447,2025-07-23,47.99,879,616,5.25,70.52,106,43.73,5,216,7,67.04,3.29,9.01,0,100.0,124.01,1.081,101.44,Mobile App,South,10854.45
REC004886,2025-07-23,157.15,887,665,4.31,37.07,121,33.12,10,196,0,72.57,4.11,8.31,1,100.0,83.87,0.849,105.6,Website,Central,5185.96
REC002053,2025-07-23,69.19,937,634,4.76,40.04,103,18.35,20,201,1,54.91,4.22,9.02,1,94.56,97.13,1.321,103.19,Mobile App,South,7092.64
REC002275,2025-07-24,76.36,895,625,4.14,46.66,124,44.52,0,191,9,57.08,3.5,3.22,3,97.66,122.17,1.34,103.42,Mobile App,West,10933.79
REC000599,2025-07-24,134.02,903,606,3.83,33.87,112,25.37,25,196,0,53.12,4.29,3.65,1,89.4,76.04,0.954,100.88,Marketplace,East,3976.06
REC004931,2025-07-24,70.07,947,661,4.99,11.09,108,50.92,10,207,5,69.97,3.49,6.83,2,99.59,99.86,0.9,101.27,Website,South,1582.17
REC005324,2025-07-24,133.26,924,642,4.14,74.78,125,53.39,15,206,3,57.78,4.03,13.52,2,83.46,119.4,0.929,89.94,Website,Central,8686.18
REC004930,2025-07-24,226.24,890,638,3.88,132.23,115,45.25,15,188,14,48.35,3.58,1.11,2,97.64,102.6,1.299,105.85,Website,South,24504.8
REC002049,2025-07-25,248.69,932,636,0.8,34.58,119,53.38,10,190,13,59.68,2.83,3.21,1,87.95,99.62,0.809,99.81,Website,East,3566.63
REC000766,2025-07-25,183.48,915,642,4.08,39.9,114,53.92,25,182,4,54.25,4.23,0.5,2,86.4,102.39,0.934,103.7,Marketplace,North,4317.34
REC003119,2025-07-25,283.46,970,685,2.25,44.28,95,41.7,15,179,10,51.64,3.07,14.59,1,88.88,95.28,0.898,104.41,Website,South,3758.95
REC004661,2025-07-25,76.27,938,643,3.38,37.06,118,52.54,0,187,1,59.97,5.0,12.42,0,94.06,118.24,1.086,106.72,Website,North,6511.06
REC000414,2025-07-25,107.29,885,644,3.49,45.61,94,55.76,15,192,15,56.68,4.38,6.34,1,86.71,79.0,0.88,96.12,Mobile App,North,4637.59
REC003504,2025-07-25,118.95,906,629,2.71,61.19,116,27.19,20,165,14,55.44,4.27,11.84,1,98.88,103.1,0.767,103.16,Website,East,6755.17
REC003120,2025-07-25,199.9,899,633,3.79,23.99,129,31.25,20,183,10,54.88,4.4,12.64,2,95.69,115.95,1.14,102.89,Marketplace,South,3654.4
REC005651,2025-07-25,713.84,933,647,2.9,63.12,121,36.71,25,179,10,55.43,3.48,0.79,0,91.05,80.61,0.795,102.75,Marketplace,North,7453.19
REC004144,2025-07-26,60.7,899,661,3.21,27.07,124,42.55,10,187,1,59.16,4.05,11.49,1,90.49,92.19,1.093,102.17,Marketplace,North,3520.9
REC005399,2025-07-26,205.48,917,679,5.77,24.28,119,34.93,10,183,14,74.89,4.64,10.2,2,82.55,104.34,0.932,101.67,Marketplace,East,3045.3
REC003240,2025-07-26,163.32,877,659,4.26,46.32,120,18.32,25,207,1,64.3,4.78,7.0,0,99.74,91.07,1.006,101.04,Marketplace,East,6475.51
REC002491,2025-07-26,239.25,1003,624,3.6,37.18,112,25.25,5,185,6,74.92,2.9,8.96,2,88.3,105.08,0.899,93.33,Marketplace,West,4132.75
REC005003,2025-07-26,207.72,880,648,4.48,14.33,105,61.98,15,186,6,61.46,3.95,3.53,0,79.84,112.7,1.201,91.79,Mobile App,Central,2147.63
REC003549,2025-07-26,103.34,951,656,3.58,21.69,131,42.53,10,180,11,47.92,4.16,7.9,1,93.75,88.35,1.313,104.15,Website,West,5038.85
REC004689,2025-07-27,149.01,863,644,1.46,40.44,121,44.62,10,199,11,61.95,3.27,4.89,3,93.04,112.07,1.038,105.08,Marketplace,East,5056.23
REC002220,2025-07-27,249.65,899,629,1.04,95.36,116,33.25,5,192,14,43.38,4.21,3.68,2,86.03,106.29,0.903,97.81,Website,Central,10559.51
REC002679,2025-07-27,228.64,959,624,2.43,24.36,112,40.3,15,211,6,56.87,4.88,7.7,2,91.75,128.06,0.814,103.57,Website,South,2409.33
REC005036,2025-07-27,159.5,928,635,3.78,92.32,116,36.97,0,185,11,40.68,3.66,0.99,2,92.2,114.15,1.228,104.8,Marketplace,Central,14214.18
REC004743,2025-07-27,267.33,891,612,4.53,26.78,116,45.75,25,196,14,53.64,3.45,8.9,2,89.47,102.92,0.985,98.56,Mobile App,North,3725.75
REC001071,2025-07-27,396.56,901,639,4.21,43.92,114,13.8,5,200,6,68.06,3.96,2.72,2,88.48,101.28,1.244,98.12,Website,East,7130.9
REC001044,2025-07-28,120.62,912,616,4.0,87.79,103,51.06,15,212,15,61.23,3.42,4.65,2,96.29,101.93,0.933,92.87,Mobile App,South,10941.06
REC004081,2025-07-28,216.82,889,616,3.18,52.07,108,35.22,15,186,6,53.83,3.31,8.2,2,92.4,101.65,1.032,103.34,Mobile App,East,8413.62
REC001156,2025-07-29,190.05,905,636,3.1,65.91,104,35.27,0,176,2,76.42,3.86,8.81,1,95.44,107.71,1.269,96.04,Mobile App,East,12948.9
REC005372,2025-07-29,154.11,922,661,5.12,24.62,106,73.29,25,191,6,69.94,3.5,3.62,0,85.66,114.53,1.167,95.27,Mobile App,Central,4034.65
REC002363,2025-07-29,176.1,884,631,3.03,40.05,111,29.61,20,228,1,58.13,4.06,6.31,3,89.13,98.5,1.149,94.41,Mobile App,Central,5843.3
REC004502,2025-07-29,211.88,906,625,2.57,61.77,128,31.91,5,196,14,59.87,4.29,11.16,0,90.97,97.51,0.841,96.96,Mobile App,Central,7790.73
REC000236,2025-07-29,47.12,912,646,4.77,43.52,125,24.52,25,192,5,64.0,4.02,5.68,6,95.83,113.02,1.112,103.62,Website,West,7500.3
REC005100,2025-07-29,74.42,931,655,4.06,17.21,127,35.03,10,207,15,56.17,4.62,7.53,3,93.56,98.34,0.946,83.94,Website,Central,2646.95
REC002308,2025-07-30,130.78,913,638,2.9,31.76,128,39.8,25,184,9,51.1,3.82,3.06,2,92.95,105.77,1.078,96.72,Mobile App,South,5450.94
REC003764,2025-07-30,276.39,954,606,4.12,71.2,135,45.15,25,188,3,52.69,4.23,7.47,1,89.75,105.48,1.025,97.27,Mobile App,North,12617.86
REC005164,2025-07-31,145.96,943,635,2.3,34.5,111,26.31,5,219,10,51.7,3.64,9.97,2,91.56,112.13,0.935,95.72,Mobile App,East,3885.74
REC000903,2025-07-31,47.99,918,625,2.32,45.58,114,65.12,15,191,0,76.67,3.39,8.44,1,79.82,91.17,1.322,98.99,Mobile App,Central,7617.72
REC000644,2025-07-31,195.47,921,651,2.96,65.4,122,32.57,30,182,7,48.83,3.63,5.13,1,100.0,106.74,1.03,108.79,Marketplace,South,10827.59
REC001075,2025-07-31,830.09,928,644,2.55,47.78,107,37.24,15,175,0,77.21,3.85,3.3,0,91.94,97.08,1.251,102.94,Marketplace,West,7028.91
REC004236,2025-07-31,207.48,889,640,2.37,56.36,104,36.79,30,196,13,57.62,4.45,5.64,2,68.69,103.48,0.916,99.85,Website,Central,4332.33
REC001668,2025-07-31,187.13,953,625,3.89,35.14,118,41.41,5,197,12,61.8,3.99,13.88,1,80.61,97.99,1.279,94.13,Mobile App,South,5807.3
REC004200,2025-07-31,127.9,905,648,1.34,71.81,124,37.12,15,182,11,59.97,3.32,11.47,2,89.94,111.53,0.856,103.68,Website,Central,7984.02
REC004343,2025-07-31,202.17,923,620,4.45,52.51,113,43.34,25,199,12,70.44,3.98,8.59,1,89.45,79.53,0.798,103.66,Website,North,5510.23
REC000559,2025-08-01,105.12,874,671,4.11,22.75,118,28.0,10,215,2,62.75,3.76,10.6,3,96.4,121.57,0.873,102.85,Marketplace,East,2916.87
REC002131,2025-08-01,46.6,874,685,4.07,67.58,100,49.34,15,195,13,52.44,3.62,6.14,3,100.0,98.24,1.005,93.57,Website,North,9011.37
REC005517,2025-08-01,427.22,920,647,3.14,39.73,110,18.58,15,213,1,50.48,4.01,7.38,1,96.4,96.97,1.31,105.68,Website,South,5854.1
REC000668,2025-08-01,49.64,897,643,5.43,20.13,117,25.35,15,165,5,41.55,4.15,7.69,2,84.2,103.05,1.05,105.78,Website,West,2635.69
REC005510,2025-08-01,106.74,938,657,1.38,40.13,112,24.98,20,177,1,61.85,4.63,8.18,1,79.0,106.93,1.291,101.04,Website,West,6318.38
REC001098,2025-08-02,73.78,873,677,3.56,90.24,106,56.31,25,185,10,56.52,3.39,9.23,0,95.16,106.4,0.975,91.99,Mobile App,Central,12303.87
REC002842,2025-08-02,127.56,863,623,4.41,60.02,106,36.35,15,178,13,68.86,3.6,5.22,1,100.0,117.15,1.128,102.63,Marketplace,South,7457.23
REC002560,2025-08-02,310.66,921,628,5.79,33.6,121,49.99,10,184,14,63.34,3.87,7.61,2,88.29,103.71,1.208,102.51,Mobile App,North,7191.05
REC001092,2025-08-02,79.62,889,635,7.54,75.26,121,34.72,10,189,3,79.05,4.55,14.1,1,89.44,74.93,0.809,102.67,Website,Central,9441.28
REC000405,2025-08-03,169.95,867,630,4.08,38.69,116,31.49,30,190,15,59.14,4.25,8.45,1,100.0,82.89,0.917,96.39,Website,East,5836.48
REC000739,2025-08-03,481.86,904,653,3.71,11.07,106,36.36,15,193,3,71.14,4.01,0.5,2,97.59,89.69,1.288,107.37,Marketplace,Central,1644.91
REC004566,2025-08-03,180.51,921,616,4.41,37.63,108,53.15,10,192,9,54.51,4.23,8.7,0,96.68,108.23,0.794,106.31,Mobile App,South,4741.45
REC000324,2025-08-03,158.85,893,661,3.23,29.63,113,24.32,15,181,12,38.63,4.54,6.53,2,91.92,88.55,0.941,100.38,Website,West,4136.03
REC002940,2025-08-03,274.38,922,669,4.24,15.96,115,46.17,20,177,3,68.86,4.69,10.37,1,100.0,82.98,1.265,100.09,Website,South,3016.81
REC005561,2025-08-03,250.09,907,665,3.07,19.61,121,54.33,0,213,11,72.98,4.53,1.33,0,82.98,104.81,0.945,104.68,Mobile App,West,2963.16
REC004749,2025-08-04,72.62,885,625,5.4,20.44,113,17.28,20,187,10,59.78,4.21,7.82,2,91.41,81.93,1.136,94.4,Mobile App,West,3826.48
REC005281,2025-08-04,74.05,871,654,1.72,41.08,133,29.86,10,188,5,55.79,3.03,5.08,3,100.0,117.9,0.878,99.91,Website,East,6009.84
REC001005,2025-08-04,187.05,925,637,3.88,32.89,118,30.73,0,186,15,58.34,3.86,8.79,2,93.95,127.49,1.293,95.03,Mobile App,East,6487.7
REC003734,2025-08-04,52.7,883,650,2.66,73.34,125,32.06,5,197,7,31.49,4.34,6.3,5,95.21,104.38,1.124,106.11,Website,East,12704.08
REC000831,2025-08-04,166.12,899,638,3.74,39.21,118,29.49,10,199,12,68.28,3.85,10.17,2,95.5,100.53,0.843,103.7,Mobile App,South,4660.2
REC000373,2025-08-05,37.49,919,653,2.65,33.46,113,48.39,5,216,12,67.63,4.12,14.36,0,95.93,119.12,1.107,97.93,Mobile App,West,5997.38
REC002689,2025-08-05,138.11,930,671,3.75,61.74,111,44.63,15,210,15,68.38,3.57,9.37,1,100.0,106.19,0.866,104.09,Mobile App,Central,7536.47
REC005866,2025-08-05,29.03,974,622,5.22,32.1,129,14.4,10,178,9,38.94,3.49,2.32,3,80.86,109.05,1.209,98.76,Mobile App,East,5497.9
REC005034,2025-08-05,201.63,881,633,4.24,61.34,115,60.96,20,161,10,62.64,4.09,9.01,2,93.76,104.54,1.017,100.46,Mobile App,South,10418.23
REC001021,2025-08-06,304.92,921,611,3.51,62.32,109,28.47,20,189,9,64.41,4.38,5.41,2,100.0,98.13,0.893,92.82,Mobile App,South,8336.43
REC000521,2025-08-07,172.37,933,613,3.96,50.53,115,32.16,5,186,6,57.22,5.0,11.07,1,86.8,102.9,1.19,105.59,Website,Central,7386.18
REC004972,2025-08-07,75.46,897,658,3.23,51.91,95,38.48,20,184,14,49.06,4.54,10.55,1,83.18,105.94,0.909,98.35,Website,East,4240.62
REC005748,2025-08-07,273.82,889,636,5.19,24.97,112,28.6,5,188,10,59.69,4.95,3.99,1,100.0,109.16,1.238,101.61,Website,North,5471.93
REC003115,2025-08-08,77.14,929,641,2.24,31.01,132,29.83,25,199,4,65.43,3.67,2.92,4,94.28,97.3,0.994,95.54,Website,West,4465.62
REC005056,2025-08-08,61.98,886,631,4.18,28.29,117,50.94,15,190,14,45.14,3.87,9.82,5,91.11,108.15,1.124,106.62,Mobile App,West,5180.74
REC003419,2025-08-08,94.75,881,622,4.07,17.07,102,41.89,15,191,3,60.8,3.88,11.73,2,71.88,94.16,0.929,102.85,Mobile App,West,1926.52
REC000965,2025-08-08,109.91,940,670,4.58,184.25,115,50.48,20,211,9,77.21,4.12,5.32,2,90.78,92.86,1.181,100.07,Website,South,34321.21
REC004160,2025-08-08,197.83,902,648,3.77,40.75,123,46.54,5,190,13,73.45,3.91,4.61,1,86.09,120.06,1.025,90.37,Website,North,6285.6
REC004012,2025-08-09,342.19,903,648,1.7,23.77,124,41.62,10,187,10,66.86,3.89,11.86,3,100.0,100.35,0.868,100.21,Mobile App,South,3431.16
REC000913,2025-08-09,399.7,847,646,5.73,60.87,100,34.67,0,201,10,57.56,3.87,5.78,2,90.57,83.6,0.818,105.85,Mobile App,South,7213.81
REC005476,2025-08-09,450.38,922,650,5.1,56.32,101,49.11,25,171,12,60.29,3.99,13.62,0,87.14,109.64,0.897,99.19,Website,West,6385.62
REC001060,2025-08-09,157.93,877,627,3.79,78.82,126,44.01,10,189,10,55.0,4.12,1.84,0,83.4,102.57,1.151,94.03,Mobile App,Central,13497.4
REC000224,2025-08-10,183.13,920,657,3.4,23.03,114,14.64,10,202,6,47.84,3.86,7.93,0,94.9,111.56,1.338,100.87,Website,West,4668.74
REC004608,2025-08-11,109.01,908,665,4.95,52.16,113,34.28,10,202,13,75.24,4.85,11.41,1,85.39,85.55,1.221,99.92,Website,East,8767.84
REC001721,2025-08-12,56.55,916,617,3.76,45.76,105,61.97,5,201,13,44.48,5.0,9.25,1,94.33,79.38,1.247,101.49,Mobile App,East,7988.94
REC003433,2025-08-12,226.86,961,585,3.97,66.58,121,58.71,15,198,6,57.27,4.32,5.97,0,88.87,99.14,0.789,96.35,Mobile App,West,9206.32
REC000472,2025-08-12,234.66,915,620,4.11,14.56,119,39.22,5,201,7,83.65,4.01,7.88,4,83.71,88.9,1.31,96.52,Marketplace,West,2282.77
REC002657,2025-08-12,66.62,855,669,5.02,19.17,119,48.3,0,169,12,46.44,3.55,13.02,2,96.84,115.48,0.848,97.52,Mobile App,East,3274.92
REC003321,2025-08-12,168.37,926,633,3.18,83.31,106,40.2,15,185,8,40.94,4.21,7.29,2,88.03,86.44,1.247,108.92,Mobile App,North,12729.91
REC004447,2025-08-13,131.2,912,641,2.46,46.0,125,50.28,25,191,0,45.66,3.34,0.93,3,81.59,105.18,0.789,97.54,Mobile App,North,5572.36
REC001000,2025-08-13,140.24,896,649,3.92,41.15,112,51.36,5,197,8,69.47,2.92,0.5,0,78.6,107.62,1.071,101.82,Mobile App,North,6657.55
REC001605,2025-08-13,849.75,874,643,3.14,52.28,121,42.08,5,208,6,45.99,4.66,6.14,3,99.31,96.43,1.238,104.17,Marketplace,West,11599.26
REC002577,2025-08-13,215.52,908,636,6.31,16.93,115,12.7,10,211,12,38.06,3.42,5.28,0,89.16,116.17,1.203,97.04,Marketplace,Central,2350.87
REC002617,2025-08-14,58.14,910,682,4.04,29.64,125,38.4,5,181,5,59.62,4.98,6.87,1,89.78,90.59,0.982,100.8,Website,Central,4067.85
REC000429,2025-08-14,63.75,890,661,4.89,52.69,118,33.08,5,163,14,57.06,3.64,2.4,1,86.52,105.47,1.099,98.15,Website,North,7966.84
REC002774,2025-08-14,65.33,961,651,3.0,26.98,120,48.03,30,198,14,87.17,4.64,3.01,0,85.79,90.76,1.134,103.64,Mobile App,Central,4252.6
REC001831,2025-08-15,50.28,912,630,3.54,50.5,117,35.27,10,189,7,58.35,3.92,5.3,3,84.23,107.32,1.046,97.0,Mobile App,South,5900.17
REC001756,2025-08-15,126.17,876,674,3.22,37.97,118,44.67,10,196,8,57.43,4.55,2.96,0,95.76,107.53,0.802,97.43,Mobile App,South,4820.94
REC000851,2025-08-15,227.8,824,647,3.99,27.61,104,44.99,15,187,4,49.22,3.3,3.34,3,87.29,82.43,0.971,107.81,Website,North,3381.43
REC004921,2025-08-15,67.0,908,659,2.67,70.74,117,9.03,20,187,2,74.44,4.67,5.62,0,96.09,101.41,1.333,109.5,Marketplace,Central,10814.82
REC005831,2025-08-15,111.1,857,692,5.43,35.98,109,44.58,15,187,3,72.87,4.33,3.85,2,89.8,92.15,1.109,103.98,Mobile App,Central,5726.97
REC005715,2025-08-15,84.21,928,639,4.54,41.54,95,12.83,0,170,5,66.02,3.96,16.41,3,100.0,104.06,1.107,104.27,Mobile App,East,6226.34
REC001935,2025-08-15,281.81,943,684,3.16,47.87,99,32.05,20,184,14,62.53,4.61,5.49,4,89.76,104.07,0.867,97.9,Mobile App,Central,5470.29
REC001376,2025-08-16,74.93,945,628,4.17,65.84,111,44.09,15,183,7,64.12,3.51,2.28,0,100.0,123.1,0.787,100.77,Mobile App,West,8768.83
REC000980,2025-08-16,108.16,926,664,3.13,46.66,126,24.67,20,181,6,62.02,4.34,8.04,0,84.71,86.02,1.145,106.04,Mobile App,North,8167.5
REC004269,2025-08-16,118.6,843,597,3.08,25.27,108,27.85,20,208,4,74.79,4.14,18.32,1,79.88,116.13,0.808,98.52,Mobile App,West,2314.47
REC005055,2025-08-17,296.89,920,646,4.19,57.01,109,36.11,10,173,13,63.69,4.93,5.15,2,82.81,104.08,0.985,104.53,Website,West,6708.5
REC002093,2025-08-17,327.28,935,660,3.81,29.81,119,41.53,0,181,9,58.23,4.42,4.62,0,92.53,113.42,1.241,111.79,Marketplace,East,5436.91
REC003326,2025-08-17,254.06,927,660,1.2,68.65,129,56.68,15,181,14,56.24,4.65,7.58,1,92.77,94.43,1.258,111.42,Website,South,13432.66
REC005857,2025-08-17,397.74,923,643,3.92,41.16,107,47.03,10,221,7,51.11,3.42,11.68,1,82.6,80.43,0.775,100.28,Mobile App,West,4056.59
REC000847,2025-08-18,134.54,882,636,3.99,77.47,108,19.08,5,198,8,82.96,4.13,8.73,1,91.31,94.65,0.912,97.69,Website,West,9707.04
REC004744,2025-08-18,228.2,945,628,4.27,48.16,103,24.92,5,187,15,68.21,3.06,4.81,1,74.01,96.53,0.879,99.73,Website,East,4238.34
REC000231,2025-08-18,200.05,910,650,2.23,81.65,129,52.24,20,202,15,51.96,4.82,9.58,3,93.43,94.36,1.265,102.75,Website,West,16541.22
REC000117,2025-08-18,50.17,882,637,3.32,21.97,129,35.01,5,175,3,50.14,3.13,12.76,2,97.62,86.98,1.018,99.09,Website,South,3548.15
REC005838,2025-08-18,59.07,912,636,5.3,23.61,105,34.14,10,217,12,69.01,3.84,8.08,3,99.46,105.36,1.193,98.04,Marketplace,East,3227.96
REC004966,2025-08-19,193.86,889,595,3.93,86.72,134,21.44,25,175,15,65.62,4.02,9.81,1,92.62,85.5,1.08,97.81,Mobile App,East,16395.58
REC002189,2025-08-19,187.55,899,624,2.61,75.33,130,42.23,30,198,12,43.04,4.21,8.78,2,100.0,84.89,1.14,92.56,Website,South,12630.14
REC004364,2025-08-19,226.29,847,634,3.71,28.27,112,40.1,10,221,9,49.19,3.73,3.65,1,94.72,88.85,1.233,96.09,Marketplace,Central,4526.14
REC000444,2025-08-19,77.52,873,664,2.52,43.29,120,40.7,0,181,7,54.94,3.48,12.22,3,86.59,97.99,1.08,101.13,Marketplace,South,5461.54
REC004839,2025-08-19,197.71,899,602,4.44,31.28,128,27.6,20,182,0,51.61,3.76,7.49,0,81.11,100.46,0.854,106.04,Marketplace,East,3517.66
REC002391,2025-08-19,126.73,927,654,2.4,37.11,112,58.75,20,188,2,58.92,4.54,12.69,1,88.66,111.34,0.818,102.64,Marketplace,East,3868.77
REC003368,2025-08-19,63.51,893,653,4.13,31.07,123,45.37,10,201,2,76.77,3.97,12.08,1,96.62,113.72,1.175,97.56,Marketplace,North,5639.38
REC003661,2025-08-20,35.33,899,670,5.35,17.47,106,35.99,20,185,10,35.85,4.22,6.38,3,93.08,99.54,1.028,103.12,Marketplace,West,2115.91
REC001305,2025-08-20,170.42,887,598,4.98,32.51,121,28.73,0,212,12,76.69,3.94,8.01,1,85.44,93.25,1.261,97.68,Marketplace,West,5763.62
REC002271,2025-08-20,71.32,874,682,3.26,15.35,119,44.33,5,201,0,90.0,4.44,7.36,4,87.83,98.27,1.252,100.31,Website,East,2586.7
REC005577,2025-08-20,404.36,888,642,2.15,25.37,124,40.47,10,186,15,60.75,4.2,10.78,2,85.02,106.85,0.983,102.27,Website,North,3411.68
REC003350,2025-08-20,96.97,883,657,4.24,47.42,113,33.38,20,193,2,48.16,4.56,1.97,0,88.2,121.32,0.794,93.67,Website,South,4255.0
REC002502,2025-08-21,444.74,881,611,2.36,27.73,104,55.2,20,207,0,68.88,3.62,3.79,2,80.54,85.35,1.148,99.96,Mobile App,South,4104.12
REC000077,2025-08-21,174.63,878,633,3.87,17.95,120,42.48,20,200,0,59.27,3.72,3.24,4,83.24,81.68,1.143,100.34,Mobile App,West,3060.11
REC004969,2025-08-21,91.01,916,643,2.33,63.44,124,52.43,10,187,5,29.13,4.38,12.36,1,91.03,112.77,1.039,102.24,Mobile App,West,11392.49
REC000930,2025-08-22,221.93,910,648,1.64,14.05,104,47.5,10,189,5,64.13,3.86,9.06,0,88.69,91.58,1.222,100.54,Marketplace,East,1859.85
REC005379,2025-08-22,274.88,875,642,3.53,116.73,127,54.2,15,208,2,63.37,3.84,11.84,1,89.02,101.29,0.943,109.19,Mobile App,West,17303.04
REC000225,2025-08-22,327.29,878,623,4.35,25.02,114,30.68,0,212,0,42.26,4.8,8.44,1,78.82,96.72,0.794,100.2,Marketplace,West,2148.01
REC004471,2025-08-22,143.75,915,655,3.9,56.37,107,36.93,20,193,4,60.94,4.26,9.4,1,91.47,102.34,0.759,95.92,Website,Central,5131.58
REC004344,2025-08-22,331.17,874,649,4.0,38.43,105,42.55,10,194,6,57.59,4.23,11.11,0,97.48,107.78,1.313,97.05,Mobile App,North,7493.86
REC005457,2025-08-22,278.83,865,667,3.7,62.41,112,39.86,10,199,14,74.21,3.88,11.99,3,88.34,90.34,0.801,100.25,Mobile App,West,6958.45
REC000073,2025-08-22,52.44,972,649,2.97,18.21,114,59.94,15,163,4,55.4,4.26,17.81,0,89.01,100.11,1.028,103.84,Marketplace,South,2276.7
REC005196,2025-08-23,51.57,881,631,4.07,20.18,114,69.12,30,181,7,58.03,4.51,2.01,1,82.93,110.5,0.858,98.84,Website,East,2165.83
REC003930,2025-08-23,125.28,874,627,2.49,106.42,121,39.44,10,198,12,67.39,5.0,4.09,2,87.87,118.24,1.31,101.75,Mobile App,West,22654.36
REC001687,2025-08-23,560.87,875,605,4.24,44.31,99,39.03,30,220,4,64.4,4.04,6.27,1,86.12,73.18,0.906,104.81,Website,East,5081.26
REC005390,2025-08-23,455.68,821,645,3.41,32.33,125,8.03,15,185,14,73.56,3.91,11.25,2,87.76,88.48,0.781,104.03,Website,East,3557.59
REC005221,2025-08-23,108.24,861,612,5.4,53.76,120,29.32,20,205,7,78.74,4.41,7.33,3,83.93,99.97,0.993,104.12,Mobile App,North,8512.41
REC002987,2025-08-24,44.74,975,599,2.75,54.92,92,56.55,10,206,11,64.16,4.92,8.49,4,88.85,119.88,1.276,97.91,Marketplace,East,6548.18
REC001308,2025-08-24,1056.8,897,673,6.01,42.12,120,34.99,0,197,4,57.63,4.38,7.2,0,88.4,101.83,1.24,98.93,Website,East,9050.85
REC002052,2025-08-24,345.58,920,666,3.05,15.5,117,62.6,5,181,12,54.31,4.15,17.35,1,100.0,106.98,1.234,94.08,Website,Central,2848.52
REC003370,2025-08-24,160.78,841,628,3.13,102.0,121,32.13,5,193,9,46.02,4.25,2.81,3,91.26,119.32,0.762,102.12,Mobile App,South,10630.59
REC002196,2025-08-25,133.1,911,643,2.87,59.34,121,36.42,10,171,10,49.44,4.12,7.85,2,100.0,89.33,1.088,107.23,Marketplace,West,11818.43
REC004431,2025-08-25,306.64,900,644,2.12,48.87,121,41.36,5,182,2,56.67,4.55,5.85,2,95.07,113.44,1.239,101.34,Marketplace,North,9347.29
REC005392,2025-08-25,431.58,931,681,6.19,60.49,117,41.15,5,190,14,54.98,4.03,10.13,3,92.35,97.92,0.812,108.85,Website,East,7133.47
REC005428,2025-08-25,141.41,981,609,3.97,25.23,106,30.83,10,202,2,49.36,4.9,11.16,2,78.07,83.66,0.966,99.24,Mobile App,North,2588.74
REC001926,2025-08-25,376.72,950,620,4.4,15.58,115,50.88,20,209,12,52.76,4.15,8.33,1,84.77,107.91,0.98,117.12,Marketplace,West,1950.43
REC003658,2025-08-25,98.45,875,620,5.05,26.14,106,31.11,15,197,15,56.45,3.92,8.4,1,98.32,94.62,0.815,100.61,Mobile App,North,3523.75
REC001691,2025-08-26,180.31,923,640,2.57,25.42,127,42.16,5,175,15,55.51,3.69,13.27,1,79.74,104.34,1.318,94.63,Mobile App,West,5124.45
REC004491,2025-08-26,179.69,898,655,4.39,17.96,114,43.56,0,210,2,72.52,5.0,4.54,1,98.85,99.66,0.763,101.81,Website,North,2382.29
REC003871,2025-08-26,58.87,848,665,4.49,30.35,114,49.43,20,162,11,43.68,4.65,9.86,1,86.63,100.49,1.306,93.39,Marketplace,South,4260.13
REC004377,2025-08-26,203.58,849,681,3.05,54.16,102,23.27,20,184,8,48.11,3.71,11.59,3,94.75,107.38,1.042,104.53,Marketplace,East,6450.65
REC001902,2025-08-26,36.96,917,660,2.29,35.05,114,32.49,15,183,10,51.13,4.03,10.77,0,78.71,95.33,1.008,97.69,Mobile App,Central,3599.99
REC004918,2025-08-27,35.69,883,632,4.26,30.17,116,23.84,5,196,6,63.65,4.38,7.79,0,100.0,104.08,0.911,103.48,Website,South,4221.28
REC003456,2025-08-27,289.9,887,639,4.86,147.62,124,20.47,20,176,8,30.4,4.82,2.61,1,86.04,73.79,1.035,101.47,Mobile App,South,19411.1
REC004497,2025-08-27,156.71,916,633,3.14,53.08,107,14.12,5,207,15,69.86,4.16,9.05,1,100.0,92.14,1.071,97.63,Website,Central,7943.85
REC004753,2025-08-28,123.59,853,655,2.99,15.3,123,22.78,10,182,13,50.83,3.5,9.92,1,86.43,110.73,0.825,99.93,Mobile App,North,1677.13
REC001963,2025-08-29,171.82,869,648,5.37,19.22,116,53.43,25,189,4,47.36,4.43,6.69,3,92.59,100.95,1.324,106.32,Website,West,4539.69
REC005300,2025-08-29,125.39,916,645,4.42,76.52,127,45.43,15,182,5,75.82,3.9,11.83,1,100.0,102.76,0.897,98.04,Website,South,11823.73
REC004254,2025-08-29,153.91,890,651,5.28,40.36,130,21.22,0,204,1,52.55,3.77,11.36,1,91.69,90.27,1.207,106.61,Marketplace,South,7191.69
REC002454,2025-08-29,244.25,913,639,4.45,38.14,103,10.47,10,188,9,60.96,3.67,8.72,2,91.85,103.86,1.238,104.58,Mobile App,West,5968.96
REC005395,2025-08-29,87.47,877,637,2.23,37.76,109,22.77,15,185,13,50.72,4.83,11.23,1,78.57,103.18,1.011,92.61,Marketplace,Central,3575.38
REC000201,2025-08-29,45.95,919,685,3.29,36.4,110,40.55,15,190,14,59.49,4.87,6.56,0,95.36,110.97,0.944,100.75,Marketplace,West,4625.07
REC003364,2025-08-29,127.87,850,601,2.0,55.4,99,39.32,5,181,1,36.72,3.23,4.25,3,91.18,100.49,0.854,103.79,Marketplace,South,4062.47
REC005380,2025-08-30,71.28,921,649,4.06,55.48,120,44.0,25,186,14,54.11,3.49,0.95,0,94.9,104.23,1.233,103.94,Mobile App,South,8847.47
REC003968,2025-08-30,134.39,881,654,4.85,33.01,107,35.17,0,179,5,47.61,3.77,7.08,1,96.63,97.47,0.973,105.05,Website,North,4647.95
REC003095,2025-08-30,147.02,911,638,3.38,11.43,135,39.85,5,210,13,60.89,5.0,5.08,1,88.1,96.65,1.221,93.83,Website,West,2052.19
REC005650,2025-08-30,514.91,927,673,5.36,33.39,125,23.53,15,196,6,60.03,3.51,8.46,3,94.48,89.58,1.286,99.86,Mobile App,North,7056.28
REC005654,2025-08-30,140.38,853,635,4.51,20.28,118,24.36,5,185,1,72.43,3.77,8.23,2,85.57,94.14,1.311,100.52,Mobile App,Central,3664.24
REC001920,2025-08-31,409.63,968,640,4.87,13.52,106,43.82,30,184,11,68.33,3.78,12.85,0,92.23,83.18,1.168,107.9,Mobile App,East,2237.18
REC002723,2025-08-31,65.67,876,663,4.67,39.24,113,44.77,20,180,11,42.2,4.05,9.1,0,94.32,112.87,0.822,97.71,Mobile App,North,5495.77
REC004811,2025-08-31,146.47,959,649,4.17,25.69,120,21.36,15,200,9,50.8,4.25,3.44,1,83.25,98.14,1.335,109.4,Website,West,4851.5
REC002166,2025-08-31,86.26,899,681,2.39,39.08,120,57.82,25,173,8,66.82,3.79,7.48,1,92.53,72.3,1.266,91.64,Mobile App,Central,7692.88
REC001640,2025-09-01,91.57,860,652,5.19,63.06,148,42.34,0,190,11,60.67,4.16,0.5,4,96.24,106.55,0.752,98.66,Mobile App,Central,10402.14
REC000114,2025-09-01,95.54,949,661,3.29,25.95,114,23.62,10,196,7,69.64,3.84,8.56,1,89.38,106.73,1.135,99.11,Mobile App,West,4596.9
REC000925,2025-09-01,151.75,913,625,3.73,29.63,103,26.45,20,184,3,64.94,3.52,11.29,3,97.02,104.44,0.777,100.85,Mobile App,Central,2667.47
REC000883,2025-09-01,213.5,904,605,2.04,16.99,105,39.39,5,188,15,76.42,4.06,10.44,1,86.04,79.49,1.019,101.85,Mobile App,East,2287.91
REC003002,2025-09-01,110.83,885,684,5.73,25.57,149,40.61,25,194,5,46.37,4.49,9.26,1,94.08,113.24,0.97,98.97,Marketplace,Central,3821.35
REC005966,2025-09-02,74.85,885,621,4.07,82.41,114,38.81,30,183,13,73.18,4.56,11.11,1,84.77,114.79,1.012,92.68,Website,South,9642.0
REC002051,2025-09-03,48.9,871,631,3.82,35.52,125,43.21,25,211,8,83.45,4.81,11.31,1,99.49,94.07,0.962,101.13,Mobile App,South,6151.35
REC004512,2025-09-03,252.18,878,645,3.22,34.57,121,44.63,15,188,1,62.32,4.47,12.2,0,94.23,87.37,1.117,96.7,Website,West,7040.65
REC003049,2025-09-03,561.01,878,625,5.4,62.72,119,47.81,20,172,1,68.42,4.49,5.22,0,92.64,128.29,1.073,96.93,Marketplace,North,9877.68
REC005112,2025-09-03,62.31,864,606,4.16,26.84,118,43.13,10,197,0,55.5,4.15,1.63,0,89.17,79.85,0.843,96.77,Website,West,3215.78
REC004656,2025-09-03,156.29,938,627,3.2,49.35,116,35.85,20,175,15,52.69,4.14,8.76,2,79.73,103.76,1.327,102.7,Mobile App,East,8305.93
REC004128,2025-09-03,471.09,941,640,4.26,55.5,132,26.7,15,193,5,63.0,3.59,14.96,3,93.32,113.01,0.784,95.49,Mobile App,West,6815.25
REC002205,2025-09-04,53.65,891,651,0.97,30.57,106,40.74,20,191,13,45.7,5.0,2.33,0,100.0,116.86,1.328,95.64,Website,North,4731.24
REC004422,2025-09-04,564.25,875,572,3.21,40.35,115,43.24,5,210,4,77.68,3.82,9.36,4,96.09,93.56,0.768,98.51,Mobile App,West,5653.05
REC003247,2025-09-04,184.36,908,641,4.02,32.4,101,42.45,20,193,10,47.63,4.54,2.84,0,83.14,109.55,1.293,92.77,Mobile App,West,5508.98
REC003496,2025-09-04,154.14,916,672,3.24,40.19,120,38.22,0,184,3,66.41,4.27,11.77,0,87.42,91.39,0.977,103.24,Mobile App,South,5081.81
REC001571,2025-09-05,137.62,927,599,3.96,47.25,106,40.11,5,188,13,43.86,4.76,11.45,0,100.0,98.48,0.814,104.39,Website,West,5718.17
REC000134,2025-09-05,373.83,908,646,4.52,32.34,125,25.52,15,156,12,42.19,4.14,3.98,4,90.94,70.0,0.97,100.21,Website,West,4742.57
REC004459,2025-09-05,170.96,890,610,4.04,20.07,93,59.03,10,190,13,47.9,5.0,9.5,1,89.61,84.15,1.025,99.4,Website,North,2205.54
REC004318,2025-09-06,22.23,861,599,5.25,19.1,116,26.33,15,180,11,52.79,4.28,1.34,1,83.7,104.96,0.842,102.0,Website,East,2127.7
REC005900,2025-09-06,112.45,899,657,4.3,22.83,118,45.71,10,180,6,47.08,4.57,5.87,3,100.0,90.76,0.863,102.61,Website,Central,3621.31
REC002915,2025-09-06,183.24,932,613,3.16,56.85,114,48.69,10,185,11,65.94,2.65,6.85,2,86.05,89.41,0.892,86.87,Website,West,6610.01
REC001302,2025-09-07,62.9,885,658,3.7,32.28,105,56.54,5,198,9,69.68,4.4,7.83,2,84.79,111.75,1.076,103.39,Website,East,4215.37
REC000238,2025-09-07,85.7,911,680,4.32,14.18,103,29.53,15,172,5,32.54,3.76,7.4,1,97.8,98.69,1.159,99.6,Mobile App,West,2562.23
REC002651,2025-09-07,904.86,917,625,1.75,25.85,103,27.09,5,178,4,53.34,3.51,9.72,1,85.14,108.17,1.261,94.67,Mobile App,Central,3322.22
REC000394,2025-09-07,178.42,903,616,4.36,21.22,102,29.12,0,172,10,41.86,2.85,2.73,1,92.94,90.79,0.803,98.29,Website,East,1952.14
REC002156,2025-09-07,156.1,888,613,5.66,118.33,117,36.64,10,214,12,43.85,4.26,6.29,2,94.42,98.73,1.109,105.76,Website,West,20555.26
REC001738,2025-09-07,75.23,868,601,4.86,101.27,111,28.48,10,206,9,38.22,3.81,3.23,1,96.15,109.82,1.307,99.33,Marketplace,North,18703.95
REC001545,2025-09-07,189.19,905,609,2.81,38.66,110,35.26,15,176,4,48.43,4.23,10.64,3,92.86,104.85,0.992,98.57,Website,West,5472.35
REC000003,2025-09-08,196.44,877,649,3.83,109.68,129,22.33,10,189,10,81.4,3.78,8.87,0,82.84,107.11,0.941,103.05,Marketplace,Central,13663.36
REC000029,2025-09-08,172.23,830,669,3.01,56.59,114,12.79,20,195,8,70.89,5.0,8.88,4,97.01,91.9,1.278,108.42,Website,West,10918.52
REC001881,2025-09-08,96.03,882,673,4.93,69.86,116,28.55,0,180,6,66.23,4.94,11.63,5,82.33,96.34,0.849,96.31,Mobile App,Central,7289.07
REC005743,2025-09-08,147.09,873,637,5.08,58.05,109,62.82,15,189,14,76.11,4.21,0.5,3,87.93,98.68,0.925,98.65,Website,East,7740.75
REC001431,2025-09-09,114.23,889,614,3.81,55.13,123,29.78,25,182,0,55.95,4.79,7.74,3,86.26,100.44,1.133,101.64,Website,East,8768.29
REC002506,2025-09-09,276.15,891,657,3.04,22.32,122,39.55,10,183,11,54.06,3.92,11.45,1,88.73,108.93,0.755,97.19,Website,East,2598.47
REC002747,2025-09-09,412.43,931,689,4.26,15.34,129,25.95,10,224,6,48.84,3.62,5.89,2,86.87,112.35,1.029,102.47,Mobile App,North,2691.77
REC003293,2025-09-09,543.58,941,616,3.05,134.71,122,26.82,0,191,1,42.35,3.91,7.05,1,83.39,89.52,0.839,105.42,Website,South,15120.3
REC000248,2025-09-10,497.73,889,603,2.53,83.78,105,50.47,10,195,11,57.03,3.78,8.59,0,90.71,104.97,0.931,107.46,Mobile App,Central,10360.69
REC000834,2025-09-10,72.91,906,633,3.68,40.22,118,45.79,15,185,15,46.35,4.95,7.27,0,85.41,107.13,1.107,105.41,Mobile App,Central,6148.96
REC005015,2025-09-10,70.86,888,624,2.78,25.37,115,49.77,20,192,11,58.47,3.95,1.52,0,83.88,103.05,0.899,95.88,Mobile App,Central,3360.44
REC001118,2025-09-11,380.61,900,628,5.3,27.36,128,32.62,30,191,12,60.51,3.52,1.77,1,87.7,111.2,1.146,97.84,Mobile App,West,6101.71
REC001321,2025-09-11,197.15,871,633,3.89,66.43,103,45.95,15,195,15,32.07,3.93,2.73,1,100.0,101.28,0.855,99.87,Mobile App,Central,10031.75
REC002184,2025-09-12,308.56,980,649,2.93,73.79,105,31.65,15,207,5,45.7,4.24,7.38,1,98.68,79.78,1.152,106.12,Website,Central,11050.79
REC005740,2025-09-12,82.66,927,657,2.54,65.66,122,45.28,20,171,1,41.27,4.07,3.78,2,86.42,93.56,0.866,96.38,Website,West,7487.52
REC000917,2025-09-12,239.58,854,631,3.87,34.23,106,11.62,10,188,3,49.21,3.52,12.29,0,76.2,104.77,0.883,96.19,Mobile App,Central,3436.72
REC005279,2025-09-13,71.31,917,661,3.76,20.71,113,55.72,10,194,4,79.53,3.84,9.29,1,96.48,97.08,0.892,96.09,Mobile App,East,2842.61
REC002684,2025-09-13,391.26,868,613,6.41,25.85,113,31.7,10,213,4,51.51,4.95,11.21,2,82.28,111.43,1.247,100.73,Website,East,4461.57
REC004955,2025-09-13,51.27,899,659,3.92,70.24,102,47.42,10,195,4,50.63,3.92,5.21,1,86.42,104.93,1.215,97.7,Mobile App,Central,10693.49
REC002339,2025-09-14,62.46,907,642,4.59,33.63,125,54.18,5,194,11,57.35,3.7,8.24,1,96.91,101.88,0.782,108.77,Website,Central,4092.05
REC004990,2025-09-15,317.21,906,561,5.47,35.07,123,30.11,10,218,15,61.6,4.72,8.33,1,87.22,111.78,1.071,99.76,Website,North,6423.36
REC004651,2025-09-15,56.07,899,600,2.42,35.85,111,26.94,15,195,10,76.98,4.36,11.5,2,100.0,83.98,1.245,102.55,Website,Central,6259.47
REC005415,2025-09-15,232.43,864,632,3.7,13.54,109,73.47,25,205,15,56.23,3.86,16.16,2,89.83,115.66,0.957,106.98,Website,Central,1771.6
REC005786,2025-09-15,132.59,895,649,3.56,80.75,131,47.32,0,192,13,47.96,4.52,3.01,1,94.75,96.87,1.316,102.17,Marketplace,North,16227.69
REC004404,2025-09-15,192.59,958,628,3.74,56.08,100,41.81,0,200,0,40.18,3.46,11.77,5,99.28,101.18,0.812,104.46,Marketplace,Central,5672.59
REC004456,2025-09-15,186.87,933,664,3.29,29.24,117,26.05,20,181,5,63.5,4.58,6.72,1,87.87,77.23,1.187,100.57,Marketplace,East,4169.74
REC005041,2025-09-15,43.43,904,642,3.99,45.75,86,44.12,15,156,15,49.54,3.14,13.19,3,88.84,117.17,1.154,98.33,Mobile App,North,5418.7
REC005153,2025-09-15,291.39,872,656,3.46,43.87,121,45.64,30,213,12,71.5,3.38,9.72,2,89.77,105.74,1.011,105.22,Mobile App,West,6166.87
REC004174,2025-09-15,126.23,865,657,1.22,32.28,115,46.17,5,204,9,45.35,4.1,5.61,2,85.28,88.92,1.187,103.91,Mobile App,South,4484.21
REC004672,2025-09-15,151.29,870,653,4.29,21.86,129,26.01,0,178,14,38.58,4.24,12.78,2,96.17,104.55,0.986,93.78,Mobile App,North,2818.92
REC001236,2025-09-16,264.42,897,609,3.86,23.02,120,19.52,15,201,4,43.55,3.58,2.67,0,93.02,127.32,1.207,99.85,Marketplace,East,3055.98
REC004889,2025-09-16,170.5,852,617,5.51,33.88,122,39.08,15,188,15,72.63,4.64,9.54,1,100.0,107.38,1.117,91.56,Website,West,7584.15
REC004894,2025-09-16,127.31,930,676,3.09,54.77,113,56.07,20,204,5,70.58,4.69,3.32,0,89.3,110.71,1.335,106.73,Mobile App,East,10830.3
REC001504,2025-09-16,32.58,896,635,2.38,47.0,112,41.7,25,172,1,70.08,3.41,11.11,0,87.1,119.37,0.888,99.54,Website,East,5618.65
REC001139,2025-09-17,253.19,899,606,2.95,175.49,117,49.25,25,175,10,70.9,3.6,7.93,1,89.36,91.11,1.316,101.57,Marketplace,West,31398.38
REC002103,2025-09-17,215.18,867,655,4.11,69.47,122,43.2,15,230,10,49.51,3.63,6.67,0,100.0,100.95,1.073,102.84,Website,West,12844.63
REC002379,2025-09-17,229.5,869,606,2.97,46.59,111,49.19,10,189,10,56.35,4.13,2.49,3,87.64,107.91,1.309,102.76,Marketplace,Central,6862.77
REC000555,2025-09-17,391.96,918,676,4.54,30.66,115,34.22,25,186,6,55.29,3.9,5.57,0,98.6,100.41,1.044,98.74,Mobile App,North,5079.36
REC003511,2025-09-18,138.19,873,625,4.44,19.01,123,57.39,5,189,0,74.03,4.76,0.5,3,87.86,105.28,0.871,96.66,Website,East,2435.64
REC002811,2025-09-18,234.43,923,618,3.89,43.55,112,34.34,15,174,0,52.18,3.56,5.52,2,94.64,113.17,0.914,101.29,Website,Central,5377.39
REC002871,2025-09-18,78.65,872,697,4.1,19.82,123,64.2,5,185,6,56.47,4.01,11.78,4,100.0,100.42,1.142,101.45,Marketplace,East,3491.9
REC005837,2025-09-19,448.74,921,641,3.06,42.08,115,37.79,20,173,14,46.24,4.53,6.36,2,78.8,102.44,1.033,101.38,Website,South,5320.52
REC003302,2025-09-19,144.97,841,667,4.52,27.79,108,28.14,5,178,2,58.89,3.23,3.67,2,82.76,77.8,0.9,97.66,Website,West,3386.73
REC000832,2025-09-19,190.44,861,639,3.1,43.89,115,47.91,15,158,8,55.95,3.29,13.61,1,89.77,101.77,0.793,93.69,Mobile App,East,4625.48
REC004193,2025-09-19,247.74,926,641,4.2,38.34,117,36.82,20,167,14,30.76,3.61,3.69,0,100.0,87.82,1.349,100.62,Mobile App,South,8598.72
REC000305,2025-09-20,94.3,947,655,2.48,48.09,130,18.19,10,183,12,66.75,4.24,8.86,1,74.37,89.17,0.86,98.98,Website,East,4439.24
REC001819,2025-09-20,215.36,896,670,3.85,52.06,103,35.61,5,182,2,67.94,4.79,4.6,2,97.71,95.38,1.241,105.76,Website,North,9313.31
REC001384,2025-09-20,92.12,910,651,5.16,57.04,107,52.31,25,177,14,68.22,3.88,9.72,2,93.38,91.09,0.754,93.62,Website,South,6417.91
REC004556,2025-09-20,285.9,947,667,3.86,35.29,103,30.37,0,209,4,56.57,3.57,11.47,2,100.0,113.17,0.754,97.5,Mobile App,North,3840.19
REC003988,2025-09-21,101.7,902,628,4.01,26.23,126,30.42,5,195,13,31.38,3.42,14.0,0,100.0,114.97,0.861,102.47,Website,West,4254.79
REC002742,2025-09-21,58.47,922,662,4.19,83.24,116,26.1,15,164,14,76.96,4.54,9.22,1,100.0,97.07,1.346,106.71,Mobile App,North,18531.03
REC000929,2025-09-21,361.2,846,612,3.17,18.52,119,40.27,10,190,1,48.12,4.06,15.68,0,92.5,106.32,0.789,94.92,Website,West,2177.27
REC005639,2025-09-21,255.6,913,652,2.08,28.96,103,35.43,15,166,15,38.97,4.57,11.84,3,82.03,111.61,0.898,99.19,Mobile App,West,2899.89
REC005548,2025-09-21,227.19,965,631,2.34,47.85,97,52.22,10,206,15,53.39,4.88,11.51,1,100.0,103.13,1.239,102.35,Mobile App,South,9118.45
REC003430,2025-09-21,76.11,872,698,2.83,80.3,102,34.52,15,204,13,47.49,5.0,7.61,2,88.95,84.82,0.786,100.73,Mobile App,Central,7756.45
REC003317,2025-09-21,223.96,919,593,4.84,27.83,106,33.39,0,181,13,57.4,4.6,9.33,0,98.86,89.52,1.214,97.84,Mobile App,East,5211.86
REC004660,2025-09-22,63.21,918,636,2.74,29.37,124,47.82,15,177,8,71.27,4.33,7.59,0,97.07,111.23,0.781,98.44,Website,South,3193.6
REC005229,2025-09-22,78.06,950,694,3.68,50.56,124,35.1,15,177,4,64.89,3.73,10.58,2,85.73,72.16,0.929,96.49,Website,Central,6519.43
REC001698,2025-09-22,102.84,942,617,2.06,23.55,115,29.47,30,184,3,70.2,4.62,7.75,0,87.85,106.0,1.246,94.89,Mobile App,North,3982.01
REC005589,2025-09-22,181.38,882,616,4.05,76.34,107,42.02,15,171,8,57.39,4.35,12.9,1,83.37,104.72,0.987,97.38,Website,Central,11079.82
REC005783,2025-09-22,396.25,845,655,2.63,30.51,112,49.16,20,200,4,58.33,4.45,1.42,3,81.27,106.65,0.815,100.5,Website,Central,3049.04
REC005081,2025-09-23,429.12,877,666,2.4,65.3,109,20.48,10,168,8,63.64,3.65,7.72,1,89.62,103.23,0.765,103.31,Mobile App,Central,6446.52
REC002633,2025-09-23,91.86,913,638,2.6,59.28,128,21.41,20,201,10,43.71,3.4,14.4,4,92.54,96.25,0.85,94.63,Marketplace,West,6430.05
REC003756,2025-09-25,113.43,934,636,3.23,15.38,114,28.53,10,171,9,38.82,4.13,3.8,0,97.69,101.01,1.195,103.08,Marketplace,North,2273.2
REC001049,2025-09-25,157.33,916,630,4.4,27.21,108,53.16,5,165,13,76.77,4.02,10.65,4,87.38,113.79,1.18,103.9,Website,South,3948.43
REC004296,2025-09-25,80.34,859,572,3.95,14.62,123,62.21,25,203,11,53.07,4.27,11.68,2,87.21,79.08,1.228,94.5,Website,West,2578.25
REC005714,2025-09-25,273.71,895,652,3.34,64.54,121,35.15,0,190,12,58.68,3.69,9.92,1,87.5,93.05,1.177,93.94,Website,Central,10030.66
REC000018,2025-09-25,459.2,877,656,3.54,35.46,116,24.58,25,190,6,49.54,3.67,4.36,2,100.0,92.97,1.189,91.08,Mobile App,West,7161.65
REC001808,2025-09-26,251.7,908,627,4.1,128.9,124,44.05,15,195,2,59.76,4.07,10.0,0,76.74,108.12,1.246,102.12,Mobile App,North,22051.56
REC004568,2025-09-26,270.65,876,674,4.17,16.58,127,47.67,0,181,11,42.59,4.49,5.78,1,84.62,110.91,0.757,104.35,Mobile App,South,2000.97
REC001611,2025-09-27,133.14,851,619,2.26,35.32,118,54.96,30,210,8,69.61,4.21,13.74,1,96.45,77.81,1.099,97.24,Mobile App,East,6013.74
REC003815,2025-09-27,194.74,901,665,4.47,11.51,118,31.71,10,183,3,73.02,3.29,7.04,0,86.31,90.93,1.037,105.14,Mobile App,East,1981.15
REC004164,2025-09-27,120.6,935,660,4.03,27.77,132,45.74,0,179,3,64.0,4.42,1.79,0,95.7,112.9,0.764,96.44,Website,East,3810.76
REC000198,2025-09-27,89.76,880,629,3.24,42.21,101,30.94,25,196,5,33.97,3.88,3.58,1,88.14,108.1,0.907,105.24,Mobile App,East,4958.69
REC002954,2025-09-27,133.47,936,689,5.58,80.35,85,37.37,10,202,1,80.13,3.31,5.91,1,92.56,101.3,0.757,101.03,Website,South,6171.04
REC001261,2025-09-28,238.18,865,624,3.13,45.6,130,16.6,10,198,2,48.41,3.91,9.65,0,81.34,102.72,1.288,99.03,Marketplace,East,7722.55
REC003296,2025-09-29,25.06,921,605,3.74,97.77,103,28.61,20,191,1,52.73,4.26,14.13,3,82.06,101.8,1.313,94.96,Website,West,11561.35
REC005189,2025-09-29,119.88,948,651,3.8,17.63,114,28.57,0,208,1,44.12,3.61,7.7,2,99.95,108.04,0.955,103.27,Marketplace,Central,1889.23
REC000647,2025-09-29,188.18,863,637,3.25,42.67,102,59.95,10,199,13,77.64,4.64,11.25,0,75.92,114.72,1.28,107.26,Mobile App,East,6451.22
REC001617,2025-09-30,80.73,903,622,3.41,51.18,119,55.92,10,194,15,60.41,3.83,5.01,1,91.88,70.0,0.904,94.05,Mobile App,Central,7186.71
REC004355,2025-09-30,174.2,905,612,3.71,39.47,126,31.59,20,185,1,78.26,4.22,8.63,0,87.33,86.91,0.868,103.68,Marketplace,East,4334.42
REC001842,2025-09-30,143.0,907,658,4.52,22.15,113,31.94,5,213,2,75.17,4.07,7.71,1,92.33,81.31,1.047,98.07,Marketplace,East,2898.66
REC000920,2025-09-30,131.04,905,635,5.52,22.84,100,38.76,30,181,8,69.37,4.08,5.53,2,84.18,113.03,1.065,102.67,Website,North,2814.78
REC001763,2025-09-30,121.78,863,618,3.35,40.36,125,37.65,15,169,3,61.44,3.48,4.35,1,72.55,100.21,1.263,100.25,Website,South,5293.01
REC001872,2025-09-30,111.53,901,662,3.35,26.55,107,34.34,0,184,0,56.51,4.39,0.5,0,96.18,116.52,1.099,103.74,Website,East,3873.71
REC003977,2025-09-30,464.15,891,640,4.84,25.52,130,33.23,5,169,8,56.04,3.99,12.33,1,92.27,107.91,0.825,96.07,Marketplace,North,2700.55
REC001387,2025-10-01,138.88,934,593,4.61,58.69,122,33.72,5,229,7,76.92,3.38,10.93,1,100.0,93.6,1.035,95.62,Marketplace,Central,8377.6
REC004052,2025-10-01,102.26,904,649,4.75,25.29,115,47.63,15,186,15,45.02,4.75,6.8,1,86.72,91.84,1.012,97.98,Mobile App,South,3732.06
REC001393,2025-10-03,156.72,918,692,2.9,34.27,115,42.13,0,170,10,55.79,4.08,11.86,0,100.0,96.56,0.998,100.4,Website,Central,4833.64
REC004517,2025-10-03,147.2,933,647,3.28,34.84,118,34.33,10,173,13,58.87,5.0,12.65,0,92.63,107.92,1.196,99.35,Website,Central,5587.76
REC005239,2025-10-03,101.54,888,672,5.22,20.31,119,51.89,20,194,12,58.31,4.59,1.75,3,89.5,77.74,1.255,102.26,Mobile App,North,4295.05
REC005207,2025-10-03,137.52,909,657,3.83,57.57,113,50.87,15,199,14,50.56,4.66,12.39,0,82.64,109.77,1.087,98.11,Mobile App,West,8431.65
REC002591,2025-10-04,84.58,918,597,4.84,69.36,118,29.5,15,192,6,53.4,4.54,11.0,1,84.97,91.65,1.098,107.75,Marketplace,South,9015.12
REC001303,2025-10-04,98.89,883,583,5.48,68.29,106,44.0,25,200,13,50.93,4.18,14.91,3,97.39,103.84,0.783,96.85,Website,Central,6553.28
REC001849,2025-10-04,84.83,966,628,3.95,35.22,108,21.58,10,196,12,51.78,4.02,12.84,2,84.6,112.23,0.77,99.18,Website,East,2695.86
REC004413,2025-10-05,128.45,963,618,1.42,60.05,114,51.1,5,191,1,61.59,3.57,1.08,1,90.55,93.71,1.058,109.78,Marketplace,Central,7869.0
REC002923,2025-10-05,167.88,882,642,3.1,73.49,106,52.77,10,202,12,44.81,4.28,8.97,3,92.46,91.38,1.334,99.86,Mobile App,North,13252.05
REC004458,2025-10-05,61.32,885,676,3.56,26.77,99,24.05,5,175,9,76.38,3.86,10.1,1,81.2,92.95,0.818,94.33,Mobile App,South,2316.3
REC005244,2025-10-06,145.35,890,648,3.25,22.23,118,24.84,25,157,11,40.54,4.33,2.81,2,99.3,100.6,0.993,102.37,Mobile App,East,3515.31
REC003736,2025-10-06,131.85,884,668,3.31,21.92,116,25.5,10,180,2,52.62,3.59,8.2,1,87.39,95.64,0.937,111.76,Mobile App,East,2899.69
REC001474,2025-10-06,163.68,891,658,3.85,25.5,120,27.03,20,201,14,52.78,4.61,11.7,1,91.45,98.32,1.185,106.87,Mobile App,East,3415.32
REC002020,2025-10-06,163.38,862,662,3.23,32.01,113,36.38,25,183,0,46.58,4.77,17.59,3,74.77,70.48,1.102,102.7,Mobile App,South,3749.49
REC005551,2025-10-06,311.46,928,625,2.81,37.84,101,50.08,10,179,2,73.03,3.97,1.36,2,92.5,91.82,1.21,104.75,Website,West,6251.21
REC005443,2025-10-06,191.01,896,653,4.76,28.42,116,39.01,15,186,6,67.48,3.83,5.14,2,100.0,99.94,1.22,103.94,Marketplace,Central,5018.88
REC001601,2025-10-06,80.47,932,657,4.5,50.16,118,41.53,20,197,15,49.66,4.04,7.97,1,90.68,99.33,1.262,103.14,Mobile App,North,10087.47
REC004501,2025-10-06,78.16,899,697,2.28,64.23,119,29.58,10,185,8,36.56,4.37,11.02,0,90.71,112.25,0.791,104.83,Website,West,7419.41
REC002162,2025-10-07,189.17,881,619,3.46,80.69,130,14.78,15,185,8,65.8,4.13,7.61,1,94.59,87.61,1.337,99.57,Website,North,14780.71
REC005258,2025-10-07,233.74,889,663,2.34,26.58,127,47.24,5,183,0,35.35,4.51,5.7,2,96.94,89.52,1.166,98.33,Mobile App,East,6195.31
REC004579,2025-10-07,148.87,922,668,5.96,70.59,124,40.69,10,182,1,74.69,4.38,10.54,0,97.96,93.82,1.093,99.99,Marketplace,South,11617.18
REC003304,2025-10-08,627.61,915,655,5.12,26.34,107,55.52,0,192,2,23.13,4.74,12.44,3,95.47,83.48,1.035,96.9,Marketplace,South,3158.23
REC001188,2025-10-08,42.67,923,629,3.93,28.59,113,51.58,10,182,6,45.01,4.54,5.7,1,93.46,89.51,0.91,99.6,Website,North,3645.99
REC000701,2025-10-09,398.06,919,648,2.62,75.34,112,42.39,15,203,5,64.12,4.7,3.15,5,81.0,75.43,1.124,100.05,Marketplace,South,7836.75
REC005876,2025-10-09,477.94,970,625,4.23,21.83,116,52.42,15,199,3,40.16,4.41,7.98,2,98.35,99.77,1.145,100.42,Mobile App,Central,4412.66
REC003820,2025-10-09,110.84,923,620,4.57,91.28,116,55.38,5,180,5,55.65,4.18,3.37,0,82.09,98.85,1.055,98.89,Website,West,13780.21
REC000859,2025-10-09,100.65,881,637,5.02,86.45,112,52.5,0,181,13,66.35,4.5,4.78,1,78.19,87.59,0.892,96.43,Website,West,9941.44
REC001257,2025-10-09,125.78,858,675,3.63,25.23,108,43.6,5,182,2,67.53,4.85,3.23,2,91.3,92.24,1.169,108.95,Mobile App,Central,3691.19
REC000331,2025-10-10,55.08,864,624,5.03,16.07,124,36.95,10,194,6,74.63,3.87,10.17,2,91.2,113.85,0.939,93.58,Website,East,2233.83
REC003957,2025-10-10,261.99,878,625,3.29,55.47,110,33.79,10,183,11,46.15,5.0,1.38,2,99.71,85.25,1.337,101.12,Website,South,11085.65
REC000085,2025-10-10,150.05,892,584,2.06,60.31,133,27.42,25,188,13,63.07,3.78,10.59,3,81.19,99.68,1.089,103.93,Mobile App,South,8958.72
REC004875,2025-10-10,429.46,867,622,5.36,84.64,103,22.44,20,173,4,63.33,4.08,6.21,3,94.18,89.01,1.311,97.31,Website,Central,14210.81
REC005383,2025-10-10,155.96,800,653,4.53,30.34,110,38.3,10,202,11,70.01,4.72,7.2,3,88.51,104.32,0.86,94.69,Marketplace,South,2521.89
REC002420,2025-10-10,359.15,869,612,2.39,29.04,118,24.17,10,207,8,75.12,3.93,12.43,2,92.13,111.95,0.926,99.16,Marketplace,South,2892.64
REC001426,2025-10-10,138.33,942,642,5.74,26.76,96,32.41,10,180,0,65.03,3.91,3.74,1,90.92,108.98,1.071,99.78,Marketplace,West,3077.44
REC002509,2025-10-10,133.58,914,684,4.71,85.5,105,42.29,25,199,15,52.94,3.81,7.65,2,95.21,129.34,0.856,101.48,Website,East,11417.71
REC000614,2025-10-11,81.85,899,655,4.48,29.99,115,28.51,10,184,11,82.02,3.07,9.46,0,98.62,106.79,1.155,95.86,Marketplace,North,4165.51
REC004450,2025-10-11,94.76,879,646,5.76,50.84,111,33.24,0,198,10,68.9,3.9,11.3,2,98.3,100.95,0.75,107.17,Website,North,6699.32
REC001927,2025-10-11,107.38,924,678,3.03,37.0,111,45.7,10,175,9,61.34,4.01,5.33,2,92.7,90.98,0.825,104.2,Mobile App,North,4513.14
REC001929,2025-10-12,134.25,927,626,3.8,15.56,106,38.5,15,177,1,52.09,4.09,8.6,1,85.98,97.13,1.268,95.39,Website,North,2262.19
REC002849,2025-10-12,130.58,903,644,6.08,16.33,132,45.16,25,176,8,44.31,4.86,9.46,1,91.66,115.62,0.794,102.3,Website,South,2129.83
REC004997,2025-10-12,106.44,916,628,3.85,19.5,114,39.36,15,181,15,61.42,4.16,9.41,2,100.0,96.32,0.775,98.05,Marketplace,South,2033.83
REC002033,2025-10-12,190.41,887,651,3.16,64.66,105,28.66,20,179,10,53.18,4.43,1.63,2,88.7,92.82,1.062,100.17,Website,East,7796.0
REC002765,2025-10-12,237.38,908,610,2.9,34.95,123,48.91,10,177,0,61.81,3.63,7.16,1,88.87,91.87,1.236,97.69,Website,South,5711.12
REC005387,2025-10-12,127.67,880,659,3.06,100.21,131,26.31,15,190,15,52.69,3.49,11.83,1,88.66,91.79,1.255,94.19,Website,East,17806.84
REC001684,2025-10-13,254.88,868,661,4.91,28.04,129,16.63,20,212,10,41.05,3.67,4.22,2,79.14,91.5,1.165,102.14,Website,South,4062.81
REC000746,2025-10-13,129.16,920,695,2.71,87.34,129,35.05,15,194,2,37.36,3.71,9.48,1,90.72,98.96,1.031,95.72,Marketplace,North,11451.95
REC005093,2025-10-13,130.47,886,646,2.94,49.3,115,24.52,5,185,13,84.71,3.87,0.5,1,100.0,121.4,1.088,97.39,Website,South,6728.02
REC000069,2025-10-13,152.87,866,656,4.35,39.0,110,42.22,10,165,7,56.21,3.4,5.68,1,97.71,111.76,1.06,99.1,Mobile App,South,6704.02
REC004065,2025-10-13,80.65,931,635,2.19,12.55,110,11.76,5,201,9,37.69,5.0,4.13,1,85.03,119.27,0.845,106.59,Mobile App,West,1351.99
REC000172,2025-10-13,216.21,895,612,4.15,74.09,130,62.35,0,186,8,54.47,4.1,4.37,0,100.0,93.82,0.86,101.65,Website,East,10922.7
REC005077,2025-10-14,843.36,893,659,4.85,26.83,125,32.27,10,199,5,52.96,3.32,4.77,0,97.16,97.07,1.143,101.84,Website,South,5594.35
REC002474,2025-10-14,46.75,948,637,4.54,21.34,133,33.83,15,207,4,42.93,3.41,8.07,0,81.0,115.87,1.07,92.18,Website,East,3097.25
REC000037,2025-10-14,363.22,877,654,2.92,30.55,121,50.5,5,185,1,57.86,3.63,12.13,2,100.0,94.24,1.264,105.3,Mobile App,South,6397.51
REC003842,2025-10-14,102.38,907,672,2.1,65.67,128,39.54,0,191,15,55.92,4.59,10.83,2,100.0,96.63,1.328,100.63,Mobile App,North,15369.31
REC000692,2025-10-14,527.71,906,642,2.43,36.41,110,57.42,20,202,2,72.36,3.73,10.11,2,90.14,102.71,1.31,98.17,Website,South,5528.18
REC002590,2025-10-14,247.03,909,661,4.81,44.57,91,32.34,5,174,12,62.21,5.0,6.92,0,98.07,92.97,1.248,99.62,Mobile App,Central,6778.1
REC003524,2025-10-15,82.28,941,643,4.57,20.91,104,38.5,10,187,3,72.1,3.63,2.48,1,90.29,106.95,1.042,90.6,Marketplace,North,2408.96
REC005319,2025-10-15,92.99,935,630,3.93,23.24,119,30.71,30,192,11,62.13,3.8,2.81,2,88.07,96.86,1.347,96.3,Website,North,4818.55
REC000535,2025-10-15,59.84,897,661,4.72,27.19,133,38.7,10,179,9,44.82,3.78,9.36,1,89.89,111.4,1.203,96.69,Website,Central,5244.13
REC001748,2025-10-15,178.68,934,684,3.4,38.6,125,42.79,20,175,12,64.97,3.64,6.05,2,88.5,97.02,0.807,99.7,Marketplace,Central,4247.64
REC002095,2025-10-15,826.97,871,630,3.45,54.4,106,22.47,15,192,7,58.67,5.0,12.1,0,87.75,107.17,0.788,102.12,Website,North,4634.1
REC004731,2025-10-16,48.65,837,579,2.39,26.78,108,49.33,25,171,6,53.8,3.78,14.03,1,88.21,116.53,1.105,93.95,Marketplace,North,3544.1
REC001032,2025-10-16,123.36,940,596,3.51,25.94,135,45.57,10,217,10,49.67,3.8,2.02,1,87.31,86.67,1.308,109.14,Marketplace,East,4501.62
REC004722,2025-10-17,90.83,860,628,4.4,15.37,118,42.38,15,208,2,34.83,3.94,7.51,3,93.07,96.45,1.039,96.64,Mobile App,East,2330.99
REC002586,2025-10-17,186.79,895,626,3.03,30.39,117,32.97,10,205,15,57.99,3.1,6.89,2,90.73,97.85,0.877,94.82,Website,West,3454.32
REC001634,2025-10-17,147.21,875,637,5.24,37.64,111,49.45,5,189,11,49.84,3.53,6.66,3,94.17,121.15,0.999,98.64,Marketplace,South,4737.75
REC004386,2025-10-17,144.54,923,658,3.46,7.64,122,46.9,10,222,10,29.87,3.46,9.74,0,98.09,104.34,1.012,103.2,Marketplace,South,1145.1
REC004349,2025-10-17,110.79,889,677,3.93,78.45,101,45.37,25,208,6,46.97,4.5,10.15,2,88.58,94.2,1.256,99.38,Website,North,11976.42
REC003614,2025-10-17,545.82,868,638,3.34,100.08,103,57.18,5,187,6,55.28,3.68,9.74,1,89.8,109.09,0.939,96.07,Marketplace,West,11974.04
REC002087,2025-10-18,152.92,877,634,4.16,25.97,109,60.75,10,179,12,48.75,4.64,8.53,1,100.0,105.33,1.183,91.64,Mobile App,South,4842.95
REC001046,2025-10-18,118.54,940,661,3.42,54.45,123,58.99,0,201,7,55.02,4.22,10.88,2,100.0,127.1,1.265,89.83,Mobile App,Central,11011.46
REC005802,2025-10-18,213.2,883,607,4.63,53.04,112,31.51,10,189,4,51.22,4.25,4.89,0,87.42,99.8,1.331,101.7,Website,Central,9592.73
REC001806,2025-10-18,663.96,898,685,3.47,51.36,106,59.0,25,195,15,76.57,4.35,4.15,1,84.46,101.88,1.146,97.01,Marketplace,North,7490.28
REC002436,2025-10-19,49.67,893,656,4.93,38.49,123,21.22,25,170,8,38.62,4.82,4.84,1,90.29,97.51,1.293,103.36,Website,West,6676.17
REC001410,2025-10-19,236.54,864,651,3.61,42.7,119,31.85,25,185,15,58.77,3.53,1.6,3,84.29,94.52,1.226,102.98,Mobile App,North,7910.62
REC002070,2025-10-19,263.12,950,634,4.49,50.15,108,21.23,20,171,13,50.23,4.5,4.77,1,87.41,111.42,0.825,100.46,Mobile App,East,6179.13
REC003963,2025-10-20,60.84,893,702,3.3,59.28,101,26.17,10,186,15,67.82,3.79,1.57,1,100.0,97.7,1.313,109.32,Mobile App,South,10762.2
REC004239,2025-10-20,254.22,957,695,2.36,25.33,112,44.2,0,186,5,51.66,3.14,5.01,2,82.68,94.18,0.757,92.12,Marketplace,East,2018.29
REC000133,2025-10-20,97.46,883,661,4.5,49.42,118,45.39,20,195,12,35.48,3.86,17.31,2,97.62,99.09,1.238,85.25,Website,North,8731.32
REC005825,2025-10-20,192.81,885,664,3.71,56.3,109,27.9,20,172,1,81.34,4.14,4.76,3,84.27,81.59,1.323,97.08,Website,Central,9075.29
REC000057,2025-10-21,126.77,962,622,3.38,46.8,127,19.29,30,183,15,59.88,3.06,5.96,2,94.41,97.87,0.84,99.07,Website,East,5191.27
REC000001,2025-10-21,82.91,893,672,4.55,65.98,120,34.77,20,203,11,34.01,3.82,5.76,2,85.31,95.24,0.796,91.23,Marketplace,West,7714.65
REC001584,2025-10-21,79.55,883,621,1.02,28.96,117,50.56,25,167,14,41.16,4.56,0.5,2,87.46,121.89,0.92,92.09,Marketplace,East,2605.92
REC000825,2025-10-21,474.04,840,621,3.69,28.39,117,36.28,15,184,2,67.63,4.28,13.01,0,90.53,122.02,1.148,94.4,Website,East,4421.6
REC003904,2025-10-21,52.87,919,704,3.5,55.8,108,22.96,15,153,12,41.65,4.0,9.72,2,100.0,105.62,1.218,104.43,Marketplace,Central,8076.79
REC003684,2025-10-22,317.46,919,728,3.45,90.15,123,57.57,25,168,7,50.8,3.83,3.63,1,91.4,100.3,0.94,94.43,Website,Central,13815.87
REC002124,2025-10-23,152.54,968,649,4.27,41.12,129,35.67,5,179,3,85.32,4.0,4.36,1,94.14,89.52,0.849,98.95,Mobile App,South,5540.07
REC004302,2025-10-23,65.51,899,673,4.47,24.22,112,24.65,15,191,11,39.3,3.91,5.94,2,89.12,98.51,1.114,99.71,Marketplace,West,3541.29
REC002448,2025-10-23,308.01,941,645,4.37,49.91,104,39.55,20,182,5,49.64,5.0,7.51,2,99.06,109.3,1.256,98.72,Mobile App,North,9836.22
REC001621,2025-10-24,214.16,899,632,4.11,45.59,136,13.75,5,188,9,66.21,3.63,10.59,3,100.0,103.11,1.05,104.76,Website,East,8614.42
REC004674,2025-10-24,368.98,854,670,3.98,21.17,122,28.9,0,173,2,67.58,4.27,11.68,1,82.23,124.32,0.995,100.7,Website,Central,2523.31
REC000821,2025-10-24,105.56,861,656,5.31,38.91,107,42.97,10,168,9,68.9,3.38,6.86,0,93.76,101.44,1.169,103.26,Mobile App,East,7610.81
REC005323,2025-10-24,91.64,876,634,2.66,64.45,122,29.19,10,203,12,82.18,4.02,6.78,0,93.9,118.72,0.987,97.05,Website,East,9689.54
REC001047,2025-10-25,223.75,891,628,4.27,41.81,111,38.39,25,176,10,54.11,4.11,3.03,2,94.87,73.46,0.769,95.58,Mobile App,Central,4287.36
REC004117,2025-10-25,129.39,871,594,3.95,54.46,105,39.57,15,185,6,33.23,5.0,8.62,1,92.46,114.95,0.877,107.41,Mobile App,North,7192.33
REC001467,2025-10-25,497.13,897,668,4.37,61.88,113,21.87,20,191,9,73.36,3.14,10.19,0,92.44,118.69,1.12,103.95,Website,North,10463.45
REC000784,2025-10-25,239.66,924,644,3.78,67.87,108,32.11,10,199,4,69.11,3.38,1.37,3,91.76,88.3,0.946,111.84,Marketplace,North,7522.62
REC002242,2025-10-25,493.42,946,647,3.06,22.37,118,33.43,25,215,6,45.94,3.43,4.18,1,93.73,89.18,1.225,102.04,Website,East,3540.15
REC001696,2025-10-25,101.95,906,682,3.51,38.0,108,73.22,25,166,2,48.6,4.89,6.51,3,93.05,85.13,0.982,96.65,Website,West,4987.62
REC003332,2025-10-25,94.13,861,608,4.5,49.77,99,35.43,20,207,10,54.26,4.93,7.35,0,94.82,105.96,1.174,94.1,Website,Central,6937.92
REC004448,2025-10-26,312.09,897,640,4.97,32.44,108,23.91,10,172,11,54.82,4.77,10.2,0,88.84,82.16,1.165,104.66,Website,North,4664.69
REC005433,2025-10-26,430.79,883,624,4.59,50.52,124,46.66,5,203,7,47.8,3.67,9.78,0,100.0,88.45,1.173,100.8,Website,East,11120.96
REC004732,2025-10-27,639.82,927,656,2.78,43.89,98,34.01,25,188,15,46.44,5.0,10.87,2,99.78,91.42,1.102,102.92,Mobile App,West,6744.7
REC004234,2025-10-27,46.55,911,610,2.72,27.22,132,42.18,20,228,5,54.73,3.2,4.95,3,86.69,111.2,1.127,94.77,Mobile App,East,4770.79
REC000828,2025-10-27,372.56,870,618,4.24,43.08,106,54.71,20,176,11,48.22,3.12,3.35,3,93.58,104.99,1.098,106.27,Mobile App,North,7483.67
REC005127,2025-10-27,664.62,914,650,4.26,92.59,127,43.84,20,180,8,62.85,4.37,6.94,1,98.37,78.1,0.816,93.42,Mobile App,Central,13803.85
REC003452,2025-10-27,288.8,894,597,5.41,99.88,105,42.06,10,183,8,74.44,4.08,0.85,3,92.04,91.03,0.895,107.82,Mobile App,South,13484.75
REC003418,2025-10-28,85.05,964,634,2.26,124.41,140,74.22,10,179,14,58.88,4.45,8.72,0,88.97,86.8,1.308,96.51,Mobile App,West,29147.96
REC005265,2025-10-28,125.91,944,661,4.76,93.32,121,19.36,10,198,12,51.03,4.67,11.95,1,82.2,94.88,0.919,99.1,Website,East,11957.34
REC000948,2025-10-28,37.97,849,615,1.87,49.3,98,21.26,20,198,7,55.91,4.84,0.5,1,89.87,88.0,1.183,99.61,Mobile App,Central,5974.09
REC001711,2025-10-28,267.21,904,614,2.35,35.2,118,51.31,0,166,10,56.38,3.72,2.77,3,93.12,106.03,0.884,100.37,Marketplace,North,4388.67
REC002494,2025-10-29,313.68,890,657,2.85,46.08,92,31.28,10,184,13,60.53,3.87,1.82,1,90.73,84.92,0.823,95.64,Website,East,3699.48
REC004637,2025-10-29,86.72,890,597,3.37,25.92,103,38.75,20,187,13,56.48,4.01,2.82,3,88.21,90.37,1.31,101.93,Mobile App,East,4724.74
REC004158,2025-10-29,243.3,897,648,4.66,20.78,111,29.07,15,193,3,66.03,4.73,6.34,2,85.2,115.99,1.125,101.1,Mobile App,Central,3069.36
REC000619,2025-10-30,197.89,910,639,4.32,24.38,126,40.04,25,204,9,47.4,4.3,10.39,0,89.02,81.75,0.843,91.92,Website,Central,3150.86
REC004758,2025-10-30,179.74,867,686,3.73,88.16,121,34.86,20,199,5,43.83,4.18,8.91,2,93.51,99.74,1.319,106.2,Website,South,15971.28
REC004612,2025-10-30,76.08,938,663,4.62,36.37,100,28.69,10,164,8,57.71,3.64,8.23,0,85.7,116.79,1.121,96.86,Website,East,4948.86
REC002492,2025-10-30,174.61,909,640,4.94,29.05,118,35.43,15,208,3,32.75,3.67,9.26,1,88.73,112.88,0.787,99.22,Mobile App,South,3400.88
REC002625,2025-10-30,253.75,874,648,2.9,46.69,95,16.04,10,198,14,47.54,3.93,7.74,2,89.1,85.21,0.774,100.29,Website,South,3496.3
REC003480,2025-10-31,280.33,915,653,4.98,31.24,97,37.92,20,179,5,46.07,4.04,9.86,2,96.88,96.88,1.182,96.21,Website,West,4518.89
REC001292,2025-10-31,240.1,913,645,3.96,29.72,128,39.16,10,192,14,37.61,3.93,4.35,2,86.67,105.36,0.899,95.26,Mobile App,Central,4028.49
REC002023,2025-10-31,130.18,919,667,1.96,43.83,119,42.23,20,198,11,69.12,3.94,7.34,0,81.63,97.75,0.966,92.83,Website,East,5237.97
REC005529,2025-10-31,74.22,884,634,3.9,92.75,129,16.06,30,201,2,54.08,2.99,9.2,1,87.96,94.35,1.072,99.67,Marketplace,South,12615.43
REC005771,2025-10-31,118.95,831,659,4.77,44.84,121,52.74,15,199,10,47.25,3.79,4.48,0,87.13,106.13,0.835,105.66,Website,East,5748.01
REC003469,2025-11-01,110.13,907,647,1.39,39.63,130,69.12,0,186,0,52.83,2.86,13.12,0,81.9,118.94,1.087,106.68,Website,East,5829.93
REC003671,2025-11-01,222.66,906,631,3.49,192.46,142,50.94,10,178,9,57.52,3.66,4.71,2,76.43,83.25,1.304,95.41,Mobile App,East,39450.76
REC004662,2025-11-01,197.42,917,665,3.39,100.6,113,24.78,15,206,4,36.26,3.55,0.62,3,97.52,81.12,1.048,89.79,Mobile App,West,16172.29
REC002281,2025-11-01,93.93,881,673,4.73,56.83,107,19.16,5,214,6,46.02,4.59,9.13,1,96.62,102.0,1.173,95.33,Mobile App,West,9791.49
REC002385,2025-11-01,259.6,826,675,3.62,23.55,122,29.49,10,194,1,65.61,3.64,7.31,1,96.14,101.36,1.018,94.85,Website,East,3768.03
REC003574,2025-11-02,151.2,893,669,5.3,61.21,116,40.82,20,176,8,60.02,4.0,5.91,2,90.91,95.24,1.161,97.05,Mobile App,Central,9282.81
REC002673,2025-11-02,188.86,879,628,4.15,53.94,115,23.31,10,195,12,44.74,2.8,9.0,1,89.11,109.22,0.867,96.7,Website,North,6574.02
REC001492,2025-11-02,439.79,898,646,5.67,30.44,109,18.76,5,188,15,73.06,4.04,12.99,1,78.56,98.44,1.314,98.23,Mobile App,South,4961.58
REC005862,2025-11-02,257.38,929,649,1.15,11.78,106,50.26,5,168,2,52.28,2.89,12.17,2,82.96,109.01,1.098,98.64,Website,East,1389.29
REC000447,2025-11-02,121.34,910,653,2.86,80.22,107,42.47,20,185,8,47.41,4.47,8.37,1,85.09,95.25,0.817,105.64,Mobile App,West,8114.6
REC000719,2025-11-02,100.02,915,614,3.44,26.29,117,18.01,25,202,3,67.58,3.4,4.37,0,74.2,108.97,1.255,95.17,Website,Central,3371.91
REC000138,2025-11-02,179.23,887,628,5.71,43.63,97,34.9,5,197,10,71.9,5.0,8.43,1,94.63,83.33,0.76,101.87,Website,West,4520.24
REC002401,2025-11-03,122.46,921,609,5.08,21.67,110,49.17,15,202,9,75.08,4.5,8.91,2,93.42,111.49,1.204,100.89,Website,West,3657.88
REC004594,2025-11-03,52.15,893,642,4.51,26.56,118,43.19,5,184,0,54.01,4.72,10.64,0,78.65,102.99,1.337,102.77,Mobile App,South,4741.9
REC005480,2025-11-03,65.64,915,628,3.38,47.14,108,43.78,0,190,15,72.14,4.23,6.97,5,100.0,106.15,0.805,104.79,Mobile App,South,4415.26
REC002280,2025-11-03,216.12,920,638,4.87,25.55,103,30.42,15,169,7,62.91,4.27,5.16,2,81.8,107.83,1.057,99.75,Mobile App,Central,3443.8
REC002934,2025-11-03,47.77,856,599,4.18,59.88,128,58.08,15,212,8,60.08,4.31,5.63,0,86.28,102.92,1.063,103.04,Website,East,9412.68
REC001443,2025-11-04,58.6,912,647,5.0,51.54,116,39.58,20,187,10,75.31,3.92,6.48,2,96.79,90.94,1.081,96.46,Website,South,7328.08
REC005140,2025-11-04,155.97,882,635,4.41,64.91,106,43.2,15,192,11,68.36,4.01,9.59,2,100.0,100.44,1.298,97.21,Marketplace,Central,10185.7
REC003747,2025-11-04,177.12,922,646,3.99,58.17,106,43.66,5,217,0,68.9,4.32,2.27,2,80.18,110.22,1.119,91.64,Website,South,7795.55
REC002969,2025-11-04,90.07,895,620,3.3,18.93,110,39.92,15,172,9,56.38,4.63,4.3,1,92.36,79.85,1.105,108.24,Website,East,2812.69
REC003383,2025-11-04,101.88,880,588,2.55,43.57,114,32.59,15,221,7,63.15,4.09,4.8,2,87.92,96.72,1.248,101.74,Website,North,6972.22
REC002369,2025-11-04,143.25,894,651,2.37,30.3,115,46.22,5,204,2,47.42,3.91,7.86,1,78.7,103.11,1.028,95.81,Mobile App,East,3753.16
REC000887,2025-11-04,490.27,917,607,3.96,69.48,126,40.38,10,204,9,59.61,3.79,4.62,0,85.16,125.99,0.851,102.86,Website,West,9478.62
REC000714,2025-11-04,103.73,918,608,4.09,40.71,103,52.71,15,177,11,63.47,5.0,10.62,1,100.0,84.33,0.847,98.68,Marketplace,West,4686.54
REC005821,2025-11-05,166.23,898,630,4.6,52.71,119,38.22,5,189,1,41.13,2.92,2.85,1,100.0,97.14,1.281,96.97,Mobile App,North,12819.47
REC001345,2025-11-05,53.54,876,684,3.76,35.36,107,49.0,5,217,9,49.07,4.7,11.25,2,98.69,116.97,1.094,104.96,Website,West,5855.48
REC001414,2025-11-05,197.58,877,634,2.79,122.48,100,48.32,10,182,0,39.29,3.8,10.89,2,83.3,81.7,0.796,96.67,Website,West,12149.73
REC003498,2025-11-06,256.02,857,609,2.52,221.75,110,50.49,10,223,5,62.03,4.01,11.48,1,90.14,90.93,0.888,106.47,Website,North,24477.87
REC002881,2025-11-07,168.02,872,627,5.14,18.19,109,58.5,15,203,13,44.68,3.75,11.53,3,100.0,111.57,1.024,90.33,Website,East,3058.86
REC000606,2025-11-07,147.45,915,658,6.63,25.15,112,52.94,20,172,9,73.47,3.48,11.2,4,91.86,88.61,0.894,97.61,Mobile App,West,3712.72
REC000002,2025-11-07,112.01,944,673,3.59,24.01,109,59.04,0,220,1,48.42,3.62,8.43,2,100.0,107.21,0.811,100.6,Mobile App,Central,3139.78
REC000871,2025-11-07,167.49,908,658,3.69,23.85,106,24.63,5,185,10,71.66,4.23,8.95,2,86.07,101.97,0.948,95.64,Website,East,2561.93
REC003676,2025-11-08,68.71,853,653,2.8,44.26,103,39.88,5,181,9,39.35,3.84,6.81,2,76.7,82.23,1.182,101.73,Website,South,5248.42
REC003696,2025-11-08,454.52,874,674,3.71,18.97,114,47.16,5,188,7,63.61,3.28,9.04,1,94.24,87.08,0.764,95.35,Marketplace,Central,1716.53
REC005123,2025-11-08,286.37,919,622,2.94,46.06,133,49.18,0,208,14,46.91,4.08,13.55,0,91.94,90.34,0.967,96.48,Website,South,7582.32
REC002629,2025-11-09,82.21,851,604,2.98,23.39,131,43.57,5,203,2,45.05,4.19,2.34,2,79.56,106.43,1.263,96.79,Website,North,4466.61
REC002960,2025-11-09,201.44,916,689,4.03,17.92,111,41.04,30,173,11,57.18,4.83,1.81,4,93.18,82.6,1.024,100.88,Marketplace,South,2239.3
REC005994,2025-11-09,387.59,874,620,4.44,39.19,129,40.62,15,216,14,38.92,4.84,9.21,0,98.28,90.42,1.197,94.97,Website,West,9278.88
REC001957,2025-11-09,150.84,919,637,3.76,43.5,98,48.63,10,213,15,67.66,4.51,10.26,2,85.71,102.21,1.269,99.39,Mobile App,North,6600.77
REC000120,2025-11-10,171.91,950,655,4.05,62.77,123,58.75,10,183,2,55.24,4.31,1.9,0,94.77,101.16,0.907,94.42,Website,Central,9226.7
REC001340,2025-11-10,166.22,904,618,3.38,50.02,117,37.8,5,194,7,70.35,4.14,5.67,1,97.11,70.0,0.827,96.35,Mobile App,East,7392.56
REC000285,2025-11-10,62.01,852,628,2.75,16.66,129,34.44,10,216,8,43.81,4.29,3.86,2,92.03,91.16,0.819,99.26,Marketplace,West,1987.52
REC005979,2025-11-10,137.48,925,621,3.83,71.66,122,52.19,15,149,11,69.86,4.07,10.88,3,89.78,110.13,1.203,99.73,Marketplace,South,11071.19
REC005453,2025-11-11,144.09,883,647,3.71,44.82,109,8.0,20,191,3,60.09,3.86,5.07,1,100.0,109.3,1.166,96.07,Website,North,6131.04
REC001109,2025-11-11,163.74,943,650,4.02,40.22,120,42.96,20,190,6,49.55,3.06,13.37,2,97.65,87.88,1.041,102.9,Marketplace,South,5428.94
REC000556,2025-11-11,150.07,880,639,1.47,47.13,130,52.08,10,179,11,56.49,4.65,10.02,2,100.0,114.17,0.924,99.04,Marketplace,South,6196.89
REC004017,2025-11-11,533.18,936,685,3.33,53.92,110,48.16,10,167,5,71.46,4.01,10.9,1,97.22,85.76,1.258,92.95,Marketplace,East,9679.47
REC000445,2025-11-11,107.78,883,636,4.67,36.14,123,34.97,25,208,1,35.0,2.9,14.34,3,88.11,99.65,0.833,101.13,Mobile App,West,4810.37
REC004788,2025-11-11,329.45,878,622,4.26,32.48,116,54.02,20,186,10,60.71,4.31,18.14,1,86.07,73.08,1.347,99.6,Website,Central,6055.15
REC001148,2025-11-11,98.84,909,636,3.08,13.61,107,35.7,5,186,8,59.63,4.29,0.5,2,86.53,99.42,1.263,91.03,Mobile App,South,1792.0
REC002707,2025-11-11,113.52,931,601,3.65,27.71,120,44.05,10,200,11,83.34,5.0,8.73,1,91.17,115.96,1.274,97.71,Website,West,4767.41
REC003975,2025-11-12,121.94,904,626,3.52,49.08,100,48.17,0,186,2,67.29,4.44,6.11,0,93.27,93.19,0.772,96.05,Mobile App,North,4648.64
REC005280,2025-11-12,148.16,875,597,4.82,34.84,117,24.42,5,202,13,29.45,3.78,3.57,3,91.92,99.68,1.155,103.63,Website,North,6255.4
REC003089,2025-11-12,95.07,906,653,3.56,19.57,124,33.99,15,193,15,62.5,4.27,5.15,3,93.4,111.59,1.118,84.95,Mobile App,East,3765.95
REC004007,2025-11-13,127.72,942,622,6.32,41.77,128,41.65,30,193,3,42.11,4.75,12.06,1,98.26,103.78,1.127,93.82,Website,South,8670.39
REC004041,2025-11-13,138.31,892,645,4.22,41.78,116,43.93,15,191,1,61.97,4.2,14.13,0,91.57,88.31,0.994,110.88,Website,East,6564.98
REC003316,2025-11-14,199.74,915,649,3.27,35.15,118,27.76,5,215,9,71.37,3.96,5.26,1,84.13,102.52,1.304,93.44,Website,South,5545.51
REC005770,2025-11-15,114.26,888,619,3.45,46.51,134,25.47,10,201,4,70.12,2.62,10.01,2,90.06,101.54,1.239,100.25,Website,East,9362.76
REC002806,2025-11-15,183.56,856,642,5.07,46.27,114,43.35,15,189,14,46.82,4.16,13.0,3,97.73,83.98,1.081,95.47,Marketplace,West,7862.13
REC003281,2025-11-15,203.9,901,617,3.62,99.86,100,36.27,10,197,8,34.04,4.31,8.0,1,87.16,113.49,0.923,101.79,Website,Central,10635.54
REC005283,2025-11-16,38.24,898,637,4.82,56.82,121,25.69,25,172,12,59.44,4.6,6.67,1,100.0,105.11,0.883,91.48,Mobile App,West,8318.04
REC005461,2025-11-16,190.78,923,648,3.81,21.95,126,57.94,20,184,12,58.65,2.92,13.27,2,83.53,99.32,1.238,101.43,Mobile App,North,3742.28
REC003236,2025-11-16,189.57,863,676,3.71,22.03,119,44.68,5,179,14,56.19,3.24,5.73,1,92.57,98.93,1.089,100.06,Website,West,3794.05
REC000387,2025-11-16,100.98,914,650,3.23,67.13,107,11.83,0,180,12,67.89,3.69,6.17,1,89.22,100.96,1.0,106.42,Mobile App,Central,8505.75
REC002614,2025-11-16,229.03,863,623,3.78,43.65,105,32.53,25,166,10,66.28,4.75,10.44,0,89.53,103.64,1.171,104.72,Website,North,6484.85
REC004245,2025-11-16,267.6,909,595,6.14,46.33,128,46.82,5,162,3,59.57,3.73,6.94,1,86.33,85.8,1.087,93.88,Website,North,8055.87
REC002667,2025-11-17,190.2,925,693,6.85,36.24,120,17.2,25,189,6,29.01,3.4,5.77,0,100.0,105.74,0.964,95.07,Website,East,5967.93
REC005381,2025-11-17,160.9,898,627,5.52,65.21,118,43.27,5,179,15,53.54,4.17,8.17,0,99.43,110.02,1.323,99.89,Website,West,14890.37
REC005674,2025-11-17,138.02,935,605,5.1,40.26,116,16.58,20,191,7,74.08,5.0,3.97,2,92.75,103.26,0.801,90.52,Website,West,4277.55
REC003308,2025-11-17,143.22,869,656,4.91,66.88,105,33.11,15,163,5,57.37,4.27,6.03,4,80.52,82.65,0.946,99.49,Marketplace,North,6365.12
REC003860,2025-11-17,130.61,834,641,2.4,19.54,120,36.22,15,170,6,64.61,4.32,6.84,1,100.0,102.27,1.113,101.56,Website,East,3081.76
REC000768,2025-11-18,84.93,914,648,4.62,95.04,125,19.14,15,190,2,55.24,4.12,4.61,1,95.63,87.63,0.898,108.69,Website,East,13943.06
REC000216,2025-11-18,197.65,909,670,4.67,42.98,140,30.55,15,184,9,48.73,4.7,8.68,2,100.0,97.62,0.866,104.33,Website,East,5975.46
REC001511,2025-11-18,142.7,951,608,2.31,55.91,98,33.96,5,190,5,58.09,3.22,8.91,2,89.66,97.42,0.917,97.93,Website,East,6075.04
REC000810,2025-11-18,121.26,947,577,5.7,9.49,117,31.17,10,151,14,63.96,3.71,6.82,1,96.77,119.64,1.268,93.6,Website,North,2115.42
REC004655,2025-11-18,273.44,886,642,2.0,32.85,117,21.6,10,204,6,52.51,3.58,14.22,2,100.0,112.07,0.939,97.8,Mobile App,North,4693.32
REC000049,2025-11-19,206.07,884,637,4.97,39.96,124,23.49,10,214,12,71.84,3.41,6.01,3,83.33,94.76,1.068,97.68,Website,Central,5898.49
REC002407,2025-11-19,218.15,987,580,5.08,51.98,120,38.71,0,212,8,46.21,4.54,9.06,0,97.63,87.84,0.929,104.86,Marketplace,North,6730.95
REC004837,2025-11-19,99.67,918,636,4.0,54.54,113,22.7,30,181,0,42.62,4.33,3.9,2,85.29,79.03,0.892,103.82,Website,Central,6341.78
REC003949,2025-11-19,64.16,990,642,4.19,54.25,101,60.51,0,182,7,72.68,4.18,6.91,2,95.71,112.85,1.068,95.32,Website,Central,6887.55
REC004782,2025-11-19,72.31,880,631,3.43,30.76,123,37.34,15,202,5,51.59,2.66,10.98,0,83.38,80.58,0.883,94.89,Website,West,3544.03
REC002683,2025-11-19,216.08,917,613,3.99,37.86,120,42.16,0,191,5,47.56,3.14,0.5,0,94.94,98.08,1.005,97.91,Website,Central,6145.9
REC003169,2025-11-20,265.14,909,670,3.26,41.23,126,43.7,5,198,12,66.47,4.08,7.77,2,85.35,114.51,0.784,99.96,Mobile App,North,4554.98
REC003103,2025-11-20,253.73,903,639,2.41,50.65,110,51.95,10,208,15,55.59,5.0,2.72,5,77.81,92.1,1.344,90.36,Website,North,6724.08
REC005764,2025-11-20,70.57,907,650,4.76,50.29,122,29.11,25,199,2,63.3,2.64,13.09,0,88.23,120.81,1.108,105.31,Website,East,7930.08
REC004860,2025-11-20,101.47,867,639,5.51,46.26,104,31.86,5,188,9,59.37,3.28,1.66,2,97.66,92.68,0.949,91.11,Mobile App,East,6756.96
REC003157,2025-11-20,137.28,868,649,2.61,56.81,118,42.24,25,184,0,43.12,3.8,8.46,0,81.28,89.74,1.232,103.69,Website,East,9874.96
REC000802,2025-11-20,396.67,895,684,1.98,82.17,102,36.86,5,197,11,70.17,3.69,7.77,0,95.25,81.96,1.022,104.73,Website,West,11077.02
REC001132,2025-11-22,32.69,940,605,4.92,48.79,111,15.47,0,181,8,41.77,4.32,11.81,1,96.41,92.06,1.296,95.3,Mobile App,Central,10015.05
REC003099,2025-11-22,93.66,887,629,1.81,34.57,107,41.68,15,178,1,67.32,4.05,8.3,3,96.27,104.11,1.067,106.01,Website,Central,4061.03
REC000853,2025-11-22,175.82,897,682,2.31,33.55,127,32.23,0,184,12,41.61,3.29,3.01,0,88.47,104.58,0.821,101.84,Website,North,3950.86
REC000713,2025-11-22,142.4,859,647,3.15,16.11,116,41.89,5,175,15,71.42,3.98,9.01,1,93.38,83.47,0.985,94.07,Mobile App,Central,2628.43
REC004748,2025-11-23,281.85,906,630,4.16,76.17,107,50.99,0,210,2,67.15,4.25,13.7,2,89.46,88.81,0.776,95.5,Marketplace,Central,6755.47
REC001078,2025-11-23,93.24,913,664,2.72,68.18,104,55.34,0,185,11,71.65,4.63,8.59,0,93.08,92.42,0.755,91.48,Mobile App,South,6631.12
REC003825,2025-11-23,73.74,874,656,2.35,52.81,92,44.22,10,185,5,71.42,4.27,7.14,3,94.45,95.13,0.957,89.85,Mobile App,East,6025.97
REC004913,2025-11-23,168.3,839,672,1.23,28.42,107,35.72,0,205,10,58.11,4.68,5.48,1,89.59,92.55,0.762,109.98,Marketplace,Central,2517.44
REC001464,2025-11-23,255.6,879,585,4.46,54.74,112,38.65,10,201,10,54.19,3.59,9.52,2,88.6,106.32,1.067,105.83,Marketplace,South,6070.94
REC002247,2025-11-24,48.8,938,636,3.75,65.08,108,38.63,5,171,15,73.42,3.67,6.39,0,91.52,108.46,0.843,104.72,Mobile App,Central,6966.92
REC002663,2025-11-24,125.01,912,645,2.78,29.87,119,35.13,0,190,6,48.65,4.04,7.23,1,79.87,103.08,1.184,96.12,Mobile App,Central,4620.98
REC004273,2025-11-24,188.87,908,642,4.25,101.22,118,75.0,15,199,13,53.01,4.56,10.89,4,99.3,122.99,0.761,93.21,Mobile App,North,15400.81
REC005198,2025-11-25,162.13,913,610,5.18,11.99,99,44.74,25,176,13,35.47,2.68,12.57,2,99.4,96.57,0.838,97.87,Website,Central,1269.35
REC001201,2025-11-25,107.75,918,685,4.47,88.16,120,27.55,10,203,5,60.38,3.49,12.92,1,82.34,114.73,0.878,90.26,Website,North,11020.13
REC000329,2025-11-25,208.27,888,645,3.44,68.6,120,50.71,10,190,14,61.88,4.66,13.72,2,98.95,96.1,0.79,96.05,Marketplace,South,7781.07
REC000438,2025-11-26,73.92,924,651,2.7,40.58,127,62.19,15,176,5,59.18,3.39,10.64,3,100.0,97.56,0.796,97.74,Mobile App,North,6648.37
REC001990,2025-11-26,271.09,874,632,3.41,62.92,113,44.91,0,201,2,60.65,4.0,6.32,0,100.0,93.97,1.282,99.76,Marketplace,Central,11431.08
REC000543,2025-11-26,143.35,931,652,3.7,25.65,126,31.87,10,186,12,53.42,4.64,2.92,2,87.94,84.94,0.873,106.94,Mobile App,Central,3755.62
REC004897,2025-11-26,306.16,898,662,4.78,147.94,114,24.75,5,190,15,46.72,4.8,8.92,0,99.87,100.03,1.199,103.81,Marketplace,West,29084.92
REC004588,2025-11-26,511.15,886,627,2.59,35.73,100,51.07,20,202,8,50.03,4.16,8.68,1,89.83,97.08,1.192,91.0,Website,West,5515.11
REC000102,2025-11-26,74.42,868,635,2.29,29.39,122,43.03,25,181,12,83.04,4.39,9.48,5,95.29,95.88,1.219,103.87,Marketplace,South,4261.9
REC004250,2025-11-27,205.41,943,719,4.28,17.35,128,44.62,10,193,7,72.9,3.11,12.42,1,91.56,93.95,0.869,100.44,Website,East,2655.37
REC004720,2025-11-27,225.03,913,655,3.64,45.75,103,29.02,20,165,0,50.59,3.56,8.9,3,88.55,121.32,0.935,95.08,Website,West,5739.15
REC001493,2025-11-27,100.38,856,627,4.42,35.97,119,37.78,0,185,5,71.31,4.09,9.97,3,92.45,103.77,0.863,97.03,Marketplace,North,4227.01
REC000399,2025-11-28,200.25,945,654,2.88,22.86,116,52.76,20,182,2,62.53,4.6,3.7,2,99.08,110.53,1.292,101.29,Marketplace,East,4503.12
REC000349,2025-11-28,125.66,876,634,4.7,34.14,105,47.52,0,186,8,48.27,4.25,1.36,1,100.0,102.27,0.792,102.95,Website,West,4928.17
REC005442,2025-11-28,99.1,894,626,3.99,21.08,106,40.18,10,195,4,55.83,3.98,3.44,1,92.26,106.9,1.144,97.61,Marketplace,Central,2742.94
REC000560,2025-11-28,172.71,909,664,2.27,44.99,124,21.09,20,187,3,40.6,4.52,10.21,2,89.6,98.13,1.152,99.71,Mobile App,Central,6566.56
REC003482,2025-11-28,102.28,887,629,5.79,10.6,99,44.51,0,185,7,51.08,3.43,2.08,3,84.88,92.34,1.07,104.0,Website,North,1527.58
REC002498,2025-11-28,79.45,937,641,5.03,14.9,134,36.6,5,195,0,41.74,4.53,8.32,1,94.95,103.81,1.249,114.32,Mobile App,West,4188.95
REC005159,2025-11-29,94.1,901,654,3.88,19.28,112,28.27,20,185,15,50.18,3.25,5.96,3,82.02,91.76,1.118,97.27,Mobile App,East,2824.27
REC004043,2025-11-29,103.77,866,646,3.9,46.01,107,10.78,20,163,11,85.87,4.32,4.52,1,91.11,105.36,0.834,96.02,Website,West,4898.71
REC000403,2025-11-29,61.66,896,665,2.8,24.51,102,51.18,10,175,2,43.88,3.38,10.83,3,96.11,102.87,1.12,92.61,Mobile App,West,4011.19
REC005089,2025-11-29,158.39,932,680,4.14,31.59,92,26.91,10,202,15,49.25,3.75,10.04,2,93.7,84.9,1.28,88.27,Website,North,4266.85
REC002140,2025-11-30,106.5,853,639,3.1,93.73,116,21.67,25,185,2,67.37,4.09,8.66,2,99.71,104.84,1.153,107.76,Website,East,14683.16
REC000251,2025-11-30,393.8,951,651,3.3,26.1,125,28.68,0,217,10,42.63,3.66,5.34,2,100.0,94.1,1.257,105.16,Website,East,5989.37
REC005568,2025-11-30,197.88,946,643,3.37,56.52,102,52.64,15,181,14,72.06,3.84,7.89,4,86.39,95.45,1.287,101.03,Mobile App,North,9453.27
REC001256,2025-11-30,333.89,925,703,3.98,15.03,110,11.98,10,196,3,61.44,4.25,8.22,0,92.36,96.3,0.753,89.7,Mobile App,West,1593.28
REC005932,2025-11-30,138.88,907,627,3.42,127.98,129,33.69,0,191,14,50.1,4.05,7.26,4,83.16,111.84,0.974,102.91,Website,South,17588.29
REC003268,2025-12-01,126.97,905,667,2.77,19.59,101,40.37,30,191,7,62.58,3.1,11.2,1,88.01,112.24,0.869,100.32,Marketplace,South,1497.14
REC001361,2025-12-02,254.05,851,632,2.5,24.7,94,48.35,10,183,13,35.92,4.55,7.39,0,84.3,86.03,0.93,104.2,Mobile App,East,2825.5
REC004290,2025-12-02,84.75,930,638,4.85,146.4,128,30.99,5,195,0,58.14,3.31,3.45,0,84.77,103.51,1.114,96.54,Mobile App,North,33001.63
REC003062,2025-12-02,461.36,916,661,5.75,40.18,122,45.25,20,204,9,60.69,4.42,10.91,1,78.85,93.38,1.111,95.12,Mobile App,West,7315.29
REC004483,2025-12-02,125.26,888,641,4.59,31.38,117,33.79,25,171,3,41.52,4.73,9.39,1,94.56,87.31,0.805,92.98,Website,East,3664.92
REC000749,2025-12-02,69.45,836,595,3.78,27.94,122,39.73,15,190,8,53.89,3.97,7.99,0,90.57,87.2,1.088,102.28,Website,North,4361.39
REC000734,2025-12-02,215.02,887,635,2.13,47.13,127,61.08,15,213,3,62.68,4.49,7.21,3,90.65,100.65,1.139,100.88,Website,South,9171.34
REC002991,2025-12-02,281.71,842,645,3.52,28.27,110,33.61,25,196,13,48.63,4.25,7.38,0,83.98,85.94,0.973,104.82,Mobile App,Central,3461.42
REC005753,2025-12-02,70.07,879,680,4.2,67.44,102,36.82,15,200,8,57.79,3.51,5.28,0,83.5,89.04,1.19,101.8,Mobile App,South,9245.04
REC005806,2025-12-02,56.78,888,592,4.93,57.02,100,30.9,5,177,12,35.79,3.4,3.21,1,100.0,117.37,1.165,104.38,Mobile App,Central,10407.31
REC004384,2025-12-03,187.08,920,660,2.71,24.91,111,31.54,10,191,15,45.83,4.49,7.42,1,95.1,97.98,1.305,98.53,Mobile App,North,4622.18
REC005029,2025-12-03,49.95,901,651,4.97,26.96,113,57.35,0,195,9,90.0,3.42,6.63,1,90.2,106.81,0.918,110.42,Marketplace,East,3443.39
REC003074,2025-12-03,142.17,916,602,3.02,27.5,111,30.33,10,203,15,50.64,4.34,6.16,0,84.65,103.68,0.814,104.71,Mobile App,West,2987.02
REC003539,2025-12-04,199.95,858,639,3.6,75.3,107,22.43,15,181,11,40.87,4.39,9.54,1,88.55,107.62,1.115,106.07,Website,South,8590.97
REC000116,2025-12-04,54.18,928,661,3.78,37.93,120,31.19,25,178,4,59.13,3.64,9.37,2,100.0,103.81,1.219,98.39,Mobile App,East,6527.83
REC002751,2025-12-04,314.38,835,640,5.41,17.52,122,22.51,0,190,7,47.68,3.61,9.3,1,76.91,85.68,0.947,109.22,Marketplace,South,1819.59
REC000017,2025-12-04,96.04,878,596,4.79,98.7,106,32.53,15,183,3,51.6,4.35,6.44,0,88.83,109.56,1.143,98.09,Mobile App,Central,14524.3
REC005350,2025-12-04,104.16,830,619,3.61,83.94,113,48.35,0,198,12,81.58,3.36,4.78,4,94.16,108.24,0.763,95.69,Mobile App,West,11312.55
REC005010,2025-12-04,49.06,874,686,3.63,9.66,116,39.27,5,217,0,65.88,3.7,2.1,2,90.3,83.48,1.155,101.54,Website,East,1620.35
REC001160,2025-12-04,112.58,899,621,4.83,31.96,110,55.53,10,176,15,64.0,4.99,11.43,1,93.31,107.9,0.754,106.14,Mobile App,South,3853.61
REC000183,2025-12-05,213.29,864,630,5.16,58.78,100,31.44,5,191,9,61.65,3.36,8.98,2,99.59,100.21,1.278,95.44,Website,Central,9949.53
REC003726,2025-12-05,195.82,875,636,2.49,26.71,119,19.26,15,180,2,38.42,5.0,12.06,1,89.04,97.02,1.302,100.86,Mobile App,North,5045.73
REC000466,2025-12-05,71.59,908,658,2.23,35.62,96,33.96,20,177,1,44.56,4.3,9.79,1,86.56,112.88,1.319,100.96,Website,North,5521.59
REC000978,2025-12-06,91.83,866,671,3.35,30.23,122,38.42,10,201,14,61.43,3.82,0.5,4,92.91,112.15,1.245,107.55,Marketplace,Central,4320.67
REC000040,2025-12-06,75.28,836,637,4.27,18.59,100,22.47,20,187,5,58.87,4.31,3.3,0,99.98,76.82,0.964,108.77,Mobile App,Central,2288.27
REC005105,2025-12-07,130.53,902,663,5.4,28.16,121,43.58,5,194,8,40.04,3.83,9.76,2,94.94,107.29,0.879,100.25,Marketplace,Central,3213.17
REC000320,2025-12-08,453.03,887,616,2.56,61.03,108,43.72,25,189,10,55.87,3.23,3.35,4,95.62,70.0,0.932,108.62,Mobile App,South,7637.17
REC004606,2025-12-08,79.42,944,650,3.49,136.2,109,26.44,5,202,1,30.78,3.99,8.71,4,93.12,87.92,1.253,98.12,Website,South,19198.16
REC005345,2025-12-08,160.35,867,674,3.5,48.14,94,61.16,30,167,6,69.34,4.35,9.98,0,81.09,101.61,1.165,101.03,Marketplace,Central,5722.77
REC002450,2025-12-08,209.52,957,664,4.1,100.73,108,47.62,25,172,1,64.35,4.24,10.7,2,78.47,102.75,1.129,96.83,Mobile App,East,14122.53
REC001790,2025-12-08,149.29,870,669,4.21,18.06,116,45.78,15,164,9,54.93,3.91,5.02,2,90.87,106.43,0.792,91.64,Website,West,2018.76
REC001639,2025-12-08,269.94,936,618,3.3,43.29,116,23.61,10,218,12,50.85,4.12,12.74,0,83.74,104.09,0.901,97.21,Website,West,4484.86
REC005638,2025-12-08,665.66,867,660,3.89,24.47,107,36.49,0,183,8,70.68,4.67,7.87,1,82.32,106.12,0.923,105.38,Website,East,2540.09
REC002065,2025-12-08,126.11,881,638,3.58,31.88,120,30.63,30,186,2,51.72,3.94,4.41,1,88.16,110.87,1.222,97.14,Marketplace,East,4824.73
REC000597,2025-12-09,96.05,918,661,2.97,16.84,107,35.58,5,194,4,73.65,3.88,14.0,2,99.43,78.58,0.959,93.78,Marketplace,North,2035.37
REC001719,2025-12-09,189.39,870,638,2.42,25.47,103,42.02,10,196,0,67.47,4.91,14.05,0,88.25,90.11,1.113,93.09,Website,South,3094.27
REC000990,2025-12-09,253.03,872,614,2.92,32.31,118,34.81,15,185,12,60.75,4.69,6.35,1,97.09,81.72,1.249,103.79,Marketplace,Central,5746.61
REC003848,2025-12-09,144.89,926,631,0.97,99.54,127,34.21,15,177,0,56.73,3.46,8.91,0,90.12,114.11,1.191,102.54,Marketplace,South,13838.59
REC000374,2025-12-09,106.65,1002,614,3.97,46.51,109,28.56,15,201,3,41.31,3.06,8.06,3,87.69,93.29,1.276,107.36,Website,East,6249.93
REC001331,2025-12-09,68.81,941,654,3.5,70.52,87,35.31,10,194,10,27.46,4.07,6.42,2,87.86,86.71,0.833,103.55,Marketplace,Central,5551.49
REC004103,2025-12-10,185.45,891,631,2.76,29.85,109,25.82,20,191,0,47.15,3.87,15.93,1,84.98,96.78,0.994,95.96,Website,South,3069.32
REC000573,2025-12-10,133.69,912,671,3.75,24.42,105,31.82,0,221,13,54.95,3.61,2.25,1,90.58,102.89,1.117,101.72,Mobile App,South,3363.57
REC005473,2025-12-10,164.68,909,640,3.77,57.34,100,42.65,10,208,5,72.51,3.32,9.59,4,99.33,94.0,0.769,96.38,Website,North,6057.83
REC001093,2025-12-10,72.69,884,593,3.18,29.01,117,30.01,25,189,3,42.56,3.96,9.44,0,93.72,87.12,1.048,107.58,Mobile App,East,4839.12
REC004702,2025-12-11,339.43,841,684,3.62,36.29,113,34.59,10,198,15,63.78,3.99,4.63,0,90.32,74.32,0.866,109.67,Mobile App,South,4864.38
REC005009,2025-12-11,132.36,900,635,4.28,45.96,126,58.97,15,211,11,46.03,4.69,9.97,3,97.12,112.67,1.145,98.02,Marketplace,South,6974.2
REC004261,2025-12-11,78.95,891,663,4.25,33.45,112,15.03,5,182,4,40.08,4.3,3.58,4,76.44,88.16,0.784,102.3,Mobile App,South,2900.07
REC003592,2025-12-12,103.54,935,656,5.39,26.41,103,35.99,10,185,7,61.15,3.67,10.16,1,83.06,104.84,0.857,104.94,Marketplace,South,2443.87
REC002929,2025-12-12,136.15,916,664,3.06,38.75,129,53.66,20,200,2,58.4,4.94,3.45,2,87.86,98.03,1.138,106.98,Website,Central,6269.03
REC004176,2025-12-12,142.31,904,657,3.99,65.4,124,22.46,20,175,8,40.76,4.22,9.49,2,95.96,88.52,1.343,94.49,Mobile App,West,15969.74
REC001125,2025-12-12,51.3,905,621,5.65,71.84,104,40.02,15,171,1,44.32,4.45,7.0,0,89.24,90.91,1.157,93.64,Mobile App,West,12886.49
REC000047,2025-12-13,193.15,928,608,3.4,23.75,120,35.02,10,209,10,56.54,3.74,7.82,1,100.0,113.92,1.11,101.03,Marketplace,North,3764.3
REC004934,2025-12-13,248.89,855,683,3.16,48.09,103,36.85,5,179,10,62.83,4.8,5.54,2,92.65,93.46,1.051,99.29,Marketplace,Central,5798.69
REC001597,2025-12-13,156.25,967,628,3.64,16.75,100,57.61,25,196,2,55.72,2.87,2.68,2,100.0,108.13,1.059,95.73,Website,West,2735.1
REC005535,2025-12-13,229.77,888,637,3.67,72.07,125,31.41,5,190,14,49.99,4.51,8.57,0,91.33,102.96,1.162,93.52,Website,South,13228.74
REC004644,2025-12-14,519.64,900,609,5.08,66.91,116,20.78,0,189,5,53.35,3.72,3.48,0,87.47,70.0,1.258,93.82,Website,West,12033.48
REC005045,2025-12-14,388.73,880,643,5.78,41.45,115,8.84,20,212,13,59.76,4.25,9.95,1,95.35,93.91,0.907,97.97,Mobile App,South,5570.48
REC000119,2025-12-14,144.01,929,638,4.24,24.72,118,43.38,15,199,11,67.89,3.26,3.9,3,90.36,116.35,1.231,89.45,Mobile App,North,4796.62
REC000854,2025-12-14,131.08,907,599,4.21,39.09,107,8.0,5,179,8,66.63,4.77,5.53,0,85.82,104.26,0.759,95.09,Website,Central,2990.78
REC002618,2025-12-14,340.0,909,643,2.46,38.01,124,32.75,0,186,3,65.09,4.29,8.21,3,78.61,76.34,0.781,96.27,Website,Central,3637.28
REC000288,2025-12-14,48.99,924,683,3.28,99.99,125,42.02,10,184,8,48.25,4.03,2.8,0,95.43,100.14,1.319,97.43,Mobile App,East,24857.0
REC004438,2025-12-14,111.62,867,625,3.4,59.76,110,41.53,15,189,15,49.96,4.42,12.0,3,91.78,82.69,0.997,97.09,Marketplace,North,5977.17
REC004303,2025-12-15,323.86,893,640,1.39,22.3,136,45.51,20,176,1,74.37,4.87,4.68,1,96.25,123.69,1.262,96.09,Website,North,4926.3
REC000942,2025-12-15,717.05,923,598,3.83,29.55,107,36.11,30,180,8,77.98,4.97,4.44,3,72.0,83.14,0.94,102.49,Website,North,2595.62
REC004773,2025-12-15,106.44,960,654,2.02,37.76,104,47.39,5,208,5,80.69,3.32,8.63,3,98.01,93.56,1.283,103.77,Mobile App,South,6169.03
REC005766,2025-12-15,414.47,897,634,2.25,34.35,127,29.16,15,193,6,59.33,4.56,0.74,0,85.42,118.01,0.903,94.25,Mobile App,West,5233.93
REC001033,2025-12-15,278.38,924,642,4.02,37.18,126,37.28,15,181,15,67.18,3.63,12.28,1,98.12,95.2,0.964,100.78,Mobile App,South,6377.84
REC003645,2025-12-17,197.59,886,630,2.43,22.56,113,45.84,5,205,0,62.71,3.82,15.26,2,100.0,102.41,0.805,93.42,Mobile App,Central,2953.12
REC002231,2025-12-17,85.78,924,642,4.46,18.61,114,49.89,15,185,1,32.97,4.04,12.62,0,81.3,101.73,1.254,100.68,Website,North,3202.0
REC001396,2025-12-18,223.69,898,694,4.6,42.32,118,56.88,5,184,10,60.03,3.52,4.57,3,99.56,87.5,1.35,106.62,Website,Central,9797.5
REC003900,2025-12-18,133.29,866,660,4.41,43.96,97,55.35,0,183,0,62.96,3.88,5.63,1,85.3,95.3,0.76,99.45,Mobile App,East,3908.81
REC001594,2025-12-18,137.39,889,609,4.77,72.65,127,50.17,5,181,7,45.53,4.51,7.4,3,99.84,113.4,0.984,99.89,Website,North,12454.91
REC005410,2025-12-18,284.22,895,610,4.44,43.0,108,26.6,25,224,4,37.71,3.87,3.25,1,91.41,99.01,0.902,89.48,Mobile App,Central,5242.1
REC001108,2025-12-18,155.94,919,651,3.86,26.05,105,51.15,5,176,12,53.03,3.41,9.83,1,96.02,106.0,0.91,98.56,Mobile App,North,3473.35
REC000623,2025-12-18,249.98,933,607,3.04,18.53,123,34.93,10,202,12,48.72,4.83,9.09,0,97.03,84.76,0.927,104.71,Marketplace,North,2370.42
REC003704,2025-12-18,164.24,917,586,5.04,37.62,124,31.01,15,172,15,60.23,4.7,5.93,1,92.98,95.44,1.045,98.45,Marketplace,Central,5467.13
REC003057,2025-12-18,85.28,872,638,1.21,11.96,95,21.79,10,168,1,65.26,5.0,10.02,0,86.95,92.84,1.322,106.23,Website,North,1412.61
REC000284,2025-12-18,86.37,868,660,3.27,21.75,118,30.04,10,189,14,61.8,3.09,8.37,1,96.93,105.06,1.141,96.98,Marketplace,North,3815.44
REC003318,2025-12-18,138.07,862,626,2.15,48.1,101,50.09,15,196,12,55.46,4.11,4.22,3,84.4,72.39,1.179,98.3,Website,West,5546.12
REC003417,2025-12-19,170.53,830,621,4.95,25.22,132,45.01,15,202,3,72.06,3.64,5.76,2,73.58,113.89,0.753,100.15,Website,West,2705.02
REC004146,2025-12-20,185.36,904,631,3.95,48.03,110,26.38,5,184,2,44.95,4.82,1.7,2,93.73,105.15,0.957,95.92,Website,South,5524.82
REC005343,2025-12-20,71.9,997,651,5.91,116.3,110,8.0,20,177,15,60.68,3.27,5.25,2,89.82,88.45,0.804,100.43,Mobile App,Central,11507.12
REC005974,2025-12-20,293.07,861,667,5.82,76.35,136,52.64,0,196,1,62.65,4.79,6.29,1,100.0,109.63,1.336,106.26,Marketplace,East,21323.93
REC003753,2025-12-21,108.11,934,627,3.97,50.76,116,8.0,15,186,12,57.66,3.96,0.86,4,92.46,82.66,1.1,92.02,Marketplace,North,6445.17
REC005787,2025-12-21,214.88,902,655,4.1,46.64,119,33.05,15,196,14,62.07,4.01,10.78,0,81.77,97.27,1.128,98.89,Mobile App,South,7080.89
REC005945,2025-12-21,156.01,897,683,4.63,36.78,108,47.38,10,185,6,48.13,4.54,7.38,1,90.55,98.24,1.156,96.75,Website,North,5857.56
REC004020,2025-12-22,92.29,925,605,3.87,43.21,127,28.82,15,190,11,46.57,3.58,6.58,3,98.2,94.75,0.887,95.57,Website,North,5339.57
REC002327,2025-12-22,451.66,913,639,5.57,90.59,116,39.76,15,179,9,66.72,3.86,8.55,1,97.34,111.53,0.904,98.59,Website,North,12977.68
REC005511,2025-12-22,134.06,904,624,2.9,50.11,125,48.48,15,192,14,54.52,3.92,11.51,1,89.35,107.35,0.864,96.96,Mobile App,Central,6741.9
REC004565,2025-12-22,74.28,919,616,4.42,15.69,133,35.51,10,210,15,43.33,4.42,10.69,1,100.0,101.88,1.115,99.16,Website,West,2831.55
REC001341,2025-12-23,117.49,942,653,2.08,16.59,109,28.91,20,204,10,72.22,4.78,6.26,0,86.08,115.0,0.835,102.34,Mobile App,East,1720.86
REC000157,2025-12-23,179.79,859,629,2.38,34.42,114,31.0,5,175,4,46.31,3.93,7.08,2,96.79,90.18,1.196,95.18,Mobile App,East,5822.27
REC004307,2025-12-23,182.91,947,571,3.97,63.22,110,16.25,15,192,14,64.49,4.1,3.45,3,93.69,117.84,0.9,101.6,Mobile App,Central,8983.19
REC003083,2025-12-23,116.37,945,620,3.87,36.47,108,62.79,0,197,12,43.76,3.99,4.77,4,95.56,94.91,0.912,97.89,Marketplace,Central,4436.85
REC001554,2025-12-23,45.0,918,636,3.04,14.74,115,24.2,10,180,3,65.04,3.99,6.7,1,91.13,103.36,0.951,96.96,Marketplace,North,1804.67
REC004795,2025-12-23,54.35,909,634,2.21,36.54,121,28.23,5,202,9,44.39,3.98,5.19,1,100.0,93.58,0.826,101.32,Website,North,4705.26
REC002886,2025-12-24,126.16,923,634,3.29,77.83,119,30.8,10,162,10,54.95,3.9,11.35,4,87.92,105.99,0.865,100.81,Website,South,8318.64
REC002284,2025-12-24,235.39,917,643,2.3,56.4,121,49.56,0,201,3,74.73,5.0,11.43,3,88.61,104.36,1.033,104.85,Mobile App,South,7565.26
REC005629,2025-12-24,79.33,859,620,3.66,28.38,97,25.81,10,210,15,59.32,4.0,6.71,1,92.84,99.39,1.234,98.13,Marketplace,East,3977.93
REC002927,2025-12-24,226.77,946,659,3.62,81.36,118,32.58,10,189,3,31.62,4.73,4.99,2,91.4,100.47,1.121,106.15,Website,North,13263.66
REC004373,2025-12-25,188.75,910,638,4.93,55.47,124,43.78,25,187,3,73.11,4.17,9.65,4,86.72,82.15,1.334,97.1,Mobile App,North,12537.95
REC002579,2025-12-25,161.75,883,688,4.45,25.49,118,41.54,0,193,2,38.79,4.13,8.57,0,98.34,120.52,1.18,105.49,Website,South,4523.28
REC003893,2025-12-25,56.26,826,594,4.3,51.72,110,34.94,15,207,8,40.39,4.46,5.38,2,98.95,89.01,1.281,98.56,Marketplace,North,7934.55
REC000545,2025-12-25,183.87,915,622,3.4,21.12,129,41.45,5,169,14,53.15,5.0,0.5,1,100.0,98.68,0.773,99.65,Website,North,2546.72
REC002791,2025-12-25,133.58,924,687,3.92,15.84,128,56.02,25,174,12,44.45,3.81,5.71,1,83.88,114.03,1.102,95.51,Website,East,2359.26
REC002659,2025-12-25,36.26,943,640,3.96,13.33,129,41.72,5,196,15,69.61,4.24,3.57,3,98.58,103.3,1.333,110.18,Website,North,3127.96
REC004602,2025-12-26,312.28,896,645,3.65,29.05,105,22.07,5,224,3,58.91,4.65,15.66,0,90.29,93.0,1.074,96.69,Marketplace,West,3529.94
REC005894,2025-12-26,36.96,888,652,3.98,38.07,132,47.52,10,199,4,41.61,4.26,9.18,2,78.22,83.77,0.75,98.19,Mobile App,West,3846.36
REC003532,2025-12-26,112.49,906,640,3.17,31.24,144,59.6,15,171,5,57.08,3.78,9.85,0,87.99,99.71,0.832,103.49,Mobile App,North,5317.97
REC005087,2025-12-26,121.66,888,594,2.98,54.06,124,22.82,10,209,1,49.46,3.95,11.88,2,93.61,98.74,0.945,91.18,Marketplace,Central,5767.13
REC001555,2025-12-26,88.36,911,648,4.71,30.37,110,47.33,25,194,10,49.52,4.28,19.03,1,96.08,93.15,0.883,102.97,Website,East,4030.98
REC001428,2025-12-26,82.67,923,677,3.46,54.34,107,47.17,25,169,0,72.96,4.87,13.62,2,94.49,106.92,1.349,92.35,Website,Central,9231.77
REC004687,2025-12-27,189.7,905,640,4.28,89.45,118,37.78,5,201,3,47.52,3.9,10.15,1,93.46,89.32,1.045,101.59,Website,West,14089.15
REC005355,2025-12-27,147.1,935,651,4.05,44.77,123,18.56,20,177,5,49.14,4.28,2.47,5,86.23,75.45,1.002,86.96,Marketplace,Central,5203.04
REC003935,2025-12-27,158.33,876,596,2.76,83.26,105,28.05,15,205,12,55.64,4.04,7.54,1,96.25,95.03,0.945,107.7,Mobile App,East,11332.91
REC002236,2025-12-27,208.6,965,604,5.15,48.84,107,30.12,15,177,6,54.06,4.34,10.57,1,94.61,115.42,1.182,101.89,Website,South,8160.82
REC002462,2025-12-28,252.93,898,617,5.04,109.69,118,25.37,0,186,10,49.35,3.68,8.3,3,92.85,111.4,0.892,98.51,Website,Central,14647.35
REC002445,2025-12-28,60.71,949,617,3.04,62.01,116,25.09,20,196,12,28.93,3.38,3.91,0,94.19,99.86,1.199,91.2,Website,South,10877.6
REC001921,2025-12-28,86.24,945,650,3.91,121.5,105,30.54,10,197,6,53.15,4.68,3.6,2,95.08,84.15,1.138,108.67,Marketplace,Central,18312.1
REC003065,2025-12-28,177.76,921,615,2.48,48.0,130,38.41,10,186,13,60.62,2.68,7.05,2,91.64,95.43,1.16,92.77,Marketplace,West,7876.84
REC000118,2025-12-28,120.02,920,635,3.66,35.22,104,46.88,25,196,4,42.91,3.28,10.66,0,86.26,108.99,0.971,107.79,Mobile App,Central,4063.11
REC002821,2025-12-28,140.29,895,642,4.09,52.53,110,48.48,15,200,0,73.91,4.2,4.08,1,97.28,121.03,0.762,95.72,Mobile App,North,6643.26
REC000435,2025-12-29,96.42,906,616,4.15,41.67,129,38.33,5,182,9,73.53,4.81,7.42,3,84.78,106.26,0.968,99.01,Marketplace,North,5804.09
REC003761,2025-12-30,267.12,847,647,5.11,22.32,94,30.38,10,171,13,54.53,4.16,9.58,2,87.68,105.53,1.121,100.81,Mobile App,South,2942.09
REC001312,2025-12-31,260.2,967,679,4.33,56.58,108,16.16,0,185,0,71.28,3.59,7.83,1,89.27,130.5,1.092,96.45,Mobile App,North,9195.24
REC001222,2025-12-31,70.79,914,650,2.83,76.35,119,17.9,20,165,13,42.83,3.47,7.39,0,85.31,93.2,1.074,101.95,Website,East,9599.12
REC004347,2025-12-31,347.95,955,653,3.07,30.93,102,31.67,10,188,0,66.67,3.73,5.38,1,88.28,98.32,1.342,95.52,Mobile App,East,5338.44
REC005554,2025-12-31,696.04,994,702,3.59,42.17,117,42.8,15,207,11,63.24,3.93,13.2,0,82.52,98.78,0.924,99.84,Website,South,4950.51
REC000291,2025-12-31,168.1,909,639,2.2,73.75,109,39.86,20,179,6,60.5,4.33,8.8,1,81.16,112.27,0.857,100.3,Website,Central,6767.18
