Record_ID,Date,Marketing_Spend,Website_Visits,Unique_Visitors,Conversion_Rate,Average_Order_Value,Orders,Returning_Customer_Rate,Discount_Rate
REC004084,2022-01-01,222.36,912,624,2.14,38.93,132,48.91,0
REC001825,2022-01-01,142.37,880,623,3.9,11.97,119,53.31,20
REC005875,2022-01-01,176.37,908,640,3.29,29.93,111,24.14,20
REC002455,2022-01-01,282.25,840,654,4.19,50.39,112,39.29,0
REC004938,2022-01-02,191.24,928,646,3.41,35.08,119,51.72,15
REC004725,2022-01-02,95.76,899,616,2.76,40.6,112,19.6,0
REC001502,2022-01-02,115.13,887,627,2.98,48.17,112,31.07,25
REC000309,2022-01-02,63.16,914,657,4.03,22.07,106,43.08,20
REC004586,2022-01-02,268.74,892,571,4.18,21.77,131,44.07,10
REC002533,2022-01-02,192.66,910,606,3.36,44.89,117,52.54,10
REC001085,2022-01-03,129.46,868,630,5.74,18.79,124,51.39,10
REC003879,2022-01-03,184.48,923,658,4.83,12.93,108,49.05,20
REC001151,2022-01-03,152.98,903,643,2.03,89.68,118,44.05,30
REC000026,2022-01-03,222.77,892,631,5.39,68.34,125,26.29,0
REC001347,2022-01-04,436.74,901,654,2.83,78.64,132,43.11,15
REC000720,2022-01-04,88.58,887,649,5.46,35.05,101,24.23,15
REC000086,2022-01-04,74.23,902,631,4.16,67.54,126,23.58,10
REC001572,2022-01-04,192.98,903,649,4.12,59.37,121,24.4,20
REC000989,2022-01-05,340.15,931,594,4.97,60.16,106,44.21,0
REC004189,2022-01-05,95.15,903,636,4.25,27.37,130,38.57,5
REC002658,2022-01-05,220.64,898,630,4.31,42.16,130,37.67,25
REC000850,2022-01-05,55.28,918,627,4.13,29.82,112,42.81,10
REC004025,2022-01-06,65.09,889,639,4.31,61.77,114,26.99,10
REC005274,2022-01-06,250.19,934,655,4.37,19.45,116,44.07,15
REC002418,2022-01-06,76.39,921,586,5.07,33.86,93,36.41,15
REC003152,2022-01-06,88.78,946,673,3.19,36.7,137,44.57,20
REC001822,2022-01-07,179.12,850,654,3.08,28.21,120,38.43,15
REC003187,2022-01-07,165.46,887,595,3.09,39.05,104,40.21,5
REC000582,2022-01-07,190.68,884,651,3.56,18.11,110,50.32,5
REC001785,2022-01-07,31.61,878,633,4.21,23.66,103,28.81,15
REC004699,2022-01-08,274.52,921,637,2.51,21.52,117,38.72,25
REC002936,2022-01-08,145.66,916,678,4.05,68.58,109,45.96,5
REC005717,2022-01-08,347.79,880,638,3.39,42.03,129,34.26,20
REC005704,2022-01-08,60.64,879,634,4.68,85.35,116,40.12,5
REC002045,2022-01-08,160.44,936,636,1.85,28.22,120,56.05,10
REC001178,2022-01-09,225.33,908,632,3.77,60.41,111,12.32,25
REC000145,2022-01-09,260.05,926,627,5.41,28.29,130,34.81,0
REC005361,2022-01-09,142.78,925,645,5.56,35.03,92,37.26,15
REC000540,2022-01-09,185.16,922,678,3.7,49.45,117,16.31,0
REC005832,2022-01-09,138.66,890,638,3.16,26.72,114,30.74,10
REC000953,2022-01-10,122.16,921,635,5.15,39.8,111,32.43,0
REC003554,2022-01-10,165.68,858,682,4.04,37.48,112,40.23,25
REC003790,2022-01-10,127.59,856,644,4.57,31.09,117,31.09,20
REC003192,2022-01-11,63.45,917,639,1.01,19.53,96,36.61,25
REC003700,2022-01-11,213.07,942,632,3.36,148.13,118,25.35,25
REC000808,2022-01-11,190.84,913,654,4.7,88.1,129,45.71,15
REC002116,2022-01-11,39.73,891,608,4.88,31.05,103,35.7,10
REC005744,2022-01-11,98.85,931,634,3.84,24.69,111,44.39,5
REC001951,2022-01-12,106.23,926,660,5.56,54.04,120,33.73,20
REC000731,2022-01-12,123.67,898,651,2.95,51.42,101,37.46,5
REC004469,2022-01-12,156.07,889,683,4.89,25.68,108,45.25,15
REC005266,2022-01-13,459.66,916,613,4.56,51.67,106,33.27,15
REC004357,2022-01-13,93.04,856,647,4.74,34.98,120,35.26,5
REC002252,2022-01-14,210.06,924,662,4.59,67.96,113,39.85,30
REC005530,2022-01-14,326.35,971,630,3.02,73.14,118,68.96,5
REC004621,2022-01-14,135.73,884,652,3.64,32.05,122,37.05,30
REC000334,2022-01-15,293.6,891,645,3.75,51.9,108,43.06,10
REC001671,2022-01-15,62.96,870,683,5.0,48.47,125,37.43,25
REC002675,2022-01-15,326.55,891,612,3.2,30.49,115,63.29,15
REC002181,2022-01-15,685.52,909,617,3.21,36.7,118,54.11,0
REC005539,2022-01-16,210.16,897,635,4.26,28.63,116,50.72,15
REC000880,2022-01-17,102.43,927,647,1.56,72.77,134,36.25,5
REC004091,2022-01-17,151.92,884,619,4.01,25.02,130,35.35,30
REC000395,2022-01-17,84.82,903,655,5.39,51.38,121,37.29,15
REC000108,2022-01-17,58.95,875,628,3.42,51.66,110,40.57,20
REC004329,2022-01-18,68.26,895,638,4.57,8.39,112,37.6,0
REC000986,2022-01-18,26.56,886,644,4.61,22.89,106,42.9,10
REC000700,2022-01-18,172.67,919,609,2.78,29.0,120,38.5,10
REC002082,2022-01-18,319.14,886,616,4.73,17.43,109,41.05,10
REC000754,2022-01-18,205.62,942,610,4.23,31.57,113,30.11,5
REC000165,2022-01-18,126.14,881,585,3.41,61.83,117,43.83,30
REC004515,2022-01-18,100.47,883,600,1.43,35.78,109,43.62,10
REC004926,2022-01-18,266.46,892,668,4.81,38.48,109,27.47,15
REC001600,2022-01-18,152.05,879,631,4.2,31.43,116,41.69,5
REC003431,2022-01-19,477.76,868,617,2.54,53.96,114,61.98,15
REC003208,2022-01-19,102.98,889,619,2.9,62.27,107,51.06,0
REC004341,2022-01-19,228.11,848,652,3.44,30.42,108,36.09,0
REC005341,2022-01-20,126.34,844,693,4.48,29.46,130,37.42,10
REC003411,2022-01-20,103.28,881,631,3.9,23.42,136,33.27,25
REC001466,2022-01-20,97.07,914,604,3.04,18.38,104,37.45,15
REC002009,2022-01-20,114.66,923,615,4.32,55.87,115,35.51,15
REC001174,2022-01-20,122.35,920,639,3.55,50.18,140,29.84,20
REC002664,2022-01-20,252.47,877,615,4.94,66.38,106,39.03,20
REC002739,2022-01-21,312.06,917,632,3.27,142.02,127,27.71,10
REC001749,2022-01-21,263.16,926,628,4.84,30.89,139,26.49,5
REC002345,2022-01-21,118.68,902,655,4.13,15.9,110,49.01,10
REC004291,2022-01-21,139.76,916,618,2.88,23.0,125,33.83,15
REC004449,2022-01-22,637.02,909,658,4.84,25.38,105,26.99,10
REC005993,2022-01-23,332.25,891,637,2.15,98.95,108,47.35,25
REC000704,2022-01-23,158.2,899,644,3.24,18.91,116,44.26,25
REC004190,2022-01-23,356.66,928,646,3.63,41.17,108,30.18,5
REC000709,2022-01-23,181.55,902,651,2.87,103.48,112,33.26,25
REC000601,2022-01-23,52.74,944,639,3.36,27.38,124,38.65,25
REC004259,2022-01-23,303.89,918,621,5.56,66.78,110,33.87,10
REC001636,2022-01-24,461.46,926,654,4.35,44.24,110,49.41,10
REC002446,2022-01-24,171.91,897,649,4.25,51.16,100,14.19,15
REC001968,2022-01-24,177.9,911,643,3.16,38.01,116,29.15,15
REC004133,2022-01-24,275.26,908,627,3.31,27.31,97,50.39,10
REC000848,2022-01-24,371.51,913,655,3.64,16.77,116,37.44,15
REC001442,2022-01-24,255.58,920,607,6.28,35.53,135,58.36,10
REC003971,2022-01-24,51.43,940,603,2.8,107.18,115,25.61,5
REC003625,2022-01-24,78.67,889,603,2.27,215.68,114,43.69,10
REC000478,2022-01-25,62.66,899,623,5.39,28.72,102,28.47,5
REC002397,2022-01-25,118.83,890,656,2.99,27.23,131,65.06,0
REC004463,2022-01-25,437.88,900,629,2.45,41.4,121,45.34,10
REC004879,2022-01-26,68.17,918,601,4.09,73.65,87,26.43,5
REC005448,2022-01-26,252.94,881,679,6.19,29.98,108,31.83,10
REC000314,2022-01-26,72.54,879,671,5.11,74.35,101,38.68,5
REC000726,2022-01-27,136.16,880,644,3.39,42.71,130,26.06,20
REC002276,2022-01-27,144.65,896,666,3.48,11.62,140,32.04,15
REC003800,2022-01-28,139.87,870,665,4.79,64.32,96,34.29,10
REC000835,2022-01-28,223.36,928,628,4.96,95.13,110,35.57,15
REC001143,2022-01-28,96.17,931,631,3.96,49.05,112,26.16,20
REC001355,2022-01-28,82.78,911,658,4.22,56.26,125,50.95,25
REC005934,2022-01-29,207.23,899,639,2.47,72.1,111,14.72,20
REC003094,2022-01-29,327.98,893,605,4.63,89.26,139,17.6,10
REC002442,2022-01-29,332.29,871,589,3.24,43.43,106,52.35,20
REC005981,2022-01-29,305.93,939,615,3.47,85.14,118,37.25,10
REC003653,2022-01-30,506.07,917,641,5.19,36.42,121,59.37,10
REC003556,2022-01-30,139.39,872,620,3.11,21.35,119,56.7,15
REC004658,2022-01-30,151.86,921,627,3.11,70.57,113,40.91,15
REC000477,2022-01-30,219.12,867,644,3.01,15.58,117,40.41,10
REC001827,2022-01-30,176.77,883,656,3.41,83.21,119,52.59,10
REC005625,2022-01-31,606.78,920,593,5.09,50.46,101,57.69,0
REC002176,2022-01-31,238.22,869,677,3.75,17.75,116,52.93,10
REC002387,2022-02-01,74.17,874,630,3.65,15.89,96,25.09,5
REC005451,2022-02-01,145.01,952,659,6.51,54.17,114,45.71,15
REC001179,2022-02-02,105.26,897,594,4.73,28.12,127,39.41,10
REC004569,2022-02-02,241.19,876,609,2.2,75.3,105,44.7,0
REC002291,2022-02-02,79.02,904,634,3.24,69.56,112,42.6,15
REC000869,2022-02-02,33.76,860,628,3.66,60.39,103,35.75,5
REC000482,2022-02-02,80.41,851,637,5.2,39.59,94,44.56,0
REC000576,2022-02-02,89.82,932,625,3.33,96.57,113,63.55,5
REC001371,2022-02-02,95.59,923,647,4.92,63.62,129,36.22,10
REC002604,2022-02-02,48.71,891,614,4.83,76.21,119,51.73,0
REC005463,2022-02-03,468.37,919,632,3.18,29.28,110,31.11,5
REC005088,2022-02-03,214.35,890,650,3.79,35.37,94,31.11,20
REC004600,2022-02-03,252.14,941,655,5.01,40.49,117,44.82,0
REC000600,2022-02-04,211.82,947,628,2.57,26.47,125,49.86,10
REC001675,2022-02-04,154.45,945,607,4.05,46.82,123,43.84,0
REC005288,2022-02-05,201.44,963,693,3.96,42.58,115,26.64,10
REC002889,2022-02-05,112.94,885,652,2.29,38.62,110,39.53,15
REC001982,2022-02-05,64.57,874,659,5.02,22.38,111,28.69,25
REC003682,2022-02-06,162.44,896,619,4.37,45.48,134,29.92,25
REC003677,2022-02-06,117.62,908,617,4.72,17.4,118,39.95,5
REC005268,2022-02-06,139.38,905,621,5.33,64.21,121,37.84,20
REC005460,2022-02-06,109.49,915,633,3.46,30.61,121,45.2,10
REC004175,2022-02-06,116.65,925,639,4.04,78.71,108,35.84,10
REC001481,2022-02-06,217.81,904,631,3.71,58.64,109,39.18,20
REC003748,2022-02-06,99.87,908,659,2.98,30.2,102,21.51,30
REC002055,2022-02-07,372.04,911,644,4.96,38.94,109,38.11,5
REC002106,2022-02-07,75.81,863,628,2.3,51.86,103,56.78,15
REC001279,2022-02-07,254.54,958,650,3.77,35.38,124,49.7,5
REC000479,2022-02-08,151.54,896,638,3.04,59.34,110,9.54,15
REC004591,2022-02-08,238.41,934,686,3.39,42.04,112,37.64,15
REC001915,2022-02-08,189.45,922,647,6.25,33.36,123,39.69,20
REC001532,2022-02-08,181.35,866,634,3.62,38.13,103,23.47,10
REC002596,2022-02-08,99.54,900,657,4.62,69.35,109,63.27,30
REC004397,2022-02-09,134.76,873,626,4.91,14.95,117,28.03,25
REC005538,2022-02-09,100.8,903,635,3.46,31.66,113,45.12,5
REC004267,2022-02-09,230.94,868,625,4.25,24.53,126,37.16,5
REC000028,2022-02-09,106.05,875,656,4.76,26.63,104,29.7,10
REC004885,2022-02-10,103.35,963,620,3.83,28.15,104,29.63,5
REC002383,2022-02-10,161.57,986,627,2.75,62.28,119,30.21,5
REC001066,2022-02-10,163.08,896,641,4.18,93.97,130,31.3,25
REC002344,2022-02-10,167.71,886,636,3.62,33.96,115,27.08,0
REC003824,2022-02-11,382.04,904,607,1.76,25.24,110,37.26,10
REC005389,2022-02-11,58.77,886,656,3.24,26.35,111,34.54,0
REC000889,2022-02-11,139.79,955,644,5.07,28.06,130,36.65,10
REC002114,2022-02-11,89.4,870,671,3.76,47.55,122,50.68,0
REC001713,2022-02-12,167.18,860,614,3.76,32.18,125,31.83,25
REC003198,2022-02-12,100.93,918,614,3.34,102.95,110,53.46,10
REC003495,2022-02-12,215.83,902,635,2.26,13.39,122,35.44,25
REC005170,2022-02-14,109.53,892,652,5.22,87.38,119,48.79,0
REC001734,2022-02-14,232.11,878,639,4.66,33.23,110,41.97,25
REC001613,2022-02-14,54.69,926,657,4.24,82.53,119,25.39,15
REC001019,2022-02-14,251.85,915,647,3.04,30.39,131,25.24,15
REC003307,2022-02-14,76.26,897,620,3.64,36.98,116,32.65,5
REC003373,2022-02-15,162.34,904,679,4.39,26.74,127,18.61,10
REC005923,2022-02-15,314.14,871,681,4.66,32.97,124,49.05,15
REC004907,2022-02-16,281.31,940,623,3.9,41.58,126,48.92,5
REC003633,2022-02-16,128.48,913,643,5.42,73.17,128,23.56,10
REC004374,2022-02-16,154.2,947,666,3.89,25.41,102,52.25,15
REC003016,2022-02-16,131.89,974,665,3.15,36.93,111,27.6,5
REC004060,2022-02-16,77.33,894,656,2.19,60.78,150,36.73,10
REC002266,2022-02-16,157.98,914,644,2.09,22.49,100,40.08,0
REC000112,2022-02-16,257.58,900,623,4.95,40.64,106,51.99,30
REC005624,2022-02-16,453.13,855,659,5.05,78.07,122,38.45,10
REC002036,2022-02-17,198.86,887,630,1.74,40.37,126,44.0,5
REC000012,2022-02-17,317.95,917,669,3.38,71.96,108,27.01,0
REC001847,2022-02-17,112.06,923,645,2.92,24.52,119,55.13,30
REC002726,2022-02-18,56.99,915,646,3.78,38.52,141,14.75,10
REC001400,2022-02-18,264.55,888,652,3.03,39.32,144,22.35,10
REC005942,2022-02-18,280.7,932,666,3.79,58.9,110,39.33,10
REC003327,2022-02-18,265.71,867,646,3.31,67.26,125,48.45,25
REC000843,2022-02-19,104.4,893,696,2.5,17.45,103,41.63,5
REC003230,2022-02-19,229.17,888,650,0.8,53.58,117,34.34,15
REC004564,2022-02-19,246.77,918,659,4.14,28.07,135,35.17,10
REC002004,2022-02-19,182.04,931,624,2.46,59.05,105,25.3,15
REC003255,2022-02-20,229.55,889,628,4.66,54.57,125,48.91,15
REC005108,2022-02-20,340.78,898,645,4.68,230.51,107,37.59,15
REC005525,2022-02-20,116.07,894,611,5.06,39.54,119,48.13,20
REC002312,2022-02-20,367.89,941,639,4.15,35.21,121,36.99,15
REC001043,2022-02-21,103.42,887,626,3.33,12.61,99,43.32,15
REC000075,2022-02-21,305.32,900,594,4.68,77.96,110,49.04,30
REC004719,2022-02-21,45.38,918,611,3.85,126.22,114,21.27,5
REC002921,2022-02-21,84.59,861,598,3.6,39.95,124,45.35,25
REC002139,2022-02-22,370.48,946,677,4.67,56.12,104,31.85,10
REC004209,2022-02-22,153.08,876,637,0.8,64.36,110,44.05,30
REC004322,2022-02-22,266.72,920,627,3.41,39.78,105,40.77,5
REC000892,2022-02-22,141.3,917,662,3.33,56.5,108,35.24,25
REC001349,2022-02-22,172.24,888,603,4.23,125.94,122,42.6,10
REC004750,2022-02-23,110.53,859,645,4.13,47.72,109,54.92,10
REC002248,2022-02-23,79.92,892,641,3.48,20.18,113,45.83,5
REC000295,2022-02-23,156.35,895,654,5.22,47.7,122,43.87,25
REC001753,2022-02-24,98.83,938,638,5.65,27.58,101,41.51,20
REC005842,2022-02-24,273.95,860,605,3.27,8.71,136,33.52,30
REC002836,2022-02-24,221.74,923,629,3.86,25.14,98,29.8,10
REC001243,2022-02-25,114.06,893,631,3.81,26.44,125,59.62,15
REC001131,2022-02-25,260.04,903,651,6.71,68.12,126,20.27,15
REC004614,2022-02-25,248.0,930,601,3.3,69.17,113,27.13,30
REC003758,2022-02-26,273.95,871,576,3.35,9.24,102,38.76,15
REC002495,2022-02-26,77.11,879,630,5.07,27.71,132,28.66,10
REC004409,2022-02-26,106.22,929,625,2.9,73.01,112,37.5,5
REC002595,2022-02-26,199.03,931,639,6.06,37.48,116,64.02,15
REC000755,2022-02-26,76.03,900,632,3.13,20.82,113,34.65,25
REC002482,2022-02-26,57.24,911,677,4.17,55.48,119,20.54,5
REC001984,2022-02-26,60.54,866,630,3.98,43.39,111,51.46,10
REC001177,2022-02-27,134.54,926,672,4.19,39.78,104,42.65,15
REC004759,2022-02-27,255.61,913,601,5.25,95.37,129,48.64,10
REC001120,2022-02-27,174.11,892,673,0.8,27.4,105,27.88,15
REC000143,2022-02-28,195.24,903,646,4.53,15.29,104,32.15,20
REC003188,2022-02-28,56.09,922,629,3.23,44.9,120,50.33,20
REC003405,2022-02-28,90.74,935,647,4.49,19.07,102,33.74,0
REC005924,2022-02-28,63.19,914,610,3.64,31.19,123,21.31,0
REC002959,2022-02-28,274.51,861,639,4.86,36.66,125,49.24,0
REC003149,2022-03-01,143.07,894,635,4.26,8.24,102,38.55,0
REC001739,2022-03-01,123.51,890,631,3.05,77.0,108,45.62,25
REC004328,2022-03-01,377.96,897,656,2.61,22.62,105,59.67,5
REC000741,2022-03-01,102.73,858,632,4.69,18.2,103,21.13,10
REC003623,2022-03-02,97.18,914,694,4.68,39.49,119,36.84,10
REC004229,2022-03-02,374.18,870,665,2.97,84.44,117,66.97,0
REC004371,2022-03-02,358.0,916,682,4.87,15.34,126,35.46,10
REC002085,2022-03-02,214.73,887,624,4.92,28.45,119,30.61,10
REC005899,2022-03-02,418.45,925,633,1.03,39.92,111,12.76,0
REC000124,2022-03-02,159.03,895,662,3.0,41.33,112,21.93,20
REC002884,2022-03-02,42.2,906,623,3.34,83.7,110,25.68,5
REC000550,2022-03-02,94.12,889,628,3.87,53.4,109,23.59,0
REC005936,2022-03-03,70.74,889,631,3.92,23.94,115,61.03,20
REC001812,2022-03-03,182.93,948,604,4.62,36.68,122,41.92,20
REC003328,2022-03-04,85.43,838,636,3.75,31.91,132,46.69,20
REC004274,2022-03-04,277.61,900,646,3.2,26.25,126,33.39,15
REC002443,2022-03-04,94.33,936,626,3.48,60.15,115,56.87,30
REC004113,2022-03-04,182.87,923,632,4.76,22.11,115,24.3,0
REC001185,2022-03-04,237.84,902,675,4.99,26.73,113,57.31,0
REC003523,2022-03-04,142.29,917,636,4.14,60.73,108,32.39,10
REC000916,2022-03-04,20.19,903,641,4.9,17.62,114,38.45,15
REC002386,2022-03-04,227.63,913,653,2.2,27.58,102,39.52,15
REC003862,2022-03-05,211.05,921,624,3.42,29.65,109,21.66,5
REC005348,2022-03-05,273.31,839,638,2.01,24.15,109,42.9,20
REC004941,2022-03-05,60.7,903,669,4.23,36.99,121,25.69,20
REC001880,2022-03-06,497.37,867,663,5.26,33.61,109,44.94,5
REC003945,2022-03-06,65.51,908,637,5.1,54.97,99,19.85,0
REC003024,2022-03-06,224.74,904,642,4.27,31.72,94,36.74,15
REC003385,2022-03-06,82.98,919,631,2.33,28.91,109,26.19,25
REC005801,2022-03-07,32.08,885,641,4.07,75.65,113,41.61,5
REC003158,2022-03-07,84.56,897,632,3.53,70.94,114,26.91,25
REC004134,2022-03-07,433.79,831,660,3.89,71.74,113,48.27,15
REC001480,2022-03-07,104.01,862,674,2.83,60.05,108,23.33,10
REC003692,2022-03-07,151.46,907,654,4.36,27.98,111,29.14,20
REC001417,2022-03-07,230.35,894,649,3.47,21.64,107,48.41,15
REC005053,2022-03-08,240.88,825,614,4.02,78.4,110,23.96,15
REC002197,2022-03-08,78.5,911,671,4.31,69.25,123,20.05,5
REC001783,2022-03-08,135.69,901,660,2.78,48.41,121,36.1,25
REC005462,2022-03-09,156.75,866,664,1.52,65.72,96,22.07,10
REC005581,2022-03-09,84.27,860,614,3.78,35.22,109,25.33,20
REC003414,2022-03-09,96.87,888,677,3.57,28.53,97,48.53,0
REC001123,2022-03-09,85.23,855,628,3.96,87.93,116,57.7,30
REC002736,2022-03-10,215.09,921,644,3.46,21.21,108,49.75,20
REC002717,2022-03-10,169.39,875,640,4.13,30.63,120,34.52,0
REC001549,2022-03-10,316.44,945,656,5.17,87.14,123,41.18,15
REC002666,2022-03-11,350.12,912,706,4.16,67.96,115,44.87,25
REC001780,2022-03-11,24.08,905,637,3.89,83.03,109,56.03,15
REC001441,2022-03-11,326.33,924,661,4.18,47.33,104,36.07,10
REC004498,2022-03-11,364.78,980,607,5.03,47.68,128,36.43,10
REC002089,2022-03-11,319.05,881,604,3.59,33.35,117,32.39,20
REC001826,2022-03-11,181.82,891,618,3.23,44.75,104,46.42,20
REC000732,2022-03-12,158.34,876,671,3.27,43.48,114,41.01,5
REC005184,2022-03-12,121.48,1009,631,3.08,38.61,130,27.17,15
REC002769,2022-03-12,569.7,870,653,3.48,70.53,109,57.36,10
REC003280,2022-03-12,114.52,870,613,4.98,23.55,106,43.67,20
REC000386,2022-03-12,63.6,933,611,3.51,21.99,107,29.21,25
REC005474,2022-03-13,166.46,903,636,5.33,20.69,111,46.86,20
REC000712,2022-03-13,268.77,930,634,4.19,31.71,113,40.79,15
REC004562,2022-03-13,137.35,878,640,2.02,53.53,119,18.0,0
REC004537,2022-03-13,511.96,921,655,3.48,59.13,111,50.34,25
REC002351,2022-03-13,151.28,894,651,3.19,88.61,116,71.87,10
REC005941,2022-03-14,224.95,864,659,3.58,31.92,113,35.17,15
REC005546,2022-03-14,122.86,852,631,3.05,51.03,120,30.86,15
REC003487,2022-03-15,119.41,880,683,0.8,31.29,115,15.19,10
REC000180,2022-03-15,281.95,932,659,2.54,16.28,118,38.81,15
REC002077,2022-03-15,540.89,885,634,5.73,39.78,134,32.2,15
REC000013,2022-03-15,99.11,869,677,3.02,51.16,107,55.51,30
REC005653,2022-03-15,77.08,920,676,5.31,38.62,108,45.17,0
REC000742,2022-03-16,286.04,907,687,3.56,67.96,128,35.77,20
REC002688,2022-03-16,198.27,841,626,4.28,126.81,117,39.62,20
REC003619,2022-03-17,162.68,885,630,5.55,132.91,120,33.27,5
REC003488,2022-03-17,163.41,916,649,3.08,37.09,121,21.35,15
REC004288,2022-03-17,212.54,896,669,5.86,44.16,108,43.14,15
REC002090,2022-03-18,69.37,930,627,5.97,86.3,118,21.67,20
REC001512,2022-03-18,101.5,857,621,3.31,41.11,107,41.12,15
REC004382,2022-03-18,166.91,898,586,1.5,48.98,120,46.46,15
REC001894,2022-03-18,158.49,914,625,4.36,23.18,108,36.86,25
REC000144,2022-03-19,71.21,902,661,3.07,40.75,110,59.5,10
REC005138,2022-03-19,99.8,875,616,3.61,38.83,104,31.55,10
REC002389,2022-03-20,279.87,932,605,5.32,30.08,112,26.88,10
REC005655,2022-03-20,68.41,884,613,3.23,26.73,138,40.7,10
REC001203,2022-03-20,966.67,856,675,4.3,64.81,104,8.55,5
REC004892,2022-03-20,53.94,915,671,6.21,38.18,131,19.99,0
REC001517,2022-03-20,308.25,856,628,3.65,16.5,121,46.5,5
REC005493,2022-03-21,151.83,871,620,5.38,48.89,96,26.58,10
REC001724,2022-03-21,138.31,891,654,3.33,19.29,126,43.84,15
REC000774,2022-03-21,167.77,895,640,2.8,22.77,107,41.24,0
REC003210,2022-03-21,157.01,920,656,4.4,55.43,106,25.83,15
REC004876,2022-03-22,484.26,919,639,3.33,72.65,131,38.78,25
REC005686,2022-03-22,95.28,938,633,5.13,17.82,113,35.88,10
REC004185,2022-03-22,96.11,945,595,2.47,17.87,104,45.05,0
REC000955,2022-03-22,170.04,920,623,4.02,20.35,109,47.17,15
REC005617,2022-03-23,75.6,905,635,5.37,9.83,120,42.37,20
REC002609,2022-03-23,246.54,869,580,4.9,36.86,103,8.0,10
REC001895,2022-03-23,117.37,864,665,5.19,31.58,111,16.16,20
REC005082,2022-03-24,234.63,853,616,4.51,40.67,115,35.62,15
REC000759,2022-03-24,121.42,855,684,5.06,31.66,101,47.28,25
REC005066,2022-03-24,122.95,908,620,4.0,51.68,106,47.01,0
REC002083,2022-03-24,414.62,899,613,4.11,127.7,100,35.77,25
REC005592,2022-03-24,120.79,851,631,3.77,76.62,122,36.09,20
REC001194,2022-03-24,48.55,870,617,4.06,15.91,118,30.74,25
REC003374,2022-03-24,140.77,891,652,4.34,38.26,120,36.23,10
REC000642,2022-03-24,70.33,855,662,4.2,72.78,114,25.28,25
REC001090,2022-03-25,279.82,913,671,6.18,27.88,116,43.86,0
REC001121,2022-03-25,68.98,939,638,1.38,21.57,102,55.13,0
REC004986,2022-03-26,78.7,882,656,3.34,26.25,113,48.62,5
REC004896,2022-03-27,246.47,864,672,5.69,33.63,111,49.48,20
REC004297,2022-03-27,99.42,931,659,2.78,41.45,109,29.74,10
REC002810,2022-03-28,75.42,901,678,3.08,32.9,105,26.56,10
REC004221,2022-03-28,266.18,878,666,2.19,50.68,112,21.71,10
REC003393,2022-03-28,122.8,922,625,4.9,20.44,107,35.12,10
REC003689,2022-03-28,116.74,912,611,4.9,72.4,108,29.28,10
REC003542,2022-03-29,227.34,884,641,4.64,55.09,120,49.26,10
REC003008,2022-03-29,77.97,907,644,3.89,35.96,139,35.53,15
REC001664,2022-03-29,292.0,911,603,3.0,35.27,125,42.08,5
REC002678,2022-03-29,90.47,880,652,5.42,64.35,116,23.19,25
REC001187,2022-03-30,115.04,936,646,2.46,69.27,120,32.91,15
REC003097,2022-03-30,185.0,888,630,2.87,33.08,128,31.69,10
REC000130,2022-03-30,58.85,874,626,4.84,25.07,115,25.34,20
REC003567,2022-03-30,326.03,864,598,3.51,43.96,126,13.93,20
REC003392,2022-03-30,508.98,881,576,5.42,41.18,115,54.64,10
REC000411,2022-03-31,172.47,953,678,2.7,81.25,106,32.36,15
REC000404,2022-03-31,287.71,879,670,5.06,24.58,110,18.35,5
REC003060,2022-03-31,51.36,902,612,4.61,26.39,122,49.51,20
REC002813,2022-04-01,434.03,888,677,2.36,33.81,113,43.47,25
REC001845,2022-04-01,74.53,910,661,4.56,20.29,109,30.48,0
REC004246,2022-04-01,304.94,883,622,3.13,16.07,128,19.77,0
REC003809,2022-04-01,213.31,922,601,4.76,29.6,96,45.14,30
REC000919,2022-04-01,394.47,922,636,4.34,48.3,121,28.87,5
REC003217,2022-04-01,213.2,862,641,6.56,57.9,119,41.3,10
REC002981,2022-04-02,43.7,916,615,2.84,100.4,98,50.03,5
REC002853,2022-04-02,498.36,928,627,4.74,38.62,117,40.59,15
REC002227,2022-04-02,164.51,875,612,4.01,14.76,112,21.29,0
REC005080,2022-04-02,107.0,897,593,3.21,18.87,107,50.77,15
REC002160,2022-04-02,130.07,894,602,2.29,15.91,125,31.25,20
REC000184,2022-04-03,120.66,887,683,2.56,52.42,100,45.79,30
REC000924,2022-04-03,176.08,857,626,3.22,37.89,126,37.96,15
REC000330,2022-04-03,338.82,898,645,3.48,12.35,116,27.63,5
REC005125,2022-04-03,171.44,888,641,3.82,49.47,116,37.31,5
REC000507,2022-04-04,122.21,856,626,3.72,58.2,110,43.99,25
REC004048,2022-04-04,149.25,940,683,5.74,37.1,118,46.15,0
REC004083,2022-04-04,12.42,966,643,3.97,87.9,112,37.75,20
REC004057,2022-04-04,252.48,901,641,3.31,20.84,127,39.09,15
REC004560,2022-04-04,45.69,932,634,4.94,83.68,105,50.09,15
REC001665,2022-04-04,230.01,929,605,3.33,53.57,100,44.54,30
REC004182,2022-04-04,183.09,890,629,3.68,22.61,125,56.81,15
REC005886,2022-04-05,683.24,888,623,4.83,60.78,112,46.88,30
REC004298,2022-04-05,211.88,919,641,4.4,31.48,111,45.83,15
REC004578,2022-04-05,98.37,849,645,3.69,53.77,122,35.5,10
REC003931,2022-04-05,202.16,914,629,3.33,36.42,105,27.83,10
REC003943,2022-04-05,80.1,860,669,3.48,62.69,118,46.89,25
REC001208,2022-04-06,394.61,914,604,4.54,25.87,109,31.94,10
REC001510,2022-04-06,103.78,916,649,4.54,34.02,117,29.73,5
REC005759,2022-04-06,205.89,879,659,4.95,36.25,129,36.62,5
REC005779,2022-04-06,244.01,878,652,2.94,60.97,100,41.81,0
REC000009,2022-04-07,59.04,906,656,5.46,56.47,119,22.06,15
REC005647,2022-04-07,187.3,862,637,4.26,80.5,119,59.56,10
REC004247,2022-04-07,345.83,874,655,5.04,89.52,118,34.48,10
REC001397,2022-04-08,321.68,918,642,5.0,39.0,113,42.12,15
REC002042,2022-04-08,150.25,938,643,5.0,39.13,136,42.33,5
REC001277,2022-04-09,92.35,893,607,4.23,122.7,122,30.54,0
REC005808,2022-04-09,36.87,854,654,4.58,70.14,139,50.92,10
REC001942,2022-04-09,322.94,925,629,2.14,10.07,114,59.67,10
REC003366,2022-04-09,110.65,866,688,5.88,27.25,101,26.05,20
REC001777,2022-04-10,150.41,894,633,4.04,24.57,134,36.16,15
REC003922,2022-04-10,107.29,912,670,4.8,18.56,107,49.74,0
REC000912,2022-04-10,436.05,887,640,4.53,25.38,121,40.81,5
REC001867,2022-04-10,165.44,845,624,5.18,23.85,122,57.77,0
REC000034,2022-04-10,121.09,895,609,3.29,45.71,106,40.68,10
REC000104,2022-04-10,431.67,919,667,3.02,56.18,113,26.19,5
REC001112,2022-04-10,117.28,914,645,4.08,20.7,114,42.25,20
REC002133,2022-04-11,135.46,912,614,2.64,38.86,126,22.09,25
REC000793,2022-04-11,222.67,909,639,5.89,28.22,126,42.89,10
REC004284,2022-04-11,101.84,889,654,3.34,41.29,93,28.44,15
REC000551,2022-04-12,147.89,929,645,3.26,100.86,118,36.22,10
REC003121,2022-04-12,224.4,917,619,4.43,89.91,109,31.11,5
REC005217,2022-04-13,231.59,886,629,2.88,33.39,134,40.16,10
REC004375,2022-04-13,191.3,887,617,5.42,51.38,106,23.72,25
REC001025,2022-04-13,32.27,873,632,4.19,17.79,121,35.81,20
REC002047,2022-04-13,144.65,920,576,4.86,15.13,122,36.93,20
REC005827,2022-04-13,163.72,938,665,2.96,72.66,123,30.6,0
REC005840,2022-04-13,183.27,865,649,4.69,91.69,124,28.56,15
REC002752,2022-04-14,194.64,876,621,4.06,49.15,101,47.07,5
REC003027,2022-04-14,63.38,879,688,3.98,32.55,114,39.43,15
REC003593,2022-04-14,122.81,913,658,2.54,40.98,120,61.43,5
REC003171,2022-04-15,351.01,922,635,1.82,114.27,114,24.59,15
REC002804,2022-04-15,82.12,987,666,4.56,29.63,113,36.59,5
REC004208,2022-04-16,115.63,925,642,4.97,27.71,118,55.1,10
REC005489,2022-04-16,58.69,927,619,3.3,61.98,107,37.24,15
REC000456,2022-04-16,169.13,936,613,2.35,41.48,101,42.71,15
REC005130,2022-04-16,215.6,938,640,3.54,41.15,112,56.4,5
REC000006,2022-04-17,225.53,920,669,4.31,77.12,115,25.43,20
REC001229,2022-04-17,52.37,862,660,2.7,61.43,113,29.84,20
REC000043,2022-04-17,207.49,938,633,4.4,120.58,125,25.16,15
REC002371,2022-04-17,143.68,933,646,4.58,21.43,118,35.54,5
REC000286,2022-04-17,45.03,915,629,3.24,31.46,101,45.21,25
REC003534,2022-04-17,68.76,934,614,2.81,27.97,108,39.98,15
REC004542,2022-04-18,244.2,887,595,4.22,35.04,112,8.0,5
REC002408,2022-04-18,91.03,859,641,2.63,36.89,122,43.09,5
REC000752,2022-04-18,63.36,971,639,2.78,33.68,89,37.06,15
REC003609,2022-04-18,71.91,895,661,2.11,46.71,119,49.38,15
REC005287,2022-04-18,213.95,924,669,3.56,31.82,97,28.83,15
REC004948,2022-04-19,110.36,895,661,3.76,23.86,106,32.92,15
REC002998,2022-04-19,106.89,859,633,3.57,34.38,99,50.08,15
REC002600,2022-04-19,214.34,932,639,4.58,42.21,127,23.31,15
REC002428,2022-04-20,168.54,892,643,3.81,70.55,113,31.27,5
REC002636,2022-04-20,45.57,893,691,4.85,59.06,116,28.06,30
REC002493,2022-04-20,321.04,924,656,3.36,13.9,119,37.37,25
REC004636,2022-04-20,317.36,892,682,1.42,51.88,116,53.86,15
REC000959,2022-04-20,117.31,853,626,2.17,47.88,119,40.25,5
REC002441,2022-04-21,98.92,903,636,4.14,26.86,114,38.48,0
REC000735,2022-04-22,83.23,922,690,2.93,42.19,112,43.65,0
REC000381,2022-04-22,270.62,978,632,3.91,53.7,110,37.53,25
REC000016,2022-04-22,78.93,911,603,3.32,21.12,117,27.66,10
REC000496,2022-04-22,97.28,920,664,2.61,41.25,110,24.02,20
REC005114,2022-04-22,127.54,845,631,4.13,23.38,117,36.96,10
REC001332,2022-04-22,70.93,952,589,1.3,17.51,105,35.1,30
REC002796,2022-04-23,137.28,924,647,2.89,16.1,120,46.97,10
REC005910,2022-04-23,222.0,892,619,6.78,31.47,127,39.33,5
REC005030,2022-04-23,83.55,923,643,4.78,49.58,132,47.14,10
REC005008,2022-04-24,138.43,883,697,3.38,52.92,102,31.02,20
REC000587,2022-04-24,441.12,889,671,3.16,58.2,120,47.07,10
REC000010,2022-04-24,119.06,948,633,2.6,29.04,127,37.21,10
REC005814,2022-04-24,76.67,849,644,4.63,32.58,112,20.67,10
REC003042,2022-04-24,109.59,894,646,1.55,41.77,122,40.36,0
REC001792,2022-04-24,222.36,928,621,4.84,48.36,120,53.53,5
REC005486,2022-04-24,402.89,895,677,4.32,30.82,104,48.99,25
REC001945,2022-04-24,165.52,942,638,1.78,90.0,102,26.8,10
REC000408,2022-04-24,119.23,895,629,3.59,71.87,103,36.44,25
REC004505,2022-04-25,283.08,921,631,4.6,73.74,107,10.38,10
REC003901,2022-04-25,178.66,943,634,4.03,87.76,121,47.77,25
REC003085,2022-04-25,168.07,874,611,4.82,48.37,113,22.43,5
REC003427,2022-04-25,112.01,924,660,4.98,176.8,119,62.38,30
REC005954,2022-04-26,89.21,894,624,4.21,32.2,110,44.58,5
REC001667,2022-04-26,77.11,908,654,4.08,23.71,126,34.84,15
REC003212,2022-04-27,52.99,940,664,4.33,22.72,111,40.13,0
REC002584,2022-04-27,335.4,893,664,4.18,92.86,122,25.47,15
REC005156,2022-04-27,148.6,900,623,6.15,29.32,116,32.59,30
REC002697,2022-04-28,151.1,985,629,4.03,43.0,113,27.37,0
REC005378,2022-04-28,76.7,828,658,3.26,39.66,115,23.88,10
REC001016,2022-04-28,307.23,885,643,2.88,74.72,110,36.88,0
REC004994,2022-04-29,165.17,929,688,3.62,13.15,119,39.29,0
REC002856,2022-04-29,208.13,922,629,3.91,71.91,137,34.22,15
REC005673,2022-04-29,234.03,920,638,5.58,26.45,94,41.5,10
REC000515,2022-04-29,211.68,889,634,2.38,23.51,139,40.86,30
REC005129,2022-04-30,446.26,924,604,4.05,47.88,113,48.89,5
REC005414,2022-04-30,84.86,887,660,5.47,124.75,120,51.54,20
REC003464,2022-05-01,324.04,947,608,3.78,21.38,132,63.14,10
REC005317,2022-05-01,94.99,891,642,5.86,28.37,121,37.53,0
REC004708,2022-05-01,128.12,894,618,2.54,43.86,131,32.6,10
REC004044,2022-05-01,357.27,898,654,6.61,28.14,114,37.88,5
REC004946,2022-05-01,109.46,862,600,2.65,25.59,108,37.09,10
REC002179,2022-05-01,208.43,883,658,5.03,39.13,129,40.05,15
REC005860,2022-05-01,249.39,900,654,6.1,41.4,117,35.06,15
REC005667,2022-05-01,48.85,930,640,2.97,53.18,108,32.2,15
REC002992,2022-05-02,103.63,909,665,5.38,16.01,116,51.47,0
REC001294,2022-05-02,119.96,874,634,3.56,53.05,130,40.75,0
REC001606,2022-05-02,107.46,893,615,1.78,99.19,114,38.24,10
REC000627,2022-05-02,292.39,853,643,5.24,36.38,119,29.07,20
REC002505,2022-05-03,32.93,910,693,1.93,25.15,121,40.45,5
REC005402,2022-05-03,153.23,900,629,3.81,66.48,126,25.89,0
REC000897,2022-05-03,153.27,900,670,5.32,26.37,119,21.78,15
REC005844,2022-05-03,76.24,873,616,3.64,31.65,115,24.07,15
REC003911,2022-05-04,64.62,896,629,4.0,45.37,112,30.28,0
REC001135,2022-05-04,175.18,973,654,4.2,35.11,123,43.88,5
REC002778,2022-05-04,84.36,888,620,3.53,62.35,117,53.63,10
REC002598,2022-05-04,210.82,953,652,2.58,42.17,122,22.82,20
REC003140,2022-05-04,52.38,849,634,4.85,64.55,114,50.73,10
REC000811,2022-05-04,160.66,886,622,4.51,58.53,103,34.9,20
REC001070,2022-05-05,76.14,892,603,3.9,84.59,114,56.63,20
REC003111,2022-05-05,75.41,873,640,3.68,61.41,109,40.87,20
REC002485,2022-05-05,58.21,895,632,1.22,11.72,124,45.56,5
REC001306,2022-05-05,155.97,941,616,3.21,39.24,85,49.8,25
REC000425,2022-05-06,215.89,966,652,5.93,38.63,102,39.04,10
REC002568,2022-05-06,58.86,882,676,4.4,75.49,133,43.08,5
REC004580,2022-05-06,77.03,925,681,3.65,27.22,114,20.78,10
REC001699,2022-05-06,92.68,956,647,2.31,21.61,99,41.42,15
REC002003,2022-05-07,106.93,905,625,4.43,44.0,107,40.17,30
REC000464,2022-05-07,149.91,933,661,1.69,30.62,99,36.2,20
REC000502,2022-05-07,163.51,933,668,3.16,45.18,163,32.16,0
REC002759,2022-05-08,318.88,909,627,4.14,49.12,103,45.77,10
REC004021,2022-05-08,275.51,900,620,5.21,22.59,129,44.1,15
REC005429,2022-05-08,262.74,927,648,4.46,40.74,122,12.99,20
REC003964,2022-05-08,133.27,923,576,5.16,76.13,113,34.66,30
REC003845,2022-05-09,214.1,907,648,4.52,57.36,106,19.52,15
REC001879,2022-05-09,383.16,870,623,4.71,38.48,112,42.92,25
REC001014,2022-05-09,106.11,868,619,2.23,40.41,102,39.99,15
REC002548,2022-05-10,132.65,930,678,2.68,43.11,101,38.39,0
REC002814,2022-05-10,62.46,856,639,3.35,74.94,136,30.2,10
REC004553,2022-05-10,145.23,920,628,4.75,28.4,118,31.87,5
REC005137,2022-05-10,227.77,911,676,3.92,27.8,100,37.46,10
REC002188,2022-05-11,67.16,969,683,3.26,82.64,97,60.56,10
REC004201,2022-05-11,72.31,929,621,3.22,51.04,123,25.72,25
REC001516,2022-05-11,442.0,923,639,3.63,22.76,96,10.24,25
REC001708,2022-05-11,23.14,891,631,1.77,38.8,122,41.43,30
REC003739,2022-05-11,640.86,888,614,3.79,55.59,121,47.5,5
REC003179,2022-05-11,162.01,888,622,6.1,40.78,117,37.85,30
REC004433,2022-05-11,26.96,901,653,1.2,40.3,118,31.97,20
REC005833,2022-05-12,90.02,912,652,3.65,87.53,120,28.8,0
REC001786,2022-05-12,375.63,886,627,2.95,45.48,121,41.89,10
REC003647,2022-05-13,591.02,886,603,3.42,52.51,109,35.97,10
REC002546,2022-05-13,345.74,927,616,2.84,64.52,128,46.37,10
REC000310,2022-05-14,46.75,899,632,5.21,43.74,126,41.38,15
REC002306,2022-05-14,189.75,919,655,4.93,25.17,121,16.47,15
REC001630,2022-05-14,173.69,901,675,4.18,41.48,106,45.53,20
REC000937,2022-05-14,275.65,918,608,4.02,27.98,136,39.09,10
REC004853,2022-05-15,130.24,960,672,3.17,36.03,113,41.62,20
REC005705,2022-05-15,299.95,883,653,3.86,69.44,104,29.07,10
REC004595,2022-05-15,187.42,814,641,1.48,53.38,110,40.39,5
REC000155,2022-05-16,90.46,926,608,3.41,17.53,124,52.49,15
REC001216,2022-05-16,110.99,944,605,3.93,31.0,110,31.17,5
REC005246,2022-05-16,108.63,938,665,3.36,56.73,108,37.4,25
REC002840,2022-05-17,137.35,885,646,4.46,19.67,114,33.76,0
REC005758,2022-05-17,69.36,970,675,4.18,36.96,128,24.9,15
REC002611,2022-05-17,118.92,943,648,5.93,63.17,114,20.82,10
REC001693,2022-05-17,73.34,840,667,4.31,13.81,114,43.49,15
REC001293,2022-05-18,1039.4,904,673,3.99,52.81,135,50.83,20
REC000246,2022-05-18,268.42,944,659,3.98,27.81,105,41.11,25
REC003467,2022-05-18,47.15,897,642,5.57,43.41,86,40.72,15
REC004428,2022-05-19,482.77,933,625,3.37,60.24,117,45.67,15
REC001368,2022-05-19,67.43,907,682,5.14,47.52,112,31.44,0
REC005351,2022-05-19,90.85,891,633,3.05,45.58,126,38.52,10
REC005459,2022-05-19,199.76,890,651,3.53,61.46,109,51.11,10
REC002535,2022-05-20,71.28,902,628,3.41,39.83,110,32.52,25
REC003267,2022-05-20,72.96,903,666,4.93,31.33,112,35.49,15
REC000082,2022-05-20,348.79,940,640,2.91,78.2,99,27.52,15
REC002607,2022-05-20,78.97,851,657,6.65,42.17,126,25.6,30
REC002773,2022-05-20,73.69,878,676,3.14,51.42,125,61.72,5
REC003320,2022-05-21,205.16,904,681,3.31,26.17,113,50.31,15
REC002788,2022-05-21,288.75,889,624,4.69,109.33,127,50.44,20
REC002896,2022-05-21,191.41,867,662,2.57,59.87,118,40.08,0
REC003401,2022-05-21,55.89,917,596,4.43,56.71,109,55.1,20
REC001252,2022-05-21,140.1,931,645,3.73,28.97,111,20.07,20
REC000098,2022-05-21,106.75,889,643,4.54,26.46,120,19.11,30
REC002786,2022-05-21,64.37,901,628,6.01,53.49,110,56.84,0
REC005790,2022-05-21,201.3,880,611,3.63,100.43,112,38.12,5
REC002850,2022-05-22,44.7,896,661,1.89,92.02,129,37.4,20
REC001977,2022-05-23,752.61,896,616,4.79,76.85,118,44.14,0
REC002221,2022-05-23,71.9,939,645,5.02,39.12,123,37.46,10
REC004669,2022-05-23,398.21,892,669,4.64,21.53,116,30.54,25
REC003885,2022-05-23,78.6,906,651,3.99,32.11,114,46.68,10
REC001478,2022-05-24,102.51,942,649,2.92,20.24,115,31.4,20
REC004733,2022-05-24,92.67,920,660,4.0,57.86,108,33.82,10
REC002422,2022-05-24,105.02,859,637,4.04,46.35,129,17.89,10
REC000273,2022-05-24,99.42,920,659,5.41,30.52,109,34.56,15
REC003243,2022-05-25,169.87,920,657,3.94,133.54,108,57.33,30
REC000780,2022-05-25,114.57,990,626,3.43,58.17,120,51.1,5
REC000896,2022-05-25,152.57,920,653,4.31,38.71,107,33.19,15
REC005597,2022-05-25,200.51,906,652,2.49,18.37,101,32.53,10
REC005357,2022-05-25,114.58,881,682,4.38,18.73,122,57.42,10
REC002797,2022-05-26,81.01,859,630,5.56,79.3,109,43.75,5
REC001609,2022-05-26,35.31,890,657,2.88,42.16,113,75.0,20
REC004764,2022-05-26,158.16,865,630,5.08,25.42,113,35.87,20
REC001433,2022-05-26,154.04,907,605,2.94,43.46,99,30.49,5
REC005643,2022-05-26,122.06,913,630,2.86,27.41,111,30.62,30
REC001154,2022-05-26,354.86,980,639,4.01,70.07,132,37.2,15
REC001859,2022-05-27,164.65,888,641,3.75,86.36,133,38.73,25
REC000050,2022-05-27,274.09,886,657,5.71,57.74,111,55.72,15
REC003744,2022-05-28,136.74,920,666,2.32,30.26,99,39.25,10
REC002152,2022-05-28,113.52,917,637,3.68,33.32,123,30.63,10
REC005051,2022-05-28,115.95,884,639,3.54,23.32,118,43.62,0
REC002694,2022-05-28,248.49,944,642,3.82,20.25,118,49.69,15
REC001709,2022-05-28,252.46,914,668,4.45,61.44,117,39.89,25
REC004369,2022-05-28,35.04,872,671,3.48,69.66,111,34.62,15
REC005011,2022-05-28,139.97,850,649,3.76,71.02,123,34.07,0
REC005662,2022-05-29,59.92,838,614,2.83,35.53,107,38.27,5
REC004760,2022-05-29,96.56,900,633,4.51,97.87,101,41.07,15
REC003300,2022-05-30,173.92,933,635,4.25,75.83,123,63.59,15
REC003234,2022-05-30,184.91,905,682,3.2,48.02,110,39.09,10
REC000282,2022-05-30,173.47,911,682,3.41,21.69,117,33.45,20
REC004180,2022-05-30,77.7,866,636,4.66,19.36,103,16.3,15
REC001432,2022-05-31,181.76,917,666,4.94,16.26,106,40.41,5
REC002971,2022-05-31,111.75,857,640,2.94,26.25,113,52.14,5
REC004258,2022-05-31,192.49,890,681,2.31,26.19,120,39.77,20
REC002440,2022-05-31,58.79,902,625,4.07,79.55,141,32.35,10
REC002154,2022-06-01,156.38,928,617,0.8,20.26,107,32.22,15
REC001363,2022-06-01,146.69,918,603,4.99,78.57,149,53.32,10
REC001323,2022-06-01,85.63,890,650,2.4,56.49,109,22.49,5
REC001241,2022-06-02,123.33,894,646,3.61,94.01,123,35.93,5
REC001971,2022-06-02,306.5,883,636,2.0,21.32,122,33.55,30
REC005789,2022-06-03,96.32,874,661,5.34,41.55,97,34.95,10
REC004015,2022-06-03,109.49,906,652,2.79,48.34,103,47.38,0
REC000501,2022-06-03,287.82,905,658,3.31,24.63,114,31.39,15
REC003402,2022-06-03,182.48,890,649,3.67,33.55,97,25.46,15
REC003752,2022-06-03,188.84,880,667,3.57,50.32,136,25.75,30
REC005073,2022-06-03,172.32,916,681,3.84,22.71,101,54.63,10
REC000855,2022-06-03,105.8,915,644,3.75,13.0,102,46.31,20
REC003903,2022-06-03,383.4,921,616,2.19,96.22,97,30.1,10
REC005657,2022-06-03,203.41,928,627,3.52,27.69,113,55.47,10
REC001623,2022-06-04,118.89,906,638,3.77,19.82,125,35.19,25
REC001835,2022-06-04,107.5,921,672,2.53,27.95,95,18.91,20
REC002079,2022-06-05,91.91,890,619,3.16,51.51,129,42.24,10
REC004984,2022-06-05,105.97,869,615,5.41,16.88,132,40.75,10
REC005950,2022-06-06,175.76,919,666,6.08,115.84,108,23.16,25
REC001896,2022-06-06,116.08,929,649,3.74,20.74,100,43.01,25
REC005371,2022-06-07,169.76,916,685,2.87,29.25,115,37.55,0
REC003741,2022-06-07,222.49,913,647,4.96,35.61,105,59.28,20
REC001999,2022-06-07,367.22,865,633,2.06,45.22,118,15.76,20
REC002412,2022-06-07,324.37,925,591,1.0,182.98,116,30.57,15
REC001458,2022-06-08,115.44,939,619,4.14,45.89,128,51.18,0
REC005767,2022-06-08,77.95,923,647,4.1,66.54,127,40.07,5
REC001624,2022-06-08,348.86,888,623,3.12,44.18,116,54.39,20
REC001762,2022-06-08,293.09,930,652,3.38,26.89,125,34.03,15
REC001764,2022-06-08,124.27,871,611,2.16,82.73,132,62.91,5
REC000382,2022-06-08,56.24,911,642,2.79,27.14,129,59.75,15
REC000055,2022-06-08,143.75,900,639,5.88,36.26,99,42.11,0
REC005304,2022-06-08,156.57,904,612,2.78,20.78,119,27.17,5
REC000725,2022-06-09,231.89,893,717,4.73,18.51,124,37.56,0
REC005959,2022-06-09,289.88,960,671,4.53,29.83,109,24.04,15
REC001956,2022-06-09,142.88,832,616,3.34,56.03,108,59.07,10
REC005479,2022-06-09,107.09,913,648,2.92,16.46,110,18.2,25
REC001024,2022-06-10,298.16,835,661,3.02,46.72,111,31.5,5
REC003338,2022-06-10,158.19,908,630,4.47,47.55,117,51.08,5
REC002830,2022-06-10,235.74,867,651,3.36,60.77,107,25.99,25
REC004767,2022-06-11,479.01,861,636,4.04,91.45,117,63.44,0
REC005235,2022-06-11,42.31,910,601,4.2,28.5,117,15.07,20
REC003613,2022-06-11,139.99,859,611,2.58,86.44,125,25.74,5
REC003662,2022-06-11,62.3,896,617,4.77,41.2,115,37.62,10
REC001506,2022-06-11,73.34,895,640,3.64,94.91,139,60.62,20
REC001453,2022-06-11,215.84,913,645,3.39,39.95,121,51.38,15
REC004153,2022-06-11,162.58,917,653,4.52,53.98,109,8.0,0
REC004806,2022-06-11,143.64,898,641,3.84,29.01,102,33.9,5
REC001262,2022-06-12,113.98,912,636,2.78,28.34,117,28.81,10
REC002469,2022-06-12,151.33,907,623,4.07,32.14,116,65.84,0
REC001227,2022-06-13,249.77,899,646,4.45,45.61,127,59.56,25
REC005788,2022-06-13,35.28,883,625,2.32,26.52,116,39.93,10
REC002764,2022-06-13,121.59,946,637,3.05,34.23,101,40.11,20
REC004289,2022-06-14,167.77,954,643,2.07,29.54,101,34.31,5
REC002504,2022-06-14,188.31,923,638,3.87,9.4,105,54.79,10
REC005325,2022-06-14,418.64,902,637,4.61,16.17,118,41.49,20
REC000938,2022-06-14,201.25,886,653,4.58,25.17,124,23.35,5
REC002378,2022-06-14,258.51,885,645,3.76,64.52,112,37.36,10
REC001127,2022-06-15,187.61,1000,671,3.51,85.21,101,42.69,20
REC005963,2022-06-15,312.52,912,588,4.08,43.73,112,29.99,20
REC000333,2022-06-15,86.31,936,646,3.7,74.62,120,43.51,10
REC000683,2022-06-15,58.46,929,636,3.79,37.36,110,54.18,25
REC005472,2022-06-15,178.25,902,610,3.58,33.25,114,43.35,30
REC000362,2022-06-15,184.44,857,612,4.48,21.26,110,40.45,5
REC004676,2022-06-16,42.29,839,689,3.23,22.7,103,8.0,10
REC004352,2022-06-16,208.33,882,646,5.28,22.84,119,16.09,20
REC001407,2022-06-16,53.83,935,682,3.53,28.44,119,42.8,15
REC003051,2022-06-16,948.68,906,619,4.0,34.1,112,8.0,5
REC005213,2022-06-16,93.52,907,624,2.24,26.75,118,30.85,25
REC004999,2022-06-16,177.15,937,648,1.64,50.06,107,45.52,5
REC004482,2022-06-17,140.6,936,643,3.95,45.58,141,37.56,10
REC003731,2022-06-17,102.89,963,630,4.51,38.03,116,37.12,10
REC004927,2022-06-17,122.73,871,654,2.25,55.79,106,44.69,10
REC000247,2022-06-18,133.14,912,630,4.67,198.02,123,37.92,15
REC001679,2022-06-18,153.82,920,620,6.18,59.94,98,47.02,0
REC004188,2022-06-18,276.78,861,613,1.13,37.18,108,51.09,10
REC000795,2022-06-18,81.63,894,642,3.72,43.37,129,61.87,0
REC004987,2022-06-19,146.42,894,621,5.03,38.58,111,34.64,5
REC002078,2022-06-19,122.39,881,638,2.67,27.63,102,42.44,20
REC003397,2022-06-19,84.53,875,645,3.57,94.14,100,37.33,20
REC001423,2022-06-19,161.52,874,638,2.93,14.67,109,48.73,15
REC000763,2022-06-20,198.73,891,667,4.52,42.29,101,43.55,15
REC003878,2022-06-20,155.01,909,637,3.84,19.73,119,31.6,10
REC005583,2022-06-20,389.74,921,612,3.98,20.79,108,29.84,15
REC002444,2022-06-20,150.35,918,634,2.46,51.09,118,34.33,10
REC001886,2022-06-20,106.57,906,606,1.9,23.78,133,48.31,25
REC003940,2022-06-21,165.39,953,654,2.04,47.09,127,46.15,30
REC002720,2022-06-21,218.38,883,619,4.01,7.77,104,32.82,5
REC002471,2022-06-21,148.53,906,651,5.06,46.66,105,37.16,20
REC002711,2022-06-21,74.87,931,620,3.67,20.88,122,33.83,10
REC001402,2022-06-21,42.08,913,654,1.97,31.8,128,55.97,15
REC001569,2022-06-21,139.82,916,647,4.84,47.47,146,37.69,5
REC003508,2022-06-21,48.33,919,627,2.37,25.03,120,58.18,20
REC005025,2022-06-22,32.53,876,644,3.17,52.69,94,43.15,30
REC003020,2022-06-22,179.94,852,645,4.29,52.83,103,8.0,10
REC001351,2022-06-22,201.86,884,617,3.66,30.66,132,30.95,25
REC004721,2022-06-22,394.93,897,638,5.16,127.84,110,45.05,10
REC002957,2022-06-22,60.76,867,645,2.63,58.61,100,63.44,10
REC005263,2022-06-23,191.37,947,667,5.09,47.22,114,42.52,30
REC005958,2022-06-23,405.84,906,614,3.54,137.81,118,25.19,20
REC004393,2022-06-23,89.47,881,661,3.25,18.79,109,34.56,5
REC002706,2022-06-23,89.21,885,633,3.77,31.25,122,36.19,25
REC002167,2022-06-23,113.7,867,640,3.3,57.49,98,31.26,20
REC001392,2022-06-23,76.21,877,632,2.65,44.28,112,43.36,5
REC005999,2022-06-24,326.28,877,651,4.52,27.41,119,60.77,10
REC000511,2022-06-24,223.8,899,606,3.73,63.86,111,29.59,10
REC002470,2022-06-24,120.31,930,561,4.56,34.6,131,40.3,15
REC000865,2022-06-24,152.37,894,662,2.96,95.86,115,29.28,0
REC003413,2022-06-24,109.44,887,668,3.75,53.47,97,67.89,10
REC001207,2022-06-25,178.87,880,620,4.98,54.54,115,25.55,30
REC005603,2022-06-25,463.02,853,668,3.56,53.47,98,38.3,15
REC000830,2022-06-25,290.22,960,689,3.15,16.76,113,47.86,0
REC000952,2022-06-25,61.87,891,624,3.41,44.6,119,46.68,20
REC003035,2022-06-25,97.86,875,582,4.6,79.69,119,26.54,10
REC001023,2022-06-25,224.71,879,629,4.6,49.38,119,50.66,10
REC002367,2022-06-25,217.56,895,665,4.81,56.42,103,49.04,15
REC004378,2022-06-25,78.01,917,612,3.78,22.14,120,50.54,10
REC004873,2022-06-25,135.1,895,652,3.16,32.71,109,30.1,20
REC002519,2022-06-26,114.64,919,628,2.79,10.66,115,46.12,20
REC000972,2022-06-26,131.31,946,667,4.17,47.49,93,43.37,20
REC003474,2022-06-26,173.47,852,671,5.02,101.34,113,48.69,5
REC003928,2022-06-27,268.19,902,649,4.7,45.94,127,22.59,20
REC004321,2022-06-27,272.9,904,609,4.86,53.73,134,54.11,0
REC003690,2022-06-27,62.4,928,657,3.48,78.55,116,27.67,25
REC002058,2022-06-27,321.47,950,646,4.43,23.63,122,60.04,5
REC001110,2022-06-27,169.14,920,608,5.04,28.13,108,35.12,25
REC004304,2022-06-28,52.6,890,611,2.4,53.66,117,42.19,30
REC004260,2022-06-28,73.95,877,652,4.53,60.96,102,39.03,5
REC002857,2022-06-28,208.09,885,663,3.61,86.68,116,53.12,0
REC001703,2022-06-28,255.4,949,618,3.86,40.41,112,49.22,0
REC003244,2022-06-28,110.89,929,629,4.73,52.71,122,30.84,10
REC003905,2022-06-28,216.36,909,655,4.46,36.15,118,25.72,20
REC005456,2022-06-29,289.02,874,588,4.23,82.14,116,46.02,10
REC003641,2022-06-29,164.59,912,634,3.04,137.91,100,13.22,10
REC003950,2022-06-29,122.21,866,643,4.34,38.13,115,39.91,10
REC000486,2022-06-29,109.03,943,636,2.64,42.85,137,45.4,10
REC005658,2022-06-29,147.83,883,659,6.04,23.67,116,40.27,15
REC000470,2022-06-30,71.52,862,683,3.66,31.88,117,15.58,20
REC001299,2022-06-30,233.29,922,635,4.22,52.66,116,30.38,15
REC000531,2022-06-30,267.08,925,627,3.74,31.86,107,36.63,20
REC002945,2022-06-30,58.48,909,583,3.68,14.58,120,44.28,10
REC002399,2022-06-30,88.0,865,638,5.16,57.62,109,53.24,20
REC004088,2022-06-30,199.57,927,619,4.13,44.82,117,50.18,5
REC003180,2022-07-01,111.87,896,639,3.61,56.1,124,23.05,15
REC000571,2022-07-01,74.38,931,615,3.1,93.91,109,30.45,15
REC003129,2022-07-01,91.86,925,610,4.67,36.0,115,54.38,10
REC004217,2022-07-01,145.11,880,614,2.92,33.58,123,46.07,0
REC001114,2022-07-01,137.59,883,629,1.2,23.33,117,43.38,5
REC001899,2022-07-01,460.58,868,642,3.63,75.75,117,49.11,10
REC004812,2022-07-02,101.41,920,631,2.57,31.39,112,24.16,25
REC001877,2022-07-02,284.15,895,628,5.24,32.38,127,21.6,15
REC005260,2022-07-02,83.99,861,638,3.22,18.17,114,51.4,0
REC003634,2022-07-02,277.93,856,647,3.19,50.07,108,27.39,10
REC004646,2022-07-02,73.97,884,613,2.85,46.87,102,57.8,15
REC002574,2022-07-02,15.65,923,636,5.59,37.82,107,47.92,10
REC002638,2022-07-02,124.45,912,640,3.35,29.73,118,37.41,10
REC004478,2022-07-02,278.63,908,649,2.56,39.47,117,32.69,15
REC005369,2022-07-02,144.19,909,641,3.71,44.83,116,48.7,0
REC004816,2022-07-02,221.52,895,623,3.78,40.73,121,44.77,10
REC002423,2022-07-03,353.13,926,595,4.91,17.65,121,40.4,10
REC005120,2022-07-03,126.13,940,652,2.46,23.16,122,59.17,10
REC003297,2022-07-03,204.46,888,635,5.58,18.12,113,34.94,20
REC003278,2022-07-03,198.74,925,650,3.8,78.2,110,34.71,25
REC002792,2022-07-03,44.83,900,697,4.11,47.63,110,57.71,5
REC000593,2022-07-03,95.5,984,603,5.51,39.52,113,39.06,25
REC002080,2022-07-03,90.92,913,656,3.03,92.58,112,42.84,20
REC005294,2022-07-04,359.67,947,672,3.43,68.73,117,39.84,10
REC003091,2022-07-04,143.75,864,623,4.06,30.32,115,50.96,10
REC005527,2022-07-04,85.94,919,632,2.98,64.31,121,32.82,10
REC005475,2022-07-04,135.05,895,599,3.14,17.04,118,36.5,10
REC001576,2022-07-05,90.99,899,662,3.88,33.06,122,26.13,10
REC003428,2022-07-05,128.8,921,657,5.34,19.5,102,42.39,10
REC004407,2022-07-06,301.38,913,671,3.75,58.25,119,37.24,25
REC002904,2022-07-06,222.14,891,647,5.1,28.13,113,28.41,5
REC001598,2022-07-06,72.27,878,632,2.52,49.14,110,54.3,10
REC002028,2022-07-07,36.94,917,638,4.75,50.07,111,47.64,15
REC003714,2022-07-07,99.72,858,643,3.6,47.87,111,51.26,25
REC005061,2022-07-07,344.56,890,678,3.61,74.61,116,45.9,5
REC003110,2022-07-07,140.6,908,670,5.52,97.64,109,55.15,15
REC004338,2022-07-07,63.72,862,663,4.17,132.52,122,45.45,0
REC002161,2022-07-07,550.4,859,643,1.96,22.77,119,32.39,20
REC004177,2022-07-09,112.38,923,640,2.78,55.39,125,40.84,20
REC005497,2022-07-09,314.78,926,654,2.17,23.51,109,54.91,10
REC005074,2022-07-09,101.04,956,624,2.81,84.41,110,32.69,0
REC002868,2022-07-10,279.41,933,667,5.0,49.92,116,26.54,20
REC004726,2022-07-10,118.52,887,670,3.78,23.96,119,35.99,5
REC005631,2022-07-10,159.57,904,629,6.15,61.27,105,49.92,5
REC004823,2022-07-11,57.49,908,660,3.75,30.29,106,36.22,25
REC004550,2022-07-11,161.26,938,638,1.86,8.92,105,44.7,5
REC001773,2022-07-11,23.41,907,632,4.2,44.75,126,38.04,10
REC000401,2022-07-11,72.45,939,639,3.42,17.44,95,35.43,30
REC005640,2022-07-11,64.05,873,637,3.77,47.17,112,17.84,10
REC004919,2022-07-11,364.22,903,642,4.82,36.14,111,17.79,30
REC000512,2022-07-11,704.69,892,655,4.47,29.89,121,38.33,5
REC000790,2022-07-11,120.03,928,655,5.58,38.45,112,46.45,20
REC004747,2022-07-11,80.65,888,673,3.45,47.98,121,36.67,0
REC002285,2022-07-12,56.4,910,663,4.02,94.72,102,38.66,10
REC000572,2022-07-12,150.33,911,613,3.74,43.38,136,46.01,20
REC002068,2022-07-12,83.59,891,637,4.29,13.63,111,43.28,20
REC001725,2022-07-12,375.48,905,649,3.99,34.31,126,39.29,0
REC005421,2022-07-13,90.39,934,651,3.98,153.82,123,52.34,20
REC005885,2022-07-13,96.94,901,662,4.26,26.44,119,32.4,10
REC002314,2022-07-13,144.72,894,615,3.89,25.64,112,45.29,20
REC000105,2022-07-13,114.55,938,658,3.47,66.62,116,31.07,20
REC002800,2022-07-13,98.04,858,687,2.15,20.64,95,34.05,0
REC002873,2022-07-13,356.32,937,629,3.66,24.54,115,47.94,10
REC004530,2022-07-14,200.95,891,638,3.31,12.37,117,60.84,10
REC003015,2022-07-14,154.9,867,656,3.82,16.74,124,37.15,25
REC004924,2022-07-14,164.76,882,624,5.12,41.5,114,27.79,15
REC005416,2022-07-14,87.88,927,624,3.51,27.65,109,38.1,5
REC000230,2022-07-14,186.03,864,676,3.61,60.54,114,51.88,25
REC000966,2022-07-15,118.5,892,630,3.05,56.56,90,64.31,0
REC003669,2022-07-15,143.02,861,675,4.53,73.02,111,61.3,0
REC004522,2022-07-15,112.18,888,628,4.73,39.25,128,46.52,0
REC004225,2022-07-16,112.38,887,608,4.26,35.52,116,58.9,30
REC004006,2022-07-16,79.31,896,635,0.8,57.98,115,45.8,25
REC002613,2022-07-16,133.6,933,616,4.68,40.64,117,39.4,30
REC002201,2022-07-17,169.73,948,632,4.34,27.17,124,26.56,0
REC004492,2022-07-17,114.2,956,642,3.11,24.54,99,39.62,15
REC000169,2022-07-17,130.49,894,652,3.27,39.46,130,53.59,10
REC005695,2022-07-17,319.29,930,640,2.91,27.39,98,43.34,0
REC001794,2022-07-17,266.9,913,675,2.72,48.09,89,15.79,15
REC005326,2022-07-18,97.06,883,591,4.25,125.79,122,45.62,10
REC000686,2022-07-19,367.32,870,614,1.5,33.81,129,36.82,25
REC003541,2022-07-19,192.5,900,639,4.33,41.47,112,32.8,30
REC005724,2022-07-19,47.55,841,639,3.75,29.86,121,45.22,20
REC004451,2022-07-19,125.95,902,629,3.61,77.86,131,25.06,10
REC000476,2022-07-19,145.32,904,638,4.71,59.87,124,33.77,10
REC005809,2022-07-20,161.65,955,658,4.25,56.2,113,38.67,15
REC001079,2022-07-20,114.08,932,652,6.1,55.98,101,63.15,5
REC002641,2022-07-20,46.24,908,645,4.64,21.99,103,32.44,15
REC001515,2022-07-21,101.66,925,624,2.46,40.84,117,23.56,15
REC001037,2022-07-21,493.95,870,632,5.16,70.5,96,27.03,5
REC001909,2022-07-21,108.17,891,649,4.25,49.23,128,40.18,20
REC002520,2022-07-21,134.93,923,629,4.27,47.12,126,34.84,15
REC004475,2022-07-21,262.37,904,637,3.67,30.85,112,32.57,10
REC001036,2022-07-21,78.76,920,640,1.8,33.07,115,46.43,20
REC002461,2022-07-22,54.01,909,617,3.87,49.73,133,47.96,0
REC002564,2022-07-22,130.21,889,629,3.18,26.54,126,19.11,25
REC001366,2022-07-22,58.13,903,681,2.99,34.08,125,41.08,15
REC004979,2022-07-22,98.72,897,643,3.73,45.66,129,54.22,25
REC000661,2022-07-22,71.75,902,672,3.01,34.78,119,31.55,10
REC001740,2022-07-23,23.49,930,667,4.54,47.5,113,53.49,20
REC001610,2022-07-23,306.12,932,644,4.2,31.27,112,42.3,5
REC004707,2022-07-23,111.69,887,635,2.63,84.84,128,52.56,15
REC004381,2022-07-23,200.96,923,623,3.55,21.79,111,22.48,10
REC002838,2022-07-23,48.4,867,651,3.85,29.12,126,32.86,25
REC001130,2022-07-25,425.28,911,622,4.27,45.69,133,25.14,0
REC001855,2022-07-25,42.42,895,612,4.34,74.86,99,45.64,0
REC005496,2022-07-25,275.56,928,631,2.53,29.18,125,36.29,25
REC001281,2022-07-25,275.26,911,628,2.33,166.64,107,29.42,15
REC001551,2022-07-25,95.43,907,643,2.47,33.22,125,27.84,30
REC004996,2022-07-26,136.15,832,651,2.69,58.87,102,56.58,25
REC002990,2022-07-26,173.11,896,636,5.37,35.53,119,30.01,30
REC005570,2022-07-26,137.43,831,601,3.3,61.98,103,36.59,5
REC004917,2022-07-27,83.31,934,592,3.66,34.95,116,53.21,15
REC000549,2022-07-27,84.63,880,666,5.09,27.08,123,52.99,10
REC005027,2022-07-27,108.35,933,642,3.99,26.49,105,37.84,0
REC005871,2022-07-27,45.06,938,641,3.73,24.61,114,43.24,5
REC003150,2022-07-27,67.92,878,634,3.98,75.38,112,17.66,10
REC004985,2022-07-28,214.9,936,615,5.32,113.23,120,23.28,10
REC002845,2022-07-28,22.47,937,670,3.32,22.82,111,18.11,10
REC003013,2022-07-28,212.59,929,630,1.85,42.84,115,35.52,5
REC003652,2022-07-29,180.36,903,625,3.21,51.55,117,25.35,15
REC001853,2022-07-29,283.74,882,643,4.71,34.9,110,46.28,20
REC001976,2022-07-29,161.41,906,647,4.61,23.11,106,30.07,30
REC002046,2022-07-30,280.87,853,646,4.0,22.81,120,23.69,0
REC004870,2022-07-30,187.42,885,659,3.68,36.72,117,36.57,30
REC005023,2022-07-30,530.85,941,630,3.6,17.17,109,38.5,5
REC003271,2022-07-30,122.44,909,655,3.56,46.1,104,44.5,25
REC001567,2022-07-30,159.72,904,645,2.63,7.66,128,51.57,5
REC005559,2022-07-31,124.13,920,664,4.67,18.81,115,35.49,20
REC004045,2022-07-31,188.34,878,694,4.9,64.59,106,35.4,0
REC005906,2022-07-31,149.33,900,670,4.71,48.53,113,42.33,20
REC000707,2022-07-31,51.12,873,627,3.21,95.38,106,21.03,15
REC005652,2022-07-31,190.45,934,665,4.55,25.81,125,17.37,10
REC001017,2022-08-01,186.16,941,621,3.58,33.24,99,45.11,15
REC001482,2022-08-01,140.23,874,650,3.41,29.07,93,49.2,10
REC004609,2022-08-01,56.1,911,667,5.62,43.84,101,35.61,15
REC004675,2022-08-01,240.19,880,662,2.21,39.15,103,37.61,30
REC002538,2022-08-01,59.88,874,611,2.82,40.75,108,35.15,0
REC001799,2022-08-01,192.18,881,632,4.06,72.9,105,48.25,5
REC000622,2022-08-02,359.84,926,666,2.19,50.72,107,28.94,20
REC001952,2022-08-02,119.15,869,639,4.79,41.18,136,51.62,10
REC000969,2022-08-02,180.28,889,610,2.8,78.82,101,27.64,10
REC000038,2022-08-02,69.86,946,673,5.04,26.24,98,18.66,10
REC000570,2022-08-03,96.59,905,628,4.58,39.52,100,49.54,10
REC003521,2022-08-03,72.75,863,639,3.35,21.24,121,59.59,15
REC000886,2022-08-03,381.31,937,640,4.52,93.61,104,8.77,0
REC005188,2022-08-03,115.35,886,681,3.98,41.54,121,36.64,5
REC002572,2022-08-03,158.97,890,623,4.19,29.77,126,46.51,20
REC002319,2022-08-04,354.04,885,600,3.41,45.8,111,46.23,15
REC002951,2022-08-04,23.59,876,661,4.24,32.49,107,22.84,25
REC000249,2022-08-04,424.93,948,588,2.69,35.91,102,50.88,25
REC004216,2022-08-04,95.63,872,636,4.61,17.71,122,27.81,10
REC004910,2022-08-05,146.79,900,635,4.87,41.26,117,29.84,10
REC003472,2022-08-05,350.11,901,645,3.12,49.0,113,42.37,10
REC002714,2022-08-05,42.45,903,612,4.18,64.94,102,52.47,10
REC004127,2022-08-05,217.52,903,652,4.84,28.58,120,39.51,0
REC002920,2022-08-05,232.65,910,672,4.28,48.71,110,24.26,10
REC005506,2022-08-05,101.11,924,658,4.34,10.22,129,25.63,0
REC003805,2022-08-06,130.9,874,610,3.99,72.11,126,43.26,5
REC002943,2022-08-06,177.24,927,662,4.93,39.83,116,41.01,25
REC000611,2022-08-06,85.35,882,644,4.99,58.81,102,24.93,30
REC004541,2022-08-06,97.55,878,645,4.4,31.34,115,37.86,15
REC005700,2022-08-07,237.25,880,642,4.71,71.9,118,48.64,25
REC001937,2022-08-07,166.66,896,589,4.05,30.68,111,28.05,15
REC001978,2022-08-07,165.08,875,601,1.43,65.0,119,29.0,25
REC000875,2022-08-08,114.41,923,656,3.6,47.19,121,56.89,15
REC002438,2022-08-08,270.36,874,638,5.86,15.37,127,51.12,10
REC004792,2022-08-08,293.75,895,647,3.94,25.86,103,75.0,10
REC002837,2022-08-08,277.68,911,623,3.78,30.76,117,46.73,15
REC002292,2022-08-08,168.79,917,667,2.79,41.17,116,29.94,30
REC005495,2022-08-09,184.42,936,625,4.69,16.56,129,56.98,25
REC000671,2022-08-09,58.17,881,629,3.43,56.61,103,31.01,5
REC000243,2022-08-09,154.08,874,664,2.14,48.15,105,20.83,15
REC003061,2022-08-09,87.46,914,645,2.33,86.65,118,54.31,0
REC003531,2022-08-10,206.15,923,660,2.37,95.23,102,31.25,25
REC002573,2022-08-10,62.51,899,639,3.9,15.4,112,56.05,20
REC000348,2022-08-11,104.7,877,665,4.21,67.02,110,49.35,10
REC005471,2022-08-12,75.16,904,624,1.72,24.24,129,36.5,0
REC001204,2022-08-12,153.26,920,647,4.17,64.18,132,50.36,15
REC005182,2022-08-12,140.13,901,641,3.86,16.81,117,26.77,10
REC004440,2022-08-12,247.29,993,589,5.2,48.35,112,39.21,30
REC004631,2022-08-12,41.24,919,644,2.93,58.71,108,39.55,25
REC002566,2022-08-13,101.42,855,656,4.06,32.51,107,38.58,30
REC000015,2022-08-13,288.01,889,617,0.8,65.04,116,44.79,5
REC002362,2022-08-13,165.78,912,612,2.89,128.0,131,47.56,10
REC003597,2022-08-13,214.2,888,614,3.08,160.22,108,22.93,0
REC005578,2022-08-13,282.57,900,669,3.07,13.07,116,40.54,25
REC000491,2022-08-14,149.83,887,615,2.56,60.63,100,30.61,5
REC003290,2022-08-14,155.6,945,652,4.74,99.28,107,15.55,20
REC005204,2022-08-15,80.6,948,647,6.22,11.39,120,36.09,5
REC002375,2022-08-15,52.95,919,635,5.12,26.06,118,41.2,25
REC001704,2022-08-15,142.03,885,651,4.15,31.24,113,39.19,10
REC004437,2022-08-15,582.62,911,688,2.21,40.33,109,47.36,0
REC002892,2022-08-15,404.98,907,643,3.25,25.31,97,28.78,0
REC000729,2022-08-16,180.97,884,638,5.69,28.14,124,33.02,15
REC002539,2022-08-16,75.54,883,668,4.47,30.33,119,30.1,15
REC001081,2022-08-16,389.12,882,613,4.22,48.11,128,50.13,30
REC002912,2022-08-17,262.62,869,639,5.07,57.53,128,29.19,15
REC003425,2022-08-17,108.13,868,610,1.93,24.43,118,35.78,20
REC001985,2022-08-18,629.69,909,679,3.49,31.66,113,12.35,20
REC004639,2022-08-18,178.15,913,678,3.91,54.24,121,35.72,5
REC004401,2022-08-18,347.52,847,592,3.93,39.28,109,34.65,25
REC004249,2022-08-19,116.33,855,656,4.07,48.82,123,40.96,20
REC001633,2022-08-19,472.81,975,660,3.96,17.74,96,40.23,15
REC002808,2022-08-19,197.0,907,615,3.91,23.26,114,51.71,10
REC005682,2022-08-19,228.38,896,653,4.08,9.22,117,44.2,25
REC001018,2022-08-19,239.14,937,626,3.51,91.06,105,40.12,15
REC002311,2022-08-19,84.08,876,638,4.12,27.01,116,21.6,10
REC001399,2022-08-19,147.66,880,640,1.63,76.25,117,14.51,5
REC000856,2022-08-20,62.92,883,647,4.84,52.02,109,38.29,5
REC000437,2022-08-20,240.89,948,657,5.03,37.34,123,32.63,20
REC002256,2022-08-21,103.31,843,647,2.27,31.14,122,39.98,5
REC003257,2022-08-21,67.05,896,658,4.01,13.14,120,25.38,5
REC000653,2022-08-21,174.75,897,627,4.22,60.13,121,28.07,30
REC005002,2022-08-22,97.91,867,631,4.04,61.53,111,47.68,25
REC004317,2022-08-22,65.48,861,628,4.08,24.13,119,45.45,10
REC001498,2022-08-22,56.16,944,667,4.73,51.06,136,55.5,5
REC003288,2022-08-22,62.39,892,667,3.15,24.98,112,42.03,20
REC005160,2022-08-22,84.77,923,626,4.13,63.0,120,59.01,10
REC003782,2022-08-23,290.73,874,619,2.34,113.3,104,39.27,25
REC004561,2022-08-23,202.07,889,623,3.98,13.18,124,54.38,20
REC002129,2022-08-23,176.9,889,644,2.78,106.68,116,37.47,20
REC003003,2022-08-24,149.88,878,652,4.23,25.13,128,38.79,5
REC005267,2022-08-24,103.42,901,671,3.52,17.0,120,31.48,30
REC002819,2022-08-25,192.7,894,572,3.83,35.24,113,44.89,30
REC000750,2022-08-25,129.68,909,651,3.91,47.9,123,43.71,10
REC005946,2022-08-26,90.84,922,586,3.29,47.61,120,17.62,0
REC002528,2022-08-26,423.46,878,640,1.69,22.19,131,38.27,5
REC003877,2022-08-26,105.81,897,641,5.2,90.9,123,41.72,10
REC000628,2022-08-27,184.41,902,591,3.04,45.2,117,39.82,5
REC000270,2022-08-27,48.38,930,673,4.19,26.7,134,24.7,30
REC003535,2022-08-27,133.32,891,637,3.49,71.8,107,21.83,20
REC005211,2022-08-27,120.73,922,665,3.3,22.74,113,44.55,15
REC002930,2022-08-28,84.49,911,619,2.47,100.7,111,47.75,25
REC001138,2022-08-29,787.89,923,634,3.7,22.33,115,10.89,10
REC004093,2022-08-29,72.92,943,641,5.17,62.29,126,46.11,5
REC005989,2022-08-29,216.9,971,624,2.66,90.52,106,26.62,15
REC005566,2022-08-29,243.61,924,636,2.4,20.57,107,41.05,0
REC000353,2022-08-30,110.6,924,617,4.92,31.43,108,47.88,15
REC003978,2022-08-30,164.84,843,610,6.61,33.12,107,38.1,20
REC001255,2022-08-30,303.85,924,663,4.94,30.24,123,48.13,15
REC000722,2022-08-31,160.7,929,590,2.54,74.78,106,38.73,10
REC003387,2022-08-31,439.44,882,632,5.42,20.79,102,30.46,5
REC005148,2022-08-31,49.96,908,620,3.25,79.15,120,37.09,5
REC002466,2022-09-01,51.42,879,653,4.17,39.73,105,38.29,15
REC004004,2022-09-01,118.24,895,614,4.2,19.17,114,50.63,10
REC004714,2022-09-01,362.11,927,603,3.57,35.98,115,36.34,10
REC005720,2022-09-02,154.12,887,644,4.4,29.2,136,40.17,0
REC001144,2022-09-02,87.72,904,690,3.13,60.5,121,22.01,20
REC001815,2022-09-03,562.75,916,636,3.67,41.46,121,43.19,5
REC001041,2022-09-03,203.3,852,636,5.11,72.31,103,18.41,0
REC003952,2022-09-03,74.93,946,637,3.1,39.85,110,17.89,10
REC005393,2022-09-03,95.76,879,616,3.47,25.51,136,27.5,20
REC005202,2022-09-03,58.54,878,639,2.39,60.57,102,59.47,0
REC005004,2022-09-04,121.42,863,673,5.67,43.9,113,59.76,15
REC002905,2022-09-04,142.4,938,653,4.57,24.67,127,39.76,10
REC003829,2022-09-04,90.5,863,615,4.94,68.55,108,24.62,20
REC001735,2022-09-04,58.7,919,611,5.0,34.32,121,24.96,15
REC003218,2022-09-04,610.83,906,656,4.23,44.58,129,8.0,30
REC000263,2022-09-05,129.22,920,627,2.64,34.25,124,25.51,15
REC005313,2022-09-05,87.68,881,641,2.79,92.58,112,59.11,25
REC003562,2022-09-05,402.48,882,661,3.61,19.76,117,29.43,15
REC002516,2022-09-06,70.99,881,686,3.08,95.18,149,38.06,10
REC000390,2022-09-06,153.67,862,647,1.86,22.72,133,49.69,20
REC000508,2022-09-06,175.3,958,668,4.91,38.23,106,40.3,10
REC002718,2022-09-07,82.41,889,654,4.11,24.39,110,21.88,5
REC003050,2022-09-07,125.09,843,622,2.64,28.82,113,34.66,10
REC003746,2022-09-07,390.46,898,669,2.87,53.04,110,35.88,10
REC005310,2022-09-07,155.59,873,609,2.91,64.65,96,12.7,10
REC004805,2022-09-08,253.55,924,658,2.72,42.25,138,50.62,15
REC001862,2022-09-08,392.0,899,635,4.72,99.88,108,51.66,10
REC004262,2022-09-08,139.76,944,646,2.59,43.14,115,41.84,0
REC003898,2022-09-08,173.54,910,632,3.27,23.84,123,27.99,25
REC004346,2022-09-08,101.88,865,613,3.67,40.37,115,34.6,10
REC003068,2022-09-08,91.9,907,635,2.61,46.33,108,41.33,20
REC003153,2022-09-08,53.38,890,629,3.92,36.91,122,32.04,15
REC003622,2022-09-08,121.55,895,641,3.37,56.22,107,61.59,15
REC003881,2022-09-08,288.27,883,644,4.77,75.23,121,25.97,20
REC001465,2022-09-09,54.56,891,641,1.86,30.79,101,49.84,10
REC001030,2022-09-09,190.96,914,620,4.36,25.31,116,50.1,20
REC003620,2022-09-09,105.2,866,658,2.84,109.57,100,37.13,5
REC003330,2022-09-10,135.18,867,657,1.1,23.89,124,40.59,10
REC005656,2022-09-10,93.27,908,589,3.9,53.21,109,26.96,5
REC001964,2022-09-11,346.83,887,689,3.74,16.93,112,53.5,10
REC000529,2022-09-11,238.78,880,633,2.72,53.5,153,47.1,20
REC005883,2022-09-12,535.75,872,625,4.42,59.77,111,35.84,15
REC000646,2022-09-12,256.39,900,617,4.16,29.71,111,28.59,20
REC004709,2022-09-12,135.15,928,628,2.84,81.07,119,31.69,0
REC004638,2022-09-12,279.32,887,684,2.78,31.77,114,31.18,0
REC001861,2022-09-12,16.65,864,624,3.97,59.83,126,8.0,10
REC001626,2022-09-13,200.11,888,626,3.8,15.81,130,46.61,5
REC002350,2022-09-13,187.77,929,635,5.15,62.89,128,44.54,25
REC000062,2022-09-13,507.8,889,619,4.8,50.98,108,29.63,0
REC002847,2022-09-13,472.7,887,683,3.77,60.12,103,42.3,10
REC003196,2022-09-14,109.01,933,646,3.99,78.62,138,36.59,15
REC002358,2022-09-14,85.83,918,623,4.62,98.57,132,11.38,5
REC005455,2022-09-15,121.53,904,623,2.84,64.92,116,41.97,10
REC003603,2022-09-15,158.67,956,659,3.95,32.54,129,55.02,10
REC005432,2022-09-16,133.31,903,619,4.31,33.52,112,47.18,0
REC005823,2022-09-16,242.94,851,623,3.77,36.13,126,40.11,0
REC001245,2022-09-16,96.93,924,665,3.06,38.62,129,23.13,0
REC001477,2022-09-16,171.02,893,634,4.69,45.15,142,43.94,20
REC004555,2022-09-17,69.84,935,621,3.73,23.79,114,66.24,0
REC000196,2022-09-17,155.0,881,629,4.79,75.18,122,54.74,10
REC004690,2022-09-17,227.96,905,637,5.62,92.45,115,26.29,15
REC002404,2022-09-17,163.94,845,606,2.03,39.16,106,32.65,10
REC004488,2022-09-17,87.75,884,648,2.89,17.48,101,38.23,15
REC001378,2022-09-17,223.04,906,654,4.18,16.9,113,42.37,15
REC004154,2022-09-18,74.92,882,664,4.1,64.09,124,41.46,20
REC005601,2022-09-18,373.18,844,655,2.96,83.79,113,39.53,15
REC001769,2022-09-18,234.0,936,695,5.67,32.72,144,43.72,15
REC004387,2022-09-19,300.66,873,623,4.6,44.82,111,49.57,25
REC005176,2022-09-19,206.56,881,676,4.49,47.55,108,47.15,15
REC002332,2022-09-19,187.82,893,659,5.66,49.14,114,41.91,5
REC001685,2022-09-19,74.39,860,629,3.46,25.83,121,42.59,10
REC001953,2022-09-19,155.15,914,652,4.15,36.27,101,34.75,20
REC005777,2022-09-19,393.19,880,642,3.1,31.71,114,34.7,0
REC004762,2022-09-19,56.83,937,623,4.41,49.94,124,66.48,25
REC001622,2022-09-20,440.29,876,642,4.49,63.28,129,42.25,5
REC000091,2022-09-20,116.25,908,656,5.84,24.08,105,50.49,10
REC005874,2022-09-21,123.26,875,634,3.49,34.66,140,29.92,0
REC003200,2022-09-21,320.8,911,649,4.74,27.15,98,47.86,20
REC002544,2022-09-22,69.96,920,639,3.56,15.32,113,45.08,25
REC000465,2022-09-22,127.82,911,608,3.03,38.83,112,47.47,20
REC001195,2022-09-22,61.7,859,630,4.53,36.8,124,41.44,10
REC003336,2022-09-23,143.82,902,652,4.29,64.45,107,56.62,20
REC000092,2022-09-23,133.26,916,628,4.09,32.34,111,46.98,25
REC003086,2022-09-23,192.59,912,615,3.34,20.39,135,30.98,30
REC005755,2022-09-24,79.29,915,667,1.62,35.62,103,37.77,15
REC002321,2022-09-24,106.31,891,645,3.86,62.87,108,34.5,30
REC002473,2022-09-24,218.78,925,634,5.0,16.49,108,25.84,15
REC004551,2022-09-24,149.03,886,638,5.23,86.26,113,44.48,10
REC004576,2022-09-25,124.47,946,616,3.08,86.77,117,31.94,15
REC001962,2022-09-25,176.68,913,652,4.15,40.53,135,44.98,5
REC002381,2022-09-26,89.66,858,619,3.23,37.56,112,34.04,5
REC000523,2022-09-26,152.17,920,613,4.01,43.45,126,32.07,30
REC004727,2022-09-26,254.29,939,636,5.86,55.2,98,37.2,10
REC003979,2022-09-27,74.12,904,617,4.58,87.63,123,56.29,30
REC000745,2022-09-27,681.77,942,632,2.41,40.74,113,42.56,5
REC003703,2022-09-27,117.95,902,605,2.91,16.74,111,36.89,15
REC002555,2022-09-27,279.54,849,643,4.89,47.79,118,25.79,5
REC000748,2022-09-27,169.64,885,644,3.15,54.5,118,51.68,5
REC002807,2022-09-28,65.88,931,631,4.98,19.07,106,32.47,15
REC005469,2022-09-28,135.88,896,649,3.13,33.13,112,31.35,5
REC005046,2022-09-28,82.95,899,634,5.07,26.16,111,47.78,10
REC005635,2022-09-28,235.2,886,615,4.65,53.66,111,47.49,5
REC005961,2022-09-29,123.95,897,639,4.63,50.97,93,44.91,15
REC000113,2022-09-29,85.79,914,645,4.15,46.36,119,36.16,15
REC002372,2022-09-30,288.79,872,642,0.94,49.12,107,26.34,30
REC000762,2022-09-30,95.73,888,659,3.66,88.18,98,41.63,30
REC003077,2022-09-30,317.07,936,636,3.19,28.82,134,33.41,15
REC001034,2022-09-30,40.92,936,662,1.8,34.69,120,46.04,20
REC004305,2022-09-30,219.8,927,597,3.59,131.23,101,33.28,0
REC005692,2022-09-30,186.53,900,606,3.85,29.8,115,42.37,15
REC002754,2022-10-01,150.35,879,654,4.12,40.17,121,63.0,15
REC001938,2022-10-01,519.68,876,623,2.94,42.81,111,30.23,10
REC002115,2022-10-01,90.57,914,639,4.36,36.63,120,33.67,5
REC005795,2022-10-01,362.04,892,690,4.65,48.91,125,36.25,15
REC005126,2022-10-01,66.41,914,620,3.7,13.27,104,49.19,5
REC003610,2022-10-01,87.13,913,613,3.41,79.52,111,35.78,25
REC002978,2022-10-02,139.38,884,690,4.4,66.91,122,37.14,5
REC004903,2022-10-02,193.98,876,591,5.87,18.92,115,30.0,10
REC003525,2022-10-02,107.13,859,668,1.54,40.92,107,52.48,25
REC001134,2022-10-02,403.46,907,704,2.06,43.01,131,55.89,15
REC004396,2022-10-02,224.89,876,683,5.42,65.88,109,51.22,10
REC003515,2022-10-03,104.47,888,688,3.33,31.56,106,37.92,15
REC004339,2022-10-03,1334.4,898,661,3.48,87.13,122,35.37,10
REC004829,2022-10-03,195.09,941,612,3.24,62.49,118,34.45,5
REC004705,2022-10-04,72.56,917,665,4.29,32.82,109,41.89,15
REC002039,2022-10-04,85.8,890,630,3.27,34.0,118,39.29,15
REC004543,2022-10-05,89.21,879,618,4.94,65.74,151,53.27,10
REC001712,2022-10-05,164.93,851,605,2.03,31.25,95,38.61,0
REC005549,2022-10-05,194.6,894,681,3.82,24.66,119,24.81,25
REC002588,2022-10-05,375.45,935,660,6.37,31.28,129,20.01,20
REC004494,2022-10-06,89.12,869,617,4.78,17.26,110,29.3,10
REC003436,2022-10-06,87.94,940,642,5.21,48.89,108,49.8,25
REC001833,2022-10-06,300.98,924,598,3.5,31.49,134,51.09,10
REC002262,2022-10-06,109.57,867,635,4.5,55.56,114,40.35,0
REC003607,2022-10-06,193.33,910,587,2.88,41.3,116,48.81,25
REC005315,2022-10-07,129.33,949,639,3.13,46.05,116,27.57,20
REC005733,2022-10-07,519.2,839,642,4.56,18.28,122,42.15,10
REC001215,2022-10-08,104.44,923,625,1.96,11.78,107,48.19,20
REC004132,2022-10-08,210.36,970,646,3.12,18.15,103,58.99,25
REC003191,2022-10-08,211.04,933,612,3.37,35.7,121,56.15,5
REC005134,2022-10-08,79.82,892,607,3.83,45.93,107,40.82,10
REC005033,2022-10-09,110.12,883,629,2.89,38.91,102,40.11,10
REC000423,2022-10-09,28.07,898,617,3.96,127.22,112,46.66,15
REC000699,2022-10-09,208.2,898,651,2.35,35.79,109,43.35,10
REC004960,2022-10-09,52.14,964,653,2.98,73.51,106,47.2,15
REC003999,2022-10-09,111.25,934,630,3.54,36.56,112,35.59,25
REC000192,2022-10-09,63.89,871,618,4.02,42.97,118,53.4,0
REC001884,2022-10-09,111.42,846,631,1.39,55.37,121,50.77,30
REC001220,2022-10-09,115.93,923,643,5.69,47.65,120,33.55,5
REC001315,2022-10-10,74.91,926,656,3.59,21.07,112,37.2,15
REC001793,2022-10-10,180.01,913,662,2.94,57.13,102,43.14,0
REC004476,2022-10-10,217.12,915,612,3.99,59.68,120,27.5,5
REC003725,2022-10-10,225.71,865,678,3.93,22.66,110,38.4,15
REC004645,2022-10-11,268.12,891,676,4.72,23.24,113,21.14,5
REC001390,2022-10-11,123.24,884,627,5.2,109.89,126,53.68,15
REC004257,2022-10-11,386.71,930,627,4.5,27.89,113,43.67,30
REC003439,2022-10-12,78.75,861,636,2.5,42.71,115,38.76,15
REC003310,2022-10-12,142.63,888,626,3.31,71.42,108,28.67,25
REC001860,2022-10-12,101.79,911,568,2.26,28.98,111,49.5,30
REC000677,2022-10-12,74.68,934,662,1.45,35.55,112,34.01,30
REC000816,2022-10-13,90.97,876,637,4.0,43.68,119,57.37,10
REC001948,2022-10-13,83.31,846,647,3.6,43.68,119,46.34,0
REC003162,2022-10-13,34.26,901,618,3.45,50.44,95,37.11,15
REC001955,2022-10-13,119.18,883,665,4.27,125.25,119,44.37,10
REC005537,2022-10-13,61.35,877,647,5.21,99.37,102,16.94,15
REC003123,2022-10-14,400.51,851,682,2.05,72.21,110,35.55,10
REC003279,2022-10-14,96.48,894,654,2.33,30.98,118,45.66,5
REC004110,2022-10-14,430.43,859,645,3.91,45.14,108,35.28,10
REC001259,2022-10-14,110.39,898,642,5.0,41.92,110,71.86,5
REC001650,2022-10-14,269.9,916,644,4.04,50.64,115,47.19,5
REC001805,2022-10-14,111.44,882,645,3.99,80.88,122,28.37,20
REC002799,2022-10-15,97.3,923,623,4.3,57.96,130,33.84,10
REC000594,2022-10-15,157.3,885,604,3.55,25.19,124,57.6,15
REC003987,2022-10-15,392.49,880,638,4.2,28.21,125,39.9,5
REC004665,2022-10-15,387.68,891,646,2.96,45.02,137,41.69,15
REC004022,2022-10-15,148.78,954,624,3.45,37.87,132,29.64,10
REC005401,2022-10-16,281.48,872,651,2.63,62.32,116,22.51,25
REC000544,2022-10-16,245.04,912,673,3.04,20.05,119,19.17,5
REC001882,2022-10-16,75.17,883,662,2.29,38.18,106,16.03,25
REC003672,2022-10-17,131.05,898,600,5.48,23.87,115,46.05,10
REC003643,2022-10-17,168.82,887,612,3.38,107.31,121,27.86,10
REC000223,2022-10-18,98.48,894,643,3.58,30.63,121,45.23,5
REC001219,2022-10-18,535.26,892,691,6.81,23.14,123,67.28,25
REC000041,2022-10-18,484.87,907,650,1.98,111.29,113,66.76,25
REC001846,2022-10-18,241.97,923,661,4.25,27.44,115,57.03,15
REC003270,2022-10-19,224.4,928,654,3.16,45.56,120,26.82,0
REC001638,2022-10-19,59.35,886,637,3.84,32.09,115,45.56,25
REC003812,2022-10-19,153.74,897,610,3.32,33.06,123,22.24,0
REC000867,2022-10-19,64.96,877,623,3.77,56.8,116,47.86,10
REC003969,2022-10-20,141.77,913,620,2.46,19.94,115,25.4,20
REC004981,2022-10-20,538.37,930,613,6.49,54.43,132,48.26,5
REC003073,2022-10-20,245.46,888,621,4.02,41.46,94,49.17,25
REC004385,2022-10-20,697.64,873,656,4.87,54.2,119,40.96,5
REC002174,2022-10-20,171.4,910,663,3.77,53.67,102,44.23,10
REC004523,2022-10-20,34.42,925,635,2.75,86.6,112,52.63,15
REC000398,2022-10-21,106.16,879,647,6.24,36.29,121,34.33,0
REC000950,2022-10-21,169.64,896,665,6.92,19.6,132,36.07,10
REC000308,2022-10-21,138.74,917,647,3.88,72.55,122,30.43,20
REC003232,2022-10-21,82.19,864,627,3.63,28.05,112,56.27,10
REC000643,2022-10-21,120.89,868,601,4.53,39.17,104,28.58,20
REC002041,2022-10-22,80.81,879,661,5.27,17.66,109,52.62,5
REC001008,2022-10-22,161.98,891,647,3.26,45.52,110,43.69,10
REC005121,2022-10-22,87.79,896,645,6.58,28.3,117,36.85,15
REC003980,2022-10-22,102.85,899,615,3.56,59.33,124,36.68,5
REC003650,2022-10-22,144.06,913,677,2.14,35.43,127,29.93,25
REC005571,2022-10-23,142.0,897,637,3.68,49.25,110,45.77,15
REC000461,2022-10-23,253.22,915,632,4.12,46.92,96,37.11,0
REC000463,2022-10-23,85.92,891,637,5.62,35.42,100,30.2,5
REC005107,2022-10-23,66.87,896,621,4.43,48.94,116,37.92,20
REC001374,2022-10-23,180.0,912,651,6.2,56.43,109,44.38,5
REC003786,2022-10-23,199.08,938,677,2.87,45.61,106,45.32,15
REC001817,2022-10-24,191.09,852,665,3.61,53.92,123,38.67,15
REC001804,2022-10-24,197.86,879,631,5.35,35.02,121,27.33,15
REC003674,2022-10-24,135.0,865,665,1.73,20.05,112,39.17,5
REC003804,2022-10-24,158.91,915,629,4.39,35.64,117,36.47,20
REC002864,2022-10-24,195.69,859,629,4.15,54.22,111,23.72,10
REC000115,2022-10-24,277.79,898,636,4.07,20.98,118,58.26,15
REC002581,2022-10-25,437.17,889,660,2.56,123.82,117,28.97,10
REC005007,2022-10-25,148.11,904,646,4.3,21.63,113,22.59,15
REC004611,2022-10-25,125.22,874,663,2.37,16.82,107,39.04,20
REC004255,2022-10-25,216.21,881,646,3.66,56.2,139,63.91,15
REC001564,2022-10-25,410.01,892,590,3.53,32.03,127,28.14,25
REC001972,2022-10-25,198.56,908,644,4.46,77.64,102,34.26,0
REC000845,2022-10-26,159.23,909,559,3.63,97.04,113,33.86,5
REC001656,2022-10-26,91.17,890,647,3.42,35.22,116,37.9,20
REC005542,2022-10-26,180.03,924,632,1.11,76.84,97,27.18,15
REC001001,2022-10-27,261.63,925,642,5.57,34.84,117,8.0,5
REC002826,2022-10-27,122.27,859,631,2.62,94.97,105,35.08,10
REC002877,2022-10-28,241.48,912,651,3.17,141.62,129,46.64,10
REC000987,2022-10-28,96.53,876,627,3.37,32.34,103,51.58,20
REC005579,2022-10-28,48.17,907,621,4.06,35.61,125,8.51,5
REC005044,2022-10-28,212.16,883,662,3.68,86.92,107,20.63,0
REC003004,2022-10-28,141.6,848,639,3.53,57.34,103,42.18,5
REC002331,2022-10-29,170.36,921,697,3.46,11.45,101,46.17,15
REC003691,2022-10-29,142.48,883,668,4.18,22.42,116,49.84,5
REC005329,2022-10-29,398.79,921,621,2.89,44.22,103,42.63,20
REC001690,2022-10-29,160.42,917,618,1.72,25.02,115,38.8,10
REC001818,2022-10-29,225.89,976,637,3.2,12.41,119,48.1,10
REC004370,2022-10-29,161.69,875,637,4.17,23.27,141,37.21,5
REC001479,2022-10-30,77.6,914,648,2.47,10.74,136,59.67,10
REC001282,2022-10-30,55.22,940,616,3.59,40.49,115,22.67,15
REC003563,2022-10-30,85.91,916,614,5.13,64.97,122,44.31,0
REC001603,2022-10-30,127.41,879,621,4.17,48.45,126,58.4,15
REC001169,2022-10-31,551.34,862,675,5.12,42.79,112,32.69,0
REC005600,2022-10-31,14.57,934,648,3.81,42.26,113,26.11,0
REC003142,2022-10-31,109.28,924,666,1.37,38.75,120,53.75,5
REC005565,2022-10-31,125.27,882,643,3.34,29.81,123,20.82,10
REC005672,2022-11-01,61.13,952,602,3.45,33.76,114,18.04,10
REC002637,2022-11-01,180.75,968,653,3.24,55.94,107,37.59,10
REC005435,2022-11-01,224.46,879,644,2.34,15.07,117,47.54,5
REC004390,2022-11-01,182.42,884,654,2.89,36.84,141,14.97,0
REC004056,2022-11-02,379.99,889,641,4.1,49.75,119,39.52,10
REC001103,2022-11-02,80.09,882,632,3.63,106.01,114,50.8,25
REC003998,2022-11-02,92.9,874,635,2.79,50.91,109,17.14,15
REC003376,2022-11-02,55.25,917,644,4.37,31.08,120,20.27,5
REC005133,2022-11-03,341.43,874,635,5.14,19.61,113,29.96,25
REC001828,2022-11-03,65.17,865,652,3.85,71.75,111,34.95,10
REC002970,2022-11-03,68.44,860,649,2.69,30.72,114,30.27,0
REC005282,2022-11-03,210.76,851,612,3.68,82.82,109,56.63,15
REC005452,2022-11-04,108.25,924,702,3.41,41.96,121,31.69,15
REC001891,2022-11-04,226.03,893,615,4.17,23.41,133,48.49,10
REC003023,2022-11-04,140.64,878,628,4.48,68.21,104,39.08,15
REC003137,2022-11-05,134.13,929,641,2.84,106.87,114,32.19,0
REC003796,2022-11-05,201.89,891,674,3.61,64.67,111,41.47,0
REC004268,2022-11-05,271.68,950,640,5.95,27.31,134,38.28,10
REC004141,2022-11-05,111.95,893,682,3.98,101.4,107,25.17,25
REC002925,2022-11-05,405.67,875,664,2.11,40.61,115,45.7,20
REC002098,2022-11-05,157.17,884,646,3.46,41.18,119,41.13,0
REC002526,2022-11-06,318.92,865,612,5.02,54.85,138,52.88,10
REC003837,2022-11-07,598.19,916,599,4.12,95.94,107,24.44,10
REC005972,2022-11-07,248.47,910,669,2.77,40.82,122,22.05,15
REC004138,2022-11-07,365.62,871,614,3.27,26.25,120,29.83,20
REC003195,2022-11-07,484.43,888,676,4.52,100.03,127,25.43,25
REC002815,2022-11-07,148.11,905,653,4.95,72.5,131,33.24,25
REC004678,2022-11-07,96.79,892,609,3.16,39.04,119,26.27,15
REC004694,2022-11-07,67.32,899,590,2.17,31.79,112,36.88,10
REC003740,2022-11-07,86.78,886,602,3.96,120.68,101,54.19,25
REC003830,2022-11-08,110.73,890,598,4.07,32.18,124,24.61,0
REC005702,2022-11-08,138.67,888,620,3.78,32.79,99,46.19,0
REC004786,2022-11-08,145.48,888,659,2.24,47.06,122,31.66,20
REC000504,2022-11-08,157.53,827,650,2.63,37.98,103,22.6,20
REC001775,2022-11-08,92.11,901,639,5.31,27.7,126,29.35,10
REC002347,2022-11-08,76.2,909,616,2.72,39.98,131,65.0,10
REC003251,2022-11-08,106.66,833,659,3.21,56.86,111,35.41,10
REC004532,2022-11-09,153.19,907,610,3.03,53.12,114,20.16,20
REC000208,2022-11-09,97.47,877,655,3.07,32.26,105,18.41,10
REC001741,2022-11-09,258.31,836,658,4.14,45.22,108,37.36,30
REC004826,2022-11-09,103.25,888,607,2.8,69.3,115,35.16,15
REC004583,2022-11-09,134.02,926,662,3.96,13.17,103,42.63,5
REC001541,2022-11-10,232.12,880,633,3.86,37.55,110,38.97,20
REC003875,2022-11-10,49.0,867,648,4.99,39.21,120,28.17,0
REC002727,2022-11-10,266.2,875,624,2.98,47.01,112,29.55,25
REC000999,2022-11-10,321.44,884,655,4.39,29.65,101,31.26,15
REC003390,2022-11-11,128.99,893,639,3.59,187.52,117,34.73,10
REC003668,2022-11-12,553.86,914,654,3.22,59.12,113,22.43,10
REC004521,2022-11-13,97.17,895,674,2.59,32.53,134,52.8,10
REC001484,2022-11-13,100.36,972,659,3.66,36.72,116,11.44,0
REC002360,2022-11-14,115.54,869,634,3.22,166.35,128,51.11,10
REC001055,2022-11-14,232.57,865,660,2.21,42.22,111,36.75,15
REC003311,2022-11-15,351.06,906,640,3.3,41.28,110,56.12,25
REC002879,2022-11-15,154.65,905,612,3.96,17.4,102,28.29,10
REC004399,2022-11-15,80.52,883,648,4.62,106.16,128,37.95,30
REC002639,2022-11-15,589.51,903,661,2.96,62.42,111,35.93,15
REC004539,2022-11-15,172.85,929,632,3.74,62.38,122,8.0,25
REC003408,2022-11-15,99.3,899,647,3.2,16.49,122,8.0,5
REC005563,2022-11-16,65.96,941,656,4.62,29.16,113,43.26,10
REC001678,2022-11-17,575.08,873,609,5.42,21.44,134,65.48,15
REC002274,2022-11-17,215.83,884,670,5.89,58.36,107,28.5,25
REC004140,2022-11-17,299.66,933,615,5.03,35.19,113,44.08,10
REC004116,2022-11-18,128.58,885,658,3.86,64.19,139,31.22,0
REC000125,2022-11-18,199.96,860,634,5.04,47.86,114,45.76,25
REC001337,2022-11-18,95.34,874,647,2.31,39.1,94,42.88,5
REC004814,2022-11-18,116.56,852,658,2.37,78.27,98,42.37,10
REC003337,2022-11-18,176.54,911,634,2.5,28.91,123,35.61,5
REC000219,2022-11-19,115.0,891,641,3.17,71.74,121,42.47,5
REC001580,2022-11-19,380.96,903,648,3.78,37.93,124,34.51,10
REC003253,2022-11-19,116.77,836,614,4.71,31.07,124,39.27,5
REC005037,2022-11-19,37.03,931,605,5.12,25.6,96,66.62,10
REC000127,2022-11-20,83.58,865,605,4.49,38.31,119,46.45,15
REC000728,2022-11-20,163.17,844,629,5.25,28.95,121,35.66,30
REC004980,2022-11-20,95.05,898,677,3.5,62.26,130,33.47,10
REC002241,2022-11-21,116.35,892,626,6.8,72.62,103,17.05,10
REC001202,2022-11-21,129.72,875,691,3.79,58.9,110,42.05,20
REC000758,2022-11-21,302.89,914,669,2.46,78.04,127,8.0,5
REC004279,2022-11-21,474.69,928,629,4.57,72.47,114,44.15,15
REC001768,2022-11-22,125.27,908,625,6.21,13.57,113,28.06,10
REC001159,2022-11-22,238.98,917,686,4.13,76.76,108,67.49,30
REC000206,2022-11-22,101.56,900,634,3.48,17.09,126,26.09,5
REC003038,2022-11-22,127.07,917,651,0.8,28.01,103,41.38,30
REC002121,2022-11-22,131.13,883,642,3.71,15.17,129,30.25,25
REC003832,2022-11-23,305.67,858,635,5.79,97.49,131,25.82,10
REC002259,2022-11-24,145.96,898,664,3.14,26.81,112,40.53,20
REC003576,2022-11-24,69.35,950,658,4.32,44.75,122,40.21,20
REC003959,2022-11-24,350.63,880,605,2.37,47.13,107,32.26,10
REC005289,2022-11-24,74.94,864,620,2.14,17.29,108,20.42,10
REC004859,2022-11-25,808.86,909,676,3.14,111.56,98,27.6,30
REC002885,2022-11-25,288.77,846,660,3.83,28.31,108,30.61,30
REC001998,2022-11-26,371.52,918,622,4.33,66.39,99,23.59,10
REC005052,2022-11-26,85.49,863,693,1.43,41.78,117,29.18,10
REC000604,2022-11-26,223.32,890,646,4.51,64.86,121,39.03,15
REC004186,2022-11-26,94.29,864,638,4.41,35.41,101,32.08,5
REC000480,2022-11-27,82.28,903,665,2.03,27.88,116,52.39,15
REC002612,2022-11-27,298.96,864,655,3.0,40.03,117,52.29,20
REC005230,2022-11-27,865.9,912,596,3.22,38.09,114,25.27,15
REC000296,2022-11-27,308.51,902,652,3.51,46.42,113,41.09,5
REC000771,2022-11-28,50.98,886,667,3.73,24.02,115,46.9,10
REC002682,2022-11-28,53.36,870,659,4.75,44.27,124,40.67,10
REC003571,2022-11-28,296.52,878,651,3.33,41.12,109,32.93,10
REC003026,2022-11-28,203.56,924,631,1.67,41.92,116,44.38,15
REC003787,2022-11-28,460.53,869,647,3.76,63.94,96,35.34,15
REC004345,2022-11-28,173.42,896,670,4.35,29.34,123,38.82,0
REC001772,2022-11-28,92.01,874,622,3.86,55.8,113,44.81,30
REC001438,2022-11-29,91.62,861,640,4.69,85.67,111,37.18,20
REC002268,2022-11-29,49.3,891,627,3.55,56.2,118,71.35,15
REC002906,2022-11-29,148.92,975,615,2.62,30.73,120,50.56,25
REC003025,2022-11-29,113.32,917,618,4.84,61.32,117,37.36,5
REC005168,2022-11-29,71.96,921,627,4.62,38.41,118,36.4,25
REC000893,2022-11-30,79.98,919,603,5.09,26.06,131,25.03,15
REC002632,2022-11-30,196.44,913,605,2.65,24.37,124,21.96,0
REC000360,2022-11-30,47.05,952,637,4.27,36.46,121,40.49,20
REC005252,2022-11-30,179.79,955,621,4.73,48.43,115,44.54,0
REC005602,2022-12-01,158.79,944,647,3.71,52.34,118,29.16,10
REC001401,2022-12-01,90.85,891,643,3.75,20.67,111,38.12,10
REC004686,2022-12-02,421.39,938,631,5.21,48.83,114,41.25,25
REC000663,2022-12-02,163.3,888,672,1.84,34.91,109,28.29,10
REC005540,2022-12-03,244.73,888,629,6.02,30.61,117,14.15,0
REC003569,2022-12-03,100.47,898,617,3.75,16.13,122,45.23,15
REC004734,2022-12-03,71.17,905,630,0.8,80.51,102,36.3,15
REC005021,2022-12-03,234.61,925,666,3.64,23.55,109,32.22,30
REC002710,2022-12-03,248.57,912,609,4.07,60.84,115,39.52,10
REC000747,2022-12-04,182.16,940,670,3.96,78.65,116,36.33,20
REC000994,2022-12-04,191.72,902,680,2.95,41.34,111,26.21,10
REC003379,2022-12-04,73.53,926,640,4.26,20.88,108,27.86,15
REC000257,2022-12-04,311.04,933,645,3.45,15.82,106,24.17,15
REC002988,2022-12-05,164.31,922,633,5.7,39.01,111,25.46,25
REC001536,2022-12-05,171.66,910,659,3.56,55.27,137,40.51,25
REC000785,2022-12-05,301.59,921,654,3.14,30.05,123,52.28,10
REC003834,2022-12-05,232.73,872,641,5.1,10.17,115,41.38,15
REC005853,2022-12-05,75.51,865,645,3.57,44.92,110,39.21,15
REC002029,2022-12-05,131.61,919,627,2.31,44.81,118,11.7,25
REC002551,2022-12-05,319.06,853,623,3.15,56.58,134,30.22,15
REC002382,2022-12-06,242.23,893,612,4.6,44.99,116,29.77,5
REC000256,2022-12-06,62.49,901,604,4.45,38.51,114,45.45,0
REC004435,2022-12-06,169.07,912,653,3.87,7.97,119,18.48,25
REC001007,2022-12-06,72.69,912,674,3.99,34.31,112,25.91,5
REC001476,2022-12-06,61.46,918,611,4.98,26.38,97,43.54,5
REC002392,2022-12-06,157.63,860,614,3.0,38.21,139,47.7,20
REC004040,2022-12-07,77.05,910,656,4.04,45.06,125,42.1,10
REC000654,2022-12-07,112.62,878,665,3.87,40.69,111,48.28,5
REC000027,2022-12-07,125.75,908,613,6.07,61.49,109,31.17,10
REC000517,2022-12-07,223.63,937,651,5.03,30.02,114,45.95,5
REC001263,2022-12-07,287.2,912,652,3.21,29.16,113,20.34,15
REC003122,2022-12-07,352.72,875,648,4.52,188.04,115,38.0,20
REC002452,2022-12-07,184.28,923,632,3.86,25.06,112,61.91,20
REC000135,2022-12-07,239.94,936,655,5.28,54.17,119,28.87,20
REC002665,2022-12-07,95.27,882,651,3.09,24.92,112,42.99,5
REC004359,2022-12-08,73.52,907,630,3.61,26.91,104,42.87,10
REC003476,2022-12-08,244.79,926,608,2.88,23.74,124,32.92,10
REC004953,2022-12-08,152.71,927,651,3.47,21.3,125,15.96,0
REC000650,2022-12-08,100.21,910,634,3.33,72.38,123,8.0,15
REC003852,2022-12-09,108.03,932,648,3.75,53.17,101,25.7,20
REC003315,2022-12-09,93.32,869,635,3.67,17.03,107,43.02,20
REC005146,2022-12-09,582.5,890,596,1.97,67.65,103,41.38,0
REC000872,2022-12-09,109.65,942,644,3.24,38.45,110,35.66,5
REC000079,2022-12-09,174.72,898,606,3.23,65.0,122,18.05,10
REC005828,2022-12-09,104.33,868,610,3.56,49.65,97,29.4,10
REC004681,2022-12-10,123.89,923,637,2.97,47.94,115,43.98,15
REC003213,2022-12-10,111.41,940,652,2.7,37.39,118,33.78,20
REC001133,2022-12-11,194.04,884,638,5.27,83.3,120,36.14,10
REC002948,2022-12-11,46.01,887,660,4.09,53.56,106,38.21,5
REC005514,2022-12-11,204.19,845,657,4.68,37.42,125,51.35,30
REC002963,2022-12-12,86.48,906,627,3.31,54.26,136,23.67,5
REC001535,2022-12-12,69.06,892,644,6.12,26.18,119,16.7,0
REC000858,2022-12-12,95.87,853,596,2.99,76.11,132,48.23,0
REC003107,2022-12-12,92.15,838,630,3.35,21.25,127,22.08,5
REC003882,2022-12-12,157.24,896,645,1.98,46.88,133,10.03,20
REC003577,2022-12-12,46.29,919,594,6.49,38.76,108,45.25,10
REC004704,2022-12-13,42.24,890,646,5.0,19.93,122,56.23,10
REC001285,2022-12-13,129.53,893,607,4.95,35.05,129,75.0,10
REC004524,2022-12-13,187.88,920,629,5.12,27.28,122,33.43,0
REC003819,2022-12-13,56.97,875,644,2.91,66.62,110,57.68,10
REC002267,2022-12-13,158.07,898,643,2.61,23.89,95,37.4,5
REC002180,2022-12-13,264.59,858,645,4.69,39.73,101,48.91,10
REC002210,2022-12-14,102.0,870,641,3.48,19.92,107,47.27,10
REC002038,2022-12-14,246.6,858,634,2.33,33.91,123,42.22,25
REC002878,2022-12-14,257.27,902,642,2.53,42.87,94,31.55,5
REC005109,2022-12-14,81.99,960,680,3.74,10.89,112,23.57,15
REC000453,2022-12-14,71.69,867,623,2.8,48.26,151,25.3,10
REC003924,2022-12-14,222.59,938,618,5.42,88.08,109,46.82,5
REC001487,2022-12-14,168.14,874,652,2.1,18.9,106,44.16,25
REC002880,2022-12-15,158.97,911,668,5.07,41.98,121,40.76,15
REC005444,2022-12-15,255.0,902,606,2.94,30.15,132,39.93,10
REC004587,2022-12-15,125.71,910,642,2.99,19.78,106,60.46,0
REC002817,2022-12-15,76.32,896,601,2.18,31.59,109,51.82,5
REC005935,2022-12-15,555.72,928,611,4.96,11.85,118,39.4,10
REC004890,2022-12-16,73.65,848,667,2.28,17.88,135,23.91,15
REC005385,2022-12-16,181.67,880,688,3.1,36.53,121,17.92,10
REC002021,2022-12-16,68.94,898,680,5.99,29.77,116,8.0,5
REC002224,2022-12-16,93.13,856,671,3.2,28.06,121,30.03,10
REC003801,2022-12-16,88.39,964,583,3.72,100.81,120,33.2,5
REC005482,2022-12-16,550.01,923,614,3.28,76.3,130,49.65,15
REC003599,2022-12-16,34.41,885,637,5.4,40.56,110,45.43,20
REC002434,2022-12-16,156.81,957,643,4.54,78.5,108,45.97,20
REC005408,2022-12-16,120.65,947,629,1.81,33.02,120,35.67,10
REC000603,2022-12-16,92.15,967,669,3.84,22.8,114,40.84,0
REC004533,2022-12-16,28.65,881,653,3.84,43.97,117,46.94,25
REC002303,2022-12-17,296.62,878,620,4.59,38.91,108,31.23,15
REC005365,2022-12-17,180.99,978,597,3.31,22.39,111,41.9,0
REC004446,2022-12-17,89.63,885,670,4.6,33.27,111,26.02,20
REC000301,2022-12-17,82.77,873,614,6.55,21.08,129,50.55,10
REC003698,2022-12-17,227.62,900,641,4.75,42.37,134,49.94,15
REC003606,2022-12-18,98.44,901,615,3.87,26.33,104,39.15,10
REC002801,2022-12-18,536.3,917,595,5.08,71.75,113,39.08,25
REC002238,2022-12-19,222.88,892,649,5.17,83.16,124,30.66,15
REC005250,2022-12-20,59.75,936,579,4.6,25.27,105,62.44,15
REC005238,2022-12-20,188.24,859,605,3.84,41.78,118,31.07,5
REC004866,2022-12-20,155.84,888,653,4.18,21.63,125,48.87,20
REC005558,2022-12-20,108.64,916,663,4.1,47.14,134,51.43,30
REC002728,2022-12-20,114.32,861,640,1.8,33.25,135,45.57,20
REC003505,2022-12-21,122.19,916,615,4.35,25.59,107,18.76,10
REC000696,2022-12-21,134.12,919,624,3.76,53.42,124,28.87,5
REC004402,2022-12-21,135.84,860,611,2.91,84.09,115,37.57,15
REC005420,2022-12-21,575.11,868,633,3.46,50.94,122,29.67,5
REC003206,2022-12-22,175.54,838,621,4.55,26.9,103,26.33,20
REC005522,2022-12-22,375.95,870,668,3.75,61.25,123,39.81,5
REC001311,2022-12-22,283.83,873,634,3.95,30.51,108,30.71,10
REC001379,2022-12-22,216.57,897,636,6.3,53.11,130,17.47,30
REC000237,2022-12-22,103.64,915,658,5.04,40.46,99,40.69,10
REC003547,2022-12-22,237.02,924,598,3.83,58.56,92,40.2,10
REC003612,2022-12-23,208.74,879,664,3.1,61.31,132,24.26,15
REC001933,2022-12-23,45.75,935,667,4.56,93.26,119,10.83,0
REC004774,2022-12-23,480.54,873,693,6.19,48.8,129,48.59,0
REC003675,2022-12-23,173.13,887,602,3.77,42.8,109,22.46,5
REC003163,2022-12-23,99.96,929,611,4.9,37.81,115,28.41,5
REC004925,2022-12-24,209.4,894,643,1.66,24.89,117,37.81,15
REC001973,2022-12-24,170.7,899,648,4.92,36.17,133,37.19,5
REC000564,2022-12-25,370.59,864,643,5.22,75.76,115,49.9,25
REC005716,2022-12-25,54.64,887,623,2.39,25.01,119,47.27,15
REC003352,2022-12-25,35.6,884,639,3.44,31.32,116,40.49,10
REC002430,2022-12-25,186.47,904,656,2.47,32.45,110,32.25,10
REC005557,2022-12-25,234.78,908,628,3.45,35.95,111,26.67,0
REC001676,2022-12-26,96.49,938,601,2.7,61.14,129,43.53,0
REC000287,2022-12-26,312.18,948,644,3.05,15.2,122,39.54,20
REC000064,2022-12-26,524.01,880,632,4.08,29.57,111,36.17,10
REC004292,2022-12-26,273.53,895,633,3.76,25.14,113,30.3,25
REC001097,2022-12-26,120.77,886,645,4.21,50.48,126,39.22,0
REC000109,2022-12-27,157.73,903,649,3.29,65.27,108,37.8,10
REC005290,2022-12-27,113.98,893,664,2.68,40.42,132,44.62,25
REC000769,2022-12-27,160.74,911,674,2.41,20.2,110,44.71,10
REC000345,2022-12-28,140.04,862,637,5.96,23.56,98,24.25,5
REC000311,2022-12-28,260.76,945,664,3.69,33.57,131,47.2,20
REC005737,2022-12-28,223.13,869,651,3.87,24.94,115,50.83,15
REC001934,2022-12-28,100.56,921,631,4.1,38.96,115,49.42,10
REC003174,2022-12-28,387.0,891,639,5.25,92.27,136,24.8,5
REC002037,2022-12-28,157.45,882,637,3.1,27.73,131,18.03,25
REC005092,2022-12-29,74.67,881,635,4.59,28.67,138,44.97,25
REC004308,2022-12-29,58.21,972,615,3.62,34.59,121,37.79,15
REC005190,2022-12-29,83.88,946,600,4.25,15.97,101,37.72,0
REC001015,2022-12-29,242.72,871,617,5.33,22.78,127,45.77,25
REC002750,2022-12-29,69.94,859,680,5.45,25.14,98,47.73,15
REC000963,2022-12-29,226.37,904,627,4.99,17.06,118,35.16,10
REC001301,2022-12-29,321.92,883,678,4.59,32.66,118,31.36,0
REC005555,2022-12-29,262.97,892,637,2.02,43.75,130,39.1,10
REC000689,2022-12-30,129.48,897,633,4.86,38.91,115,50.03,10
REC004657,2022-12-30,283.64,876,611,4.11,75.45,107,29.09,0
REC000574,2022-12-31,214.67,883,602,3.2,44.59,117,33.31,5
REC000675,2023-01-01,26.7,911,678,3.06,101.71,128,41.2,5
REC001885,2023-01-01,100.22,871,631,3.76,29.49,105,37.32,15
REC000592,2023-01-02,179.73,915,645,2.87,35.11,127,24.91,5
REC000368,2023-01-02,271.91,858,625,5.09,39.01,117,36.62,5
REC003681,2023-01-02,82.93,907,594,4.94,28.09,111,49.83,15
REC004350,2023-01-02,197.55,940,645,3.95,52.63,92,23.55,0
REC002250,2023-01-02,129.49,883,652,5.33,21.52,104,27.77,0
REC003438,2023-01-02,183.02,869,629,2.74,45.73,107,50.03,30
REC005194,2023-01-02,234.24,911,626,4.51,26.68,108,54.58,30
REC004844,2023-01-02,69.61,875,611,5.01,31.97,106,26.45,25
REC005736,2023-01-03,578.14,902,645,3.8,35.78,136,11.9,5
REC001094,2023-01-03,149.63,913,639,2.2,18.3,95,36.57,25
REC004203,2023-01-03,136.64,926,648,3.45,32.39,112,38.21,20
REC004957,2023-01-03,95.49,886,607,4.12,49.37,105,29.38,15
REC002823,2023-01-04,24.27,873,599,4.56,38.17,115,36.94,30
REC001730,2023-01-05,242.14,862,616,3.24,90.64,124,36.78,10
REC004803,2023-01-05,462.7,900,650,3.97,23.31,131,24.47,15
REC005863,2023-01-05,65.34,889,609,4.35,18.15,106,27.65,5
REC002890,2023-01-06,149.85,881,664,3.6,36.4,120,14.96,15
REC002377,2023-01-06,339.73,893,620,2.96,34.44,123,42.72,10
REC003751,2023-01-06,76.25,885,651,2.53,32.58,120,40.33,25
REC000596,2023-01-06,153.64,884,680,3.25,33.77,106,30.07,20
REC001943,2023-01-06,92.58,916,607,3.71,30.31,124,22.36,10
REC002980,2023-01-07,560.2,933,635,5.36,11.42,122,38.1,5
REC004971,2023-01-07,208.0,843,646,4.17,71.6,118,38.3,10
REC000058,2023-01-07,138.28,918,623,5.52,47.77,113,26.58,10
REC002766,2023-01-08,58.67,922,632,2.26,40.22,115,41.74,25
REC005915,2023-01-08,101.59,920,637,2.85,62.84,102,43.64,15
REC005205,2023-01-08,127.61,894,605,3.61,43.09,114,40.48,15
REC001800,2023-01-08,172.3,920,633,2.32,35.4,121,14.87,25
REC005320,2023-01-08,674.31,878,623,3.46,24.65,126,33.9,0
REC002648,2023-01-09,377.72,861,636,2.56,79.77,88,25.92,25
REC000981,2023-01-09,63.11,850,659,4.06,30.5,108,65.54,15
REC004075,2023-01-09,81.76,933,628,3.92,122.16,118,38.0,15
REC001556,2023-01-10,355.14,894,607,4.51,19.87,112,16.26,25
REC001729,2023-01-10,112.33,908,633,3.09,23.08,120,32.43,10
REC004558,2023-01-11,47.36,914,621,2.97,54.58,103,54.79,20
REC003884,2023-01-11,117.3,883,623,3.17,79.41,125,17.42,20
REC004157,2023-01-11,486.55,894,649,3.28,117.27,106,49.64,10
REC002293,2023-01-11,105.07,909,660,4.0,75.37,118,26.87,15
REC002763,2023-01-11,67.97,955,662,5.0,25.45,130,32.98,30
REC002521,2023-01-12,88.38,929,683,4.44,67.82,105,29.44,15
REC005441,2023-01-12,156.14,935,645,3.99,37.46,112,36.07,5
REC001193,2023-01-12,442.64,906,645,2.62,62.9,115,40.9,30
REC002278,2023-01-12,158.64,928,642,4.57,37.92,113,29.83,25
REC000868,2023-01-13,159.34,886,628,2.53,94.73,116,31.82,5
REC005040,2023-01-13,297.49,874,665,2.21,29.43,127,42.34,10
REC001289,2023-01-13,308.23,869,601,5.0,42.41,109,67.61,5
REC004790,2023-01-13,116.06,909,649,4.19,39.97,95,35.44,15
REC004968,2023-01-13,243.8,884,597,3.01,26.4,111,42.2,10
REC005147,2023-01-13,29.39,879,598,4.48,58.75,131,18.22,25
REC000372,2023-01-13,69.76,932,643,4.36,51.58,118,26.29,10
REC000630,2023-01-14,290.45,910,650,4.1,41.62,127,15.39,20
REC003205,2023-01-14,210.13,913,636,3.31,54.48,94,33.95,15
REC003459,2023-01-14,266.52,932,680,4.6,27.96,115,48.19,0
REC005573,2023-01-15,232.22,917,641,1.86,60.26,113,64.71,30
REC000035,2023-01-16,113.89,872,653,4.09,9.4,127,57.31,10
REC002453,2023-01-17,97.01,865,647,3.43,27.83,117,37.87,10
REC001661,2023-01-18,193.99,859,659,4.49,47.96,125,36.51,5
REC002870,2023-01-18,210.68,897,648,2.88,77.99,114,23.69,5
REC005331,2023-01-19,89.08,935,621,4.54,31.82,96,42.68,20
REC000259,2023-01-19,84.01,918,652,4.5,46.33,114,29.39,30
REC003202,2023-01-19,91.48,917,656,3.69,27.67,112,51.83,10
REC003299,2023-01-20,152.86,944,580,5.59,15.77,103,23.99,5
REC004770,2023-01-20,173.76,934,669,3.51,62.78,123,42.23,15
REC004868,2023-01-21,184.11,889,644,2.55,31.12,116,39.18,20
REC001863,2023-01-21,206.1,985,632,2.7,45.54,99,27.81,15
REC004610,2023-01-21,662.37,912,642,3.51,37.62,115,29.73,25
REC004149,2023-01-22,125.33,917,624,3.63,75.83,117,35.74,30
REC001483,2023-01-22,83.93,870,665,4.88,52.26,119,30.36,20
REC002015,2023-01-22,183.5,942,599,6.27,7.69,128,44.29,15
REC004398,2023-01-22,73.15,892,683,4.61,107.17,124,30.24,5
REC000911,2023-01-23,48.04,913,653,4.32,32.03,115,55.65,0
REC004419,2023-01-23,150.78,909,684,3.98,60.91,99,45.87,5
REC002092,2023-01-24,171.66,870,626,2.24,39.26,114,35.75,0
REC005249,2023-01-24,240.21,951,633,6.32,28.81,129,26.68,15
REC003009,2023-01-24,1330.04,864,667,3.36,28.74,111,31.23,5
REC001883,2023-01-25,259.47,933,640,5.32,14.41,104,28.01,5
REC000609,2023-01-25,125.34,917,619,3.1,23.68,113,41.52,25
REC004830,2023-01-25,285.93,874,669,4.37,72.4,95,43.63,10
REC004635,2023-01-25,178.78,952,658,4.87,27.02,114,44.22,5
REC004852,2023-01-25,309.36,883,645,5.58,36.46,107,50.16,10
REC005043,2023-01-25,70.59,942,626,4.01,85.09,109,35.53,10
REC002388,2023-01-25,116.55,881,644,2.32,65.48,104,47.11,15
REC005449,2023-01-25,87.92,888,634,4.49,37.12,109,29.75,15
REC000061,2023-01-26,85.11,916,590,2.64,40.13,126,54.35,20
REC000147,2023-01-26,125.86,885,632,2.42,44.04,110,8.82,15
REC003124,2023-01-26,122.36,874,702,5.4,36.37,115,45.92,0
REC003843,2023-01-27,61.86,922,629,2.71,17.97,104,56.11,15
REC001077,2023-01-27,190.92,867,617,2.33,21.51,116,14.68,5
REC003870,2023-01-28,223.65,898,685,2.17,58.14,104,46.22,15
REC001226,2023-01-28,336.93,927,608,4.09,44.34,121,42.63,15
REC004552,2023-01-28,190.59,881,644,3.6,43.5,105,54.68,10
REC005727,2023-01-28,233.0,954,652,2.86,60.47,109,23.06,10
REC004711,2023-01-29,176.99,887,648,4.19,24.96,113,47.68,30
REC005163,2023-01-29,54.21,891,621,3.49,75.77,115,64.79,15
REC004429,2023-01-29,101.73,935,636,4.3,51.18,121,35.94,15
REC002447,2023-01-29,176.54,893,608,5.12,53.08,130,47.29,15
REC001196,2023-01-29,212.15,874,597,4.89,36.34,103,42.82,20
REC005976,2023-01-30,241.51,946,638,3.16,52.96,120,34.64,15
REC004325,2023-01-30,157.91,862,655,2.35,118.95,110,30.45,15
REC002296,2023-01-30,91.91,916,646,4.37,24.23,112,46.26,15
REC001614,2023-01-30,99.79,893,658,3.87,101.04,118,24.79,15
REC003384,2023-01-30,74.85,890,671,2.16,26.72,124,25.0,5
REC003249,2023-01-30,35.39,903,645,3.59,20.02,140,32.94,10
REC002642,2023-01-30,75.88,903,648,3.92,34.21,111,39.52,15
REC004633,2023-01-31,239.62,895,629,5.1,50.66,112,37.38,5
REC004053,2023-01-31,279.97,941,629,2.85,43.08,112,36.8,5
REC004649,2023-01-31,206.82,902,590,3.22,60.54,133,35.17,10
REC003258,2023-02-01,99.89,926,628,3.34,48.4,117,24.69,20
REC001045,2023-02-01,102.28,896,642,5.77,12.1,113,54.68,30
REC001122,2023-02-01,125.03,870,598,2.64,19.06,112,48.69,15
REC001276,2023-02-01,178.0,877,665,4.15,104.08,119,55.9,30
REC002164,2023-02-01,189.81,890,642,2.84,28.99,130,38.91,0
REC005349,2023-02-02,37.59,958,665,3.59,33.62,121,38.14,5
REC001727,2023-02-02,63.12,948,638,2.84,53.11,108,55.98,20
REC001947,2023-02-03,209.21,889,641,4.69,45.23,107,49.95,0
REC002198,2023-02-03,101.91,916,678,2.28,89.19,122,50.39,5
REC005309,2023-02-03,67.09,915,597,3.22,31.93,115,38.27,25
REC000409,2023-02-03,210.99,874,609,4.57,47.05,122,33.12,0
REC005867,2023-02-03,233.6,889,681,4.93,30.85,115,11.97,15
REC001009,2023-02-03,81.37,901,639,3.48,25.72,113,32.06,10
REC003917,2023-02-04,564.89,902,652,5.1,14.67,122,37.86,15
REC000958,2023-02-04,255.29,909,645,3.78,41.14,127,22.16,5
REC004211,2023-02-04,174.27,856,607,5.02,51.5,96,25.08,25
REC005962,2023-02-04,213.1,833,640,4.34,43.58,99,27.72,5
REC002105,2023-02-04,91.45,916,618,5.17,14.99,113,20.81,30
REC005687,2023-02-04,166.41,924,606,3.42,77.57,125,21.41,25
REC003956,2023-02-04,82.54,883,628,2.17,83.82,102,49.92,5
REC002118,2023-02-05,278.1,920,680,6.95,31.25,110,25.76,25
REC000509,2023-02-05,97.02,913,608,3.95,17.95,101,41.25,10
REC001850,2023-02-05,130.04,885,671,3.55,26.53,131,38.1,0
REC002272,2023-02-06,277.18,841,644,5.59,57.86,112,42.75,15
REC002288,2023-02-06,95.61,909,671,3.08,56.41,116,40.79,15
REC004717,2023-02-06,46.5,907,621,3.23,67.43,106,60.2,10
REC000228,2023-02-06,102.01,942,612,3.41,46.75,113,31.78,10
REC004949,2023-02-06,102.76,943,621,3.81,35.58,117,18.44,5
REC004061,2023-02-06,540.02,901,634,3.94,24.59,128,55.24,10
REC001010,2023-02-06,54.92,908,626,3.22,28.9,109,40.66,20
REC003717,2023-02-07,288.29,913,612,3.03,48.37,102,54.35,15
REC005465,2023-02-07,82.11,850,671,4.37,15.6,107,37.99,10
REC002525,2023-02-07,250.28,917,643,3.33,62.7,122,30.6,15
REC002359,2023-02-07,68.97,887,652,3.44,39.77,97,49.24,20
REC004111,2023-02-07,129.35,871,687,4.98,107.42,121,47.15,10
REC000449,2023-02-07,455.47,911,664,1.89,76.11,116,52.59,0
REC005630,2023-02-07,370.64,912,631,5.23,36.07,111,21.51,0
REC002942,2023-02-08,166.95,893,645,3.5,30.4,137,26.99,5
REC005864,2023-02-08,36.6,908,652,3.33,49.12,99,51.87,15
REC002962,2023-02-08,113.45,909,602,1.74,38.45,105,45.8,15
REC005017,2023-02-08,87.36,874,623,5.18,31.74,111,32.49,10
REC003223,2023-02-09,101.7,865,629,3.43,24.91,126,54.67,15
REC001022,2023-02-09,170.46,924,646,3.68,78.46,108,43.1,15
REC004118,2023-02-09,230.61,960,639,3.21,40.65,108,47.68,15
REC002858,2023-02-09,236.3,906,661,3.68,30.39,121,15.49,15
REC002956,2023-02-09,173.66,953,699,2.57,51.2,130,28.43,0
REC000740,2023-02-09,88.69,887,632,3.91,21.09,104,43.68,10
REC005019,2023-02-09,378.46,893,676,3.85,47.36,121,29.5,10
REC003745,2023-02-10,221.25,921,689,3.21,34.33,101,25.19,25
REC000322,2023-02-10,105.87,971,628,2.24,70.67,117,46.95,15
REC005085,2023-02-10,106.93,898,691,3.37,50.45,110,34.62,0
REC000557,2023-02-10,142.41,914,642,2.92,47.08,123,50.35,10
REC002063,2023-02-11,60.57,897,653,4.92,36.33,99,43.16,5
REC004528,2023-02-11,56.25,917,630,4.02,59.24,105,32.99,5
REC005858,2023-02-11,211.89,870,660,2.22,76.83,118,34.34,15
REC000191,2023-02-12,210.18,889,626,4.66,30.85,110,33.49,10
REC002740,2023-02-12,164.31,864,653,3.45,82.9,112,49.61,15
REC001297,2023-02-13,70.7,931,628,5.12,17.03,130,51.9,25
REC005524,2023-02-14,99.82,883,660,3.52,64.49,128,25.49,30
REC004244,2023-02-14,200.28,870,618,4.21,33.36,114,50.64,25
REC002069,2023-02-14,122.63,916,613,5.24,16.55,118,30.89,15
REC005841,2023-02-15,257.3,869,653,4.98,26.56,108,31.44,10
REC005574,2023-02-15,91.4,856,642,3.11,25.2,110,27.56,30
REC004527,2023-02-15,78.49,862,598,3.25,45.23,126,36.64,0
REC002099,2023-02-15,46.18,916,629,4.3,91.23,110,46.08,20
REC005851,2023-02-15,285.25,883,670,3.28,57.5,101,30.55,0
REC001275,2023-02-16,263.87,899,626,2.25,35.09,117,62.72,15
REC001170,2023-02-16,148.43,882,677,1.8,45.5,133,35.45,5
REC002696,2023-02-16,174.59,940,641,4.86,100.2,141,27.51,20
REC000054,2023-02-16,90.79,912,627,4.44,23.71,114,45.82,15
REC001469,2023-02-16,364.15,909,660,5.38,37.76,104,33.96,5
REC001869,2023-02-16,198.43,870,671,2.32,55.57,105,21.9,10
REC004808,2023-02-17,162.28,904,665,5.87,53.77,122,21.86,30
REC003118,2023-02-17,462.83,945,656,3.85,15.55,115,51.79,25
REC001359,2023-02-17,54.54,935,588,4.94,17.1,119,40.98,15
REC000132,2023-02-17,199.27,859,628,3.93,38.82,111,27.02,25
REC004540,2023-02-17,50.33,881,644,3.91,42.84,109,41.6,20
REC005038,2023-02-18,184.53,908,662,4.03,92.4,103,36.55,15
REC003737,2023-02-18,133.39,880,609,2.93,33.82,116,38.59,10
REC004009,2023-02-18,206.69,867,579,4.64,33.02,121,38.4,5
REC005253,2023-02-18,286.39,909,663,2.09,82.61,98,30.55,15
REC001782,2023-02-18,100.38,889,625,2.69,25.39,119,57.26,10
REC001290,2023-02-18,262.81,923,627,4.23,36.67,103,33.5,25
REC002979,2023-02-18,60.9,927,645,1.28,30.13,107,32.19,15
REC003774,2023-02-18,71.65,928,645,4.29,52.71,113,52.84,10
REC000513,2023-02-18,441.66,905,659,5.16,60.34,129,37.03,5
REC003629,2023-02-19,280.55,862,627,4.5,78.97,110,31.89,0
REC001260,2023-02-19,399.48,898,659,3.58,20.7,130,52.17,5
REC001053,2023-02-19,241.77,926,628,5.16,53.24,101,42.29,15
REC005861,2023-02-19,76.98,927,612,3.15,65.36,124,47.91,20
REC001239,2023-02-19,82.55,884,619,3.31,30.09,101,32.43,20
REC001925,2023-02-20,22.87,987,687,3.96,24.4,107,27.74,25
REC002007,2023-02-20,251.68,942,659,2.53,20.61,116,32.02,0
REC003203,2023-02-20,74.1,900,653,4.39,38.73,110,21.36,5
REC005101,2023-02-20,406.34,875,687,3.69,33.39,117,40.5,15
REC001335,2023-02-21,122.66,886,633,4.5,46.38,92,28.82,15
REC002585,2023-02-21,71.41,948,663,5.59,42.59,145,25.02,25
REC000562,2023-02-21,144.84,985,628,3.05,16.22,118,49.42,25
REC001388,2023-02-21,83.63,914,622,3.95,41.62,117,46.31,15
REC004940,2023-02-22,139.58,940,638,3.91,44.34,106,34.93,25
REC003341,2023-02-22,36.81,957,643,4.3,18.8,117,41.13,10
REC005951,2023-02-22,596.11,898,614,3.57,47.81,119,59.48,5
REC005358,2023-02-22,58.37,861,599,2.7,21.24,104,46.22,15
REC005234,2023-02-23,129.79,876,653,3.84,68.89,139,27.17,25
REC000961,2023-02-23,143.87,877,623,3.46,45.72,125,53.63,20
REC002898,2023-02-23,62.47,887,651,3.73,45.38,106,29.27,25
REC004935,2023-02-24,252.01,864,618,4.18,62.21,111,35.67,10
REC000450,2023-02-24,215.68,908,659,3.59,36.42,110,42.91,20
REC000757,2023-02-24,231.71,888,708,4.05,42.6,120,28.67,20
REC002922,2023-02-24,150.74,918,615,3.36,15.57,133,43.49,30
REC002768,2023-02-24,132.53,858,668,4.81,64.89,105,43.27,30
REC004102,2023-02-25,120.96,888,616,4.78,32.04,120,42.26,15
REC000021,2023-02-25,67.91,886,655,2.64,14.1,102,20.17,30
REC002897,2023-02-26,121.14,921,620,3.92,21.17,107,40.52,0
REC003246,2023-02-26,97.79,927,637,3.64,22.24,128,71.97,10
REC002097,2023-02-26,148.6,907,645,4.21,25.11,118,43.59,15
REC004888,2023-02-26,16.32,865,661,3.78,42.12,108,47.85,5
REC003639,2023-02-27,196.85,899,672,3.49,91.52,111,32.84,10
REC002202,2023-02-27,258.93,853,653,4.69,64.71,116,39.61,25
REC002451,2023-02-27,115.36,921,618,3.27,29.55,121,30.46,20
REC001242,2023-02-27,162.81,918,631,3.93,24.37,103,36.9,25
REC002779,2023-02-27,284.83,866,666,4.96,19.44,126,34.94,5
REC000244,2023-02-27,108.76,851,621,3.56,18.98,123,63.18,0
REC001967,2023-02-27,92.21,912,692,3.85,42.79,112,24.21,20
REC003546,2023-02-28,189.11,913,599,4.07,13.51,129,58.41,0
REC004287,2023-02-28,143.73,867,618,5.14,101.77,121,45.36,5
REC000139,2023-03-01,191.01,911,595,4.95,82.13,108,28.38,5
REC002974,2023-03-01,222.9,902,673,1.3,171.14,108,27.47,15
REC003630,2023-03-01,238.38,867,595,2.5,34.77,137,69.25,0
REC001225,2023-03-01,212.37,935,645,4.07,58.3,112,28.04,20
REC001695,2023-03-01,525.58,896,621,4.13,94.18,112,45.22,10
REC001386,2023-03-01,84.39,913,626,3.78,21.32,107,42.94,0
REC005032,2023-03-02,164.13,925,640,3.94,110.21,132,47.55,15
REC000608,2023-03-02,188.95,881,626,5.05,97.81,121,54.53,30
REC001456,2023-03-02,288.13,890,661,3.65,15.84,133,53.05,20
REC004340,2023-03-02,567.93,917,645,4.53,59.93,107,42.51,5
REC000910,2023-03-02,134.89,867,599,2.95,53.53,103,45.11,30
REC000781,2023-03-03,82.08,862,600,4.01,60.31,116,40.93,25
REC002261,2023-03-03,108.14,864,634,1.7,26.92,106,21.39,15
REC004129,2023-03-04,105.81,941,635,4.09,48.71,111,32.47,10
REC004028,2023-03-04,191.47,855,650,2.89,52.33,105,45.26,25
REC001903,2023-03-04,301.14,883,658,2.61,31.85,132,27.02,20
REC001091,2023-03-05,82.72,956,605,3.33,80.92,105,17.31,30
REC005049,2023-03-05,430.55,900,673,3.77,36.37,123,52.47,5
REC004898,2023-03-05,239.63,839,656,3.28,38.66,128,34.47,0
REC003101,2023-03-06,45.42,940,599,4.5,37.93,110,32.8,20
REC000553,2023-03-07,191.87,935,630,3.41,11.14,106,43.46,0
REC003287,2023-03-07,205.89,925,686,3.19,25.25,131,36.12,15
REC002071,2023-03-07,33.01,888,662,3.34,71.44,110,16.87,25
REC002330,2023-03-07,471.47,865,631,2.58,18.3,118,39.68,10
REC000674,2023-03-07,202.48,911,633,4.41,47.92,109,30.61,10
REC002844,2023-03-08,96.91,950,660,3.98,29.76,114,40.47,20
REC004474,2023-03-08,386.11,890,632,2.18,39.47,101,33.29,25
REC005180,2023-03-08,75.27,829,632,3.11,17.56,117,42.91,5
REC000662,2023-03-09,221.83,883,597,2.69,48.7,117,36.12,20
REC005992,2023-03-09,239.77,907,665,2.43,67.77,111,59.94,15
REC000200,2023-03-09,429.37,911,672,5.41,35.25,124,43.93,15
REC005580,2023-03-09,95.76,896,648,4.22,38.42,118,31.25,15
REC004863,2023-03-09,166.74,918,671,2.74,37.45,123,23.84,20
REC003262,2023-03-09,274.11,914,676,4.28,24.72,107,8.0,0
REC003913,2023-03-09,455.75,895,604,3.83,36.56,97,40.41,10
REC001714,2023-03-09,130.38,888,641,3.48,23.75,107,41.67,30
REC002100,2023-03-10,113.94,920,668,4.41,37.4,118,22.59,15
REC000072,2023-03-11,56.34,866,609,4.32,84.69,109,36.48,20
REC000485,2023-03-11,197.93,845,641,3.75,42.94,111,27.53,15
REC001391,2023-03-12,131.29,944,676,3.95,23.69,111,37.64,5
REC003587,2023-03-12,453.93,925,640,4.42,20.25,113,34.07,20
REC002734,2023-03-12,387.67,927,672,4.1,133.78,114,45.89,30
REC005975,2023-03-12,299.33,895,619,3.54,51.41,112,39.5,20
REC001228,2023-03-12,72.91,889,654,2.84,58.82,109,41.43,0
REC000487,2023-03-12,489.23,877,633,2.63,80.17,116,42.87,15
REC003032,2023-03-12,119.43,915,688,7.61,98.31,105,21.47,30
REC000921,2023-03-13,168.3,936,644,3.58,21.34,119,59.99,10
REC001520,2023-03-13,79.43,922,637,2.9,86.94,116,26.23,15
REC001893,2023-03-14,91.75,925,626,3.78,54.08,122,29.14,20
REC002217,2023-03-14,77.86,929,629,2.44,25.32,112,47.45,20
REC001538,2023-03-15,409.16,887,647,4.84,36.87,112,19.53,25
REC004195,2023-03-15,153.3,975,648,3.39,29.16,106,42.11,5
REC000099,2023-03-15,53.92,923,671,3.34,67.03,106,47.43,15
REC000706,2023-03-15,316.93,893,608,4.3,94.16,106,16.65,15
REC000419,2023-03-15,285.3,903,629,4.07,52.18,116,34.89,30
REC005663,2023-03-15,190.62,924,642,3.25,60.84,116,32.19,20
REC000325,2023-03-16,132.4,879,611,3.51,39.09,110,34.49,10
REC005275,2023-03-17,168.71,921,676,4.83,15.91,104,46.22,20
REC002411,2023-03-18,184.09,907,647,2.5,50.44,113,50.4,15
REC000194,2023-03-18,191.36,870,684,4.55,36.3,109,37.65,15
REC004793,2023-03-18,85.14,937,660,3.31,41.15,107,31.31,20
REC003667,2023-03-18,242.07,952,657,3.96,48.36,123,26.4,25
REC000782,2023-03-18,64.12,874,649,4.6,78.08,131,32.96,10
REC000908,2023-03-19,361.15,917,610,4.56,33.68,126,43.15,30
REC000815,2023-03-19,91.65,895,611,4.7,66.41,102,32.75,5
REC000189,2023-03-19,199.34,965,676,4.2,51.23,117,41.2,30
REC003056,2023-03-19,125.72,978,686,3.62,59.57,124,49.56,10
REC000319,2023-03-19,346.14,941,693,4.48,56.61,134,30.32,10
REC000350,2023-03-19,147.92,872,646,6.48,36.28,107,8.0,5
REC001552,2023-03-20,394.71,875,651,3.23,29.01,101,53.29,5
REC005543,2023-03-20,659.46,853,633,4.79,28.87,123,40.24,10
REC005903,2023-03-20,151.16,876,598,3.57,17.67,121,56.1,15
REC003712,2023-03-20,55.36,931,622,3.01,28.63,128,44.01,15
REC000497,2023-03-20,58.45,850,606,3.19,55.17,109,48.62,0
REC002132,2023-03-21,163.05,899,651,1.81,25.73,131,21.04,10
REC003442,2023-03-22,198.54,876,648,4.1,27.55,110,62.33,0
REC000341,2023-03-22,143.14,953,647,2.1,19.03,102,29.31,10
REC005450,2023-03-22,98.78,904,670,3.73,39.55,116,35.16,15
REC003772,2023-03-23,154.78,919,651,3.66,36.04,128,35.77,15
REC004809,2023-03-23,590.36,963,621,3.91,32.24,119,46.62,25
REC003295,2023-03-23,51.42,866,660,3.66,39.06,109,30.06,0
REC001307,2023-03-23,105.48,914,602,2.66,122.82,110,46.25,25
REC004426,2023-03-23,175.18,888,659,2.69,31.75,97,39.69,10
REC002465,2023-03-24,260.25,887,615,3.97,29.67,137,67.38,5
REC003687,2023-03-24,185.97,913,614,4.99,16.55,115,43.38,15
REC000552,2023-03-24,212.8,959,680,1.55,30.48,121,50.64,20
REC004109,2023-03-24,219.3,853,648,5.05,22.49,102,38.58,30
REC003001,2023-03-24,31.71,934,682,5.71,60.82,110,42.84,15
REC003585,2023-03-25,94.08,928,634,1.32,58.75,119,28.66,20
REC004019,2023-03-25,74.19,905,659,2.6,15.98,116,40.33,5
REC001180,2023-03-25,247.83,885,600,4.28,44.79,98,14.08,5
REC002770,2023-03-26,400.8,886,639,4.48,55.73,126,47.26,10
REC003520,2023-03-26,266.21,909,631,2.82,13.2,127,40.97,5
REC004654,2023-03-26,151.1,875,636,3.84,45.78,114,17.6,5
REC003214,2023-03-27,85.4,863,671,3.19,23.95,130,34.29,15
REC001875,2023-03-27,350.39,888,640,3.57,55.84,128,22.02,10
REC002424,2023-03-27,301.03,885,643,2.32,20.19,126,39.56,15
REC005536,2023-03-27,67.86,938,663,3.44,20.16,125,31.48,5
REC003241,2023-03-27,731.14,874,638,3.73,149.23,124,34.69,5
REC002287,2023-03-28,109.25,890,608,4.29,149.4,111,66.75,0
REC000025,2023-03-28,94.24,939,658,3.65,18.87,141,53.01,5
REC005062,2023-03-29,64.85,946,647,3.83,27.99,103,20.62,10
REC003528,2023-03-29,192.55,924,648,3.03,39.6,103,27.91,5
REC002142,2023-03-29,359.36,854,624,2.03,47.91,142,41.49,5
REC004988,2023-03-30,128.33,904,633,2.2,43.01,103,48.14,0
REC004256,2023-03-30,158.13,874,697,3.24,38.01,114,30.47,5
REC002005,2023-03-30,162.83,910,605,3.17,82.23,117,22.5,25
REC003132,2023-03-30,99.98,878,664,4.47,49.47,112,26.67,0
REC003181,2023-03-30,165.95,869,594,5.12,90.54,116,30.41,0
REC004361,2023-03-30,62.71,882,623,6.28,7.5,129,32.18,5
REC003970,2023-03-30,45.39,939,665,3.07,62.78,117,28.27,15
REC003322,2023-03-30,244.79,896,678,4.69,19.55,103,29.7,15
REC001732,2023-03-30,166.31,886,621,5.57,26.14,112,31.09,5
REC001253,2023-03-30,209.53,917,643,4.22,122.69,105,31.75,5
REC004751,2023-03-30,135.66,917,680,2.99,25.93,108,30.2,30
REC000240,2023-03-31,98.57,902,666,4.19,42.79,111,32.2,5
REC000318,2023-03-31,174.73,841,598,3.04,42.32,90,55.99,5
REC003357,2023-03-31,149.28,909,640,3.73,23.19,107,51.82,15
REC005227,2023-03-31,86.63,896,647,3.16,54.01,122,44.64,20
REC004439,2023-04-01,171.21,921,669,4.77,23.21,116,46.45,20
REC000526,2023-04-01,197.62,891,654,4.0,105.77,137,37.38,15
REC004487,2023-04-01,76.55,869,637,3.99,33.06,125,43.96,15
REC001013,2023-04-01,610.41,889,648,2.85,26.16,136,35.75,25
REC003635,2023-04-02,202.06,894,635,4.19,26.72,108,34.66,10
REC002024,2023-04-02,160.51,923,665,4.58,50.9,118,46.61,0
REC001189,2023-04-02,148.4,929,609,2.95,62.98,114,73.52,25
REC001027,2023-04-02,323.52,880,639,3.78,32.84,102,44.99,10
REC001519,2023-04-02,149.23,880,593,1.92,19.39,127,38.38,15
REC001357,2023-04-03,482.06,884,648,3.83,40.64,121,15.68,15
REC005347,2023-04-03,137.81,843,659,5.26,18.11,102,32.41,0
REC003798,2023-04-04,66.38,917,637,5.36,209.37,104,45.65,0
REC003454,2023-04-04,65.49,906,655,4.51,76.63,121,29.74,5
REC001981,2023-04-04,78.0,928,651,3.83,29.61,111,50.77,5
REC005560,2023-04-04,404.01,889,658,1.94,52.77,111,50.01,0
REC003827,2023-04-04,274.12,934,587,3.07,19.82,100,36.56,15
REC002743,2023-04-05,127.14,883,691,3.19,56.39,127,58.83,5
REC004851,2023-04-05,177.52,880,626,5.61,14.56,110,49.65,25
REC000185,2023-04-05,70.97,900,655,3.22,42.2,108,42.74,30
REC004615,2023-04-05,274.74,890,672,3.65,94.44,113,41.97,10
REC004652,2023-04-05,143.98,931,609,2.96,56.2,105,24.83,20
REC001267,2023-04-05,40.27,890,649,4.42,78.6,115,37.81,5
REC002515,2023-04-06,360.85,885,624,4.17,27.97,94,12.57,10
REC002523,2023-04-06,89.95,927,630,2.79,48.74,97,51.35,20
REC003080,2023-04-06,365.55,849,622,3.65,118.81,114,57.57,15
REC000153,2023-04-06,75.75,896,650,3.53,22.92,110,43.95,5
REC000874,2023-04-06,133.67,871,640,4.19,63.74,123,34.74,15
REC003769,2023-04-07,219.98,942,583,7.73,40.72,117,47.91,15
REC001941,2023-04-07,168.26,905,683,3.51,14.98,124,29.16,5
REC004086,2023-04-07,65.5,883,652,3.45,21.45,104,45.86,20
REC005690,2023-04-07,512.02,934,638,4.43,60.82,108,27.29,10
REC000743,2023-04-07,388.17,884,618,3.13,99.44,116,42.83,5
REC002159,2023-04-07,204.66,966,670,2.74,25.61,100,18.19,10
REC002173,2023-04-07,289.81,958,615,2.88,64.22,113,10.93,20
REC005552,2023-04-07,192.72,849,652,6.0,36.71,105,59.76,30
REC003919,2023-04-08,103.38,913,627,3.04,11.7,121,32.8,10
REC005685,2023-04-08,112.04,913,651,4.65,30.19,137,45.66,15
REC005305,2023-04-08,42.06,898,615,5.12,33.16,131,39.28,20
REC001200,2023-04-08,125.51,871,693,5.23,36.58,134,36.35,20
REC005031,2023-04-09,175.9,860,619,3.48,15.11,99,39.3,15
REC002258,2023-04-10,162.6,861,656,3.93,21.46,98,36.22,15
REC002120,2023-04-10,182.23,878,611,5.13,50.01,111,48.38,10
REC000326,2023-04-10,259.41,919,597,3.46,36.39,121,13.3,5
REC001595,2023-04-10,285.96,867,624,4.02,84.46,123,47.43,15
REC002315,2023-04-10,464.51,914,607,3.05,32.96,115,58.75,10
REC002547,2023-04-10,146.5,911,669,2.23,49.34,124,39.8,20
REC005955,2023-04-10,60.04,929,631,5.36,80.11,110,37.5,25
REC000274,2023-04-10,299.05,913,616,1.73,111.17,118,25.16,10
REC003160,2023-04-11,221.65,885,635,4.49,50.08,112,36.27,20
REC000638,2023-04-11,85.75,925,717,1.65,60.31,105,27.01,10
REC000624,2023-04-11,127.73,887,603,5.04,74.12,119,37.92,5
REC004575,2023-04-11,125.07,884,622,4.25,38.13,108,58.34,30
REC005711,2023-04-11,338.16,884,631,4.66,34.54,117,37.72,25
REC002357,2023-04-12,150.35,871,644,4.25,23.54,120,45.32,5
REC004535,2023-04-12,160.67,866,659,3.39,48.03,118,31.48,10
REC001657,2023-04-13,139.39,940,699,1.62,18.17,127,44.08,0
REC000840,2023-04-13,361.85,915,612,3.79,57.47,118,22.2,20
REC004131,2023-04-13,149.37,891,613,5.47,122.47,150,43.94,20
REC004115,2023-04-13,181.01,949,632,3.8,15.2,122,40.06,5
REC000095,2023-04-13,145.02,889,629,2.46,32.81,100,47.59,15
REC004406,2023-04-13,128.09,888,694,3.31,68.68,109,40.53,20
REC000977,2023-04-13,127.24,869,645,5.07,26.81,112,23.06,0
REC001700,2023-04-14,95.12,882,636,5.7,25.39,106,44.55,20
REC002772,2023-04-14,173.4,893,628,2.94,31.17,111,38.09,0
REC004242,2023-04-15,76.98,870,641,1.9,69.3,95,53.56,15
REC004752,2023-04-15,97.25,899,650,3.43,39.09,107,31.55,10
REC000773,2023-04-15,194.12,877,651,3.04,53.87,110,57.94,20
REC004424,2023-04-15,212.36,879,611,3.93,32.29,124,26.34,10
REC005938,2023-04-15,73.84,901,609,2.1,47.04,113,45.33,20
REC004794,2023-04-15,183.59,904,714,2.5,93.48,116,37.85,30
REC003888,2023-04-15,84.12,897,617,4.11,44.89,96,10.53,15
REC001662,2023-04-16,80.93,870,611,4.02,108.99,102,50.46,10
REC000715,2023-04-16,384.36,921,649,2.44,35.36,118,40.31,20
REC001101,2023-04-16,130.47,875,580,3.59,11.17,132,46.81,0
REC001717,2023-04-16,176.26,884,635,4.64,77.39,118,39.91,20
REC002835,2023-04-16,340.91,861,649,2.81,23.77,124,37.58,5
REC000161,2023-04-17,338.65,968,628,4.33,18.0,117,42.83,15
REC003822,2023-04-17,337.24,928,612,4.24,83.17,129,52.3,15
REC005918,2023-04-17,51.94,900,625,4.55,22.16,120,45.6,10
REC004005,2023-04-18,125.59,917,651,3.28,30.21,127,28.45,20
REC004125,2023-04-18,643.87,928,619,5.37,111.73,128,28.89,10
REC004763,2023-04-18,420.12,893,642,3.62,61.44,104,52.98,5
REC001488,2023-04-18,187.6,930,627,3.33,116.16,98,48.55,0
REC001581,2023-04-18,198.39,905,644,3.13,39.63,129,40.81,15
REC003518,2023-04-19,370.95,870,656,4.1,83.64,134,41.65,5
REC004738,2023-04-19,129.68,932,660,3.35,117.12,102,35.58,10
REC005746,2023-04-19,163.66,952,568,3.62,60.88,111,34.51,0
REC001408,2023-04-19,113.09,898,639,2.83,50.88,114,29.29,15
REC000084,2023-04-19,147.33,913,635,5.45,15.46,110,48.47,10
REC002565,2023-04-20,138.54,927,674,4.16,43.19,129,47.26,0
REC003688,2023-04-20,29.24,872,630,3.18,106.81,112,53.23,15
REC001313,2023-04-20,32.54,891,637,4.78,74.16,143,52.98,5
REC002550,2023-04-20,38.41,935,621,3.61,38.04,116,13.84,25
REC000177,2023-04-21,83.24,886,645,3.25,35.23,122,34.42,5
REC004119,2023-04-21,76.94,888,643,5.68,30.97,125,54.06,25
REC003750,2023-04-21,211.53,945,677,2.81,81.78,125,27.17,5
REC005664,2023-04-21,181.36,857,657,3.55,63.06,86,49.56,15
REC003494,2023-04-21,290.85,934,670,0.92,41.72,127,34.51,10
REC001648,2023-04-21,158.38,934,635,4.58,31.19,106,71.09,20
REC000317,2023-04-23,209.58,857,648,4.2,27.0,88,53.91,15
REC004392,2023-04-24,254.25,891,632,3.07,33.25,111,21.14,15
REC001761,2023-04-24,110.08,910,655,3.23,29.08,120,24.96,10
REC000974,2023-04-25,99.44,933,665,1.79,113.26,106,21.34,0
REC003034,2023-04-25,181.43,914,644,3.19,138.15,107,32.94,10
REC005151,2023-04-25,222.44,895,617,3.86,21.52,106,28.58,5
REC001475,2023-04-25,172.28,910,641,4.99,32.72,112,42.09,5
REC004049,2023-04-25,168.89,930,651,2.29,76.61,130,41.21,0
REC000838,2023-04-26,165.15,915,655,1.86,85.75,93,26.07,15
REC000137,2023-04-26,109.41,858,653,0.8,38.0,127,38.37,0
REC002390,2023-04-26,417.37,925,626,3.11,30.44,125,40.88,10
REC004643,2023-04-26,102.2,935,652,2.36,20.94,101,59.62,15
REC000337,2023-04-26,186.89,903,642,1.97,25.97,129,35.76,10
REC003572,2023-04-26,155.8,893,641,4.53,73.86,109,42.95,10
REC002108,2023-04-27,76.51,919,620,4.12,35.33,135,44.37,15
REC002255,2023-04-27,30.1,894,653,3.07,37.47,118,28.17,10
REC000163,2023-04-27,397.46,892,675,4.99,15.64,115,47.63,0
REC001722,2023-04-27,132.36,921,632,1.08,43.19,122,26.83,20
REC001499,2023-04-28,158.67,926,646,5.37,105.1,129,44.56,15
REC004496,2023-04-28,415.44,884,676,4.06,27.05,107,19.83,25
REC004356,2023-04-28,219.92,872,664,4.06,23.44,124,45.78,15
REC003605,2023-04-28,301.45,933,659,4.47,94.55,115,17.25,20
REC003540,2023-04-29,109.62,887,619,2.78,25.91,117,33.14,20
REC002128,2023-04-29,50.21,885,589,2.89,17.67,102,34.63,25
REC004000,2023-04-30,147.88,907,647,5.85,42.35,106,29.42,20
REC000983,2023-04-30,54.21,913,622,3.78,47.22,120,41.44,10
REC005660,2023-04-30,73.19,844,595,2.23,33.74,114,47.14,20
REC004950,2023-04-30,73.5,861,647,5.29,35.85,103,36.07,10
REC000051,2023-04-30,195.19,887,625,5.08,17.21,110,25.13,20
REC002634,2023-04-30,261.69,929,642,3.99,51.07,102,32.31,5
REC005798,2023-04-30,102.84,938,660,4.7,28.36,121,27.91,5
REC003478,2023-05-01,252.09,906,624,4.6,18.53,101,34.89,20
REC000569,2023-05-01,350.43,886,633,2.68,25.58,103,16.17,15
REC005978,2023-05-01,426.05,979,658,3.52,37.26,110,27.94,0
REC001653,2023-05-01,133.15,887,665,3.29,28.25,112,38.0,20
REC004970,2023-05-01,265.95,897,656,4.99,71.64,99,40.68,15
REC001591,2023-05-02,167.37,838,690,4.05,12.15,120,32.13,15
REC005090,2023-05-02,28.24,890,620,4.81,97.07,111,31.36,10
REC002700,2023-05-02,96.13,838,658,4.72,21.87,133,34.75,25
REC005487,2023-05-03,97.05,912,657,2.06,36.59,102,40.86,15
REC001751,2023-05-03,208.56,926,660,2.6,55.54,120,36.97,5
REC003985,2023-05-03,92.52,922,659,2.82,82.76,118,24.87,30
REC000693,2023-05-03,199.04,952,643,5.49,64.43,125,49.23,15
REC001339,2023-05-03,247.11,864,664,4.24,51.62,108,36.43,15
REC002138,2023-05-04,342.11,882,610,4.14,47.19,105,36.89,15
REC004991,2023-05-04,252.91,890,660,2.83,81.1,114,49.51,20
REC003139,2023-05-04,124.95,927,625,3.58,32.01,107,39.42,5
REC000290,2023-05-04,140.73,893,707,6.29,156.25,134,13.13,25
REC001625,2023-05-04,112.05,901,643,5.09,43.3,116,47.53,25
REC004567,2023-05-05,141.59,896,656,4.27,63.08,123,39.57,15
REC005103,2023-05-05,226.04,860,626,5.08,42.61,114,45.45,25
REC002349,2023-05-05,151.81,890,657,6.68,58.66,126,18.16,10
REC004791,2023-05-05,52.29,889,726,4.47,35.82,117,28.29,5
REC001565,2023-05-05,169.49,921,637,5.39,45.74,118,31.53,0
REC002230,2023-05-06,320.95,893,641,4.04,28.03,112,25.89,15
REC004379,2023-05-06,367.33,856,586,3.06,29.24,104,28.11,10
REC002235,2023-05-06,140.56,891,608,4.9,19.49,107,48.67,5
REC002204,2023-05-06,289.01,898,669,5.6,78.21,107,33.76,10
REC000772,2023-05-06,158.84,855,676,3.8,47.65,121,32.55,10
REC001823,2023-05-06,410.28,923,642,2.39,23.29,118,37.45,20
REC004163,2023-05-07,99.41,880,672,2.96,90.26,95,25.08,5
REC002054,2023-05-07,184.47,908,635,3.8,19.69,111,53.69,20
REC001190,2023-05-07,177.65,905,638,4.62,9.28,118,54.4,5
REC005513,2023-05-07,180.72,856,650,3.32,29.07,110,59.16,10
REC004362,2023-05-08,77.01,888,681,4.18,32.63,106,15.75,10
REC000738,2023-05-08,196.12,845,663,2.3,59.3,112,35.27,10
REC003125,2023-05-08,68.54,911,628,3.26,48.99,113,48.7,20
REC002735,2023-05-08,92.8,906,690,4.11,29.92,119,27.52,0
REC004536,2023-05-08,111.02,935,673,5.02,44.96,118,45.12,10
REC005599,2023-05-09,51.05,947,604,3.66,80.01,114,33.98,10
REC005668,2023-05-09,378.44,894,626,5.09,29.53,111,15.67,5
REC002882,2023-05-09,199.07,921,674,4.48,18.52,121,34.34,15
REC004348,2023-05-09,157.95,873,633,2.75,39.15,111,49.26,10
REC000107,2023-05-09,303.59,863,620,4.24,55.73,113,41.07,15
REC005316,2023-05-10,409.83,848,675,6.49,52.42,121,31.14,5
REC002865,2023-05-10,234.63,929,663,4.05,45.97,119,33.97,10
REC000276,2023-05-10,210.8,913,632,4.32,77.05,103,56.2,5
REC002435,2023-05-10,208.91,899,666,4.14,33.79,103,29.45,20
REC003588,2023-05-10,546.94,926,676,4.5,50.41,92,21.49,0
REC000968,2023-05-10,382.87,904,613,3.08,50.38,121,34.52,10
REC000297,2023-05-11,230.85,891,631,2.95,59.46,115,23.11,0
REC000457,2023-05-11,146.95,878,639,4.27,34.21,124,13.35,0
REC000672,2023-05-12,238.09,848,673,3.46,23.93,106,34.16,5
REC000136,2023-05-12,354.49,907,619,3.17,38.4,122,38.54,15
REC004766,2023-05-12,304.76,897,635,4.21,27.98,126,52.97,20
REC004170,2023-05-12,129.92,872,627,6.3,80.82,103,41.39,15
REC000988,2023-05-13,43.41,886,648,3.63,58.8,97,45.33,20
REC003489,2023-05-13,145.39,922,646,5.05,55.4,100,51.34,5
REC002464,2023-05-13,216.52,935,643,3.19,19.88,115,61.08,10
REC004178,2023-05-13,135.72,963,607,5.44,17.99,112,43.27,20
REC005776,2023-05-14,245.76,851,633,3.05,38.97,113,38.36,30
REC005775,2023-05-14,396.18,863,688,2.68,61.22,115,41.32,10
REC004628,2023-05-14,423.61,858,658,4.61,26.78,136,28.92,20
REC005628,2023-05-14,213.64,942,629,5.76,37.9,130,50.5,20
REC002409,2023-05-14,139.83,842,603,3.29,38.66,101,29.81,15
REC001403,2023-05-15,126.27,853,658,4.6,63.24,120,39.06,5
REC004973,2023-05-15,166.12,914,656,3.9,35.23,112,32.27,0
REC004625,2023-05-15,270.98,900,688,3.54,84.36,107,48.17,5
REC005547,2023-05-15,334.52,921,681,4.16,29.37,117,61.28,25
REC002074,2023-05-16,515.61,898,618,3.59,38.1,115,46.45,20
REC003453,2023-05-16,83.16,907,614,3.72,33.75,111,37.64,10
REC003953,2023-05-16,126.09,845,612,4.78,40.61,91,48.06,10
REC005731,2023-05-16,105.2,849,626,4.04,60.45,116,39.03,25
REC002790,2023-05-17,61.63,877,635,2.96,21.03,116,22.46,10
REC003222,2023-05-18,133.61,960,672,2.89,42.22,89,43.75,0
REC002279,2023-05-18,183.05,920,628,5.38,48.57,105,30.3,5
REC003228,2023-05-18,284.09,916,654,2.56,39.92,105,57.73,10
REC003256,2023-05-18,86.89,937,651,2.8,45.16,110,42.82,25
REC003041,2023-05-18,95.91,906,634,2.84,39.1,96,38.78,15
REC005026,2023-05-19,30.33,941,628,3.21,49.04,123,43.68,25
REC003771,2023-05-19,59.38,883,611,5.37,54.29,105,35.74,10
REC001157,2023-05-19,182.38,896,640,3.34,21.15,95,28.15,0
REC000179,2023-05-19,360.16,899,684,3.86,14.44,103,61.96,10
REC002570,2023-05-20,49.26,993,602,5.9,62.08,113,51.01,5
REC002499,2023-05-20,337.74,938,658,4.36,20.75,104,55.11,0
REC002628,2023-05-20,93.72,919,622,5.86,38.64,113,39.48,0
REC000031,2023-05-20,267.63,893,632,3.73,75.9,112,32.06,25
REC002283,2023-05-21,67.3,909,591,4.76,49.96,114,21.85,30
REC005784,2023-05-21,85.27,846,640,2.94,15.72,106,19.48,20
REC003701,2023-05-21,217.07,937,669,5.6,77.01,115,34.33,5
REC004047,2023-05-21,192.85,944,653,5.19,96.91,108,35.05,10
REC001088,2023-05-21,248.33,905,646,3.37,45.34,138,36.95,15
REC002317,2023-05-21,319.78,901,655,2.65,50.63,114,33.56,25
REC000708,2023-05-21,258.42,890,641,4.48,125.89,113,45.07,5
REC000612,2023-05-22,128.51,899,652,3.76,99.88,115,8.0,10
REC005071,2023-05-22,198.66,881,627,2.9,110.5,120,37.72,10
REC005293,2023-05-23,154.49,876,633,4.41,38.63,124,52.23,25
REC002130,2023-05-23,120.54,932,646,2.67,107.19,110,38.69,0
REC002662,2023-05-23,614.09,913,665,4.99,145.11,107,63.09,10
REC004549,2023-05-23,183.05,867,639,5.34,87.25,112,34.62,5
REC000935,2023-05-23,95.38,905,630,4.37,68.34,123,47.54,10
REC000984,2023-05-23,496.47,933,622,7.22,34.34,104,34.85,25
REC002671,2023-05-23,148.28,922,650,4.42,47.01,105,40.11,30
REC005466,2023-05-24,29.75,916,617,4.11,37.41,86,50.75,30
REC002501,2023-05-24,89.2,902,657,4.98,17.63,125,20.77,10
REC000483,2023-05-24,179.28,905,637,4.29,42.02,107,37.23,20
REC005920,2023-05-24,175.41,862,615,2.09,30.39,130,35.53,5
REC002534,2023-05-24,537.18,958,627,4.23,51.42,108,29.81,0
REC003765,2023-05-25,88.96,910,663,4.86,84.14,122,38.87,10
REC000448,2023-05-25,263.21,887,603,3.9,13.91,128,26.04,25
REC003510,2023-05-25,230.59,930,597,4.17,28.28,112,26.86,10
REC005113,2023-05-25,59.51,878,637,4.24,12.34,103,26.53,10
REC004427,2023-05-25,55.03,858,667,3.41,72.01,116,50.77,5
REC001405,2023-05-25,234.14,972,667,4.07,41.99,121,48.44,20
REC003642,2023-05-26,67.65,891,643,4.23,56.31,127,26.93,15
REC004944,2023-05-26,110.91,948,641,5.22,17.97,129,68.14,20
REC000936,2023-05-26,199.82,864,626,0.95,25.18,112,43.41,10
REC003983,2023-05-26,120.49,899,645,3.45,24.65,121,29.48,5
REC000973,2023-05-26,162.72,915,671,2.72,35.17,108,32.67,15
REC004121,2023-05-26,286.51,897,614,4.4,147.19,106,39.87,10
REC003579,2023-05-26,68.71,874,644,4.97,41.39,112,38.03,15
REC003828,2023-05-26,70.07,953,652,2.91,36.05,102,58.56,30
REC005400,2023-05-27,221.01,897,676,4.1,84.44,115,33.93,5
REC003375,2023-05-28,89.18,898,630,4.75,40.77,132,44.06,15
REC005334,2023-05-28,76.06,895,642,4.4,75.23,105,28.42,0
REC004412,2023-05-28,170.93,897,634,2.02,60.22,130,41.45,5
REC005438,2023-05-28,793.61,902,654,2.98,45.85,105,52.67,25
REC001906,2023-05-28,294.22,921,615,2.48,18.91,118,17.23,30
REC005613,2023-05-28,470.2,866,602,3.88,30.52,118,28.97,15
REC000698,2023-05-29,129.51,913,679,4.04,23.19,103,34.82,15
REC005990,2023-05-29,94.95,962,648,3.5,36.33,126,45.53,0
REC002153,2023-05-29,100.16,862,624,3.16,74.97,111,26.23,5
REC003052,2023-05-29,320.2,864,584,3.79,53.72,127,47.6,20
REC002656,2023-05-29,263.27,930,617,4.57,22.73,122,41.02,30
REC004067,2023-05-30,307.59,928,609,2.87,60.59,104,41.5,0
REC002985,2023-05-30,44.54,885,662,1.81,38.71,122,31.05,10
REC004526,2023-05-30,42.52,937,587,5.1,51.95,119,34.33,10
REC000365,2023-05-30,83.67,923,641,3.7,56.41,118,38.06,10
REC001993,2023-05-30,533.14,904,648,4.92,33.42,127,25.07,30
REC001631,2023-05-30,290.0,938,644,3.98,20.56,124,45.03,10
REC002924,2023-05-30,67.21,850,653,4.76,25.61,117,28.53,10
REC000080,2023-05-31,102.86,893,601,3.43,26.08,104,35.5,20
REC000164,2023-05-31,180.03,900,618,4.46,90.96,120,26.75,25
REC002112,2023-05-31,145.52,924,654,5.63,21.29,106,56.58,15
REC005987,2023-06-01,122.72,887,636,4.42,74.81,126,23.16,20
REC000281,2023-06-01,81.56,891,580,4.05,20.27,115,31.96,15
REC000970,2023-06-01,64.7,890,647,2.82,32.49,115,35.35,10
REC001553,2023-06-02,118.92,903,662,4.63,20.02,108,49.63,30
REC001910,2023-06-02,239.94,900,621,3.91,92.52,123,50.47,25
REC002554,2023-06-03,78.03,865,622,4.1,34.78,126,21.75,15
REC000503,2023-06-03,105.46,889,623,4.29,38.21,103,34.61,10
REC003600,2023-06-03,124.66,917,654,2.43,56.12,110,21.43,5
REC005169,2023-06-04,177.29,908,661,5.86,85.14,138,45.23,5
REC000239,2023-06-04,212.14,923,695,4.71,65.67,120,26.91,15
REC003468,2023-06-04,104.42,860,643,4.22,32.19,110,42.87,0
REC004198,2023-06-04,85.6,872,611,5.42,34.18,127,52.46,15
REC003839,2023-06-04,751.62,896,706,4.23,20.68,100,40.37,15
REC001283,2023-06-04,114.2,859,658,4.36,31.0,111,36.97,20
REC005302,2023-06-05,37.33,943,637,3.52,133.28,129,29.3,20
REC003471,2023-06-05,90.58,906,682,3.2,48.72,112,31.96,5
REC002225,2023-06-05,76.67,897,646,4.41,15.43,99,33.67,30
REC003090,2023-06-05,201.53,949,630,3.75,45.74,122,29.36,15
REC004233,2023-06-05,74.48,876,639,3.57,44.43,109,29.12,20
REC001659,2023-06-05,167.39,868,674,3.85,41.35,126,33.95,15
REC001265,2023-06-06,120.67,856,651,5.55,25.22,115,8.0,25
REC001231,2023-06-06,130.79,886,677,3.47,25.52,129,47.01,10
REC002489,2023-06-07,89.55,889,635,4.69,40.94,94,49.54,25
REC002239,2023-06-07,443.19,878,636,5.42,16.9,126,44.26,10
REC005384,2023-06-07,148.19,895,636,4.8,106.47,105,16.82,5
REC001737,2023-06-07,68.37,893,635,4.54,107.75,128,46.48,5
REC004547,2023-06-07,212.46,886,670,3.49,15.07,118,59.33,10
REC005636,2023-06-07,96.26,925,648,5.11,49.72,124,17.53,20
REC001632,2023-06-07,135.17,949,652,2.52,46.31,120,11.86,0
REC003047,2023-06-07,550.67,919,621,4.09,57.67,119,30.62,10
REC003533,2023-06-08,156.24,913,629,6.21,48.21,122,60.47,15
REC005892,2023-06-08,101.28,877,643,5.99,40.82,125,38.23,30
REC003455,2023-06-08,68.94,857,639,3.82,79.42,123,17.06,20
REC001494,2023-06-08,1529.2,877,652,3.89,32.84,108,35.11,25
REC001100,2023-06-08,231.18,939,604,2.2,51.52,103,29.93,15
REC004729,2023-06-09,33.62,855,638,5.72,33.09,133,25.47,20
REC003463,2023-06-09,109.96,875,609,5.75,60.36,113,63.52,10
REC003559,2023-06-09,141.29,913,623,4.38,50.07,135,25.73,0
REC005774,2023-06-09,213.04,905,616,5.26,125.48,105,43.77,5
REC001537,2023-06-10,145.1,891,662,3.57,73.48,137,51.21,20
REC004861,2023-06-10,186.03,877,652,4.19,44.72,113,46.0,15
REC001167,2023-06-11,184.52,917,642,4.91,28.47,104,47.55,25
REC000682,2023-06-11,169.47,890,635,2.85,46.0,104,36.51,10
REC000342,2023-06-11,72.27,933,632,3.26,20.11,107,40.02,0
REC004334,2023-06-11,343.92,933,614,2.17,81.34,139,35.39,10
REC003854,2023-06-11,90.56,870,672,2.77,84.2,119,45.51,20
REC001038,2023-06-12,70.88,898,650,5.66,36.81,114,27.83,10
REC000724,2023-06-12,227.96,904,657,2.05,34.57,117,20.91,25
REC005584,2023-06-12,225.65,876,660,4.23,46.76,126,67.45,10
REC004779,2023-06-13,386.31,863,648,3.72,43.74,112,44.91,10
REC005611,2023-06-13,103.27,919,637,3.39,97.71,133,50.64,20
REC005314,2023-06-13,94.79,911,644,4.63,32.59,108,55.2,15
REC001288,2023-06-13,51.11,894,685,2.67,39.29,112,52.34,10
REC005888,2023-06-13,85.44,915,650,4.74,36.97,101,30.16,5
REC002190,2023-06-14,124.71,897,624,3.22,12.53,118,37.13,5
REC002193,2023-06-14,297.75,891,643,3.17,51.85,93,36.74,15
REC005083,2023-06-14,155.95,890,634,2.48,27.79,102,41.36,25
REC000494,2023-06-15,95.25,903,678,3.53,86.01,118,43.17,15
REC005223,2023-06-15,245.17,867,627,4.11,57.31,102,36.79,10
REC004405,2023-06-15,181.34,909,583,4.54,52.49,129,18.42,10
REC000074,2023-06-15,1004.16,923,677,5.33,49.9,101,44.39,20
REC002935,2023-06-15,447.97,852,627,2.61,90.89,127,37.55,15
REC005286,2023-06-16,151.83,932,644,3.8,17.1,96,60.37,15
REC004864,2023-06-16,209.88,903,630,5.02,20.29,120,40.87,20
REC004995,2023-06-16,148.77,882,614,3.65,9.54,127,43.65,5
REC001080,2023-06-16,486.56,898,618,3.87,23.97,106,28.52,10
REC003136,2023-06-17,89.42,955,630,4.11,84.23,108,33.76,20
REC005818,2023-06-17,518.47,884,616,3.1,89.92,109,35.85,10
REC003665,2023-06-17,98.63,887,666,5.69,16.31,101,52.2,5
REC002337,2023-06-17,105.47,877,630,3.96,35.72,122,29.55,15
REC000591,2023-06-17,281.39,886,648,2.42,53.47,160,19.37,15
REC001726,2023-06-18,89.27,914,624,5.18,38.57,119,54.13,15
REC004035,2023-06-18,117.52,894,610,4.75,27.81,120,24.79,10
REC005526,2023-06-18,267.24,855,653,3.11,53.01,119,18.45,5
REC005995,2023-06-19,206.49,929,626,3.21,37.94,116,29.97,5
REC002681,2023-06-19,186.07,889,623,3.26,27.59,103,13.89,25
REC000945,2023-06-19,357.77,867,649,3.37,37.87,129,56.14,20
REC003044,2023-06-19,315.98,873,640,4.22,72.73,109,34.46,5
REC001992,2023-06-19,787.74,926,597,5.9,115.7,105,31.85,20
REC002677,2023-06-19,73.09,859,616,3.67,52.82,117,41.97,0
REC002795,2023-06-20,911.95,919,675,6.05,19.15,137,43.62,15
REC001802,2023-06-20,99.56,889,590,4.02,51.47,127,25.07,20
REC002476,2023-06-20,305.42,871,656,2.37,23.81,110,37.69,15
REC005501,2023-06-20,207.53,948,654,4.66,34.15,123,46.19,20
REC003814,2023-06-20,74.82,913,627,4.17,58.39,136,61.92,30
REC002417,2023-06-21,148.04,921,645,3.98,55.79,115,40.84,5
REC000751,2023-06-21,98.29,893,640,4.45,15.42,124,43.83,15
REC005222,2023-06-21,140.48,915,642,4.03,28.68,116,49.36,15
REC004231,2023-06-21,139.97,915,639,3.51,28.04,130,27.19,0
REC004179,2023-06-21,40.8,944,662,3.38,151.91,98,32.51,15
REC004281,2023-06-21,96.34,913,628,2.12,80.26,89,38.15,30
REC002218,2023-06-21,89.26,914,664,4.67,53.86,115,34.79,20
REC003685,2023-06-21,285.56,899,654,3.96,45.95,134,39.5,5
REC004589,2023-06-21,147.96,888,662,4.06,68.09,130,28.42,5
REC002989,2023-06-21,264.88,899,625,1.81,39.27,103,51.76,30
REC005366,2023-06-22,192.62,896,611,2.27,30.57,103,66.13,10
REC000071,2023-06-22,163.2,917,604,4.32,34.45,101,33.39,0
REC000525,2023-06-23,85.88,942,568,3.87,41.7,120,35.64,10
REC002062,2023-06-23,195.48,888,620,3.25,33.22,135,50.31,30
REC003130,2023-06-24,158.76,877,606,3.09,38.78,133,56.35,15
REC000666,2023-06-24,158.43,927,660,5.0,66.2,123,37.63,10
REC001050,2023-06-24,71.55,878,620,4.77,82.27,119,40.73,0
REC005054,2023-06-24,217.05,932,691,4.19,32.29,117,68.37,5
REC002692,2023-06-24,67.0,863,635,4.12,92.37,114,34.61,5
REC000100,2023-06-24,68.92,887,642,4.0,116.97,108,28.95,10
REC000824,2023-06-25,518.84,843,625,2.01,66.85,117,40.83,10
REC000415,2023-06-25,84.43,949,631,1.85,200.98,126,44.07,15
REC005891,2023-06-26,1257.81,901,626,5.15,48.53,126,52.34,15
REC000806,2023-06-26,73.52,947,643,4.89,41.41,115,47.91,10
REC005749,2023-06-26,194.99,939,681,3.31,33.82,119,24.08,10
REC003811,2023-06-26,31.7,917,640,5.07,42.24,125,32.25,25
REC002484,2023-06-27,573.13,901,634,3.97,36.15,127,28.02,15
REC001246,2023-06-27,225.56,929,635,3.26,19.53,116,38.75,10
REC001542,2023-06-27,140.3,873,595,5.11,37.05,114,30.61,15
REC003054,2023-06-27,305.67,911,661,4.52,46.05,111,35.73,30
REC005145,2023-06-28,95.55,892,631,4.88,36.29,115,34.82,30
REC001651,2023-06-28,213.31,911,655,5.24,37.14,120,38.29,10
REC000283,2023-06-29,237.94,868,648,3.72,46.09,123,48.84,0
REC005303,2023-06-29,59.7,856,599,2.43,68.61,123,57.1,15
REC004664,2023-06-29,143.55,917,641,2.58,61.19,127,41.42,15
REC004165,2023-06-29,115.42,948,600,2.63,49.16,104,27.23,15
REC003865,2023-06-29,70.7,897,659,3.12,47.32,123,61.18,25
REC000428,2023-06-29,320.12,851,621,2.57,55.16,124,37.49,20
REC000651,2023-06-30,366.78,897,668,2.36,12.26,110,8.0,20
REC000519,2023-06-30,86.2,928,637,5.5,33.22,112,45.27,15
REC005072,2023-06-30,117.54,908,644,5.55,61.03,136,44.6,10
REC003492,2023-06-30,69.64,898,630,2.85,61.87,109,30.76,20
REC004603,2023-06-30,89.34,858,643,3.99,15.57,119,36.28,20
REC000905,2023-06-30,212.6,897,639,1.48,35.74,108,37.6,10
REC003548,2023-07-01,74.39,879,622,4.32,18.04,115,31.17,25
REC004857,2023-07-01,129.49,908,659,3.3,25.29,107,34.49,10
REC002828,2023-07-01,232.09,896,630,4.13,14.08,105,32.02,15
REC002721,2023-07-03,111.58,879,618,3.57,11.27,109,28.99,5
REC002670,2023-07-03,56.06,869,653,3.3,13.17,120,49.73,15
REC002298,2023-07-03,88.07,901,628,3.09,44.59,123,8.0,30
REC000804,2023-07-03,316.56,894,651,3.86,52.74,123,24.58,0
REC001612,2023-07-03,165.58,899,649,3.33,36.55,117,46.53,10
REC004630,2023-07-03,142.31,933,656,2.87,55.63,124,24.72,10
REC000347,2023-07-04,82.75,904,674,5.11,50.39,104,27.37,0
REC005059,2023-07-04,101.59,902,611,3.91,33.14,120,23.84,30
REC002540,2023-07-04,95.5,904,634,3.51,65.55,107,65.89,20
REC004423,2023-07-05,76.66,956,636,3.68,27.71,115,24.36,15
REC004623,2023-07-05,102.94,876,632,2.25,64.45,106,27.48,5
REC001720,2023-07-05,160.34,937,650,4.03,48.43,118,48.83,20
REC005760,2023-07-05,207.41,891,615,3.86,32.16,107,27.93,10
REC004368,2023-07-05,329.74,869,640,3.17,34.7,89,25.0,20
REC000860,2023-07-06,177.04,883,656,3.93,99.83,87,47.32,10
REC000710,2023-07-06,349.14,850,631,2.79,48.88,116,23.67,10
REC000422,2023-07-06,33.49,895,671,4.49,20.02,101,21.82,30
REC003435,2023-07-06,95.66,900,597,4.83,57.4,114,48.01,0
REC004395,2023-07-06,129.6,864,679,3.55,50.86,109,47.28,10
REC000687,2023-07-06,521.04,876,661,4.77,47.61,115,53.69,20
REC001898,2023-07-07,311.79,862,647,4.65,11.29,127,18.04,10
REC000151,2023-07-07,116.72,923,648,6.13,71.34,100,43.99,15
REC005340,2023-07-08,103.87,881,650,5.41,7.6,120,33.87,10
REC004961,2023-07-08,144.77,921,682,3.36,40.68,101,22.08,25
REC004036,2023-07-08,83.61,910,660,4.22,27.5,114,55.75,20
REC005741,2023-07-09,95.6,881,642,4.26,20.5,107,47.63,25
REC005953,2023-07-09,122.23,904,651,4.75,38.93,118,50.25,10
REC003951,2023-07-09,562.43,871,623,4.7,39.11,110,32.7,25
REC002148,2023-07-10,91.8,838,652,3.92,18.15,88,55.39,10
REC005523,2023-07-10,117.2,885,595,2.12,17.2,118,22.67,5
REC004069,2023-07-10,205.59,876,631,0.8,57.49,98,42.73,10
REC000067,2023-07-10,101.21,915,654,6.34,48.63,107,40.49,10
REC004880,2023-07-10,148.13,891,635,3.7,35.18,110,44.87,15
REC001278,2023-07-10,65.22,901,646,3.01,15.93,116,20.37,5
REC002134,2023-07-10,142.73,931,656,3.44,14.9,110,26.93,10
REC002355,2023-07-11,366.63,881,627,4.99,34.23,109,31.23,10
REC004499,2023-07-11,598.78,900,649,4.7,51.49,126,35.6,0
REC004933,2023-07-11,85.18,831,632,2.89,24.83,121,26.02,5
REC004416,2023-07-11,113.86,933,596,2.92,125.88,108,36.0,20
REC000187,2023-07-12,119.9,900,654,2.51,43.15,120,53.75,15
REC000175,2023-07-12,197.5,877,617,4.08,27.7,129,43.98,20
REC000532,2023-07-12,56.68,915,653,4.0,22.77,127,29.12,15
REC005882,2023-07-13,253.66,920,634,5.3,11.81,117,20.06,5
REC003856,2023-07-14,564.11,904,635,4.07,41.61,115,40.42,0
REC000563,2023-07-14,119.72,879,671,3.56,45.04,125,40.64,25
REC003718,2023-07-15,67.76,922,630,3.65,39.17,124,31.28,5
REC000864,2023-07-15,52.04,878,656,3.27,35.61,118,44.21,5
REC002096,2023-07-15,133.89,903,599,3.62,112.31,87,26.68,10
REC005761,2023-07-15,101.82,913,653,2.72,52.1,99,10.17,10
REC002861,2023-07-15,157.26,923,591,4.88,35.67,115,39.28,10
REC001766,2023-07-16,106.3,892,634,3.3,37.21,103,26.24,10
REC004916,2023-07-16,310.16,869,639,3.07,47.58,114,35.45,25
REC002932,2023-07-16,60.05,911,658,5.57,132.25,106,41.21,10
REC001529,2023-07-16,125.92,959,622,4.83,93.59,130,33.74,10
REC002644,2023-07-17,225.22,909,646,3.99,16.55,124,46.0,25
REC000171,2023-07-17,140.51,943,673,3.23,52.26,104,37.0,0
REC002517,2023-07-17,308.52,870,623,3.66,60.28,120,40.72,0
REC004820,2023-07-17,148.54,926,629,4.55,54.45,107,24.51,0
REC003398,2023-07-17,177.94,859,636,5.22,24.26,116,40.96,10
REC001797,2023-07-17,109.34,872,699,4.29,86.02,117,42.42,20
REC000355,2023-07-18,93.4,892,621,5.23,8.23,122,36.85,20
REC005251,2023-07-18,91.21,919,645,4.08,41.35,111,66.18,20
REC002088,2023-07-19,56.25,886,620,5.4,18.37,128,20.46,10
REC004434,2023-07-19,141.88,910,624,3.31,26.86,114,44.7,15
REC003695,2023-07-19,143.07,924,634,3.87,27.03,125,37.82,20
REC005086,2023-07-20,104.83,872,612,3.14,16.91,94,25.08,10
REC004066,2023-07-20,179.84,858,595,4.79,38.95,106,41.11,10
REC001616,2023-07-21,70.51,938,624,4.18,34.84,108,35.2,0
REC003536,2023-07-21,112.1,906,651,3.74,24.4,110,37.64,10
REC005370,2023-07-21,175.5,883,624,4.37,75.19,106,39.54,0
REC002780,2023-07-21,110.14,919,620,4.47,30.48,114,23.38,5
REC000826,2023-07-22,29.78,892,696,4.54,95.97,112,35.32,10
REC000902,2023-07-22,80.94,861,621,3.66,72.48,97,34.69,15
REC001325,2023-07-23,170.25,903,666,2.17,40.67,112,38.54,5
REC005001,2023-07-23,182.69,909,621,3.24,30.0,113,70.63,0
REC003189,2023-07-23,112.47,913,652,3.98,31.78,106,43.34,10
REC004740,2023-07-24,79.21,884,594,4.79,29.06,98,32.22,0
REC002939,2023-07-25,150.4,882,642,5.08,94.56,129,24.73,0
REC001421,2023-07-25,174.17,858,637,5.9,33.43,117,59.1,0
REC005296,2023-07-25,103.59,929,649,3.83,40.96,119,19.79,5
REC001562,2023-07-25,61.5,920,628,3.36,19.46,114,56.96,15
REC000993,2023-07-25,273.68,899,656,3.34,47.74,100,24.78,5
REC000863,2023-07-25,51.61,859,610,3.76,146.49,117,29.27,10
REC001003,2023-07-25,63.88,872,675,2.97,100.17,130,15.75,5
REC003403,2023-07-25,94.91,868,607,3.38,36.92,121,38.01,10
REC003589,2023-07-26,189.22,853,655,3.86,53.13,124,23.0,20
REC000737,2023-07-26,188.59,933,635,3.32,38.93,125,20.82,5
REC004659,2023-07-26,116.69,872,657,3.07,59.31,115,39.73,20
REC005914,2023-07-26,79.57,867,621,2.89,54.42,122,31.63,30
REC001702,2023-07-26,499.79,884,615,3.63,48.73,110,54.09,25
REC003636,2023-07-26,55.71,917,624,2.86,125.51,121,41.97,20
REC001074,2023-07-27,31.56,878,697,5.61,101.62,114,16.69,10
REC000209,2023-07-27,118.38,912,630,2.69,17.66,119,57.6,15
REC003570,2023-07-27,57.24,907,650,3.38,28.15,112,22.25,20
REC004013,2023-07-27,92.66,888,669,4.31,50.72,114,53.21,15
REC001803,2023-07-28,235.0,841,665,4.36,29.94,125,28.95,10
REC005306,2023-07-28,61.65,868,577,2.6,20.59,135,32.14,30
REC003638,2023-07-28,246.05,899,649,5.15,105.32,105,34.96,30
REC002832,2023-07-28,43.84,930,651,4.45,43.79,112,39.16,15
REC000261,2023-07-28,52.98,872,682,3.4,11.3,101,34.24,5
REC005162,2023-07-28,236.68,867,630,4.17,49.67,123,55.59,30
REC000182,2023-07-29,70.1,891,666,4.23,68.65,124,27.16,0
REC005645,2023-07-29,64.19,913,658,3.36,58.43,108,29.41,5
REC004677,2023-07-29,275.75,885,649,1.28,51.63,108,39.94,20
REC005927,2023-07-29,96.78,910,634,4.65,11.02,106,56.71,20
REC000162,2023-07-30,227.61,882,613,3.77,13.02,127,24.31,5
REC003277,2023-07-30,92.62,868,633,3.92,117.27,114,28.73,20
REC000711,2023-07-30,87.01,875,643,5.11,22.55,105,60.53,25
REC002086,2023-07-30,777.94,915,608,2.07,24.25,119,41.71,5
REC002354,2023-07-30,252.82,907,656,6.42,30.08,119,32.98,10
REC003194,2023-07-30,202.6,871,675,4.05,37.81,126,40.8,10
REC000045,2023-07-31,144.89,878,638,3.91,42.99,117,34.19,20
REC004841,2023-07-31,289.93,910,611,3.72,24.57,112,39.97,5
REC004503,2023-08-01,100.81,857,638,2.27,36.38,136,33.88,10
REC002716,2023-08-01,138.75,846,664,5.47,23.01,108,56.88,15
REC000413,2023-08-01,76.49,890,641,2.46,50.63,121,23.39,20
REC001020,2023-08-01,376.25,891,632,3.12,53.69,110,27.88,10
REC001205,2023-08-02,115.01,944,646,3.83,18.98,109,35.64,5
REC001140,2023-08-02,116.84,881,640,2.67,34.45,122,48.28,0
REC004893,2023-08-02,77.15,915,627,3.3,78.47,116,58.66,10
REC001939,2023-08-02,203.63,908,664,2.03,63.42,109,57.02,20
REC001901,2023-08-03,301.32,905,653,4.47,74.47,94,32.93,5
REC004414,2023-08-03,305.44,906,621,5.44,53.47,111,29.73,15
REC002265,2023-08-03,360.1,909,659,1.86,56.73,105,31.68,15
REC005815,2023-08-04,71.68,882,705,3.82,71.25,133,41.07,20
REC004145,2023-08-04,109.05,901,678,3.52,59.07,134,24.17,15
REC001106,2023-08-04,34.16,907,718,3.13,22.11,114,42.51,10
REC003148,2023-08-04,46.64,926,676,4.34,45.88,118,32.99,25
REC002480,2023-08-04,193.78,887,621,2.25,42.88,108,56.36,20
REC005116,2023-08-05,104.59,913,645,2.09,43.21,112,49.31,15
REC000580,2023-08-05,110.45,952,632,6.07,58.98,100,36.92,0
REC003227,2023-08-05,626.85,878,651,3.58,32.91,136,35.8,10
REC005242,2023-08-05,221.72,890,607,3.2,7.96,117,48.0,30
REC003462,2023-08-06,224.41,873,626,4.41,30.75,130,37.47,10
REC005219,2023-08-06,129.77,943,589,4.34,45.56,112,59.87,5
REC003926,2023-08-06,34.43,936,657,6.23,67.71,134,31.81,5
REC001645,2023-08-06,135.32,875,662,7.09,29.84,116,67.48,15
REC005622,2023-08-06,148.4,902,663,3.88,17.97,102,36.56,10
REC000510,2023-08-07,176.13,936,661,0.82,37.13,127,17.94,25
REC000302,2023-08-07,192.52,895,620,2.22,28.11,127,30.26,20
REC003273,2023-08-07,187.69,904,640,4.2,79.69,113,21.4,15
REC002839,2023-08-08,107.66,922,657,1.08,74.63,117,56.75,5
REC001173,2023-08-08,309.09,933,644,3.84,44.54,127,28.65,10
REC001346,2023-08-08,119.47,944,601,3.48,74.06,100,47.84,10
REC003406,2023-08-08,129.66,902,644,3.95,25.26,135,33.6,25
REC004073,2023-08-09,765.61,895,626,3.54,20.65,124,47.73,5
REC002141,2023-08-09,109.02,870,615,4.81,15.24,134,48.06,20
REC001286,2023-08-10,259.02,884,587,5.61,39.18,117,27.58,20
REC005587,2023-08-10,77.13,854,641,3.49,76.62,130,36.81,5
REC005111,2023-08-10,357.6,915,666,4.95,22.86,111,38.05,5
REC003421,2023-08-10,182.89,893,647,2.76,32.96,116,33.65,30
REC003887,2023-08-11,203.8,885,618,2.85,34.16,103,46.28,10
REC001240,2023-08-11,321.72,914,618,2.42,18.52,120,44.82,10
REC005562,2023-08-11,89.68,916,643,4.05,37.26,103,39.8,5
REC002594,2023-08-11,63.69,909,605,4.59,27.44,116,17.85,10
REC001350,2023-08-11,167.59,908,693,5.18,58.97,129,32.79,20
REC003791,2023-08-11,148.83,871,578,5.46,24.49,118,34.68,0
REC003939,2023-08-11,315.35,880,616,4.3,26.17,119,38.69,5
REC000042,2023-08-12,49.95,937,652,3.46,108.01,126,51.17,15
REC005545,2023-08-12,268.13,960,636,2.91,39.52,112,37.4,15
REC003640,2023-08-13,330.64,992,653,4.16,49.41,112,48.06,25
REC000388,2023-08-13,317.29,907,655,3.26,22.65,104,49.4,10
REC005342,2023-08-13,196.79,945,640,4.34,64.02,109,35.57,15
REC000313,2023-08-13,189.79,925,594,2.88,8.69,133,26.2,5
REC002606,2023-08-13,90.54,918,642,4.65,52.32,104,45.95,5
REC003891,2023-08-14,231.63,861,633,2.17,18.36,117,65.95,10
REC004840,2023-08-14,135.55,938,630,3.01,32.9,116,49.81,5
REC005173,2023-08-15,70.06,960,627,0.99,34.64,117,43.62,25
REC000926,2023-08-16,68.86,926,609,3.83,22.97,109,52.48,5
REC000268,2023-08-16,161.6,880,615,2.98,77.42,126,28.24,15
REC001607,2023-08-16,188.87,918,637,2.51,55.38,104,22.33,30
REC002170,2023-08-16,139.29,918,597,3.16,119.65,120,32.4,30
REC004810,2023-08-16,206.62,887,641,3.29,42.07,136,39.48,5
REC002472,2023-08-16,209.6,905,679,4.62,61.46,105,42.2,10
REC001035,2023-08-16,101.46,877,684,3.6,24.2,111,50.88,0
REC005048,2023-08-16,91.77,912,594,5.08,25.61,117,43.83,5
REC000321,2023-08-17,112.81,891,653,3.58,90.15,121,49.96,10
REC005186,2023-08-17,87.46,912,646,4.12,51.27,123,29.28,0
REC004445,2023-08-17,87.72,880,618,7.03,27.44,120,38.72,5
REC003361,2023-08-17,138.55,881,626,4.13,36.45,104,53.23,5
REC003776,2023-08-17,107.54,921,660,3.5,21.83,96,65.26,20
REC005171,2023-08-18,164.5,845,633,0.8,33.74,99,39.41,10
REC005588,2023-08-18,87.22,896,647,3.96,62.03,111,34.42,15
REC003989,2023-08-18,78.34,858,652,3.84,28.59,93,38.28,10
REC005344,2023-08-19,208.26,944,632,3.66,38.86,112,41.72,30
REC000786,2023-08-19,226.7,911,661,3.65,179.33,101,36.4,20
REC004632,2023-08-19,198.72,969,643,4.21,38.28,115,31.09,10
REC002741,2023-08-19,61.02,935,643,3.43,30.89,135,34.68,25
REC000558,2023-08-20,351.22,941,655,3.15,10.96,121,45.11,25
REC004465,2023-08-20,222.53,916,647,2.76,35.4,104,38.46,10
REC000030,2023-08-20,165.3,912,634,3.55,66.34,93,32.88,20
REC005149,2023-08-20,155.19,906,646,3.25,86.18,122,48.11,15
REC005644,2023-08-21,78.9,956,633,3.58,21.46,128,47.61,10
REC003707,2023-08-21,85.0,895,604,4.57,56.37,118,47.3,10
REC001272,2023-08-22,91.38,907,657,4.21,19.91,104,40.47,0
REC002101,2023-08-23,72.67,888,628,3.76,32.87,92,44.15,20
REC001214,2023-08-23,410.99,928,622,4.28,14.98,118,41.87,0
REC001743,2023-08-23,106.72,909,610,4.76,22.2,124,57.46,5
REC001936,2023-08-24,166.27,854,638,1.5,41.7,113,32.92,10
REC001760,2023-08-24,185.04,866,663,2.16,20.86,99,23.92,10
REC004150,2023-08-25,225.12,892,609,5.09,85.96,130,38.99,5
REC000252,2023-08-25,273.57,907,630,4.21,42.27,116,40.41,5
REC002254,2023-08-27,183.93,895,649,2.83,45.89,109,22.1,10
REC001107,2023-08-27,163.66,903,560,3.41,95.56,117,51.93,10
REC005312,2023-08-27,72.41,908,629,4.58,42.45,118,58.2,10
REC003831,2023-08-27,237.01,881,642,3.71,69.83,106,58.85,10
REC001986,2023-08-27,175.92,837,629,3.9,80.38,125,50.22,15
REC004700,2023-08-27,234.41,910,637,3.36,24.49,129,40.5,0
REC004508,2023-08-27,131.11,933,694,1.5,34.96,119,44.64,10
REC000255,2023-08-28,271.77,861,649,0.87,56.93,106,40.48,20
REC002165,2023-08-28,561.07,910,661,4.12,43.15,119,58.38,15
REC001142,2023-08-28,77.28,917,614,3.95,131.4,113,27.53,10
REC003305,2023-08-29,70.19,936,652,2.26,26.67,102,28.37,5
REC004776,2023-08-29,81.96,888,689,3.89,27.62,106,48.35,0
REC002014,2023-08-30,40.32,922,641,2.15,141.91,122,12.39,10
REC005742,2023-08-30,125.2,866,641,4.16,11.57,125,30.36,0
REC000361,2023-08-30,431.47,917,633,3.89,85.24,118,36.65,0
REC000420,2023-08-31,83.79,890,640,1.59,48.18,123,51.22,5
REC003655,2023-08-31,60.91,901,622,4.19,225.87,97,51.88,20
REC004787,2023-08-31,323.95,937,622,3.45,40.58,111,64.61,25
REC002419,2023-08-31,492.96,884,656,2.71,55.22,98,20.2,15
REC002146,2023-09-01,98.55,867,648,1.95,32.32,113,31.28,5
REC001155,2023-09-01,309.37,860,611,4.17,87.96,105,32.36,0
REC000022,2023-09-01,234.93,931,650,4.39,15.83,123,30.48,10
REC000170,2023-09-02,58.91,945,631,2.94,14.36,101,42.22,30
REC000315,2023-09-02,319.3,860,635,3.87,62.34,115,32.46,25
REC004276,2023-09-02,262.73,922,654,5.52,22.23,113,29.26,5
REC003923,2023-09-02,302.02,897,673,4.59,96.32,116,39.2,25
REC003859,2023-09-02,115.4,877,613,3.42,92.02,118,75.0,5
REC002578,2023-09-03,342.91,930,658,2.48,42.02,113,51.3,20
REC005425,2023-09-03,140.88,923,636,3.94,65.27,136,41.09,5
REC003866,2023-09-03,62.64,876,615,3.73,17.04,121,30.04,20
REC003557,2023-09-03,135.87,872,628,3.69,100.03,85,27.42,10
REC003627,2023-09-03,124.31,904,632,2.64,83.45,118,34.71,15
REC003176,2023-09-03,32.16,922,616,4.63,38.43,110,47.17,10
REC005299,2023-09-04,145.78,912,634,6.0,34.01,109,37.18,20
REC003261,2023-09-05,255.33,963,605,5.29,45.99,102,52.42,10
REC005689,2023-09-05,150.45,942,651,5.29,30.76,114,45.1,15
REC002144,2023-09-05,254.19,922,635,3.18,14.56,101,19.25,5
REC000204,2023-09-05,72.86,888,680,3.18,55.16,113,39.99,0
REC001059,2023-09-05,149.05,912,699,3.68,10.88,132,43.43,0
REC002733,2023-09-05,188.71,875,635,5.2,109.03,92,33.97,5
REC001558,2023-09-05,166.47,876,611,5.23,39.95,109,27.98,25
REC005917,2023-09-07,121.96,880,608,2.76,9.02,132,34.54,15
REC001723,2023-09-07,177.98,872,635,4.91,47.21,106,11.04,10
REC005418,2023-09-08,279.97,909,678,3.95,69.92,115,42.5,10
REC003282,2023-09-08,198.59,830,617,4.16,23.96,129,48.17,0
REC004525,2023-09-08,202.29,926,625,3.12,84.98,112,43.86,5
REC004360,2023-09-08,25.44,931,606,6.3,35.69,119,26.97,5
REC004443,2023-09-08,54.56,862,643,5.02,79.73,108,41.74,25
REC005618,2023-09-08,380.05,896,661,3.75,62.66,126,20.44,0
REC005368,2023-09-09,321.5,866,611,4.14,45.69,94,30.79,25
REC003872,2023-09-09,102.18,923,618,4.29,63.1,123,45.94,10
REC003565,2023-09-09,41.02,926,666,4.29,50.13,109,34.2,5
REC002343,2023-09-10,119.03,907,624,4.42,52.06,116,52.65,25
REC003654,2023-09-10,182.83,873,669,3.75,12.72,102,38.38,25
REC001317,2023-09-10,220.82,863,634,3.39,31.81,118,37.73,5
REC005813,2023-09-11,270.06,896,650,3.79,50.16,117,8.06,20
REC000332,2023-09-11,229.8,940,617,4.49,33.51,117,54.3,0
REC003260,2023-09-11,168.71,890,718,5.13,24.05,114,57.09,20
REC005531,2023-09-11,549.55,909,629,4.62,76.65,117,47.32,5
REC003182,2023-09-11,97.93,885,663,3.87,19.9,112,39.57,25
REC005206,2023-09-11,283.74,949,688,4.26,62.97,117,62.81,10
REC004235,2023-09-12,34.82,901,631,2.63,26.53,133,29.34,30
REC002212,2023-09-12,180.02,967,634,2.4,47.26,89,29.04,5
REC000870,2023-09-12,82.9,898,632,3.44,29.47,135,40.53,20
REC004653,2023-09-12,35.6,935,682,4.56,31.28,125,41.82,10
REC005873,2023-09-12,201.68,888,661,3.15,32.42,108,35.0,10
REC002724,2023-09-12,28.02,857,611,4.94,17.87,109,56.08,10
REC005641,2023-09-12,550.91,919,674,3.6,83.28,118,27.76,15
REC000703,2023-09-12,46.15,909,631,3.73,97.81,106,45.22,10
REC005921,2023-09-12,87.84,901,650,3.42,38.5,126,38.62,10
REC002524,2023-09-12,173.83,865,582,4.87,55.78,109,34.4,5
REC002302,2023-09-12,91.67,955,641,5.05,57.9,119,46.46,10
REC002490,2023-09-13,61.43,927,632,3.41,51.45,104,19.54,5
REC004620,2023-09-13,106.5,903,601,2.34,19.85,104,25.75,0
REC000837,2023-09-13,425.78,928,598,3.14,48.46,122,42.53,10
REC004783,2023-09-13,114.0,889,621,2.82,13.82,114,35.89,30
REC002608,2023-09-13,267.2,882,678,2.45,26.72,129,14.49,10
REC001362,2023-09-13,76.53,869,630,3.22,33.7,119,42.67,0
REC005688,2023-09-14,168.87,882,635,3.61,86.28,126,34.63,30
REC002621,2023-09-14,67.22,881,653,2.46,50.08,99,26.72,15
REC004825,2023-09-14,40.36,917,690,2.71,31.91,123,29.04,25
REC002376,2023-09-15,120.87,854,688,2.91,63.05,125,58.4,15
REC001377,2023-09-15,244.87,901,628,3.69,35.77,120,71.9,10
REC005880,2023-09-15,89.32,876,664,3.46,108.55,113,55.96,0
REC000632,2023-09-15,115.31,920,622,2.79,8.97,117,46.1,10
REC000195,2023-09-15,335.39,938,636,3.21,52.48,108,28.57,10
REC000907,2023-09-15,114.44,878,647,4.15,54.22,116,40.32,15
REC004737,2023-09-15,65.75,929,640,4.33,42.56,95,49.92,5
REC002592,2023-09-15,51.86,855,650,5.51,59.48,105,34.54,20
REC002848,2023-09-15,115.01,876,657,3.99,84.12,126,42.45,5
REC005179,2023-09-16,79.44,892,579,5.08,54.28,112,39.52,10
REC002010,2023-09-16,131.97,892,664,5.07,99.86,127,48.25,25
REC003626,2023-09-16,33.26,884,612,3.98,36.97,104,49.02,0
REC002976,2023-09-17,284.25,886,648,4.76,45.21,91,26.22,10
REC001336,2023-09-17,73.94,913,610,3.49,56.7,108,26.94,0
REC004168,2023-09-17,123.73,894,681,3.42,52.67,103,25.03,25
REC003443,2023-09-17,261.84,963,640,3.62,36.43,117,56.46,10
REC005902,2023-09-17,86.72,910,658,3.27,27.7,120,35.19,25
REC000335,2023-09-18,165.54,937,612,3.42,24.98,117,40.29,10
REC000694,2023-09-18,75.96,886,653,3.01,15.53,106,45.61,20
REC004504,2023-09-19,232.31,889,661,2.61,72.21,115,49.06,15
REC004495,2023-09-19,241.05,898,613,5.48,35.2,121,26.33,10
REC001029,2023-09-19,215.74,905,677,2.91,27.28,127,39.58,20
REC004323,2023-09-20,149.06,925,637,2.36,32.68,102,42.98,10
REC001830,2023-09-21,74.64,901,596,5.43,17.69,122,54.05,5
REC004100,2023-09-21,132.96,913,665,2.57,31.21,108,52.02,10
REC004294,2023-09-22,193.6,939,629,2.84,33.81,115,34.68,15
REC000267,2023-09-22,313.38,925,641,4.98,9.02,122,45.48,25
REC000316,2023-09-22,342.53,921,711,3.28,26.43,117,47.63,5
REC005928,2023-09-22,19.19,940,650,7.13,11.83,123,41.17,5
REC002048,2023-09-23,77.74,867,663,5.5,48.91,120,37.35,10
REC004058,2023-09-23,100.27,855,628,2.46,103.0,121,24.62,0
REC002725,2023-09-23,70.26,897,643,5.26,35.66,111,41.68,0
REC003858,2023-09-23,224.11,905,622,5.13,56.04,116,21.41,10
REC000637,2023-09-24,196.12,931,630,1.98,57.88,107,46.88,10
REC001364,2023-09-24,556.11,920,624,1.63,17.19,121,20.09,25
REC001969,2023-09-24,510.94,920,652,2.41,54.43,114,30.45,5
REC003369,2023-09-24,214.36,920,647,3.24,60.8,113,27.66,20
REC005569,2023-09-25,28.12,890,625,3.8,36.38,110,39.85,0
REC005988,2023-09-25,23.1,942,679,4.02,43.22,115,44.12,0
REC005967,2023-09-25,59.35,953,634,4.32,25.33,128,59.95,20
REC004098,2023-09-25,192.09,833,630,3.81,113.48,107,41.2,15
REC003250,2023-09-26,430.98,907,673,3.28,20.94,98,19.62,15
REC003697,2023-09-27,151.37,902,707,4.06,77.71,112,34.52,20
REC002722,2023-09-27,84.87,857,662,5.2,24.67,128,47.71,10
REC000188,2023-09-27,195.91,884,663,4.92,49.38,114,42.29,5
REC002919,2023-09-27,74.26,892,640,6.62,22.12,124,30.43,15
REC003344,2023-09-27,125.82,936,637,2.53,46.6,120,39.82,25
REC001796,2023-09-27,329.46,932,667,3.25,31.89,120,26.22,5
REC005949,2023-09-27,60.78,839,602,3.64,68.63,132,34.6,20
REC004050,2023-09-28,430.72,873,632,5.28,22.11,124,50.09,15
REC000498,2023-09-28,199.0,968,634,5.89,49.67,111,48.88,10
REC001660,2023-09-28,74.11,901,659,5.34,39.23,112,8.66,0
REC002123,2023-09-28,32.52,883,650,4.78,10.22,117,58.75,15
REC002427,2023-09-28,129.66,901,675,3.45,68.76,126,48.32,25
REC000154,2023-09-28,167.76,852,626,3.07,107.61,119,32.32,0
REC001547,2023-09-28,388.35,951,632,3.21,34.54,106,42.01,15
REC000927,2023-09-29,79.27,902,641,4.05,123.91,108,43.81,20
REC005488,2023-09-29,204.49,929,640,5.32,28.22,126,43.02,10
REC005509,2023-09-29,70.96,931,662,3.49,27.66,121,25.31,15
REC003204,2023-09-29,32.81,891,658,3.85,51.84,104,39.26,0
REC005241,2023-09-29,100.86,895,671,5.06,55.7,117,38.28,25
REC003686,2023-09-29,340.16,895,652,3.19,47.63,114,62.67,20
REC004070,2023-09-29,186.36,892,648,5.03,5.12,112,33.91,10
REC005986,2023-09-29,138.36,880,654,3.22,40.38,103,45.96,10
REC000215,2023-09-29,77.73,869,599,2.31,28.46,125,48.72,15
REC001233,2023-09-29,66.82,906,636,3.06,22.87,123,51.38,20
REC001533,2023-09-30,400.18,917,619,3.21,25.56,123,47.36,10
REC003226,2023-09-30,120.53,887,679,3.01,97.72,120,22.08,5
REC004964,2023-09-30,327.97,911,633,4.76,32.56,125,18.52,0
REC004108,2023-09-30,171.67,820,627,5.12,57.73,112,47.6,15
REC004730,2023-09-30,343.65,827,648,2.91,30.1,120,41.88,5
REC005377,2023-10-01,358.71,914,649,3.16,33.21,112,55.24,10
REC003485,2023-10-01,154.08,917,642,3.78,52.85,121,35.62,20
REC002672,2023-10-01,80.48,863,659,4.56,13.4,107,33.93,5
REC000011,2023-10-01,161.42,915,629,3.54,61.9,125,29.45,25
REC002410,2023-10-02,249.37,891,639,5.36,36.45,121,21.07,0
REC000275,2023-10-02,171.73,868,663,4.8,31.1,121,43.56,25
REC002137,2023-10-02,62.84,820,620,4.83,52.1,126,49.42,15
REC003018,2023-10-02,55.03,908,660,2.85,55.14,128,28.78,15
REC003730,2023-10-02,173.02,903,682,3.64,23.55,128,28.93,0
REC004545,2023-10-03,502.5,942,674,3.1,26.9,120,8.0,30
REC000336,2023-10-03,231.96,916,647,3.32,98.65,131,29.31,0
REC005136,2023-10-04,134.02,886,682,2.29,30.24,96,38.03,0
REC005144,2023-10-04,268.26,870,630,3.11,28.07,110,46.98,5
REC002537,2023-10-04,124.0,872,590,4.29,50.01,117,28.8,10
REC005330,2023-10-04,55.22,876,652,4.01,27.9,111,28.07,15
REC001206,2023-10-05,126.12,900,649,2.88,21.7,112,59.91,20
REC002582,2023-10-05,135.79,848,650,3.62,60.49,113,16.77,0
REC005745,2023-10-05,525.33,922,631,2.08,43.63,113,36.76,10
REC005354,2023-10-05,168.93,900,616,3.29,31.45,115,27.74,10
REC003087,2023-10-06,221.3,884,654,4.45,62.38,113,29.83,15
REC002192,2023-10-06,90.64,943,643,2.89,26.75,126,38.67,0
REC000941,2023-10-06,191.74,874,634,4.91,26.03,122,31.72,20
REC003818,2023-10-06,267.31,889,598,5.05,28.6,102,25.43,15
REC002749,2023-10-07,202.17,877,622,3.07,28.37,118,58.82,15
REC004778,2023-10-07,380.06,870,638,4.5,19.12,105,37.37,20
REC001620,2023-10-07,78.94,960,655,2.82,37.74,127,64.69,0
REC001348,2023-10-07,95.17,930,675,3.29,38.93,123,33.63,5
REC005897,2023-10-08,458.93,872,683,4.38,25.44,102,37.39,5
REC002654,2023-10-08,268.14,906,631,4.06,44.64,108,28.96,15
REC005431,2023-10-08,116.26,873,685,4.95,71.84,115,33.05,15
REC003303,2023-10-08,279.03,923,610,5.22,91.85,133,24.59,15
REC005848,2023-10-10,98.4,934,619,3.92,35.54,124,31.52,15
REC005911,2023-10-10,195.07,823,672,4.13,63.48,105,46.81,5
REC005756,2023-10-10,239.5,947,673,5.0,37.39,125,40.47,10
REC004285,2023-10-10,173.31,866,635,4.49,39.82,124,24.89,5
REC001153,2023-10-11,138.2,894,631,4.24,11.31,110,58.73,15
REC004692,2023-10-11,103.57,894,634,4.79,48.9,110,41.9,10
REC003434,2023-10-11,85.0,867,606,4.43,56.95,121,58.89,25
REC003264,2023-10-11,129.63,902,617,3.85,50.13,110,41.81,0
REC003794,2023-10-11,38.91,880,627,4.04,24.79,103,53.98,5
REC000567,2023-10-11,275.26,853,654,3.92,69.81,129,43.75,10
REC002216,2023-10-11,278.76,942,620,4.35,19.16,126,50.5,15
REC004911,2023-10-11,221.51,860,594,3.88,103.23,121,50.57,20
REC000210,2023-10-12,246.61,916,624,2.62,57.16,97,61.61,0
REC004570,2023-10-12,201.26,923,667,3.18,43.07,110,32.85,15
REC002631,2023-10-13,330.76,922,618,4.64,38.68,134,56.32,0
REC005591,2023-10-13,167.79,894,673,5.24,46.43,118,24.35,10
REC001354,2023-10-13,210.67,946,614,3.51,123.07,128,47.22,20
REC002342,2023-10-13,102.98,918,672,4.68,63.04,113,39.84,5
REC003874,2023-10-13,387.17,906,582,4.19,93.13,91,42.98,10
REC003199,2023-10-13,151.04,862,609,2.67,46.02,113,30.64,10
REC005261,2023-10-13,198.93,947,637,3.3,106.86,130,47.9,5
REC001486,2023-10-14,180.75,938,621,4.19,24.1,98,19.65,10
REC001418,2023-10-14,237.76,868,594,4.3,35.48,121,31.64,10
REC004869,2023-10-14,77.96,867,641,3.01,54.6,143,38.02,15
REC001940,2023-10-15,163.46,906,605,3.54,52.09,112,42.11,10
REC003294,2023-10-15,125.88,820,632,5.75,34.22,119,31.76,25
REC000459,2023-10-15,84.3,875,679,3.22,79.74,98,46.49,20
REC001608,2023-10-15,448.01,903,603,2.62,37.02,104,72.54,30
REC004253,2023-10-15,196.55,954,658,5.14,30.31,118,52.65,20
REC003066,2023-10-15,363.63,878,614,4.38,57.82,116,28.37,10
REC002580,2023-10-15,68.64,914,643,4.66,32.23,109,35.37,0
REC001459,2023-10-16,56.7,883,649,4.34,27.23,115,49.24,5
REC001437,2023-10-16,230.27,907,642,5.1,30.87,112,22.67,0
REC003155,2023-10-16,322.6,872,622,3.1,25.83,130,40.53,5
REC004011,2023-10-17,77.43,915,634,3.66,39.04,121,41.59,25
REC005308,2023-10-17,68.99,935,658,5.01,30.56,106,26.82,15
REC001295,2023-10-17,408.04,930,653,5.25,39.28,118,36.74,20
REC005703,2023-10-17,42.21,922,666,4.19,54.22,106,45.43,5
REC001373,2023-10-19,66.27,922,599,4.78,57.49,112,18.97,10
REC005236,2023-10-19,251.06,935,671,2.63,67.48,118,47.8,20
REC004077,2023-10-19,150.14,834,626,4.41,16.67,122,44.48,10
REC004126,2023-10-19,201.53,907,619,5.13,39.52,109,37.14,10
REC004335,2023-10-20,94.74,932,629,0.8,74.98,131,26.34,10
REC001747,2023-10-20,360.17,882,623,3.59,18.67,104,55.9,10
REC002715,2023-10-20,81.45,888,629,4.15,17.79,115,49.63,15
REC002393,2023-10-20,168.57,883,655,3.93,39.35,97,40.64,20
REC001375,2023-10-20,85.14,910,616,2.85,76.23,125,26.28,25
REC005405,2023-10-20,160.74,873,660,2.54,38.36,135,31.32,25
REC000174,2023-10-21,1331.27,911,601,4.2,71.93,94,24.75,10
REC005931,2023-10-21,57.21,927,629,4.26,21.96,121,43.31,0
REC001843,2023-10-22,314.63,969,689,4.0,67.72,102,28.15,25
REC002421,2023-10-22,129.69,901,628,4.84,25.3,112,14.86,10
REC004874,2023-10-22,164.95,887,599,2.81,27.24,111,40.34,20
REC002282,2023-10-22,162.46,906,614,4.26,36.0,123,8.0,15
REC002531,2023-10-22,189.34,884,622,4.08,135.91,141,28.15,10
REC000951,2023-10-22,113.78,897,715,2.75,28.95,122,30.41,10
REC004789,2023-10-22,99.09,875,625,3.16,29.29,133,29.61,15
REC001002,2023-10-22,139.56,820,657,3.35,36.51,99,45.76,15
REC004151,2023-10-22,184.98,859,642,4.24,32.92,121,29.87,5
REC002273,2023-10-23,470.18,917,677,3.5,51.14,107,59.0,10
REC000458,2023-10-23,186.57,892,668,4.3,35.71,101,32.5,25
REC001434,2023-10-23,190.58,923,559,5.89,45.22,112,54.53,15
REC000891,2023-10-24,188.14,915,663,2.09,30.36,118,55.21,10
REC005598,2023-10-24,58.83,897,632,5.55,58.96,123,42.03,5
REC002816,2023-10-24,185.68,970,616,3.84,10.54,91,36.14,10
REC001158,2023-10-24,238.63,901,660,4.35,29.27,114,22.41,0
REC000083,2023-10-24,113.24,931,669,5.1,24.23,117,41.26,0
REC005172,2023-10-25,183.5,939,657,4.7,53.1,109,22.97,10
REC002240,2023-10-25,115.19,877,624,3.97,15.86,106,33.66,25
REC004807,2023-10-25,133.29,874,648,3.2,44.03,123,18.45,20
REC000652,2023-10-25,110.05,866,623,2.94,38.58,113,47.5,10
REC004143,2023-10-25,33.72,918,660,3.78,14.33,110,60.63,20
REC000792,2023-10-26,387.71,892,616,2.02,38.35,98,41.68,20
REC001801,2023-10-26,110.34,862,624,2.67,55.04,102,46.22,5
REC000633,2023-10-27,79.28,953,592,3.71,17.78,113,36.98,20
REC004877,2023-10-27,57.4,912,652,3.66,44.99,128,39.43,20
REC000997,2023-10-27,86.88,960,664,1.85,41.14,118,42.12,0
REC003550,2023-10-27,143.91,887,637,4.1,35.74,120,51.68,10
REC002872,2023-10-27,286.35,912,622,4.6,56.24,113,27.72,20
REC005298,2023-10-28,132.93,959,688,3.77,22.76,102,34.62,0
REC005634,2023-10-28,106.87,865,641,3.77,34.09,125,60.14,0
REC000575,2023-10-28,38.6,924,679,4.71,36.03,93,49.07,10
REC003161,2023-10-28,71.59,907,693,4.62,54.02,122,43.62,25
REC001273,2023-10-28,74.36,936,638,1.51,25.51,103,39.56,0
REC000227,2023-10-28,163.16,948,652,4.23,86.74,114,21.21,10
REC001455,2023-10-29,224.58,906,675,1.69,49.26,110,21.19,25
REC001268,2023-10-29,232.49,894,623,4.62,108.52,117,40.95,15
REC002405,2023-10-29,104.96,870,610,4.17,57.63,122,50.93,15
REC002477,2023-10-29,46.26,877,639,4.57,37.97,123,31.04,15
REC004605,2023-10-30,122.69,850,632,2.86,32.87,125,25.57,10
REC003595,2023-10-30,104.54,914,617,2.91,75.97,117,39.4,20
REC004736,2023-10-30,667.92,841,656,2.16,41.17,109,39.64,10
REC004311,2023-10-31,112.62,884,621,3.56,27.81,123,30.62,10
REC001946,2023-10-31,149.43,932,639,3.43,63.09,137,41.83,25
REC005177,2023-11-01,224.83,902,647,4.08,43.21,123,33.07,0
REC001028,2023-11-01,80.59,878,667,1.75,20.85,102,32.51,5
REC001575,2023-11-01,216.92,888,639,3.99,24.8,107,45.86,0
REC001116,2023-11-01,265.02,868,638,3.07,34.14,98,34.36,15
REC000440,2023-11-01,64.48,953,639,2.67,40.69,91,40.4,15
REC004167,2023-11-01,129.39,939,631,3.41,58.77,94,36.56,15
REC002883,2023-11-01,203.65,852,633,4.09,50.81,111,34.85,15
REC003826,2023-11-01,151.64,952,654,4.85,26.98,117,49.83,15
REC004480,2023-11-02,101.08,889,655,4.62,49.08,115,57.33,15
REC004430,2023-11-02,137.28,899,647,4.29,83.66,114,40.09,10
REC005956,2023-11-03,236.26,892,601,4.54,36.18,111,65.15,25
REC005725,2023-11-03,391.67,866,659,3.65,65.37,105,43.04,15
REC003473,2023-11-04,460.96,911,640,3.98,31.6,116,16.62,5
REC005916,2023-11-04,165.21,924,653,2.57,36.85,90,48.2,15
REC000370,2023-11-04,36.13,902,618,4.88,60.2,132,45.33,5
REC000213,2023-11-05,60.16,866,659,4.89,49.25,101,33.73,5
REC003301,2023-11-05,108.82,937,604,5.63,9.04,122,43.69,0
REC004016,2023-11-05,325.77,867,645,5.0,45.43,108,23.36,20
REC005541,2023-11-06,100.33,892,620,4.17,30.48,127,28.86,10
REC004696,2023-11-06,145.46,847,627,2.82,22.6,114,45.81,15
REC001250,2023-11-06,359.3,918,653,3.66,28.87,107,47.14,15
REC001716,2023-11-06,73.79,913,655,3.17,20.36,110,40.62,5
REC003582,2023-11-07,196.91,858,655,3.08,88.46,115,31.03,10
REC002514,2023-11-07,192.33,896,631,1.43,52.6,110,25.61,0
REC000639,2023-11-07,62.86,904,650,3.58,42.97,121,28.02,15
REC003019,2023-11-07,35.35,909,655,3.78,62.4,123,38.31,30
REC003616,2023-11-07,145.79,900,633,2.77,62.98,106,28.65,15
REC002323,2023-11-07,190.99,907,620,4.55,20.18,126,32.76,15
REC005292,2023-11-08,230.92,889,576,2.46,37.34,117,33.37,10
REC004319,2023-11-08,57.12,961,666,2.08,33.26,122,50.61,15
REC001172,2023-11-08,71.64,894,631,3.59,112.23,126,34.29,15
REC001573,2023-11-08,158.77,870,640,3.07,97.95,112,33.26,15
REC005352,2023-11-08,81.03,879,677,2.1,82.06,125,33.31,25
REC000640,2023-11-09,76.67,918,630,4.52,36.98,114,33.75,20
REC002185,2023-11-09,247.54,927,660,3.74,23.48,120,71.82,0
REC004238,2023-11-09,420.64,895,637,4.69,17.75,133,43.12,0
REC002214,2023-11-10,70.22,874,643,3.6,49.95,109,33.83,30
REC003553,2023-11-10,131.8,899,620,4.96,32.76,109,42.38,0
REC002043,2023-11-10,305.25,849,643,4.95,30.69,134,52.03,20
REC002569,2023-11-10,116.12,888,669,1.92,42.79,111,54.52,20
REC001643,2023-11-11,119.66,917,634,4.66,32.89,115,40.17,15
REC002380,2023-11-11,102.49,883,671,2.77,40.57,103,18.92,10
REC005423,2023-11-12,388.96,820,648,3.12,27.98,96,28.05,10
REC003785,2023-11-12,159.66,899,603,4.4,30.75,134,44.31,15
REC005772,2023-11-13,154.94,911,626,4.01,60.62,113,54.8,15
REC001930,2023-11-13,151.57,886,618,3.73,36.06,123,26.2,25
REC003172,2023-11-13,185.53,909,607,2.71,72.32,117,37.95,15
REC000879,2023-11-13,314.27,860,652,2.39,72.45,112,25.5,25
REC004367,2023-11-14,175.07,895,664,4.51,62.47,120,61.99,0
REC004585,2023-11-14,119.01,890,663,3.36,33.05,121,28.17,5
REC004775,2023-11-14,172.78,905,652,2.83,65.09,114,25.97,20
REC002416,2023-11-15,100.6,902,686,4.03,28.8,117,45.12,10
REC003458,2023-11-15,171.92,909,667,3.5,37.36,104,32.76,30
REC004222,2023-11-15,217.82,839,669,2.74,62.78,102,42.82,15
REC005852,2023-11-15,135.41,950,602,4.61,10.03,111,23.34,15
REC002503,2023-11-15,215.4,889,603,3.25,41.58,115,12.83,20
REC002270,2023-11-15,80.25,865,663,3.56,27.1,94,42.4,20
REC004240,2023-11-16,302.12,892,653,3.65,16.88,116,55.53,10
REC005099,2023-11-16,62.79,902,663,4.06,36.96,110,34.18,25
REC004363,2023-11-17,101.8,919,601,3.86,46.7,100,16.92,10
REC005944,2023-11-17,76.52,878,628,3.78,25.87,128,26.76,20
REC005215,2023-11-17,634.85,945,706,4.15,63.31,105,32.42,10
REC001574,2023-11-17,164.77,888,649,3.18,75.71,124,34.75,10
REC005311,2023-11-17,101.27,950,673,2.39,19.33,100,8.0,10
REC002655,2023-11-17,355.4,955,656,5.94,49.64,115,55.34,20
REC005337,2023-11-18,44.48,907,640,2.71,30.86,104,38.9,25
REC005929,2023-11-18,87.45,897,647,2.84,85.18,121,33.6,15
REC000590,2023-11-18,31.91,921,661,3.53,38.61,117,59.66,25
REC004155,2023-11-18,166.28,906,621,5.19,27.77,110,50.35,0
REC000178,2023-11-18,34.03,882,673,4.8,25.89,119,40.15,10
REC002228,2023-11-18,361.59,912,640,2.82,46.6,101,36.08,20
REC005373,2023-11-18,164.07,930,631,5.46,66.6,118,42.52,5
REC001369,2023-11-18,64.64,868,619,5.29,38.99,109,40.05,0
REC001637,2023-11-18,83.79,875,669,4.29,30.92,119,40.99,10
REC004715,2023-11-18,236.93,876,598,5.05,32.4,111,35.65,10
REC000424,2023-11-19,225.51,898,622,4.64,44.0,117,34.53,15
REC000568,2023-11-19,135.99,869,641,4.2,65.52,114,47.6,25
REC002064,2023-11-19,92.54,907,633,4.89,33.12,126,21.27,20
REC003359,2023-11-20,69.53,866,678,2.84,71.85,130,46.8,25
REC005926,2023-11-20,96.91,877,647,3.98,26.22,121,27.76,15
REC000923,2023-11-20,72.36,880,624,3.98,51.61,122,62.78,15
REC004481,2023-11-20,101.35,912,634,4.85,40.71,129,43.22,0
REC003168,2023-11-20,283.4,921,609,5.46,18.55,114,58.21,10
REC004627,2023-11-20,68.11,986,644,3.96,43.34,123,30.85,15
REC005593,2023-11-21,419.06,925,648,2.67,25.06,109,26.92,5
REC004470,2023-11-21,141.67,904,632,3.67,31.03,102,36.46,20
REC002994,2023-11-21,74.78,908,624,3.58,67.06,121,72.37,25
REC005830,2023-11-21,46.6,926,603,5.66,74.67,121,27.37,10
REC004846,2023-11-21,426.53,853,611,4.38,46.22,101,50.46,20
REC002946,2023-11-22,270.59,899,628,3.87,66.75,102,48.42,15
REC002439,2023-11-22,193.39,827,628,5.3,33.68,105,58.33,25
REC003289,2023-11-22,113.69,892,628,4.8,28.09,117,44.03,5
REC000665,2023-11-22,277.0,872,647,3.37,43.77,120,46.43,10
REC003660,2023-11-23,331.17,932,640,3.59,23.08,125,31.75,25
REC003177,2023-11-23,207.03,902,681,4.84,12.17,108,41.92,5
REC003583,2023-11-23,171.67,877,661,3.58,14.35,118,36.28,10
REC004372,2023-11-23,59.57,942,625,2.99,51.92,105,25.25,5
REC001890,2023-11-23,444.09,916,640,3.65,85.15,120,34.99,10
REC005762,2023-11-24,141.09,887,668,4.28,31.4,130,27.07,25
REC002876,2023-11-24,185.85,904,618,5.07,23.97,106,29.41,20
REC001124,2023-11-24,145.2,946,681,4.44,62.95,115,39.87,0
REC004148,2023-11-25,221.66,922,618,3.78,63.59,120,42.26,10
REC002888,2023-11-25,44.08,940,610,3.02,51.77,122,46.31,15
REC003069,2023-11-25,134.85,921,637,4.28,50.97,121,36.71,20
REC000615,2023-11-25,270.03,877,593,3.92,42.24,96,50.35,10
REC001039,2023-11-26,204.87,841,638,4.73,17.12,118,46.72,10
REC000995,2023-11-27,28.92,901,682,5.41,99.04,106,26.25,20
REC000070,2023-11-27,371.34,904,650,3.22,50.65,105,48.43,15
REC002169,2023-11-27,196.35,881,617,2.13,35.78,109,39.68,20
REC005553,2023-11-28,103.41,913,659,2.13,40.14,118,12.17,10
REC001627,2023-11-28,89.15,905,670,4.7,46.32,116,41.06,10
REC001171,2023-11-28,301.88,960,596,4.73,55.47,104,9.71,10
REC004467,2023-11-28,217.79,858,655,3.58,40.75,106,34.78,20
REC005095,2023-11-28,95.99,901,625,4.45,82.53,132,53.28,25
REC005752,2023-11-29,99.37,895,661,4.16,128.69,119,35.09,15
REC000885,2023-11-29,99.22,909,655,3.88,58.01,131,48.9,10
REC003283,2023-11-29,364.48,946,630,2.88,46.91,95,39.18,10
REC000791,2023-11-29,91.4,920,648,4.19,19.32,105,17.35,0
REC003334,2023-11-30,158.13,894,651,3.92,39.08,109,9.51,25
REC004166,2023-11-30,49.02,859,648,4.27,36.99,107,37.68,5
REC003754,2023-11-30,142.78,872,671,4.11,77.1,130,44.87,10
REC004096,2023-11-30,137.9,934,632,3.29,40.09,116,43.9,10
REC004697,2023-11-30,113.77,886,643,3.33,32.93,107,32.05,20
REC003356,2023-12-01,403.77,889,647,4.73,41.56,118,21.67,15
REC000954,2023-12-01,349.02,899,655,2.11,73.73,112,27.45,0
REC004593,2023-12-01,140.61,855,640,3.91,94.88,119,46.8,25
REC005521,2023-12-01,54.62,897,614,4.16,39.82,125,38.19,10
REC000383,2023-12-01,172.14,922,641,3.41,41.31,147,39.77,0
REC003927,2023-12-01,155.64,870,637,3.22,53.15,113,48.17,20
REC004516,2023-12-02,216.79,848,630,5.28,20.03,128,32.4,5
REC004712,2023-12-02,82.84,916,618,4.03,24.32,124,32.65,30
REC001670,2023-12-02,127.34,883,607,3.42,59.08,128,45.89,10
REC001503,2023-12-02,66.47,868,649,2.22,25.69,109,61.36,20
REC002066,2023-12-03,115.12,969,675,2.76,63.43,105,45.27,20
REC002660,2023-12-04,260.84,875,629,2.94,35.07,120,45.92,20
REC005726,2023-12-04,90.65,874,659,5.44,14.42,108,34.48,10
REC001754,2023-12-04,300.24,872,646,4.19,27.53,109,52.97,25
REC005248,2023-12-04,231.29,884,709,3.79,29.8,97,50.74,10
REC000625,2023-12-05,231.58,890,647,2.57,83.3,114,46.5,0
REC000767,2023-12-05,203.75,883,650,2.9,53.41,137,31.79,20
REC005218,2023-12-05,106.63,858,613,2.91,76.69,118,54.58,15
REC001389,2023-12-05,99.19,865,637,2.31,16.06,123,28.47,10
REC002902,2023-12-05,566.97,941,622,2.82,16.46,117,41.68,25
REC003362,2023-12-05,254.22,891,623,4.85,48.24,123,23.32,5
REC000433,2023-12-05,269.04,864,611,2.78,23.98,110,65.1,0
REC002941,2023-12-06,72.65,858,641,3.25,23.19,123,35.37,15
REC000904,2023-12-07,175.27,877,644,6.4,24.92,115,31.06,15
REC005870,2023-12-07,313.64,953,675,2.76,43.1,122,32.8,15
REC002914,2023-12-07,262.13,882,655,3.78,30.99,111,58.21,5
REC005734,2023-12-07,32.79,877,665,4.63,14.55,122,24.86,5
REC003591,2023-12-07,30.97,922,653,6.72,41.05,102,62.91,20
REC003105,2023-12-07,39.3,875,661,2.47,61.93,105,30.92,20
REC000991,2023-12-07,83.07,898,635,4.26,60.1,117,45.53,10
REC005124,2023-12-07,148.31,840,682,4.72,36.02,129,17.88,30
REC004891,2023-12-08,79.76,936,603,3.94,8.54,112,29.35,5
REC002926,2023-12-09,323.69,858,635,4.0,31.81,120,28.91,15
REC003938,2023-12-09,437.52,899,628,3.7,45.88,122,48.89,15
REC002207,2023-12-10,50.53,896,637,4.53,57.78,113,15.59,15
REC001677,2023-12-10,175.68,866,659,2.46,32.89,110,40.94,5
REC002693,2023-12-10,171.27,879,626,4.76,27.54,115,38.52,5
REC005208,2023-12-11,121.36,896,623,3.65,20.63,107,35.16,5
REC004030,2023-12-11,91.6,905,631,3.31,34.07,122,24.28,25
REC000670,2023-12-11,85.43,905,671,7.06,16.22,123,36.78,15
REC001839,2023-12-12,134.01,833,676,2.96,31.94,95,42.49,10
REC002329,2023-12-12,378.09,928,658,4.65,44.15,121,19.87,25
REC004772,2023-12-12,108.59,959,627,4.35,58.27,117,34.36,0
REC003784,2023-12-12,195.13,892,607,3.29,92.62,109,58.69,15
REC005231,2023-12-13,230.32,913,640,3.58,17.98,119,31.62,5
REC004436,2023-12-13,103.71,922,607,4.81,158.97,115,39.97,5
REC003479,2023-12-13,91.83,910,657,4.11,15.13,145,33.72,15
REC003131,2023-12-14,150.18,900,621,3.17,68.05,111,31.99,10
REC005005,2023-12-14,113.63,905,623,3.04,15.34,96,48.06,30
REC005836,2023-12-14,31.17,902,613,4.13,58.98,123,34.34,25
REC000537,2023-12-15,59.9,919,631,4.6,20.83,119,29.94,25
REC004420,2023-12-15,295.14,890,654,3.91,51.69,124,29.84,5
REC005047,2023-12-15,73.67,916,629,3.68,18.1,121,36.77,20
REC005362,2023-12-15,345.75,888,619,4.62,55.43,108,42.74,25
REC000488,2023-12-15,165.16,935,698,3.29,7.05,124,62.85,5
REC005097,2023-12-17,126.45,881,620,4.05,58.34,121,37.84,20
REC003329,2023-12-17,103.41,905,625,4.54,25.03,95,29.5,10
REC002011,2023-12-17,207.26,888,610,2.34,66.78,135,32.88,25
REC003451,2023-12-18,69.58,893,659,3.69,18.4,105,51.94,15
REC000426,2023-12-18,57.28,912,613,4.24,54.56,103,17.71,15
REC004460,2023-12-18,261.33,938,624,6.67,38.72,127,55.11,20
REC001918,2023-12-18,140.57,853,666,3.48,60.4,109,35.71,25
REC004027,2023-12-18,97.88,890,652,4.67,19.25,110,39.14,20
REC003284,2023-12-19,146.28,902,637,4.17,110.84,150,54.89,15
REC002859,2023-12-19,188.37,888,676,1.8,65.83,107,59.47,30
REC002194,2023-12-20,198.25,863,695,2.93,29.33,111,58.28,10
REC005533,2023-12-20,78.01,878,655,4.0,35.09,98,55.43,25
REC002918,2023-12-20,318.2,842,671,2.81,38.99,108,26.54,5
REC005810,2023-12-20,67.45,888,651,3.96,31.37,104,38.54,15
REC001119,2023-12-20,81.75,843,603,5.54,35.3,113,38.93,15
REC000197,2023-12-20,123.5,945,653,3.99,27.74,128,37.04,15
REC001814,2023-12-20,48.66,879,649,3.28,23.3,115,43.11,25
REC001490,2023-12-21,436.46,866,679,2.09,34.44,112,41.49,20
REC000462,2023-12-21,100.72,923,633,2.88,42.26,98,30.2,15
REC003708,2023-12-21,61.04,876,640,3.72,49.37,116,22.67,20
REC005214,2023-12-22,177.7,888,656,2.5,42.39,119,51.55,15
REC000467,2023-12-22,167.89,831,658,1.78,24.21,133,36.71,10
REC004092,2023-12-22,129.66,893,595,3.34,97.47,128,33.44,10
REC005675,2023-12-22,115.92,886,614,4.6,56.94,128,30.99,20
REC005028,2023-12-22,136.85,917,638,4.89,18.18,120,30.65,10
REC000589,2023-12-22,323.49,875,668,3.25,41.69,113,55.36,10
REC000060,2023-12-22,181.3,878,693,6.11,40.18,114,29.58,0
REC005887,2023-12-23,540.71,931,614,2.86,47.23,119,53.91,10
REC002027,2023-12-23,208.72,867,607,3.29,31.65,124,35.54,10
REC003386,2023-12-23,87.47,892,604,5.68,19.07,116,47.69,10
REC004557,2023-12-23,28.1,912,621,3.96,20.33,122,35.07,25
REC001164,2023-12-23,91.45,894,646,4.21,9.13,101,43.3,20
REC005773,2023-12-24,104.63,888,632,4.57,40.89,121,44.88,15
REC002168,2023-12-24,217.12,923,627,5.05,32.47,127,33.52,5
REC005843,2023-12-24,173.79,942,611,3.42,111.79,112,35.29,25
REC002432,2023-12-24,129.17,923,644,4.87,33.49,110,31.18,5
REC000788,2023-12-25,213.99,921,654,3.84,20.42,106,8.0,15
REC002653,2023-12-25,123.9,888,642,3.81,132.34,125,41.65,10
REC005698,2023-12-26,232.91,911,629,6.04,23.67,126,32.55,10
REC001866,2023-12-26,50.83,902,634,3.81,26.54,92,20.54,20
REC001491,2023-12-26,64.61,875,646,3.99,47.71,108,20.85,30
REC001352,2023-12-27,39.68,872,613,5.04,26.67,114,33.48,15
REC003170,2023-12-27,171.42,901,669,5.71,51.54,130,47.76,20
REC005898,2023-12-27,150.4,907,661,4.27,79.75,117,34.93,20
REC001750,2023-12-27,69.19,921,697,3.19,52.38,103,31.65,25
REC002107,2023-12-28,147.07,924,595,5.04,31.0,120,28.05,20
REC001644,2023-12-28,117.04,907,658,3.23,29.15,111,27.13,10
REC005564,2023-12-28,127.82,925,625,2.95,93.23,114,51.94,15
REC005824,2023-12-28,212.71,891,647,3.32,92.24,115,39.83,25
REC005621,2023-12-29,61.76,888,633,4.2,123.87,116,52.36,5
REC004082,2023-12-29,240.12,940,673,3.14,70.6,104,34.16,0
REC000721,2023-12-29,575.84,963,651,2.31,54.48,109,44.64,30
REC003608,2023-12-29,138.25,873,617,3.57,29.61,126,55.0,15
REC004862,2023-12-29,116.86,868,668,4.07,31.41,109,42.94,10
REC004928,2023-12-29,261.73,864,617,3.12,59.53,109,53.19,15
REC001344,2023-12-29,256.11,874,674,3.87,34.81,128,45.39,10
REC003046,2023-12-30,80.11,927,656,3.83,14.77,119,23.77,5
REC004018,2023-12-30,157.66,908,627,2.83,73.78,132,68.03,25
REC002630,2023-12-30,204.55,919,645,4.43,68.98,100,32.19,15
REC003995,2023-12-30,273.81,872,629,3.73,94.12,105,40.95,10
REC003716,2023-12-31,154.14,963,651,2.44,26.85,106,39.8,5
REC000807,2023-12-31,39.77,907,607,4.34,64.33,115,21.12,15
REC000436,2024-01-01,215.47,880,627,4.62,43.1,106,52.47,5
REC000222,2024-01-02,94.36,919,623,2.32,22.51,103,26.63,0
REC002518,2024-01-02,51.29,924,644,3.78,41.33,94,45.41,10
REC002647,2024-01-02,86.12,949,648,0.94,46.51,115,45.0,5
REC002426,2024-01-02,72.41,897,611,4.74,43.82,110,11.72,25
REC004306,2024-01-02,462.06,908,652,3.77,34.56,113,27.38,15
REC000881,2024-01-02,278.91,908,619,5.95,27.25,105,43.2,20
REC004798,2024-01-02,179.74,914,659,6.39,18.65,102,8.25,15
REC004280,2024-01-03,96.2,953,657,3.82,17.67,118,51.63,15
REC003185,2024-01-03,105.64,869,592,2.34,94.79,103,42.13,20
REC005791,2024-01-04,243.74,879,589,3.55,10.26,110,46.84,20
REC003266,2024-01-04,61.57,872,624,3.63,50.68,123,35.15,0
REC001404,2024-01-04,92.01,934,629,3.73,77.03,116,42.78,20
REC003444,2024-01-04,71.31,917,667,2.93,11.21,132,39.94,10
REC005845,2024-01-05,105.98,871,589,5.27,61.68,124,18.25,25
REC003529,2024-01-05,229.48,859,590,3.25,110.63,112,31.37,30
REC005142,2024-01-05,286.51,971,638,2.91,27.41,107,54.63,15
REC001996,2024-01-05,163.45,845,609,1.48,43.91,108,30.38,5
REC005681,2024-01-05,173.86,909,666,2.97,91.42,110,36.74,20
REC005154,2024-01-05,356.44,869,674,3.48,53.54,120,53.28,5
REC003499,2024-01-06,113.63,913,654,4.11,45.71,122,36.24,20
REC000846,2024-01-07,154.08,887,626,3.3,21.45,127,59.66,25
REC004442,2024-01-07,173.54,852,677,3.95,55.91,100,35.13,15
REC003555,2024-01-07,210.7,919,685,3.1,26.55,101,65.2,5
REC004136,2024-01-08,251.82,939,609,5.47,18.79,113,28.2,15
REC004824,2024-01-08,230.68,895,657,3.07,37.7,93,31.91,15
REC002917,2024-01-08,155.09,977,649,4.53,35.37,101,43.77,15
REC004887,2024-01-08,230.32,887,648,3.25,29.71,119,9.24,30
REC001599,2024-01-08,151.11,904,674,3.69,9.04,95,42.48,20
REC001705,2024-01-08,168.16,908,709,3.36,89.56,109,35.63,25
REC002149,2024-01-09,189.83,869,637,3.39,28.95,126,32.41,0
REC000733,2024-01-10,148.78,910,645,5.51,15.48,127,24.11,0
REC002012,2024-01-10,131.8,914,627,4.18,67.89,96,52.93,10
REC001328,2024-01-11,119.71,876,647,5.6,57.93,120,60.91,20
REC000585,2024-01-11,231.22,915,636,4.66,28.05,105,44.0,25
REC005484,2024-01-11,455.46,951,612,5.34,45.9,122,46.94,25
REC003948,2024-01-11,91.65,898,666,3.96,22.32,119,38.84,20
REC002102,2024-01-11,145.66,904,617,5.14,21.07,107,27.97,25
REC003679,2024-01-12,63.85,949,646,2.44,39.33,118,50.27,5
REC001913,2024-01-12,51.52,882,630,4.78,24.82,112,58.24,5
REC001111,2024-01-12,211.67,890,641,2.83,59.57,107,42.25,20
REC003093,2024-01-12,93.07,883,680,2.79,101.58,119,37.07,10
REC004618,2024-01-12,170.37,900,607,3.51,43.6,118,40.63,10
REC005483,2024-01-12,146.46,854,689,1.97,40.54,121,42.68,20
REC002233,2024-01-12,305.42,954,685,4.57,44.24,117,26.5,20
REC004923,2024-01-13,270.26,852,636,2.63,73.64,107,10.56,20
REC004101,2024-01-13,77.58,873,638,4.0,43.74,121,29.61,0
REC005919,2024-01-14,144.96,905,666,2.67,48.38,103,60.25,5
REC004493,2024-01-14,487.36,903,694,3.63,17.26,123,39.33,30
REC000932,2024-01-14,108.69,814,646,5.78,21.58,126,45.74,20
REC004914,2024-01-15,330.22,902,587,4.25,42.71,98,37.79,5
REC003892,2024-01-15,186.4,863,651,3.56,64.64,120,15.55,15
REC005396,2024-01-15,38.56,849,626,3.84,93.64,102,25.06,10
REC000250,2024-01-15,253.51,901,682,2.58,31.76,110,46.1,10
REC002601,2024-01-15,99.58,887,675,4.49,17.29,115,45.52,10
REC005665,2024-01-16,89.45,856,648,4.15,20.26,104,33.96,20
REC005550,2024-01-16,1019.56,955,642,3.31,42.68,116,39.15,20
REC000631,2024-01-16,242.99,907,604,3.4,25.18,136,27.42,5
REC003914,2024-01-16,226.21,876,685,6.61,26.04,113,18.58,10
REC000452,2024-01-16,281.99,880,624,5.34,59.46,136,35.22,10
REC004849,2024-01-16,408.34,857,638,4.54,19.23,117,37.49,15
REC003503,2024-01-17,200.21,853,638,2.84,21.35,96,42.34,15
REC001083,2024-01-18,54.88,856,664,2.99,51.64,119,35.75,20
REC000421,2024-01-18,312.45,913,656,1.73,26.25,99,53.78,20
REC001914,2024-01-18,158.27,920,658,1.9,62.75,111,32.81,10
REC004698,2024-01-18,188.26,909,639,4.02,14.88,110,25.79,5
REC003201,2024-01-18,97.94,883,660,2.85,23.18,124,32.06,25
REC005407,2024-01-18,191.15,891,658,4.36,8.68,142,33.25,5
REC004819,2024-01-20,173.05,913,650,4.94,51.77,106,39.07,15
REC003517,2024-01-20,99.34,937,640,3.61,17.73,119,28.67,10
REC002313,2024-01-20,93.25,942,643,4.35,39.59,118,39.42,0
REC005376,2024-01-21,413.69,928,617,3.28,52.81,112,42.58,5
REC000167,2024-01-21,607.78,919,642,3.11,89.79,114,37.84,15
REC001904,2024-01-21,143.43,923,683,5.73,39.96,109,42.25,30
REC004207,2024-01-21,109.85,894,622,3.18,40.35,146,18.75,30
REC000914,2024-01-22,261.91,928,617,4.23,37.05,115,51.72,15
REC002635,2024-01-22,268.65,857,669,3.56,67.56,107,50.27,25
REC001380,2024-01-22,358.11,894,625,3.53,37.79,121,33.27,20
REC004509,2024-01-22,191.79,889,654,5.51,42.5,104,31.97,25
REC002661,2024-01-22,343.18,887,659,3.71,81.96,113,34.65,20
REC000278,2024-01-22,63.65,868,641,4.85,29.41,122,47.83,0
REC002669,2024-01-22,68.88,916,631,3.14,35.55,101,37.23,10
REC002824,2024-01-22,174.66,856,618,2.95,52.81,104,41.12,25
REC002829,2024-01-23,48.99,922,652,3.15,46.55,121,40.16,0
REC003615,2024-01-23,72.58,933,623,3.78,51.49,98,23.41,0
REC000269,2024-01-23,206.24,895,648,6.53,107.26,113,56.05,10
REC001372,2024-01-23,406.4,879,593,4.4,21.04,106,31.2,15
REC003778,2024-01-24,65.35,908,651,3.89,31.81,123,37.23,15
REC003242,2024-01-24,160.05,904,615,6.75,44.33,110,48.41,20
REC001444,2024-01-24,472.95,909,662,1.52,64.53,113,42.19,10
REC003699,2024-01-24,116.09,888,611,2.56,70.15,108,38.97,0
REC002019,2024-01-24,110.14,874,630,2.81,57.71,108,23.25,20
REC001557,2024-01-25,254.33,921,629,4.08,24.7,96,44.73,15
REC000933,2024-01-25,102.91,937,629,3.32,55.69,123,35.6,10
REC002059,2024-01-25,306.43,878,644,4.63,24.52,115,56.43,10
REC000664,2024-01-26,310.23,953,639,5.96,128.6,124,29.82,0
REC000088,2024-01-26,134.92,872,643,1.79,92.36,116,24.44,5
REC005424,2024-01-26,234.08,891,670,2.34,48.51,114,63.8,5
REC002126,2024-01-26,81.21,915,637,4.59,36.77,109,62.49,15
REC002496,2024-01-26,81.01,938,664,3.17,49.03,130,43.59,15
REC002172,2024-01-26,114.24,880,632,4.57,41.27,119,50.97,10
REC004171,2024-01-26,158.95,957,627,1.92,14.23,114,37.91,10
REC002002,2024-01-27,53.21,901,645,3.2,20.52,114,38.2,15
REC005648,2024-01-27,524.09,922,642,3.98,68.81,123,53.1,5
REC004002,2024-01-27,65.84,893,614,1.9,43.28,115,51.99,30
REC003298,2024-01-27,39.9,956,602,5.03,51.42,131,26.79,20
REC004977,2024-01-27,138.64,922,596,1.5,44.61,138,39.64,15
REC000542,2024-01-28,92.01,869,626,4.95,16.29,113,70.97,25
REC002603,2024-01-28,114.6,883,636,1.96,71.41,117,36.56,10
REC000234,2024-01-28,205.9,904,605,5.12,22.88,99,29.19,25
REC002542,2024-01-28,248.72,885,616,3.87,54.6,115,30.12,5
REC003335,2024-01-29,111.57,887,641,3.62,23.03,118,37.97,10
REC001137,2024-01-29,109.45,921,678,4.39,44.47,107,29.64,15
REC003543,2024-01-29,224.74,928,623,3.04,34.53,101,25.99,0
REC004275,2024-01-30,229.09,1009,654,5.55,64.6,114,47.9,30
REC001238,2024-01-30,81.06,902,644,4.66,27.24,106,20.5,5
REC002619,2024-01-30,202.98,922,644,2.21,43.0,122,39.71,15
REC003512,2024-01-30,252.99,948,603,2.23,41.22,107,33.64,15
REC000777,2024-01-31,171.52,926,671,2.76,53.31,115,47.77,20
REC003984,2024-01-31,159.25,851,700,2.94,39.82,109,34.3,10
REC005232,2024-01-31,143.23,911,670,2.21,101.15,118,25.05,10
REC003868,2024-01-31,104.25,880,643,2.24,20.34,117,45.74,15
REC005996,2024-02-01,94.3,908,648,6.35,48.51,111,52.54,30
REC005505,2024-02-01,129.07,909,627,1.69,33.57,112,40.19,5
REC005359,2024-02-01,236.13,924,647,4.39,82.43,127,41.67,15
REC004590,2024-02-01,132.38,872,655,5.05,21.81,114,46.48,10
REC001586,2024-02-01,667.49,951,632,1.28,42.67,116,23.7,25
REC003448,2024-02-02,199.17,932,648,4.8,25.15,111,31.48,0
REC005684,2024-02-02,163.66,884,630,4.07,42.69,104,44.22,10
REC001744,2024-02-02,420.63,976,673,1.94,48.48,130,45.62,5
REC001489,2024-02-02,101.62,878,615,3.76,31.01,116,50.57,25
REC005375,2024-02-02,65.5,899,628,5.17,142.42,142,43.43,10
REC000141,2024-02-02,138.28,929,619,2.36,34.08,109,38.37,10
REC000607,2024-02-02,137.5,904,644,5.45,50.49,121,45.97,15
REC001497,2024-02-03,152.63,908,660,4.82,78.65,124,16.25,5
REC000158,2024-02-03,115.54,955,618,2.52,66.06,112,68.92,15
REC001841,2024-02-03,152.23,889,625,4.12,130.16,99,41.92,0
REC004673,2024-02-03,206.93,857,653,3.01,25.34,129,42.05,15
REC001566,2024-02-04,165.63,901,663,2.33,34.82,125,56.54,20
REC002081,2024-02-04,106.96,857,626,3.13,67.44,103,39.42,0
REC001907,2024-02-04,263.64,931,662,2.98,60.01,118,35.63,5
REC002449,2024-02-05,189.75,966,619,3.97,51.77,127,26.53,15
REC003265,2024-02-05,145.59,868,658,3.61,39.7,118,42.22,0
REC002686,2024-02-05,39.35,874,638,4.22,27.17,112,47.48,0
REC000520,2024-02-05,114.77,875,622,5.16,42.02,107,61.64,15
REC002973,2024-02-06,168.15,910,636,3.93,31.61,135,29.68,30
REC003333,2024-02-06,558.39,930,644,2.78,32.83,110,42.91,20
REC003507,2024-02-06,91.43,884,707,5.92,23.03,110,41.1,20
REC003116,2024-02-06,54.35,886,583,4.28,29.69,109,29.32,10
REC000126,2024-02-06,104.61,930,624,1.66,26.71,132,49.82,15
REC005328,2024-02-06,201.62,886,640,4.92,28.65,118,46.66,10
REC004278,2024-02-07,378.75,888,672,4.03,35.05,133,41.89,5
REC002056,2024-02-08,264.79,897,642,4.89,53.01,104,27.08,10
REC003838,2024-02-08,162.64,924,663,2.79,74.19,123,33.53,5
REC000629,2024-02-08,52.7,910,611,4.74,44.45,132,39.26,15
REC005346,2024-02-08,462.65,918,612,2.27,69.88,113,47.73,10
REC004139,2024-02-09,219.52,912,648,6.19,81.66,108,58.5,0
REC003037,2024-02-09,115.85,859,608,2.9,101.74,127,44.02,10
REC000289,2024-02-09,119.89,876,605,3.06,35.44,127,11.92,30
REC003147,2024-02-09,356.65,907,644,3.65,76.29,106,27.24,25
REC001095,2024-02-09,239.44,898,642,3.87,26.26,129,53.39,30
REC001353,2024-02-10,272.37,896,705,4.51,73.55,102,12.65,25
REC005763,2024-02-10,114.9,860,660,3.3,89.59,97,44.59,30
REC001342,2024-02-10,350.81,864,648,4.12,38.59,123,42.6,25
REC000655,2024-02-10,69.77,824,634,1.5,89.01,116,46.84,15
REC003906,2024-02-11,119.69,925,634,3.12,88.57,100,49.56,0
REC001280,2024-02-11,189.56,900,602,4.29,15.88,132,21.37,10
REC000471,2024-02-11,62.27,865,612,4.44,50.43,117,38.78,15
REC004723,2024-02-11,261.21,895,615,5.19,119.94,103,59.04,20
REC000375,2024-02-11,380.42,876,606,2.31,109.31,98,43.65,10
REC004444,2024-02-11,174.73,862,646,4.9,88.12,107,56.48,10
REC004215,2024-02-12,190.99,884,626,6.18,34.05,116,23.53,10
REC005243,2024-02-12,554.46,890,639,5.05,37.93,113,19.79,0
REC002157,2024-02-12,194.76,908,672,4.48,46.71,114,39.29,15
REC003973,2024-02-12,373.29,955,661,3.94,34.31,107,31.02,25
REC001829,2024-02-12,111.35,903,601,3.1,68.83,114,22.83,10
REC001810,2024-02-12,130.52,863,615,3.99,34.58,126,40.03,15
REC001987,2024-02-12,230.44,911,683,4.24,79.22,124,55.44,0
REC005528,2024-02-13,300.99,884,655,4.92,22.38,108,29.29,5
REC003445,2024-02-13,227.27,903,607,4.01,57.72,115,19.86,0
REC000882,2024-02-13,491.28,904,648,5.64,29.48,104,37.66,25
REC001864,2024-02-14,110.62,915,614,3.98,100.34,109,37.4,30
REC000554,2024-02-14,176.22,925,627,4.59,26.69,110,46.03,10
REC002755,2024-02-16,150.23,919,628,6.2,14.98,114,33.24,5
REC005835,2024-02-16,115.86,887,647,5.24,72.26,125,50.91,15
REC002975,2024-02-16,112.12,946,661,3.94,37.23,107,49.94,5
REC005022,2024-02-16,153.62,885,642,3.98,20.51,121,8.76,20
REC003618,2024-02-16,205.18,879,648,4.19,26.16,122,15.42,15
REC004622,2024-02-17,137.39,937,618,3.03,48.83,101,41.03,5
REC005187,2024-02-17,533.43,906,620,5.1,15.27,121,41.45,5
REC005819,2024-02-18,244.35,904,644,5.03,32.3,112,41.11,5
REC001759,2024-02-18,305.32,852,652,2.07,56.54,115,33.85,30
REC001781,2024-02-18,223.12,952,615,2.01,24.99,115,39.08,0
REC005434,2024-02-18,274.14,876,618,4.36,28.87,100,39.12,5
REC003551,2024-02-19,250.82,939,668,1.78,41.86,107,8.0,15
REC002475,2024-02-19,69.22,921,603,4.01,26.55,116,23.61,10
REC003475,2024-02-19,182.96,881,615,3.74,34.06,111,42.63,15
REC004312,2024-02-19,374.74,939,664,4.91,42.85,122,39.34,10
REC001949,2024-02-20,360.42,910,647,5.2,36.09,101,21.49,10
REC000839,2024-02-20,152.96,918,621,4.51,28.89,110,29.96,20
REC005185,2024-02-20,176.76,916,647,4.27,50.21,115,36.36,25
REC001728,2024-02-21,215.19,916,609,1.53,28.45,102,57.06,25
REC003918,2024-02-21,102.4,895,665,4.52,42.37,116,41.03,15
REC004842,2024-02-21,247.79,872,581,3.62,65.35,106,34.98,15
REC000156,2024-02-21,239.45,940,646,5.75,71.78,110,55.18,10
REC002119,2024-02-21,187.13,877,604,3.91,37.13,109,41.91,20
REC002818,2024-02-21,249.27,902,634,3.02,22.68,129,43.04,15
REC002798,2024-02-21,164.63,922,623,4.5,16.66,119,39.03,5
REC002431,2024-02-22,226.71,899,643,2.5,52.9,114,44.44,5
REC001602,2024-02-22,232.66,873,602,2.61,46.58,97,23.25,10
REC001223,2024-02-22,262.06,885,619,4.67,33.96,122,38.71,20
REC001774,2024-02-22,77.16,910,627,4.2,96.53,126,8.0,5
REC000800,2024-02-22,67.46,926,670,3.9,28.68,117,42.33,5
REC002699,2024-02-23,113.02,898,598,4.48,57.55,114,35.68,20
REC000998,2024-02-23,284.48,885,587,5.72,26.89,135,38.63,25
REC003932,2024-02-23,658.38,856,666,3.53,38.82,109,23.27,10
REC003709,2024-02-24,98.19,888,646,3.21,28.92,103,48.42,15
REC004801,2024-02-24,80.97,897,594,5.58,48.05,118,13.46,25
REC002269,2024-02-25,150.29,843,597,5.07,57.01,114,47.56,15
REC003371,2024-02-26,216.72,879,632,3.58,61.04,119,46.43,0
REC003631,2024-02-26,83.46,903,641,2.89,20.86,113,40.74,20
REC005680,2024-02-26,144.31,914,635,4.9,36.48,120,42.34,0
REC000877,2024-02-26,168.81,930,635,3.92,21.63,107,18.33,10
REC001618,2024-02-26,210.88,879,609,5.47,32.84,112,32.59,10
REC004695,2024-02-26,83.7,925,674,3.78,21.16,120,40.34,20
REC000884,2024-02-26,317.26,905,675,1.66,20.86,115,38.1,10
REC005637,2024-02-27,174.16,919,635,3.11,61.99,94,18.25,10
REC001649,2024-02-27,168.55,922,629,2.56,109.15,108,21.94,20
REC001809,2024-02-27,57.35,910,663,3.76,25.57,87,66.45,10
REC002944,2024-02-27,146.81,872,629,3.97,58.35,108,52.13,10
REC000548,2024-02-28,132.33,901,640,4.96,75.92,108,30.76,20
REC004989,2024-02-28,90.42,920,626,2.7,60.94,114,43.19,15
REC000817,2024-02-28,601.2,939,672,0.96,27.55,120,25.36,10
REC003355,2024-02-28,168.65,905,694,5.67,63.19,86,34.65,5
REC005709,2024-02-28,196.4,913,638,3.27,41.27,113,29.99,15
REC000857,2024-02-28,65.11,923,614,4.75,30.56,112,57.18,0
REC003306,2024-02-29,134.2,969,617,2.75,79.28,109,50.91,10
REC004506,2024-02-29,124.27,939,670,4.45,35.62,107,47.67,15
REC002300,2024-02-29,128.07,902,606,5.58,31.81,100,35.87,15
REC001089,2024-02-29,61.05,970,636,3.51,28.63,110,40.32,5
REC000660,2024-02-29,147.16,898,635,3.18,81.34,92,50.92,20
REC002512,2024-03-01,205.22,919,651,2.4,27.82,112,46.67,5
REC002222,2024-03-01,64.27,915,647,3.99,48.77,117,36.77,15
REC000294,2024-03-01,101.96,928,627,4.41,33.68,130,52.31,15
REC003890,2024-03-01,526.92,890,676,3.56,56.89,96,26.15,25
REC000443,2024-03-01,78.93,889,635,2.71,57.07,135,44.18,10
REC000221,2024-03-02,715.19,866,582,3.0,15.22,115,10.72,25
REC002933,2024-03-02,254.91,921,610,3.4,89.82,107,35.81,10
REC001445,2024-03-02,120.57,912,631,3.56,32.14,97,8.0,10
REC004701,2024-03-02,172.84,845,599,3.5,38.95,119,40.5,0
REC005157,2024-03-03,329.37,906,642,3.75,60.76,114,11.3,5
REC002467,2024-03-03,201.52,895,628,3.63,16.02,105,50.39,20
REC003590,2024-03-03,358.06,956,658,3.82,19.42,113,29.03,25
REC003363,2024-03-03,208.33,864,616,3.28,52.17,126,50.02,20
REC003048,2024-03-03,48.71,870,681,6.01,42.03,100,36.55,20
REC004882,2024-03-03,39.1,918,623,4.1,25.86,123,40.99,20
REC001365,2024-03-04,314.22,865,659,5.19,47.6,114,53.11,0
REC001409,2024-03-04,130.87,878,631,3.54,21.0,111,52.26,20
REC000922,2024-03-04,264.48,924,639,4.83,41.28,111,45.38,20
REC004761,2024-03-05,76.38,931,617,4.18,32.96,129,47.8,20
REC002545,2024-03-05,344.72,903,647,3.22,20.25,107,39.53,0
REC001470,2024-03-05,294.33,943,611,3.47,47.74,114,38.12,0
REC000460,2024-03-05,134.64,902,622,2.73,57.95,114,37.97,25
REC005890,2024-03-05,123.01,851,648,4.66,14.84,115,38.3,10
REC005262,2024-03-05,367.43,892,682,4.07,37.13,108,28.6,15
REC003797,2024-03-05,312.98,869,603,3.33,31.29,130,28.2,10
REC002900,2024-03-05,211.0,911,620,5.58,47.16,132,39.43,5
REC004232,2024-03-05,152.88,869,663,4.15,46.5,105,36.58,20
REC001099,2024-03-05,151.24,892,650,5.07,81.13,112,54.84,0
REC001641,2024-03-05,138.73,937,602,5.41,47.82,121,47.67,15
REC003490,2024-03-06,106.27,858,615,3.21,31.63,113,51.57,15
REC005353,2024-03-06,187.27,919,650,4.56,27.46,105,22.88,10
REC001931,2024-03-06,102.89,889,606,3.3,41.05,114,47.02,20
REC002907,2024-03-06,26.55,929,633,4.32,27.8,121,24.95,15
REC000193,2024-03-06,254.39,889,625,3.35,16.39,102,17.7,10
REC001406,2024-03-06,174.91,899,672,3.63,44.36,111,26.26,25
REC000412,2024-03-07,95.79,909,670,2.5,63.04,112,33.74,5
REC003561,2024-03-07,294.47,907,633,2.63,17.65,106,45.28,5
REC001897,2024-03-07,90.7,944,633,5.61,71.74,117,37.4,15
REC003991,2024-03-07,294.76,880,633,4.67,53.9,109,42.29,20
REC001012,2024-03-07,153.66,904,677,2.91,52.88,116,28.06,0
REC001922,2024-03-07,164.98,863,613,4.75,68.93,102,42.25,30
REC004756,2024-03-08,128.06,930,675,4.73,23.42,122,49.53,20
REC003861,2024-03-09,64.52,913,613,2.49,19.32,100,41.97,15
REC003936,2024-03-09,46.15,914,670,4.42,48.87,135,47.48,10
REC002866,2024-03-09,95.88,925,662,3.43,76.17,105,20.27,20
REC002437,2024-03-09,176.85,863,659,4.68,58.09,104,22.17,0
REC000385,2024-03-10,205.8,873,636,1.79,27.66,112,40.63,15
REC005933,2024-03-10,183.86,844,614,6.11,51.04,114,53.31,0
REC003423,2024-03-10,210.36,918,651,4.8,36.5,114,25.82,20
REC002704,2024-03-10,331.91,941,624,3.16,70.05,112,38.29,20
REC002947,2024-03-10,625.83,888,654,2.69,20.2,140,49.0,20
REC003693,2024-03-10,311.46,885,660,4.48,29.63,123,30.8,10
REC004064,2024-03-11,108.52,892,644,5.42,41.51,107,45.13,15
REC003007,2024-03-11,92.24,905,644,2.92,59.75,136,19.62,5
REC002854,2024-03-11,211.22,902,676,3.7,32.36,116,20.8,10
REC004105,2024-03-11,276.68,906,637,1.95,16.99,132,39.74,0
REC003248,2024-03-12,145.92,908,694,2.4,41.74,107,19.76,25
REC005781,2024-03-12,100.58,884,616,4.63,33.34,124,41.81,10
REC000690,2024-03-12,166.66,888,648,3.6,11.63,93,39.02,10
REC003100,2024-03-12,129.55,854,667,5.67,74.61,113,30.85,0
REC001854,2024-03-12,52.28,854,664,2.79,66.46,128,42.04,10
REC001221,2024-03-13,361.51,898,600,3.43,63.76,99,49.7,10
REC003098,2024-03-13,330.57,905,674,4.71,44.32,128,19.42,0
REC003506,2024-03-13,85.83,867,634,3.39,15.06,118,29.87,15
REC000823,2024-03-13,166.66,913,634,5.01,29.72,113,39.91,15
REC005119,2024-03-13,151.55,929,652,4.01,19.95,132,16.99,30
REC000534,2024-03-15,202.37,961,638,4.42,31.61,104,56.9,10
REC003437,2024-03-15,178.77,961,678,3.42,77.95,102,50.87,5
REC005666,2024-03-15,99.91,863,679,5.03,52.9,136,47.36,25
REC004784,2024-03-16,158.42,911,655,2.82,28.21,120,56.97,30
REC004847,2024-03-16,220.83,854,631,5.21,54.09,111,37.17,20
REC002549,2024-03-17,174.22,875,629,2.21,50.24,98,32.85,25
REC005013,2024-03-17,459.58,913,657,4.9,26.58,132,54.11,25
REC000940,2024-03-17,139.18,883,622,4.53,26.56,134,34.17,15
REC005403,2024-03-17,161.47,908,597,1.95,39.77,99,46.4,5
REC002394,2024-03-17,70.31,925,660,3.4,32.35,126,36.43,20
REC003680,2024-03-17,135.8,918,609,4.53,31.69,109,35.88,10
REC001213,2024-03-17,266.05,872,604,4.48,18.86,107,8.38,0
REC002891,2024-03-17,286.57,902,661,4.56,85.23,115,43.05,15
REC000101,2024-03-17,534.53,893,613,4.04,33.68,117,24.24,5
REC005091,2024-03-18,95.75,868,655,3.44,40.83,120,46.27,10
REC003237,2024-03-18,95.76,882,641,3.49,12.97,122,35.46,10
REC004196,2024-03-18,182.22,912,635,1.79,23.3,126,35.66,20
REC004920,2024-03-18,439.04,851,596,4.48,31.85,115,24.78,10
REC002910,2024-03-18,167.96,882,615,2.95,36.93,116,21.91,10
REC003976,2024-03-19,65.05,874,612,5.17,52.59,116,44.16,15
REC000565,2024-03-19,62.25,895,699,4.1,60.18,116,38.45,0
REC000417,2024-03-19,239.22,948,600,3.52,47.03,110,49.89,10
REC004223,2024-03-19,222.07,874,630,3.75,21.65,107,37.04,15
REC003545,2024-03-20,669.57,931,624,3.66,64.85,118,59.17,20
REC005595,2024-03-20,262.51,924,668,4.02,70.12,115,33.6,10
REC000862,2024-03-21,216.56,921,642,2.25,27.82,122,39.26,0
REC005991,2024-03-21,203.58,927,572,2.05,49.23,117,47.56,15
REC004191,2024-03-21,155.8,928,657,5.26,46.25,107,39.57,0
REC001563,2024-03-22,286.72,865,658,5.95,28.73,119,26.1,5
REC002984,2024-03-22,277.5,894,643,4.14,80.74,110,36.26,25
REC004799,2024-03-23,172.43,906,603,2.65,131.58,104,48.71,5
REC000888,2024-03-23,428.48,988,666,2.76,54.22,111,25.11,10
REC000992,2024-03-23,61.29,935,633,3.39,31.3,125,40.11,10
REC002328,2024-03-24,97.95,893,629,3.83,39.82,114,25.68,10
REC005419,2024-03-24,201.07,877,649,7.0,45.67,131,32.95,5
REC003245,2024-03-24,128.0,903,672,4.06,14.01,118,49.25,5
REC003006,2024-03-25,194.29,890,671,4.32,60.12,112,57.57,25
REC005440,2024-03-26,68.73,914,670,5.65,24.17,104,53.96,15
REC003151,2024-03-26,173.19,918,650,2.58,36.76,106,35.11,10
REC003477,2024-03-26,120.11,924,608,4.07,43.95,98,53.32,15
REC001184,2024-03-26,261.11,894,618,4.45,90.46,105,39.02,10
REC000106,2024-03-26,208.56,872,654,2.69,52.59,112,45.17,15
REC003470,2024-03-27,57.32,881,661,3.85,36.37,102,52.33,25
REC005014,2024-03-27,428.6,900,683,3.92,42.98,107,39.19,10
REC004358,2024-03-27,162.56,836,628,3.87,21.54,108,50.74,20
REC003604,2024-03-27,149.23,919,649,1.96,16.73,109,53.12,30
REC001087,2024-03-27,112.53,869,661,2.39,22.46,119,45.89,25
REC005534,2024-03-27,244.27,910,668,6.62,59.29,103,36.31,0
REC001439,2024-03-28,146.58,912,625,5.22,64.35,125,43.0,25
REC005659,2024-03-29,135.41,931,663,5.58,58.31,98,40.7,10
REC000658,2024-03-29,56.2,894,659,4.44,141.08,125,38.48,30
REC001291,2024-03-29,266.0,940,638,4.76,66.02,121,24.8,15
REC002553,2024-03-29,368.61,863,625,4.5,50.75,114,47.55,0
REC003372,2024-03-29,253.98,896,672,4.53,64.6,106,32.76,30
REC004391,2024-03-29,123.81,857,647,3.24,37.19,116,18.53,15
REC003416,2024-03-29,159.78,899,624,2.21,106.31,129,36.3,15
REC000253,2024-03-29,54.23,904,624,3.45,126.96,137,44.1,0
REC005805,2024-03-29,43.09,900,639,4.28,78.52,118,34.04,15
REC005782,2024-03-29,155.1,895,649,3.1,23.46,118,32.83,15
REC000128,2024-03-30,131.23,856,610,2.61,57.79,132,9.83,5
REC002965,2024-03-30,170.8,873,623,4.63,16.92,109,50.93,5
REC002508,2024-04-01,73.85,944,644,2.05,25.49,106,43.53,15
REC001905,2024-04-01,257.96,873,608,4.67,44.16,119,16.29,5
REC000598,2024-04-01,127.24,935,675,3.1,78.41,114,24.18,15
REC005751,2024-04-02,187.85,876,663,5.57,70.6,112,25.77,0
REC003880,2024-04-03,215.51,936,655,3.77,69.63,104,32.1,20
REC000469,2024-04-03,182.91,895,618,4.57,24.65,109,42.74,20
REC003934,2024-04-04,116.98,861,571,4.4,29.98,108,49.55,5
REC003395,2024-04-04,68.44,938,663,3.0,28.93,118,24.86,0
REC001673,2024-04-04,159.51,960,647,4.38,23.01,116,71.54,0
REC002511,2024-04-04,225.92,876,620,3.1,61.31,117,30.32,10
REC004403,2024-04-05,47.96,873,647,3.53,24.25,115,29.53,25
REC000956,2024-04-05,97.01,862,684,2.33,44.51,122,45.21,15
REC002333,2024-04-06,94.78,929,669,4.66,35.1,106,32.87,5
REC005780,2024-04-06,268.88,892,659,3.25,63.43,101,41.76,0
REC003331,2024-04-06,189.07,887,642,4.46,36.22,101,28.96,10
REC002529,2024-04-06,343.7,883,569,2.95,72.34,103,37.69,10
REC000048,2024-04-06,154.9,891,666,4.81,41.89,116,36.36,20
REC004112,2024-04-07,605.21,932,632,3.28,28.19,134,36.96,10
REC001919,2024-04-07,412.39,958,652,6.13,46.01,121,30.28,20
REC001682,2024-04-08,379.9,866,685,3.33,37.11,108,25.72,10
REC005518,2024-04-08,112.57,955,614,2.9,46.46,116,40.04,25
REC002834,2024-04-08,162.73,904,656,6.85,63.3,99,50.88,15
REC004958,2024-04-08,85.53,897,634,3.63,68.98,109,58.07,20
REC002952,2024-04-08,283.98,846,612,3.5,93.85,105,46.73,15
REC002732,2024-04-08,145.43,881,636,1.6,92.94,100,44.55,0
REC005255,2024-04-09,326.72,873,615,4.77,59.32,130,22.85,15
REC005247,2024-04-09,65.26,899,677,4.76,18.89,108,52.75,15
REC004900,2024-04-09,129.07,910,651,3.02,16.99,97,33.23,10
REC003710,2024-04-09,77.65,875,622,2.51,101.64,124,32.86,10
REC005464,2024-04-09,612.35,855,627,5.69,56.03,128,49.91,20
REC000873,2024-04-09,133.96,886,637,3.56,18.23,118,41.66,20
REC003912,2024-04-09,579.77,875,608,3.13,44.66,119,53.16,20
REC001162,2024-04-09,437.07,852,600,5.45,24.42,118,45.04,20
REC000265,2024-04-10,201.08,962,638,2.77,66.06,113,43.7,10
REC003078,2024-04-10,72.49,829,663,5.38,9.89,109,49.2,5
REC002802,2024-04-10,1023.92,907,651,4.74,48.07,121,38.24,20
REC003735,2024-04-10,615.28,908,650,3.46,20.77,115,43.59,5
REC002972,2024-04-10,202.42,881,636,4.55,38.3,119,35.67,5
REC001966,2024-04-10,51.43,923,630,2.92,36.44,108,25.49,30
REC004068,2024-04-10,93.34,913,691,2.45,93.13,128,50.74,10
REC001742,2024-04-11,72.59,897,648,1.56,36.9,114,56.36,20
REC005165,2024-04-11,71.61,896,656,3.51,100.13,133,33.15,25
REC004135,2024-04-11,116.76,923,641,2.41,25.17,118,41.25,25
REC004771,2024-04-12,50.54,913,640,3.11,39.25,118,50.5,0
REC002125,2024-04-12,610.57,900,662,4.59,80.49,91,30.58,15
REC000801,2024-04-12,100.0,875,661,5.08,31.37,115,19.9,0
REC000474,2024-04-12,176.33,910,685,2.57,29.12,122,25.1,10
REC005750,2024-04-12,251.27,889,612,3.95,63.42,119,38.22,15
REC004813,2024-04-12,301.85,879,658,3.93,19.64,92,33.13,0
REC005544,2024-04-13,123.62,889,638,4.59,54.24,109,36.96,5
REC004582,2024-04-13,202.99,892,662,2.35,40.78,104,44.47,15
REC001692,2024-04-13,64.84,876,646,3.82,10.94,119,39.5,10
REC003126,2024-04-14,113.99,894,662,5.55,86.98,93,42.16,30
REC004046,2024-04-14,82.34,924,625,4.85,40.21,112,49.08,10
REC005671,2024-04-14,140.01,892,672,2.2,21.04,115,19.89,20
REC001224,2024-04-14,108.32,869,620,2.66,26.09,122,48.14,20
REC004777,2024-04-15,147.15,924,620,5.04,49.34,109,23.39,15
REC005516,2024-04-15,67.19,922,644,3.45,80.16,123,42.03,10
REC001163,2024-04-16,55.73,907,728,3.3,21.0,110,43.94,5
REC000122,2024-04-16,131.47,889,625,5.11,24.65,99,33.51,5
REC003755,2024-04-16,181.33,862,661,3.41,15.69,120,44.95,10
REC001989,2024-04-16,114.43,878,638,3.13,48.32,116,46.18,20
REC003209,2024-04-16,58.77,926,670,2.91,49.51,104,29.59,15
REC000605,2024-04-16,311.97,920,651,3.73,44.79,105,37.59,0
REC005713,2024-04-17,103.45,867,638,4.23,39.3,118,33.99,25
REC004366,2024-04-17,23.26,907,652,4.03,32.19,131,56.57,20
REC005939,2024-04-17,125.79,881,610,3.61,19.67,124,27.97,20
REC000407,2024-04-17,172.32,943,636,3.91,55.69,116,26.09,10
REC004983,2024-04-17,174.1,882,635,4.41,128.4,122,44.61,15
REC000044,2024-04-17,113.97,942,628,3.31,231.69,122,34.91,30
REC005245,2024-04-18,153.58,832,648,3.04,42.04,106,50.55,20
REC004963,2024-04-18,95.01,915,618,5.23,31.93,126,31.3,30
REC004802,2024-04-19,289.98,918,662,2.16,68.47,105,33.72,30
REC001451,2024-04-19,82.66,865,588,4.69,29.29,117,34.49,25
REC001209,2024-04-19,137.09,868,639,5.02,38.5,98,36.12,30
REC000836,2024-04-19,315.73,886,651,4.36,43.66,104,51.38,20
REC002643,2024-04-19,774.71,888,598,5.24,38.25,130,25.32,10
REC003173,2024-04-20,99.03,962,624,5.67,66.62,115,28.56,20
REC002620,2024-04-20,119.47,911,672,5.39,88.84,116,40.55,5
REC005382,2024-04-20,88.63,951,647,5.55,33.43,127,37.8,25
REC001141,2024-04-20,296.03,920,624,2.49,48.32,115,32.41,30
REC001848,2024-04-20,164.21,898,637,5.09,33.51,118,8.0,15
REC005515,2024-04-21,213.43,898,626,4.59,121.53,99,27.61,20
REC005257,2024-04-21,180.84,919,627,3.24,24.62,119,44.21,10
REC005411,2024-04-22,206.27,869,681,3.39,39.23,129,43.47,10
REC005131,2024-04-22,35.03,969,641,5.05,39.35,122,38.65,10
REC004090,2024-04-22,157.9,909,655,1.74,28.15,121,37.18,5
REC001583,2024-04-22,189.95,881,636,4.06,66.62,129,50.33,25
REC000046,2024-04-23,158.57,903,690,3.83,25.63,128,48.44,25
REC005285,2024-04-23,363.22,862,653,2.68,84.97,117,32.49,0
REC005699,2024-04-23,234.86,917,618,2.75,37.84,137,46.33,10
REC000541,2024-04-24,203.76,911,659,3.65,51.84,111,8.0,10
REC004571,2024-04-24,108.79,881,631,3.39,53.91,115,47.43,15
REC000616,2024-04-24,124.91,904,682,3.3,41.55,99,39.6,10
REC001852,2024-04-24,369.42,877,620,5.52,27.95,106,20.21,15
REC003762,2024-04-25,61.75,934,685,4.39,40.13,109,53.84,0
REC000352,2024-04-25,82.44,875,621,2.15,46.6,102,36.04,15
REC003773,2024-04-26,66.51,911,623,4.35,46.96,100,61.57,15
REC004142,2024-04-26,38.64,952,629,1.53,23.85,103,45.3,0
REC000019,2024-04-26,32.48,913,615,3.96,58.59,115,30.69,5
REC005646,2024-04-27,435.5,922,638,3.63,43.93,120,22.04,5
REC001871,2024-04-27,65.03,897,683,3.57,62.8,102,53.81,5
REC001063,2024-04-28,112.59,891,647,3.09,36.47,113,41.73,15
REC003982,2024-04-28,40.1,903,638,2.88,24.07,100,36.49,20
REC005710,2024-04-29,236.8,885,622,3.14,12.82,102,37.2,20
REC000818,2024-04-29,110.48,922,637,2.44,31.32,107,41.56,15
REC004563,2024-04-30,115.08,904,644,4.09,11.17,108,23.2,5
REC002487,2024-04-30,103.14,939,600,4.22,21.65,103,65.44,15
REC003792,2024-04-30,393.13,928,601,4.68,110.05,113,36.56,0
REC002627,2024-05-01,94.81,899,655,2.75,68.06,125,18.67,15
REC000363,2024-05-01,69.85,948,637,5.16,29.82,119,41.36,30
REC003365,2024-05-01,429.08,940,664,3.18,75.88,123,41.65,15
REC003012,2024-05-01,141.9,895,638,2.84,26.89,114,35.02,15
REC003396,2024-05-01,147.21,903,648,3.65,42.74,112,17.03,5
REC005060,2024-05-02,233.39,870,655,3.62,39.01,104,14.55,15
REC003925,2024-05-02,174.38,895,649,4.78,29.07,124,26.55,10
REC000384,2024-05-02,220.23,887,668,2.4,48.68,120,30.43,10
REC004466,2024-05-02,134.19,905,616,4.97,92.16,104,40.91,15
REC001264,2024-05-02,113.1,903,647,4.14,63.93,107,34.29,20
REC005532,2024-05-03,175.1,895,638,2.02,59.16,103,52.91,15
REC005336,2024-05-03,194.13,893,612,3.45,93.87,104,59.04,10
REC004998,2024-05-03,460.97,924,614,2.76,50.71,126,45.83,15
REC001271,2024-05-04,228.23,886,660,4.11,28.1,112,43.92,20
REC004769,2024-05-04,356.26,913,623,3.57,26.07,107,32.02,10
REC003313,2024-05-04,139.78,917,628,5.13,29.67,88,26.06,10
REC002955,2024-05-04,86.39,892,628,4.4,30.19,99,31.38,30
REC000226,2024-05-05,54.22,905,670,5.19,39.93,117,46.21,5
REC005499,2024-05-05,175.57,943,610,4.21,42.83,125,40.01,25
REC000203,2024-05-05,179.27,931,633,4.91,25.75,104,32.57,20
REC001596,2024-05-05,75.0,956,629,4.33,43.68,105,63.65,10
REC003564,2024-05-05,85.84,921,634,4.08,30.16,126,35.53,10
REC004706,2024-05-06,114.4,871,653,5.11,30.9,128,30.26,10
REC004210,2024-05-06,140.77,884,643,4.54,99.26,119,36.86,0
REC005500,2024-05-07,105.26,894,590,4.8,49.27,113,33.44,30
REC003777,2024-05-07,58.19,931,664,4.07,36.6,113,48.3,5
REC003117,2024-05-07,71.32,943,660,2.65,35.5,108,11.98,5
REC002183,2024-05-07,214.61,925,628,3.11,18.1,101,24.49,10
REC002260,2024-05-07,83.73,843,673,3.43,29.47,106,46.36,25
REC002982,2024-05-08,48.85,899,671,5.73,60.59,109,51.26,20
REC002158,2024-05-08,328.9,929,629,4.45,62.26,116,43.81,15
REC002136,2024-05-08,84.08,930,601,4.3,86.69,119,25.52,10
REC003351,2024-05-08,164.26,835,644,3.14,39.67,111,69.12,15
REC000761,2024-05-08,218.21,899,661,4.33,49.81,112,42.32,15
REC004039,2024-05-09,255.95,893,683,1.84,119.61,124,32.68,20
REC001911,2024-05-09,90.25,906,593,3.81,60.71,121,33.87,5
REC000366,2024-05-09,192.98,904,631,3.8,67.35,106,27.47,15
REC002812,2024-05-09,567.75,899,652,3.22,47.5,107,55.4,0
REC004023,2024-05-09,170.91,942,687,2.4,44.86,113,24.4,15
REC003220,2024-05-10,135.81,882,657,4.47,44.33,131,28.32,5
REC004010,2024-05-10,129.33,927,651,2.81,20.92,125,26.77,5
REC004026,2024-05-10,65.71,898,624,1.8,37.96,113,33.12,10
REC003219,2024-05-10,389.46,901,627,4.73,19.48,114,24.41,5
REC004518,2024-05-10,171.2,928,668,3.73,73.55,125,50.24,25
REC003857,2024-05-11,225.37,893,639,4.09,62.96,99,35.79,0
REC004425,2024-05-11,208.57,859,679,3.95,57.01,121,30.73,20
REC003501,2024-05-11,88.08,943,676,4.49,42.04,114,42.38,20
REC003238,2024-05-11,277.48,900,672,3.65,66.23,98,42.72,5
REC000039,2024-05-12,66.51,911,599,4.06,28.6,105,38.59,5
REC000799,2024-05-12,135.64,904,699,5.4,76.0,120,40.06,0
REC000620,2024-05-12,259.27,926,681,3.74,52.94,111,54.39,10
REC002602,2024-05-13,256.56,939,614,3.36,26.54,123,44.3,0
REC003143,2024-05-13,461.08,910,609,2.71,25.11,129,32.61,10
REC003127,2024-05-13,694.43,913,632,3.25,104.74,100,34.49,20
REC004104,2024-05-13,400.88,897,634,5.54,14.93,104,29.37,20
REC002481,2024-05-13,139.74,890,615,4.89,38.9,116,46.79,15
REC003424,2024-05-13,189.77,877,607,4.35,15.75,95,35.45,10
REC001309,2024-05-13,220.24,877,664,1.7,44.04,133,43.88,10
REC001746,2024-05-14,112.57,902,668,4.28,30.43,109,32.46,20
REC000684,2024-05-14,231.73,918,662,5.84,30.19,108,61.79,20
REC003954,2024-05-14,20.23,888,706,5.12,41.28,142,60.45,5
REC001450,2024-05-15,36.53,860,635,5.75,44.47,105,22.44,15
REC002708,2024-05-15,86.25,955,655,1.76,36.67,113,61.94,20
REC002874,2024-05-15,182.76,932,655,3.79,52.12,129,35.67,20
REC004326,2024-05-15,92.84,920,673,4.65,20.31,122,26.92,20
REC002151,2024-05-15,54.48,862,629,4.05,25.31,122,21.57,10
REC003276,2024-05-16,116.22,900,630,0.8,30.68,114,56.58,15
REC005084,2024-05-16,407.65,899,611,4.13,57.02,111,45.45,5
REC001462,2024-05-16,88.56,908,635,3.03,65.73,105,41.18,10
REC003010,2024-05-17,76.58,948,655,5.83,28.52,104,45.03,10
REC002234,2024-05-17,230.51,912,685,4.0,65.43,105,45.09,15
REC000103,2024-05-17,19.4,911,674,3.22,74.85,126,23.39,5
REC001472,2024-05-17,200.81,918,651,4.47,9.5,109,36.31,15
REC004320,2024-05-18,133.31,909,649,2.86,13.22,101,48.54,5
REC001269,2024-05-18,164.14,879,617,3.59,30.31,96,38.89,15
REC005768,2024-05-18,496.26,929,645,3.4,14.86,111,34.74,0
REC005374,2024-05-19,107.74,897,580,6.34,83.54,129,54.9,10
REC005063,2024-05-19,153.81,871,622,3.74,78.24,113,47.41,10
REC000669,2024-05-19,103.06,903,617,5.61,41.57,124,20.37,15
REC000432,2024-05-19,91.51,905,633,5.47,68.65,116,34.86,15
REC003465,2024-05-20,194.5,885,649,6.35,20.33,109,57.2,25
REC002338,2024-05-20,105.38,896,660,3.86,114.46,122,25.95,15
REC003867,2024-05-20,292.46,859,613,4.15,73.51,102,38.07,15
REC003659,2024-05-20,65.91,875,658,3.74,52.37,113,37.57,10
REC004272,2024-05-20,535.94,908,629,2.78,62.06,103,26.11,15
REC001435,2024-05-20,163.57,873,640,2.86,39.52,97,30.34,25
REC001924,2024-05-21,178.14,947,666,3.41,96.04,123,41.3,5
REC002364,2024-05-21,167.23,920,621,5.11,86.27,108,60.05,15
REC002997,2024-05-21,140.48,914,619,3.14,59.97,125,34.31,20
REC003779,2024-05-22,59.06,960,622,3.59,19.15,114,38.61,0
REC000561,2024-05-22,269.56,961,650,3.48,34.58,137,43.98,20
REC001048,2024-05-22,621.64,897,628,3.38,17.69,118,17.47,10
REC005118,2024-05-23,267.68,858,629,3.6,37.04,118,40.16,15
REC004029,2024-05-23,222.01,833,583,3.63,47.69,116,37.52,15
REC001592,2024-05-23,471.67,961,631,2.81,6.96,120,35.34,15
REC005332,2024-05-23,192.49,874,615,2.91,41.83,96,40.93,15
REC000667,2024-05-23,204.31,956,618,2.53,70.16,124,46.41,20
REC002374,2024-05-24,54.42,892,635,3.69,58.14,116,49.07,25
REC000524,2024-05-24,188.22,905,699,2.52,67.03,108,28.54,5
REC003538,2024-05-24,336.67,920,628,3.18,28.42,105,57.33,20
REC001858,2024-05-24,130.05,934,632,2.94,27.03,125,42.08,10
REC002543,2024-05-24,79.92,875,612,2.99,22.17,118,37.99,25
REC003581,2024-05-24,52.75,937,624,4.89,16.74,132,49.67,5
REC004123,2024-05-24,359.19,910,665,2.92,55.52,128,24.99,30
REC003409,2024-05-25,419.69,890,655,4.89,18.23,112,43.49,10
REC005576,2024-05-25,33.93,901,635,3.29,37.15,110,25.44,15
REC003727,2024-05-25,120.68,862,613,5.07,59.87,130,29.55,5
REC003031,2024-05-25,148.77,913,661,2.35,76.87,108,25.64,20
REC003360,2024-05-25,61.75,900,668,4.64,85.33,113,23.31,15
REC001587,2024-05-26,327.61,888,607,3.92,166.17,126,25.91,15
REC005884,2024-05-26,29.36,899,622,4.33,98.66,100,18.47,20
REC001394,2024-05-26,219.49,836,606,4.42,39.92,109,47.93,20
REC000934,2024-05-26,213.96,875,642,4.31,52.25,106,36.12,15
REC005024,2024-05-26,104.29,890,606,3.69,54.35,121,64.42,15
REC003102,2024-05-26,257.22,886,613,4.13,82.43,121,52.03,30
REC000899,2024-05-27,221.6,891,682,2.18,17.9,105,39.27,25
REC002171,2024-05-27,386.74,915,644,5.67,33.29,111,43.23,10
REC002001,2024-05-27,221.12,941,662,3.12,46.63,130,14.67,15
REC001578,2024-05-27,85.44,936,634,3.26,28.67,131,39.47,20
REC000716,2024-05-27,49.99,909,640,5.79,62.25,136,50.02,10
REC002552,2024-05-28,197.76,864,664,3.87,65.57,128,36.82,10
REC004054,2024-05-28,249.1,886,656,4.08,21.67,114,28.91,20
REC004454,2024-05-28,73.78,946,662,2.26,59.87,122,53.02,30
REC003835,2024-05-28,136.06,885,629,3.6,15.42,116,30.91,15
REC004464,2024-05-28,111.44,917,649,5.26,37.93,95,21.96,20
REC001588,2024-05-29,125.71,917,663,2.58,32.62,105,35.5,20
REC004388,2024-05-29,188.36,876,600,3.38,47.77,117,41.02,20
REC004797,2024-05-30,81.05,891,629,3.51,40.61,116,41.69,20
REC000400,2024-05-30,454.17,928,648,4.26,32.2,96,27.89,15
REC001534,2024-05-30,128.23,904,629,1.6,55.59,113,23.86,5
REC005183,2024-05-30,121.18,873,647,2.89,16.11,125,57.16,15
REC000379,2024-05-30,258.71,946,630,4.23,34.85,118,34.71,15
REC005732,2024-05-31,244.0,874,621,2.68,36.23,109,56.47,15
REC003059,2024-05-31,102.21,896,678,3.29,81.41,102,24.68,5
REC004477,2024-05-31,93.31,946,638,4.47,43.63,104,34.94,20
REC000299,2024-05-31,404.23,917,629,3.7,31.95,117,59.94,0
REC003190,2024-05-31,450.68,863,653,4.83,52.68,99,38.84,20
REC001463,2024-06-02,69.31,895,638,4.27,57.18,123,28.12,15
REC004490,2024-06-02,78.7,857,619,3.73,41.7,113,38.71,10
REC001415,2024-06-02,158.22,867,627,5.12,62.98,117,32.53,10
REC003994,2024-06-02,43.96,881,677,4.49,71.19,121,23.3,5
REC004836,2024-06-02,121.9,890,658,3.37,14.09,126,53.07,20
REC003802,2024-06-02,142.24,894,640,2.54,22.22,133,34.9,20
REC002556,2024-06-03,154.41,904,619,3.69,65.11,109,50.5,10
REC001004,2024-06-03,431.12,920,608,3.72,27.59,110,58.19,10
REC002510,2024-06-03,120.02,848,681,3.57,70.03,118,36.31,20
REC000140,2024-06-03,120.57,915,643,2.37,52.19,112,64.35,15
REC003733,2024-06-04,254.03,948,612,3.17,39.61,129,31.93,30
REC004336,2024-06-04,239.69,851,667,1.43,17.17,118,47.11,5
REC003617,2024-06-04,323.22,905,659,3.52,34.75,130,49.17,10
REC003391,2024-06-04,134.26,878,645,4.09,46.55,97,32.13,25
REC000280,2024-06-04,146.1,889,637,4.2,55.04,102,35.15,20
REC005829,2024-06-04,194.15,939,622,3.9,31.21,103,28.18,20
REC003721,2024-06-04,246.36,877,648,3.27,64.25,126,36.73,5
REC004453,2024-06-04,310.02,891,652,2.19,35.53,102,36.92,15
REC005859,2024-06-04,51.86,916,652,4.83,22.84,108,44.81,0
REC004843,2024-06-04,243.13,910,654,5.21,52.62,123,11.04,30
REC005977,2024-06-04,211.67,940,661,3.04,53.16,111,28.4,10
REC000304,2024-06-05,286.87,867,676,0.85,30.19,109,27.91,10
REC001183,2024-06-05,269.75,932,646,3.82,47.72,113,47.37,10
REC002226,2024-06-05,119.0,912,600,2.93,50.58,119,59.63,20
REC001559,2024-06-05,177.24,873,646,4.12,14.45,111,61.28,5
REC001330,2024-06-05,104.8,843,661,4.01,52.18,112,24.37,0
REC004452,2024-06-05,79.31,872,667,4.66,22.35,121,38.4,0
REC005335,2024-06-05,93.37,865,673,3.84,36.0,111,13.19,5
REC003873,2024-06-05,220.11,869,661,3.24,40.46,100,19.05,15
REC001152,2024-06-06,245.96,892,627,3.32,44.62,116,23.81,10
REC001561,2024-06-06,194.42,911,650,3.33,34.62,100,14.14,30
REC001251,2024-06-06,173.7,902,605,4.96,35.58,98,53.65,10
REC003624,2024-06-06,260.14,876,616,3.27,15.62,126,48.71,15
REC003757,2024-06-06,144.72,918,639,2.17,35.93,101,32.48,25
REC001707,2024-06-06,118.82,868,639,3.43,64.28,118,72.72,0
REC004559,2024-06-07,103.6,881,656,2.98,44.7,122,31.0,5
REC000979,2024-06-07,62.26,895,644,3.3,55.54,104,14.41,25
REC001068,2024-06-07,211.83,913,647,2.75,55.63,114,56.32,10
REC004410,2024-06-07,185.36,865,658,3.18,56.6,104,35.73,25
REC002993,2024-06-07,269.27,935,644,4.87,34.83,98,42.38,5
REC000402,2024-06-07,41.4,880,664,4.78,54.07,116,36.75,5
REC003602,2024-06-07,73.48,928,660,3.25,26.16,136,54.47,20
REC000096,2024-06-08,218.53,895,653,2.82,36.6,113,24.26,20
REC005394,2024-06-08,210.35,925,648,5.49,58.91,137,39.01,20
REC000547,2024-06-08,160.01,911,618,6.07,36.24,128,48.74,0
REC003813,2024-06-09,109.29,894,634,4.63,71.45,103,25.01,30
REC001706,2024-06-09,636.95,898,669,4.87,56.72,117,57.42,15
REC005769,2024-06-09,344.24,932,652,3.53,66.11,106,38.69,10
REC004855,2024-06-10,232.52,881,626,3.29,52.39,117,49.22,20
REC002067,2024-06-10,143.12,899,641,4.48,51.72,139,29.85,5
REC004333,2024-06-10,106.29,880,672,2.75,43.55,113,28.18,20
REC000344,2024-06-11,180.22,879,618,2.32,77.98,104,52.98,15
REC000798,2024-06-11,214.74,855,641,3.73,71.04,116,11.06,25
REC002305,2024-06-11,115.28,898,602,2.63,48.55,130,9.35,0
REC001928,2024-06-11,94.67,883,664,2.27,53.64,116,48.77,30
REC001485,2024-06-11,102.89,865,660,4.11,42.37,121,42.84,20
REC002034,2024-06-11,67.04,872,655,3.43,72.2,102,29.94,0
REC003063,2024-06-12,231.7,883,632,2.26,14.69,107,24.48,15
REC001473,2024-06-12,18.14,937,640,4.51,56.54,113,31.69,10
REC004945,2024-06-13,99.99,951,642,2.58,20.44,129,20.23,15
REC001870,2024-06-13,50.57,898,621,2.59,63.76,113,42.83,5
REC005606,2024-06-13,436.23,900,653,4.06,116.51,119,40.58,25
REC000691,2024-06-13,103.78,913,645,2.93,51.04,127,38.07,5
REC003573,2024-06-14,36.52,944,590,5.36,54.44,118,34.78,15
REC005623,2024-06-14,171.17,878,651,1.96,19.34,103,29.4,10
REC003766,2024-06-14,101.6,875,639,5.01,34.63,119,32.03,15
REC004192,2024-06-14,188.28,937,611,3.74,32.76,121,50.09,0
REC003863,2024-06-15,358.9,933,659,3.12,58.48,104,60.08,10
REC000975,2024-06-15,117.69,910,610,5.26,55.93,107,52.83,20
REC000298,2024-06-15,414.85,901,669,3.23,67.14,130,40.34,5
REC001145,2024-06-15,73.67,895,711,4.33,53.86,111,22.02,20
REC003481,2024-06-15,141.89,899,648,4.26,41.44,119,37.53,5
REC002938,2024-06-15,63.34,888,682,4.18,42.51,118,47.13,20
REC003993,2024-06-15,107.5,882,665,4.15,58.4,126,18.72,20
REC003651,2024-06-16,94.59,922,607,3.52,23.0,106,42.22,5
REC005216,2024-06-16,228.05,909,658,3.84,32.66,123,47.98,10
REC000396,2024-06-16,164.27,898,663,3.29,126.88,115,32.24,10
REC004486,2024-06-16,193.94,890,640,3.0,40.63,123,58.75,10
REC002668,2024-06-17,86.07,923,608,3.56,127.96,116,41.92,25
REC003749,2024-06-17,353.63,881,658,3.41,52.96,104,15.42,20
REC001582,2024-06-17,59.1,884,648,3.73,68.88,115,26.06,10
REC002429,2024-06-18,121.92,889,648,2.86,41.55,116,31.2,10
REC005691,2024-06-18,156.31,878,649,4.06,54.46,108,54.66,10
REC001836,2024-06-18,78.29,880,616,3.36,27.39,104,35.66,10
REC003886,2024-06-18,57.21,908,658,4.63,47.29,103,55.82,15
REC005507,2024-06-18,506.31,940,608,4.07,56.52,124,31.73,15
REC000186,2024-06-18,293.18,907,631,2.61,42.25,130,30.29,10
REC005139,2024-06-19,47.42,933,617,3.09,34.09,110,31.51,20
REC000918,2024-06-19,66.27,877,621,3.21,48.31,92,55.72,10
REC005269,2024-06-19,481.21,904,674,5.8,32.93,114,26.19,20
REC000205,2024-06-19,169.38,909,650,2.59,30.24,122,42.27,20
REC001149,2024-06-20,366.77,935,615,4.34,12.53,116,27.78,10
REC004248,2024-06-20,62.68,890,603,3.57,37.44,146,50.44,30
REC004376,2024-06-20,226.36,861,638,5.38,61.64,101,31.76,10
REC000245,2024-06-20,119.63,888,662,3.9,76.38,129,46.71,5
REC004342,2024-06-21,99.22,873,680,1.29,28.74,99,41.46,15
REC004152,2024-06-22,98.19,923,627,2.71,28.36,119,40.62,15
REC002203,2024-06-22,69.86,908,620,3.54,49.1,121,25.87,15
REC004534,2024-06-22,373.25,883,646,2.28,69.04,122,51.16,25
REC004831,2024-06-22,69.93,924,675,4.91,28.94,123,25.53,5
REC002862,2024-06-23,238.59,902,614,2.27,109.76,136,40.75,0
REC000578,2024-06-23,77.05,893,618,3.14,24.89,132,33.69,5
REC003446,2024-06-24,87.95,916,609,5.35,37.35,127,14.64,20
REC004124,2024-06-24,131.32,902,691,2.66,21.64,127,32.76,15
REC003221,2024-06-24,114.31,946,614,3.03,59.83,115,48.7,20
REC002340,2024-06-25,132.62,855,654,5.5,37.83,114,58.62,10
REC002852,2024-06-25,109.48,969,637,3.77,157.09,111,28.46,0
REC004597,2024-06-25,190.37,894,631,6.39,27.69,114,54.94,30
REC003378,2024-06-25,100.14,935,648,3.17,45.7,116,10.3,0
REC005096,2024-06-25,106.5,860,605,4.82,32.84,102,31.85,15
REC004932,2024-06-25,181.18,971,630,3.32,23.54,115,18.79,15
REC002304,2024-06-25,193.15,861,627,6.8,142.22,135,25.41,5
REC001146,2024-06-26,51.06,949,616,6.0,139.11,130,63.04,10
REC004867,2024-06-26,233.68,935,638,1.84,12.56,105,59.23,25
REC001129,2024-06-26,140.22,924,656,3.66,18.81,115,17.38,0
REC001072,2024-06-27,290.3,900,619,4.32,46.92,114,29.29,20
REC000649,2024-06-27,35.1,890,643,4.56,39.31,126,31.12,5
REC004032,2024-06-28,122.38,922,652,4.53,28.41,122,44.08,10
REC004265,2024-06-28,60.67,908,604,1.34,62.06,109,26.53,0
REC005226,2024-06-28,191.51,897,631,4.06,13.4,103,40.18,15
REC001416,2024-06-29,245.98,933,641,3.51,31.98,123,44.9,15
REC002820,2024-06-29,330.06,918,645,5.97,29.69,138,50.83,0
REC003656,2024-06-29,322.31,886,642,5.03,58.32,110,36.68,10
REC002966,2024-06-29,60.4,982,673,2.71,45.97,119,62.46,25
REC003966,2024-06-30,274.5,861,650,4.89,34.36,121,30.21,20
REC003719,2024-06-30,127.47,880,660,3.17,25.11,96,29.28,30
REC001454,2024-06-30,65.09,935,655,3.77,49.39,118,31.16,25
REC004858,2024-06-30,97.38,998,624,3.51,95.29,108,20.26,5
REC003400,2024-07-01,63.15,927,652,2.98,34.67,124,42.6,10
REC001655,2024-07-01,127.76,878,621,4.85,40.26,120,48.5,10
REC000292,2024-07-02,371.25,901,657,5.42,36.94,110,58.53,20
REC002209,2024-07-02,87.52,854,624,5.31,24.46,107,37.77,10
REC002223,2024-07-02,218.19,867,660,4.15,19.46,118,36.94,15
REC005199,2024-07-03,19.59,867,611,4.59,50.96,105,71.49,10
REC003252,2024-07-03,306.95,849,630,5.33,33.83,112,40.39,5
REC005012,2024-07-03,129.07,895,675,2.49,75.93,106,45.3,10
REC003767,2024-07-03,262.96,882,634,1.81,52.51,129,48.37,0
REC004688,2024-07-04,151.51,915,608,3.32,61.69,105,56.63,20
REC002076,2024-07-04,184.28,891,631,5.78,81.75,105,48.2,20
REC000439,2024-07-04,205.72,927,633,4.48,34.03,103,50.06,20
REC004703,2024-07-04,191.06,906,620,2.8,24.31,105,39.4,0
REC001168,2024-07-04,133.52,904,678,3.66,20.29,109,19.12,30
REC003586,2024-07-05,79.62,874,641,3.3,33.71,102,42.64,10
REC000539,2024-07-05,334.02,875,661,3.41,82.64,106,19.48,15
REC001086,2024-07-05,77.78,880,611,2.95,30.87,119,29.13,15
REC003108,2024-07-05,85.17,930,668,3.26,39.64,102,51.23,0
REC002961,2024-07-06,139.14,910,695,1.98,79.05,115,43.87,5
REC003526,2024-07-06,196.47,913,637,2.71,19.12,110,29.26,15
REC003154,2024-07-06,55.53,929,661,3.89,73.69,128,25.08,0
REC003039,2024-07-06,130.42,859,663,3.95,30.29,112,25.44,15
REC005615,2024-07-06,56.89,994,652,2.75,38.56,103,30.69,25
REC001318,2024-07-07,188.46,876,706,2.95,65.47,103,42.71,25
REC005807,2024-07-07,158.36,944,635,1.87,56.76,132,54.52,5
REC005797,2024-07-07,140.3,878,574,3.89,50.29,130,27.17,20
REC005729,2024-07-07,254.97,917,660,1.43,79.57,109,11.79,15
REC002215,2024-07-08,78.56,833,652,4.67,74.75,117,51.5,20
REC005869,2024-07-08,472.31,946,643,4.52,36.72,119,29.91,15
REC000618,2024-07-08,274.35,937,641,3.69,22.88,107,39.3,10
REC000852,2024-07-08,104.97,894,627,2.76,87.26,117,37.52,0
REC000895,2024-07-09,104.05,896,626,2.4,35.74,113,41.22,30
REC000499,2024-07-09,116.36,925,631,3.18,13.84,117,32.76,15
REC004845,2024-07-09,56.65,882,604,3.05,57.9,124,41.92,15
REC004204,2024-07-10,302.51,934,670,2.98,71.58,122,27.34,25
REC002781,2024-07-10,52.42,866,609,4.79,40.06,114,36.03,20
REC001758,2024-07-10,216.83,909,623,3.31,50.58,114,14.05,5
REC000613,2024-07-10,92.43,896,650,3.6,30.79,110,33.48,20
REC003760,2024-07-10,1737.11,924,634,5.03,9.59,125,57.99,10
REC000451,2024-07-11,243.15,896,669,2.93,46.67,115,19.45,0
REC005068,2024-07-11,253.93,893,602,3.93,75.78,119,49.23,15
REC003043,2024-07-12,253.38,929,644,4.4,70.15,109,33.26,15
REC002652,2024-07-13,169.61,850,640,5.68,29.93,111,53.49,20
REC000528,2024-07-13,71.6,918,661,4.14,13.76,141,42.11,5
REC002894,2024-07-13,103.6,875,671,2.61,32.37,118,8.97,10
REC000266,2024-07-13,71.62,900,669,3.67,18.44,129,39.72,15
REC001356,2024-07-13,141.27,950,618,5.53,49.07,116,31.64,25
REC003135,2024-07-14,246.1,880,620,2.64,32.49,119,35.73,5
REC004351,2024-07-15,223.47,900,638,4.96,42.98,108,43.38,5
REC002135,2024-07-15,64.09,924,647,4.08,83.97,128,58.39,15
REC003783,2024-07-15,113.69,924,617,5.43,63.06,107,31.17,25
REC000123,2024-07-15,130.41,898,608,4.09,20.93,89,38.62,10
REC002793,2024-07-16,93.51,918,622,4.39,67.04,100,50.29,20
REC005272,2024-07-16,163.09,899,662,4.54,55.08,118,24.34,25
REC001663,2024-07-16,371.12,846,658,1.96,59.95,93,36.0,15
REC002277,2024-07-16,302.68,902,643,4.15,35.81,110,34.66,0
REC001798,2024-07-17,89.37,931,646,4.12,39.96,101,41.37,20
REC005969,2024-07-17,306.56,868,629,2.35,54.93,114,24.04,10
REC002084,2024-07-17,138.25,911,727,2.63,22.42,109,45.26,15
REC005065,2024-07-18,316.28,919,659,3.15,27.65,108,32.54,10
REC002756,2024-07-18,340.98,867,650,3.56,31.49,112,35.99,20
REC003324,2024-07-18,126.14,898,650,2.75,49.45,112,40.71,0
REC003045,2024-07-18,240.97,888,638,5.04,55.04,114,35.83,20
REC001413,2024-07-18,130.69,910,607,4.09,36.16,133,41.01,15
REC004741,2024-07-19,173.9,895,639,2.12,66.9,121,38.35,10
REC004544,2024-07-19,370.76,914,689,4.08,39.08,105,59.08,10
REC005817,2024-07-19,174.45,946,660,4.57,19.15,123,48.88,20
REC003404,2024-07-19,373.98,881,614,2.71,61.26,134,36.14,30
REC000900,2024-07-19,271.41,886,634,3.81,34.87,126,43.49,25
REC005155,2024-07-19,206.36,899,691,5.3,50.6,117,38.79,15
REC003410,2024-07-19,187.15,869,658,3.64,43.52,97,60.03,30
REC002294,2024-07-20,148.45,865,686,4.39,18.59,101,23.45,20
REC004538,2024-07-20,190.5,920,637,4.27,57.4,130,36.92,15
REC002775,2024-07-20,397.97,922,670,5.59,29.71,109,41.05,15
REC003292,2024-07-20,210.01,881,675,3.95,49.15,111,30.01,10
REC004679,2024-07-20,140.44,962,643,2.79,23.35,106,29.1,15
REC000176,2024-07-20,155.16,906,651,2.86,126.36,124,20.78,0
REC003231,2024-07-21,93.94,887,672,2.16,65.99,125,57.12,10
REC004472,2024-07-21,180.28,875,676,3.94,76.5,120,46.25,10
REC000931,2024-07-21,82.7,913,665,2.7,57.05,104,45.47,0
REC003781,2024-07-21,73.99,901,645,3.32,24.29,123,19.15,15
REC001585,2024-07-21,222.61,887,634,3.98,44.78,127,24.63,20
REC005273,2024-07-21,281.24,916,640,4.61,25.36,118,47.35,5
REC002486,2024-07-21,146.17,919,635,3.59,45.38,115,42.27,20
REC002006,2024-07-22,262.74,917,629,5.1,53.63,117,12.47,0
REC005035,2024-07-22,116.86,900,616,3.07,101.34,111,15.86,0
REC003000,2024-07-22,277.36,896,637,3.71,57.44,116,59.35,0
REC001084,2024-07-22,129.96,951,643,2.64,34.39,112,31.58,10
REC005519,2024-07-22,262.91,916,679,4.08,35.9,125,15.68,10
REC004218,2024-07-23,786.95,842,632,4.14,47.18,112,31.76,5
REC002863,2024-07-25,59.45,943,645,5.52,12.74,102,32.18,15
REC000527,2024-07-25,128.14,895,677,2.77,28.81,106,31.64,10
REC003017,2024-07-25,273.63,877,619,4.61,64.32,113,34.92,5
REC004408,2024-07-25,193.58,868,634,3.22,27.09,105,48.18,20
REC003678,2024-07-25,291.03,877,619,3.11,48.75,109,38.19,15
REC004607,2024-07-25,75.67,937,640,5.56,26.65,115,40.95,25
REC005398,2024-07-26,99.4,881,657,3.89,75.98,99,36.92,10
REC002909,2024-07-26,121.01,870,642,3.09,26.29,115,41.74,20
REC001771,2024-07-27,533.47,879,620,3.66,10.58,116,41.99,20
REC001064,2024-07-27,41.33,855,624,4.78,67.9,109,13.76,30
REC002497,2024-07-27,171.19,902,657,4.73,103.46,115,36.86,15
REC002996,2024-07-27,189.56,861,653,3.16,36.15,118,40.83,30
REC003821,2024-07-27,55.31,910,626,2.35,81.39,112,19.08,5
REC002348,2024-07-28,254.3,987,669,4.33,18.78,134,41.64,5
REC000996,2024-07-28,121.08,946,661,2.81,19.67,125,41.44,0
REC004936,2024-07-28,272.36,869,683,3.75,18.85,122,20.88,25
REC003568,2024-07-28,101.24,907,632,5.2,26.37,107,27.42,15
REC001961,2024-07-28,161.74,940,666,5.24,61.58,110,14.66,25
REC001113,2024-07-28,144.79,889,629,5.5,34.81,130,13.84,10
REC002044,2024-07-29,213.24,929,642,4.78,50.86,97,46.68,5
REC003134,2024-07-29,147.77,923,632,4.52,28.6,112,54.06,0
REC005947,2024-07-29,428.1,911,633,4.72,28.29,115,26.08,25
REC000076,2024-07-29,44.64,874,602,3.88,17.98,101,47.01,25
REC001427,2024-07-30,105.44,920,629,2.88,85.12,111,60.62,15
REC000581,2024-07-30,229.26,888,658,4.0,34.19,123,44.6,10
REC005271,2024-07-31,394.41,969,618,4.62,27.76,118,33.46,5
REC000014,2024-07-31,162.91,896,692,4.65,27.88,117,38.81,10
REC000964,2024-07-31,245.84,879,621,4.25,42.37,117,26.85,25
REC004411,2024-07-31,454.84,875,611,3.31,76.05,115,27.73,10
REC003732,2024-07-31,119.83,902,611,6.11,46.5,128,23.97,10
REC000679,2024-07-31,293.86,941,669,3.04,15.79,111,37.57,5
REC003092,2024-08-01,399.02,907,648,3.75,22.51,110,26.27,25
REC000982,2024-08-01,33.23,903,604,3.94,67.56,115,32.77,20
REC000339,2024-08-01,121.84,887,647,5.07,32.87,132,28.88,20
REC004817,2024-08-01,180.65,849,647,4.25,51.65,108,26.02,5
REC001096,2024-08-01,54.8,892,665,3.29,55.52,129,26.08,5
REC002623,2024-08-01,399.37,953,618,4.71,40.8,119,34.82,5
REC002827,2024-08-01,174.47,883,643,5.02,35.27,117,40.33,0
REC001385,2024-08-02,139.54,861,671,4.91,34.95,120,29.34,20
REC002384,2024-08-02,141.94,920,605,6.03,31.83,108,32.95,25
REC005391,2024-08-02,48.09,951,617,4.25,67.12,125,65.37,30
REC004693,2024-08-02,178.02,868,620,5.81,22.29,118,48.87,0
REC003254,2024-08-02,137.54,868,647,5.19,36.38,122,36.38,25
REC005970,2024-08-02,144.21,918,670,3.45,74.56,132,46.01,5
REC005620,2024-08-02,148.45,872,650,2.43,31.63,119,57.41,5
REC001446,2024-08-02,180.03,936,640,3.94,31.76,125,31.32,20
REC002869,2024-08-03,211.59,860,635,2.92,73.63,134,42.12,0
REC005907,2024-08-03,92.0,969,639,2.3,67.19,104,41.09,15
REC004648,2024-08-03,108.48,896,645,3.97,47.38,113,17.53,15
REC005850,2024-08-03,159.44,874,648,2.9,50.6,110,67.6,0
REC005409,2024-08-03,294.11,908,608,3.75,27.98,118,53.36,15
REC004978,2024-08-03,344.7,903,622,2.88,24.79,102,26.92,20
REC001199,2024-08-03,98.84,937,652,5.81,71.5,125,11.74,10
REC005803,2024-08-04,82.4,905,640,2.22,35.16,107,8.0,20
REC000842,2024-08-04,396.15,923,629,5.39,44.4,106,32.58,5
REC003849,2024-08-04,121.44,881,594,5.3,33.45,121,35.39,10
REC001821,2024-08-04,59.81,911,623,4.52,20.67,110,46.75,20
REC002522,2024-08-04,222.46,908,629,2.81,19.37,122,12.4,30
REC004003,2024-08-05,305.17,879,662,3.41,29.22,110,43.92,0
REC001887,2024-08-05,106.4,905,596,6.47,16.56,97,33.71,15
REC003942,2024-08-05,366.77,852,633,4.58,40.23,121,67.46,10
REC002507,2024-08-05,205.21,932,652,3.98,34.95,114,29.74,0
REC004114,2024-08-05,33.22,908,610,2.76,172.46,123,51.5,20
REC001697,2024-08-05,51.05,928,684,3.11,38.17,114,30.88,30
REC005115,2024-08-06,156.49,889,656,3.14,87.19,101,23.82,20
REC004251,2024-08-06,35.47,871,654,4.56,54.84,117,46.62,25
REC004617,2024-08-06,559.78,920,618,3.98,23.87,115,20.34,10
REC004684,2024-08-06,92.44,898,627,3.7,105.71,103,50.8,25
REC001912,2024-08-06,122.98,878,640,3.65,82.25,116,32.1,25
REC004024,2024-08-06,118.9,955,670,4.72,40.71,98,43.85,5
REC003345,2024-08-07,109.54,904,628,4.19,27.9,123,41.16,20
REC002698,2024-08-07,360.51,872,650,3.33,65.02,122,41.32,5
REC000065,2024-08-08,126.26,917,672,2.68,99.58,108,48.64,20
REC003076,2024-08-08,307.81,903,638,3.81,74.9,107,28.83,10
REC000829,2024-08-08,129.14,888,661,2.38,92.72,120,52.74,25
REC000617,2024-08-08,69.39,896,630,2.6,25.41,120,56.43,30
REC005626,2024-08-08,76.61,906,638,1.56,55.19,108,30.0,10
REC004906,2024-08-08,149.07,948,623,5.09,58.82,113,42.72,15
REC000371,2024-08-09,80.64,926,642,3.96,57.0,107,29.74,15
REC000489,2024-08-09,110.99,943,640,4.31,34.11,130,31.3,0
REC005270,2024-08-09,31.46,973,661,5.71,59.59,103,43.55,10
REC001834,2024-08-09,135.12,839,644,4.52,39.68,114,52.7,10
REC004619,2024-08-10,164.63,881,618,3.99,34.1,112,14.66,15
REC002500,2024-08-10,293.25,875,640,4.37,19.71,112,51.11,15
REC005070,2024-08-10,199.92,904,631,2.82,79.14,101,46.15,30
REC002784,2024-08-10,293.58,870,644,6.2,90.82,127,46.65,25
REC003354,2024-08-11,347.73,939,624,4.9,52.33,132,55.47,10
REC001468,2024-08-11,290.27,899,628,3.8,26.54,109,25.36,5
REC001546,2024-08-11,499.88,950,622,4.41,118.19,121,52.24,15
REC004912,2024-08-11,43.33,909,619,1.59,39.27,119,47.32,20
REC004214,2024-08-11,97.53,875,645,3.04,24.07,112,38.14,15
REC005896,2024-08-11,29.38,928,621,3.77,35.98,119,32.84,10
REC004871,2024-08-11,161.92,923,637,3.39,64.65,96,13.81,5
REC001237,2024-08-12,125.91,933,649,4.88,30.76,120,12.23,20
REC005608,2024-08-12,159.17,907,621,4.54,41.92,123,21.12,0
REC002322,2024-08-13,110.84,917,633,4.71,21.88,104,27.77,0
REC004821,2024-08-13,65.12,910,603,2.64,61.77,122,39.63,5
REC000536,2024-08-13,176.43,912,646,2.24,25.51,137,25.73,20
REC000809,2024-08-13,369.92,854,655,2.42,29.16,103,34.17,0
REC000199,2024-08-13,52.92,898,623,4.81,72.74,125,45.1,15
REC002803,2024-08-13,352.04,873,623,3.76,26.32,112,51.29,5
REC001527,2024-08-13,252.38,923,645,4.07,69.64,125,50.72,25
REC005778,2024-08-13,174.1,876,652,5.42,95.47,120,37.51,20
REC005728,2024-08-13,197.98,877,653,4.29,15.12,130,46.61,10
REC005445,2024-08-13,180.01,887,605,2.14,18.0,135,47.77,20
REC005794,2024-08-14,179.52,887,635,4.65,32.53,127,40.35,5
REC003909,2024-08-14,142.87,889,643,4.25,18.38,120,21.87,10
REC001422,2024-08-14,132.03,940,635,5.96,56.3,129,30.65,20
REC002887,2024-08-14,38.86,871,656,5.49,24.67,121,30.64,10
REC003449,2024-08-14,444.33,885,604,3.92,40.34,116,46.48,20
REC003011,2024-08-15,319.63,840,638,3.0,51.31,107,50.37,15
REC003895,2024-08-15,125.32,918,633,5.83,22.01,134,35.59,10
REC003894,2024-08-15,147.52,928,575,4.58,87.76,107,29.76,15
REC005102,2024-08-15,398.56,858,608,3.88,56.91,122,65.01,0
REC003920,2024-08-15,155.57,873,663,3.25,43.87,111,24.21,5
REC003466,2024-08-15,112.46,879,625,3.71,23.23,129,20.3,20
REC000657,2024-08-15,119.13,907,630,5.28,122.22,124,49.53,10
REC004572,2024-08-16,95.94,946,608,4.91,32.13,115,25.63,10
REC004716,2024-08-16,84.47,948,639,3.14,21.32,121,47.57,15
REC003768,2024-08-16,48.33,897,651,3.67,41.23,110,47.5,10
REC000794,2024-08-17,84.51,903,607,4.17,98.19,123,44.79,20
REC000142,2024-08-17,56.65,924,649,4.57,38.0,107,44.21,25
REC002244,2024-08-17,119.35,890,672,4.68,86.12,105,25.89,10
REC000976,2024-08-17,145.13,889,610,2.55,36.05,97,27.2,25
REC002731,2024-08-17,193.82,861,639,4.19,36.64,99,26.79,5
REC003058,2024-08-17,56.03,860,637,2.9,68.05,90,44.29,10
REC005110,2024-08-17,151.66,897,616,5.46,79.06,103,20.3,25
REC003883,2024-08-18,265.03,918,631,4.78,56.78,109,43.45,15
REC003225,2024-08-18,181.2,882,612,3.18,24.55,108,11.3,15
REC005984,2024-08-18,100.37,921,678,4.21,19.02,101,36.66,15
REC002913,2024-08-18,192.88,878,597,4.02,83.09,115,47.53,15
REC003516,2024-08-18,165.35,903,657,2.53,75.6,106,33.89,20
REC005905,2024-08-18,155.22,858,622,1.71,64.13,125,22.19,5
REC003788,2024-08-18,117.86,882,648,3.9,41.82,112,45.58,25
REC001525,2024-08-18,89.14,936,625,5.25,32.7,113,22.68,5
REC004380,2024-08-19,944.99,891,634,2.27,61.39,102,33.39,20
REC002213,2024-08-19,96.0,912,643,3.18,59.38,144,46.65,15
REC003211,2024-08-20,130.37,853,663,2.25,25.5,120,20.05,15
REC002018,2024-08-20,61.4,924,623,4.66,24.76,117,35.46,10
REC001105,2024-08-20,121.79,906,641,4.84,14.22,108,39.39,10
REC002025,2024-08-21,167.68,847,631,3.75,60.91,118,32.61,15
REC004992,2024-08-21,77.81,868,654,3.47,101.99,96,52.91,5
REC003109,2024-08-21,238.19,906,634,4.22,49.7,112,19.4,30
REC002695,2024-08-21,351.47,910,615,4.49,15.38,125,53.85,20
REC003850,2024-08-22,236.68,891,660,4.09,79.04,109,40.87,20
REC005697,2024-08-22,522.35,910,595,4.32,93.73,90,26.55,30
REC001057,2024-08-22,417.04,900,653,1.66,22.54,105,37.53,20
REC005178,2024-08-22,111.08,908,678,3.31,31.33,108,40.75,0
REC000533,2024-08-22,112.32,881,579,2.2,45.87,121,27.55,10
REC001965,2024-08-23,178.58,863,618,3.91,21.12,132,23.42,15
REC005952,2024-08-23,272.37,873,650,3.64,93.98,113,42.22,0
REC005849,2024-08-23,58.27,907,626,4.12,45.13,107,46.93,0
REC001669,2024-08-23,106.55,917,649,4.35,61.64,123,45.27,15
REC002299,2024-08-23,542.89,895,626,2.68,47.15,132,34.47,10
REC003683,2024-08-23,702.06,895,656,4.64,31.38,115,40.83,15
REC004634,2024-08-24,196.69,901,615,4.59,22.53,116,59.2,15
REC005057,2024-08-24,460.92,914,657,3.33,16.81,124,37.58,0
REC003340,2024-08-25,196.72,886,656,2.29,67.87,113,50.66,10
REC005122,2024-08-25,285.78,936,608,4.41,12.07,108,30.19,20
REC003380,2024-08-26,271.83,904,654,4.58,27.89,102,36.85,20
REC001997,2024-08-26,79.53,885,672,3.89,74.38,130,47.16,15
REC002995,2024-08-26,162.34,883,659,4.74,72.23,111,34.65,15
REC005701,2024-08-27,128.63,888,609,4.99,31.86,117,49.13,15
REC000673,2024-08-27,47.37,922,611,0.8,72.4,131,34.92,15
REC005079,2024-08-27,164.59,908,680,3.7,47.63,106,63.96,0
REC003197,2024-08-27,93.75,901,638,2.54,28.07,125,27.26,10
REC004956,2024-08-27,158.12,933,643,3.69,28.07,122,29.99,25
REC002182,2024-08-28,145.36,917,635,3.29,87.24,123,29.69,10
REC004042,2024-08-28,257.54,847,636,4.24,19.98,106,40.93,20
REC003799,2024-08-28,190.88,892,654,5.07,25.24,106,34.14,10
REC003286,2024-08-29,151.15,953,666,5.39,110.29,115,29.44,20
REC005367,2024-08-29,525.17,858,628,5.75,70.13,133,26.0,5
REC003346,2024-08-29,94.83,942,639,4.7,29.01,134,24.45,15
REC002368,2024-08-29,92.9,888,674,3.82,42.98,109,33.4,5
REC003460,2024-08-30,90.79,887,612,3.48,39.59,110,58.43,5
REC002616,2024-08-30,326.86,891,665,3.98,33.97,98,45.83,25
REC002557,2024-08-30,156.75,892,617,3.12,45.24,111,28.76,10
REC005467,2024-08-31,321.7,924,628,1.18,13.44,99,40.88,10
REC004332,2024-09-01,87.45,894,655,3.4,59.66,117,31.57,10
REC001218,2024-09-01,132.37,916,606,4.0,28.11,112,46.61,5
REC000789,2024-09-01,87.32,900,620,3.06,52.93,108,35.41,15
REC003342,2024-09-01,103.58,904,697,4.08,43.33,116,27.18,25
REC003530,2024-09-01,189.78,904,645,4.44,62.93,111,49.13,10
REC003104,2024-09-01,113.83,894,622,3.32,27.17,113,40.91,15
REC002249,2024-09-02,145.22,949,635,4.34,48.83,108,44.83,15
REC004199,2024-09-02,108.83,939,652,5.16,75.89,120,48.81,15
REC003353,2024-09-03,141.79,913,646,3.4,24.61,108,29.96,25
REC002290,2024-09-04,56.61,888,666,2.66,22.15,133,27.29,25
REC005237,2024-09-04,129.35,879,649,2.17,20.17,105,22.34,20
REC000181,2024-09-04,85.91,906,609,3.51,16.72,122,35.64,10
REC003670,2024-09-04,135.3,899,646,2.92,40.02,124,35.21,15
REC002264,2024-09-05,243.44,888,622,2.99,37.36,121,31.1,20
REC002163,2024-09-05,313.47,886,674,6.49,17.05,128,41.54,5
REC005679,2024-09-05,214.5,913,612,3.32,17.32,133,61.28,5
REC002104,2024-09-05,94.66,911,628,4.72,29.87,103,45.54,10
REC000242,2024-09-05,133.97,875,623,3.39,26.45,105,31.01,10
REC000844,2024-09-06,62.29,896,597,5.62,44.27,110,33.57,30
REC003666,2024-09-06,211.12,870,656,3.33,91.02,132,35.85,0
REC005209,2024-09-06,196.83,932,624,2.78,25.99,112,44.45,10
REC000121,2024-09-06,196.0,901,668,1.45,23.72,108,47.14,10
REC005722,2024-09-06,231.46,909,648,3.4,76.54,112,37.21,0
REC002016,2024-09-06,127.76,913,590,5.83,78.35,129,43.36,10
REC001056,2024-09-06,151.68,818,650,2.29,17.82,106,46.45,0
REC003780,2024-09-07,275.4,884,639,4.59,18.37,108,52.99,10
REC001161,2024-09-07,112.03,871,606,4.62,111.8,112,34.63,5
REC001579,2024-09-07,357.44,888,651,4.61,62.03,131,33.71,10
REC003314,2024-09-07,64.36,879,628,2.35,44.09,131,52.01,15
REC004205,2024-09-07,81.9,886,624,3.93,80.78,107,45.35,0
REC003990,2024-09-07,757.88,856,596,2.62,23.62,106,50.98,15
REC001970,2024-09-08,68.63,889,639,3.12,64.17,119,48.4,20
REC002316,2024-09-09,282.29,852,621,5.12,39.73,119,21.66,20
REC005707,2024-09-09,133.76,929,616,4.85,14.57,112,33.31,10
REC004667,2024-09-09,124.29,922,622,4.36,38.01,102,55.81,30
REC005295,2024-09-09,282.79,927,670,1.46,39.63,122,32.65,15
REC003803,2024-09-10,85.78,876,637,5.16,37.76,130,61.18,20
REC002186,2024-09-10,95.77,889,675,5.42,73.13,110,36.95,20
REC002928,2024-09-10,482.24,895,666,3.31,45.57,115,39.77,5
REC002687,2024-09-10,264.57,931,629,2.74,60.26,118,41.77,15
REC005948,2024-09-10,352.27,916,686,4.1,39.18,112,28.34,10
REC001628,2024-09-10,169.75,905,615,4.56,60.96,109,18.95,15
REC000202,2024-09-10,339.57,882,680,3.9,14.08,123,40.29,20
REC000744,2024-09-11,97.78,883,624,4.99,59.26,113,42.09,5
REC004283,2024-09-12,301.26,908,631,5.17,61.09,140,36.95,10
REC001230,2024-09-12,187.34,889,630,4.94,55.29,117,16.82,0
REC002575,2024-09-12,229.58,932,602,3.27,22.08,111,46.24,5
REC005877,2024-09-12,70.04,935,677,3.06,35.79,102,51.04,5
REC000367,2024-09-13,29.22,911,652,3.84,46.35,114,39.04,20
REC004520,2024-09-13,109.73,974,613,4.72,213.0,125,45.42,5
REC005498,2024-09-13,233.18,898,616,3.16,41.56,113,54.83,20
REC001811,2024-09-13,245.14,920,639,3.23,77.9,86,26.89,20
REC003869,2024-09-13,44.36,895,652,1.9,176.89,98,36.91,20
REC004800,2024-09-13,209.06,914,624,3.42,53.3,114,35.23,25
REC001424,2024-09-13,149.22,930,658,4.46,34.5,114,42.39,20
REC003902,2024-09-13,349.51,867,681,3.04,43.76,124,19.82,20
REC004884,2024-09-14,298.44,910,615,3.45,32.13,130,46.7,20
REC006000,2024-09-14,144.18,859,637,3.28,28.28,124,40.83,20
REC003996,2024-09-14,148.59,912,643,3.2,9.73,119,43.3,15
REC002398,2024-09-14,263.53,920,598,4.38,38.26,110,32.63,15
REC000849,2024-09-14,119.93,902,673,4.56,65.87,117,17.66,20
REC003030,2024-09-15,216.95,912,645,4.73,42.46,126,26.65,10
REC004850,2024-09-15,440.84,950,628,3.7,136.17,116,47.93,15
REC005284,2024-09-15,77.96,898,648,4.2,50.6,129,52.02,5
REC003389,2024-09-15,65.93,879,648,4.28,38.77,117,33.99,5
REC000827,2024-09-16,311.58,859,642,3.88,28.62,106,44.96,5
REC005520,2024-09-16,295.13,881,627,5.32,98.23,113,28.35,5
REC002809,2024-09-16,143.73,905,682,4.11,110.6,99,21.78,0
REC003974,2024-09-16,98.45,905,639,3.56,54.41,108,47.29,10
REC005016,2024-09-17,315.07,892,632,3.64,32.44,110,58.4,15
REC002901,2024-09-17,78.43,865,661,2.85,87.69,110,25.13,15
REC001593,2024-09-17,137.89,891,648,4.02,22.71,111,45.2,10
REC004838,2024-09-17,186.19,883,628,4.82,22.11,125,28.99,0
REC004596,2024-09-17,76.71,891,654,4.76,48.99,100,43.6,15
REC002370,2024-09-18,127.28,866,624,1.97,39.4,133,46.2,15
REC004462,2024-09-18,92.35,929,629,2.79,39.89,103,45.26,15
REC005152,2024-09-19,142.19,923,626,3.51,24.37,97,35.35,20
REC005406,2024-09-19,207.38,900,616,5.72,58.41,133,21.64,10
REC000235,2024-09-19,64.74,872,656,3.91,31.12,130,46.5,5
REC005739,2024-09-19,99.93,937,650,5.02,44.8,100,29.65,25
REC004815,2024-09-19,130.99,954,602,4.05,48.8,106,31.86,20
REC003864,2024-09-19,126.44,877,630,6.05,25.92,111,40.22,10
REC004331,2024-09-19,271.87,888,659,5.22,30.09,94,17.38,5
REC003263,2024-09-19,53.04,864,679,2.19,35.08,100,47.12,25
REC003347,2024-09-20,79.99,871,634,2.56,108.98,96,41.29,10
REC002468,2024-09-21,104.7,915,638,5.72,23.49,102,52.09,25
REC003566,2024-09-21,45.98,927,645,5.17,108.35,113,51.43,10
REC003407,2024-09-21,228.2,953,628,3.7,37.02,133,37.13,5
REC005940,2024-09-23,38.82,892,666,2.0,22.94,88,57.24,10
REC004271,2024-09-23,125.31,889,633,3.28,84.43,124,30.25,15
REC003594,2024-09-24,150.06,911,634,2.63,22.36,121,46.84,15
REC000212,2024-09-24,170.79,887,697,1.29,14.89,118,51.23,30
REC005865,2024-09-24,141.45,928,615,4.57,19.57,112,39.6,20
REC001471,2024-09-25,88.42,883,659,4.06,66.3,104,35.57,20
REC001186,2024-09-25,96.35,893,618,4.52,27.15,121,51.1,20
REC004785,2024-09-25,126.57,864,633,2.93,21.92,128,23.75,5
REC000129,2024-09-25,309.72,860,670,3.41,37.72,116,47.14,5
REC001360,2024-09-25,90.73,920,639,1.83,46.76,113,60.14,15
REC005820,2024-09-26,294.54,878,625,3.05,30.09,127,20.09,15
REC000258,2024-09-26,107.23,904,679,2.73,44.19,119,30.24,20
REC005106,2024-09-26,267.99,923,630,2.1,54.12,123,39.67,30
REC002456,2024-09-26,98.21,844,690,3.66,76.34,121,35.5,25
REC005225,2024-09-26,237.89,911,662,2.41,41.01,118,21.63,10
REC001513,2024-09-26,156.22,979,619,4.55,16.42,131,30.03,15
REC004227,2024-09-26,44.89,942,647,5.09,84.08,112,45.65,30
REC003343,2024-09-27,90.51,924,594,2.5,16.8,117,36.81,15
REC002237,2024-09-27,117.36,898,632,2.54,15.69,92,37.58,25
REC003484,2024-09-27,184.76,871,611,2.84,62.53,96,20.52,10
REC003081,2024-09-28,253.76,853,632,4.72,38.44,130,54.57,10
REC001540,2024-09-28,237.35,917,636,3.38,32.02,101,48.2,15
REC004642,2024-09-29,322.42,895,675,4.83,61.11,111,42.8,5
REC004682,2024-09-30,218.91,916,622,4.48,24.63,118,40.22,25
REC005067,2024-09-30,66.48,909,616,4.54,15.5,98,42.88,5
REC000053,2024-09-30,82.1,893,639,4.75,86.5,98,75.0,30
REC001166,2024-10-01,148.53,890,610,4.78,20.63,94,52.69,15
REC003509,2024-10-01,95.96,902,643,3.94,32.23,132,21.47,0
REC001779,2024-10-02,133.78,859,661,4.41,31.4,107,33.24,15
REC005846,2024-10-02,287.28,898,632,4.39,67.23,124,19.11,10
REC003159,2024-10-02,260.49,923,631,0.8,58.38,116,45.78,15
REC005254,2024-10-02,189.19,851,675,6.16,74.27,100,44.1,15
REC004078,2024-10-02,582.59,874,593,4.43,30.99,129,28.12,20
REC000277,2024-10-03,265.48,875,620,2.72,106.42,113,28.44,10
REC004095,2024-10-03,185.53,917,635,4.02,32.61,114,51.91,0
REC003156,2024-10-03,172.16,882,605,5.49,23.79,127,50.27,5
REC001944,2024-10-04,348.85,869,638,4.02,55.05,129,23.16,0
REC000505,2024-10-04,179.55,853,625,2.78,99.85,110,55.54,0
REC002719,2024-10-04,152.24,891,601,2.97,52.98,114,28.95,0
REC001065,2024-10-04,59.12,865,611,5.79,43.1,117,48.74,0
REC003215,2024-10-05,259.78,872,640,3.19,79.75,121,36.35,25
REC004546,2024-10-05,175.63,904,644,3.09,21.23,124,41.8,0
REC004865,2024-10-05,293.65,863,649,3.68,20.15,131,44.4,30
REC004742,2024-10-05,110.97,885,650,3.51,25.96,106,36.56,10
REC001959,2024-10-06,187.56,927,614,2.3,38.79,99,47.11,20
REC003381,2024-10-06,381.21,907,650,3.04,48.92,109,33.91,0
REC004685,2024-10-06,159.66,883,661,3.44,123.3,112,45.91,15
REC003112,2024-10-06,126.59,877,644,4.07,34.98,106,45.6,10
REC005912,2024-10-06,74.53,868,602,4.2,41.35,114,41.76,10
REC004529,2024-10-06,167.44,911,651,4.86,25.13,111,29.17,15
REC000680,2024-10-07,110.24,901,658,6.6,48.04,122,40.96,5
REC000819,2024-10-07,195.5,898,641,4.71,28.63,113,28.5,25
REC003005,2024-10-07,272.09,861,656,3.36,25.21,116,56.05,15
REC003500,2024-10-07,118.56,893,629,4.74,19.6,132,49.56,15
REC004899,2024-10-07,96.38,940,620,3.62,31.98,112,21.26,10
REC001856,2024-10-08,178.57,913,652,3.09,58.29,124,25.83,25
REC003053,2024-10-08,84.58,903,659,5.4,53.54,107,49.11,0
REC002777,2024-10-08,70.47,896,640,3.14,87.17,131,19.55,10
REC002748,2024-10-08,300.36,924,642,3.89,62.31,130,47.05,25
REC005904,2024-10-09,102.04,868,605,5.36,27.93,110,40.84,15
REC005356,2024-10-09,76.87,889,651,3.06,32.17,118,38.9,15
REC003235,2024-10-09,132.43,914,634,2.6,68.11,113,57.33,15
REC004087,2024-10-10,160.51,896,638,4.79,18.35,114,48.3,5
REC003816,2024-10-10,30.35,936,647,3.59,49.51,105,45.59,25
REC001820,2024-10-10,115.62,877,627,4.73,98.72,116,29.34,15
REC000262,2024-10-10,158.39,916,608,4.26,92.99,123,60.04,10
REC001274,2024-10-10,411.82,855,607,4.3,26.88,113,48.55,15
REC004804,2024-10-11,83.96,855,672,4.29,137.57,118,29.71,5
REC005982,2024-10-11,65.47,887,654,2.85,50.03,139,63.65,5
REC005412,2024-10-11,176.32,934,605,4.25,45.19,122,18.04,20
REC004554,2024-10-11,279.35,912,649,4.16,34.49,125,23.55,20
REC005799,2024-10-11,244.99,928,641,4.04,20.43,98,27.82,15
REC005192,2024-10-11,140.15,879,630,3.99,9.76,121,48.57,0
REC002559,2024-10-11,179.63,827,630,2.04,7.34,115,40.67,10
REC001429,2024-10-11,169.34,873,643,3.45,45.22,128,34.71,0
REC004976,2024-10-12,105.86,892,647,5.98,110.95,106,43.81,15
REC003259,2024-10-12,82.61,898,638,4.09,56.96,92,46.15,20
REC005094,2024-10-12,249.74,891,661,2.4,49.18,113,45.62,10
REC002246,2024-10-12,743.28,927,601,3.89,17.54,86,47.3,5
REC004581,2024-10-12,168.5,900,634,3.53,78.76,122,43.6,5
REC001284,2024-10-13,107.99,894,630,3.0,96.93,114,45.67,15
REC000089,2024-10-13,218.41,919,598,2.81,44.61,112,34.14,15
REC004519,2024-10-13,48.28,879,614,3.6,19.6,116,41.55,10
REC003075,2024-10-13,187.85,923,672,3.36,28.79,113,33.93,25
REC002762,2024-10-14,143.77,873,659,4.61,72.1,131,31.54,5
REC005491,2024-10-14,154.08,886,616,2.96,28.25,112,47.11,5
REC004828,2024-10-14,34.17,922,650,4.47,107.97,122,23.34,10
REC001844,2024-10-14,129.2,865,661,5.29,22.16,116,35.6,10
REC003146,2024-10-15,65.53,895,570,3.97,71.51,104,52.39,0
REC001509,2024-10-15,155.27,907,657,4.19,29.9,101,57.17,5
REC003578,2024-10-15,84.88,892,650,4.61,23.5,121,57.79,15
REC004072,2024-10-16,124.84,959,636,5.26,38.68,115,44.0,5
REC004169,2024-10-16,276.33,904,610,3.37,37.01,125,22.81,5
REC004441,2024-10-16,114.38,903,661,4.53,15.35,111,33.49,0
REC001314,2024-10-16,91.56,958,647,4.89,52.95,118,46.12,5
REC001069,2024-10-16,122.78,861,665,3.97,60.56,125,38.44,25
REC005203,2024-10-16,137.6,926,639,4.39,51.28,98,42.99,5
REC005494,2024-10-17,105.15,851,600,4.72,36.06,106,37.76,30
REC005386,2024-10-17,260.52,891,672,4.11,17.47,113,47.08,10
REC002245,2024-10-17,191.59,898,592,3.87,11.65,127,35.15,10
REC004353,2024-10-17,92.37,878,682,4.99,31.92,128,23.86,10
REC003096,2024-10-17,212.81,929,667,2.33,37.65,91,32.19,0
REC004574,2024-10-17,164.61,879,609,4.72,140.01,108,25.92,20
REC001117,2024-10-18,320.22,895,649,3.83,104.73,121,47.3,10
REC002530,2024-10-18,170.75,915,654,3.56,46.67,114,44.09,5
REC004489,2024-10-18,158.41,929,641,1.53,59.29,105,37.28,30
REC002705,2024-10-18,109.82,936,618,2.25,48.16,129,39.62,10
REC003728,2024-10-19,65.21,907,656,2.61,48.34,117,37.1,0
REC002026,2024-10-19,145.02,971,617,4.36,34.7,116,18.79,15
REC004079,2024-10-19,146.57,887,656,2.98,184.25,106,25.8,10
REC004909,2024-10-20,91.5,962,608,1.29,24.96,132,29.01,15
REC003841,2024-10-20,74.64,940,670,4.21,40.22,124,24.66,0
REC001590,2024-10-20,354.6,902,634,4.82,17.19,107,36.71,10
REC003483,2024-10-20,124.57,863,639,2.84,48.39,103,49.58,10
REC000490,2024-10-21,235.24,870,620,4.74,28.11,128,23.92,10
REC001642,2024-10-21,133.56,890,649,5.59,48.77,120,30.0,0
REC000778,2024-10-21,159.47,866,623,3.78,47.97,113,38.15,5
REC005174,2024-10-22,111.03,888,644,3.55,18.99,128,33.33,15
REC000718,2024-10-22,190.26,900,607,2.38,42.33,104,54.52,5
REC002587,2024-10-22,254.79,879,648,6.37,102.39,121,41.85,5
REC002335,2024-10-23,75.79,889,656,4.05,93.67,107,47.49,25
REC005735,2024-10-23,62.5,899,675,5.09,100.25,119,42.97,30
REC001807,2024-10-23,265.02,850,665,2.05,63.7,110,40.51,15
REC001689,2024-10-23,145.52,870,629,3.47,84.28,104,22.45,5
REC003632,2024-10-24,223.1,921,634,4.48,122.35,110,41.16,0
REC005678,2024-10-24,280.93,886,649,2.94,100.77,101,52.02,20
REC005765,2024-10-24,309.51,896,603,4.81,19.32,110,29.42,10
REC004683,2024-10-25,44.53,930,669,5.06,73.19,135,29.79,25
REC002352,2024-10-25,54.96,859,671,4.39,52.09,120,37.94,25
REC004137,2024-10-25,98.84,942,658,2.0,89.72,117,19.86,5
REC001210,2024-10-25,213.03,896,614,5.77,57.07,136,33.38,15
REC002177,2024-10-26,97.62,899,660,5.01,30.03,101,30.08,20
REC000351,2024-10-27,254.96,897,628,3.85,102.46,114,40.56,25
REC002983,2024-10-27,28.03,957,609,2.63,17.68,106,8.0,10
REC001954,2024-10-27,109.12,867,685,4.15,66.47,131,47.4,10
REC000584,2024-10-27,143.5,928,631,2.35,30.42,128,55.89,5
REC005800,2024-10-27,778.08,919,660,2.21,37.5,116,31.36,30
REC005050,2024-10-27,195.88,904,638,5.15,76.52,133,29.28,25
REC003770,2024-10-27,158.03,872,613,3.08,22.55,131,26.1,25
REC000967,2024-10-27,291.33,902,657,2.97,30.73,113,31.36,10
REC001052,2024-10-28,37.77,873,652,3.61,21.24,125,47.34,10
REC002325,2024-10-28,221.63,908,645,2.38,64.36,120,51.83,25
REC002977,2024-10-28,131.16,911,604,3.64,112.74,103,53.77,15
REC004226,2024-10-29,161.2,908,602,4.09,27.48,140,14.76,15
REC003715,2024-10-29,230.08,883,687,4.82,45.6,119,43.34,15
REC003312,2024-10-29,96.44,888,675,2.59,30.88,103,26.77,0
REC000416,2024-10-29,99.0,862,626,4.77,41.33,108,36.52,10
REC001398,2024-10-30,453.49,912,664,3.88,132.08,107,35.11,5
REC002232,2024-10-30,109.2,876,629,3.63,34.68,136,34.81,20
REC005719,2024-10-31,91.15,896,666,3.33,36.0,129,31.34,15
REC005793,2024-10-31,85.27,874,678,3.41,14.84,99,42.28,15
REC002729,2024-10-31,102.4,928,644,2.43,22.23,114,38.45,0
REC000220,2024-10-31,109.07,891,651,3.21,20.28,108,36.08,25
REC000232,2024-10-31,106.38,861,598,4.18,98.81,127,54.76,0
REC005930,2024-11-01,177.75,915,652,3.42,36.17,114,45.04,0
REC004063,2024-11-01,99.9,899,671,5.45,30.87,121,42.34,15
REC002414,2024-11-02,44.93,884,633,4.2,26.06,121,42.44,0
REC000328,2024-11-02,555.69,911,655,4.18,80.71,110,23.22,0
REC005792,2024-11-03,164.67,877,677,3.81,37.48,98,59.9,10
REC004974,2024-11-03,136.99,933,623,3.29,61.91,129,47.65,25
REC002109,2024-11-03,255.75,873,646,1.34,62.94,112,54.49,20
REC003319,2024-11-04,399.13,885,654,2.65,33.46,119,54.49,20
REC003291,2024-11-04,190.01,951,666,3.9,51.16,114,58.01,0
REC000727,2024-11-04,101.99,863,633,4.05,17.83,120,45.39,10
REC000730,2024-11-04,303.38,920,638,1.45,33.67,120,67.53,10
REC000264,2024-11-04,198.6,945,651,2.72,23.5,105,34.41,25
REC002243,2024-11-04,48.34,931,642,2.9,38.22,109,43.41,10
REC000094,2024-11-04,170.24,855,649,2.56,35.24,124,30.04,10
REC004834,2024-11-04,134.21,901,632,2.64,85.43,139,38.82,10
REC004856,2024-11-04,72.56,886,649,6.72,47.29,110,48.03,20
REC001857,2024-11-05,170.83,943,648,3.61,59.04,116,47.82,10
REC005960,2024-11-05,83.03,914,642,3.3,42.3,106,41.44,15
REC001521,2024-11-05,111.47,889,647,4.49,31.85,112,41.67,0
REC003033,2024-11-05,174.1,909,642,2.19,143.03,114,32.62,25
REC005078,2024-11-05,148.15,867,640,1.39,36.9,106,52.93,5
REC001031,2024-11-06,110.11,869,644,5.81,38.4,123,22.96,20
REC003729,2024-11-06,226.1,853,604,3.2,50.65,125,42.62,5
REC000770,2024-11-06,199.98,843,649,2.29,58.79,111,42.4,15
REC002094,2024-11-06,91.78,902,659,4.3,94.03,99,20.76,5
REC002757,2024-11-06,107.3,928,657,4.32,39.8,127,46.51,5
REC005224,2024-11-06,156.81,901,653,3.34,13.34,128,52.58,20
REC004573,2024-11-06,74.09,911,605,4.41,55.05,114,38.7,20
REC005422,2024-11-06,148.83,897,641,1.44,46.67,109,41.47,15
REC005321,2024-11-07,701.53,844,648,3.54,56.67,125,32.73,15
REC003183,2024-11-07,130.91,906,685,2.44,42.17,119,31.24,5
REC001816,2024-11-07,123.14,913,620,3.2,71.0,138,49.17,15
REC003558,2024-11-07,178.76,885,682,4.55,56.03,103,38.24,0
REC000005,2024-11-07,334.61,912,618,4.55,55.03,126,20.25,0
REC002843,2024-11-07,176.01,840,680,6.66,11.94,103,34.56,10
REC003738,2024-11-07,211.03,932,646,4.63,54.76,104,24.83,5
REC002746,2024-11-08,84.42,875,648,3.75,33.77,93,21.29,0
REC002676,2024-11-08,348.84,907,648,5.45,23.84,119,20.64,5
REC004316,2024-11-08,87.04,887,650,2.26,44.79,114,54.31,10
REC002346,2024-11-08,193.8,865,685,1.9,66.21,121,44.82,20
REC002953,2024-11-08,53.4,893,650,3.55,50.99,109,41.64,25
REC003806,2024-11-08,54.51,903,649,5.65,96.86,118,42.19,0
REC004599,2024-11-08,245.6,900,646,4.24,52.29,98,29.19,15
REC004130,2024-11-09,99.51,871,613,3.51,38.78,109,32.87,10
REC005228,2024-11-09,302.79,932,642,5.26,40.99,115,51.09,25
REC002286,2024-11-09,111.13,898,599,4.49,36.22,117,73.81,10
REC000307,2024-11-09,303.35,882,617,7.15,61.95,117,29.35,15
REC000418,2024-11-10,64.17,941,654,5.67,60.81,138,41.74,10
REC001073,2024-11-10,193.66,920,624,5.21,17.35,108,31.78,15
REC004365,2024-11-10,154.93,930,638,3.47,68.21,115,40.41,15
REC001666,2024-11-10,198.32,946,630,3.57,51.6,123,39.39,0
REC004206,2024-11-10,136.1,916,631,5.27,25.06,114,32.61,25
REC002478,2024-11-11,305.58,904,636,4.49,38.31,114,51.25,10
REC002463,2024-11-11,182.29,912,639,5.41,96.64,103,22.75,25
REC005901,2024-11-11,98.75,884,672,4.7,37.96,115,19.8,20
REC000909,2024-11-11,114.88,889,667,3.0,76.9,116,36.76,20
REC004327,2024-11-11,272.6,873,640,3.21,22.96,125,53.96,15
REC005158,2024-11-11,83.13,955,635,4.1,52.57,110,53.88,10
REC005811,2024-11-11,343.76,958,658,4.22,41.87,108,47.71,10
REC004187,2024-11-11,178.8,908,631,3.5,65.14,109,20.64,15
REC003580,2024-11-11,35.93,874,587,3.13,21.87,111,38.64,20
REC004757,2024-11-12,231.23,910,614,1.38,126.74,113,40.3,15
REC003216,2024-11-12,24.95,872,640,5.96,57.33,126,46.83,20
REC001923,2024-11-13,195.41,881,650,3.16,35.69,109,45.87,15
REC000493,2024-11-13,258.83,930,662,2.25,54.58,105,35.94,10
REC001745,2024-11-13,114.88,877,646,2.81,54.68,107,51.27,15
REC005723,2024-11-13,75.57,854,607,3.43,30.22,103,44.31,20
REC004780,2024-11-13,219.86,920,616,1.96,96.95,111,33.0,5
REC002685,2024-11-13,264.91,879,661,3.23,15.84,107,51.37,10
REC001326,2024-11-14,158.33,882,645,3.29,172.67,105,32.72,15
REC003694,2024-11-15,185.69,891,644,5.34,63.83,120,35.11,10
REC004668,2024-11-15,124.05,859,632,3.8,128.5,111,58.86,10
REC005721,2024-11-15,373.45,919,665,3.7,10.03,124,56.11,20
REC005706,2024-11-16,248.99,870,664,7.65,41.63,123,20.94,25
REC002680,2024-11-16,139.55,894,669,4.23,88.83,120,32.73,15
REC005058,2024-11-17,65.03,925,627,5.84,47.77,111,28.33,5
REC002713,2024-11-17,253.3,911,650,3.44,50.08,132,28.76,5
REC004202,2024-11-17,104.28,940,645,4.64,35.04,117,43.06,5
REC000393,2024-11-17,105.45,918,638,5.13,78.26,113,22.9,5
REC003113,2024-11-17,144.49,911,626,4.08,19.33,115,44.02,10
REC002457,2024-11-18,196.7,890,643,2.56,61.88,135,46.32,10
REC002229,2024-11-18,82.16,924,658,3.45,53.64,110,37.3,25
REC005069,2024-11-18,170.14,952,653,3.87,27.11,111,17.25,25
REC005504,2024-11-18,139.51,882,690,4.6,65.26,113,42.07,20
REC002060,2024-11-19,209.27,899,631,3.49,29.17,97,33.01,10
REC001531,2024-11-19,145.28,931,622,4.42,18.98,131,13.61,25
REC000306,2024-11-19,180.0,954,665,3.63,49.32,130,31.63,20
REC003067,2024-11-19,106.08,908,661,3.13,28.96,114,29.38,20
REC000702,2024-11-19,253.59,965,659,6.42,32.15,110,42.56,10
REC003325,2024-11-19,152.75,897,662,2.91,53.76,118,25.44,25
REC002702,2024-11-19,108.63,869,607,3.72,37.65,112,25.7,0
REC001658,2024-11-20,172.89,827,642,4.52,19.6,118,44.04,20
REC002599,2024-11-20,228.35,924,649,4.73,54.93,116,42.44,5
REC000492,2024-11-20,515.84,938,678,2.61,34.14,106,44.01,25
REC003876,2024-11-20,206.27,938,703,4.15,33.34,131,32.0,5
REC005135,2024-11-20,113.59,897,629,4.9,30.2,127,33.08,15
REC001061,2024-11-20,149.99,917,616,4.95,20.1,112,40.86,5
REC005957,2024-11-21,79.4,930,663,4.0,32.54,132,46.72,0
REC001787,2024-11-21,227.65,919,613,3.29,67.09,106,64.71,25
REC005694,2024-11-21,94.08,917,604,3.71,59.0,117,20.57,25
REC003706,2024-11-22,148.35,913,659,3.97,68.75,114,37.44,10
REC000776,2024-11-22,196.42,895,636,2.7,79.52,106,35.19,15
REC004455,2024-11-22,159.41,896,655,4.52,42.56,121,40.92,25
REC001217,2024-11-23,102.7,904,579,3.22,63.25,117,31.17,20
REC004479,2024-11-24,175.13,893,643,4.58,14.13,116,45.68,5
REC002413,2024-11-24,108.57,931,641,4.12,24.01,136,43.3,10
REC002640,2024-11-24,169.9,917,645,2.9,47.18,120,48.97,20
REC005964,2024-11-24,96.27,872,664,4.03,21.4,127,40.48,10
REC002610,2024-11-24,138.27,882,657,4.56,144.09,124,42.28,15
REC003269,2024-11-25,95.0,909,632,3.56,36.2,110,28.2,25
REC004337,2024-11-25,230.94,889,610,4.42,80.51,120,41.84,5
REC001865,2024-11-25,102.05,856,610,4.37,39.81,140,36.44,0
REC002200,2024-11-26,81.79,931,633,3.22,42.09,122,25.38,15
REC003450,2024-11-26,168.79,826,619,4.2,24.29,110,39.96,15
REC001974,2024-11-27,346.16,902,636,2.91,123.31,107,56.63,0
REC000928,2024-11-27,270.99,933,659,3.91,45.43,118,49.3,5
REC001694,2024-11-27,386.05,984,624,3.77,22.32,112,38.0,10
REC000338,2024-11-27,282.3,922,670,2.9,52.9,114,15.1,15
REC004099,2024-11-28,24.09,870,609,2.34,46.54,133,36.83,10
REC004832,2024-11-28,121.97,890,642,4.2,57.38,117,53.09,15
REC004881,2024-11-28,234.74,890,621,4.21,39.56,123,26.36,15
REC003929,2024-11-28,132.56,884,635,0.81,67.4,121,68.77,20
REC003432,2024-11-28,78.92,922,608,3.94,35.92,108,38.64,20
REC000626,2024-11-28,142.52,902,622,3.33,44.16,109,27.67,5
REC005195,2024-11-28,80.73,886,642,2.02,66.73,115,36.82,25
REC000303,2024-11-29,209.94,905,640,4.79,58.01,104,25.9,10
REC004076,2024-11-29,94.02,896,624,4.42,30.23,125,52.42,0
REC002341,2024-11-29,357.38,912,656,4.19,22.03,108,30.43,5
REC004905,2024-11-29,447.32,910,652,4.83,44.31,101,34.96,10
REC000765,2024-11-29,120.76,887,659,3.55,40.5,121,30.34,5
REC003759,2024-11-29,195.18,937,639,4.01,73.15,105,47.2,25
REC001539,2024-11-29,66.03,900,602,5.73,36.54,118,44.66,15
REC002794,2024-11-29,206.37,882,635,2.12,14.05,119,28.71,10
REC003537,2024-11-29,41.96,913,663,3.46,16.65,123,46.97,25
REC005913,2024-11-30,460.48,913,653,3.55,59.03,135,43.19,10
REC004616,2024-11-30,103.35,920,655,2.97,64.87,121,43.89,10
REC005757,2024-11-30,160.21,921,639,4.28,16.38,108,38.55,20
REC002967,2024-11-30,101.3,868,625,4.16,11.32,127,56.88,10
REC004710,2024-11-30,235.59,968,649,2.92,57.31,116,51.1,5
REC005868,2024-12-01,79.13,898,643,3.49,20.19,96,39.96,10
REC005220,2024-12-03,335.05,865,640,1.94,86.41,129,32.64,20
REC004159,2024-12-03,67.87,850,641,3.35,35.56,112,57.28,15
REC003907,2024-12-03,130.93,963,628,1.68,99.22,114,19.17,30
REC004270,2024-12-04,158.03,898,656,3.77,36.21,104,29.29,5
REC000254,2024-12-04,629.45,891,659,4.94,157.05,115,55.91,20
REC003941,2024-12-04,92.07,900,631,3.8,35.39,107,49.83,15
REC004120,2024-12-04,95.34,900,643,3.6,37.18,116,41.87,0
REC004904,2024-12-05,67.81,899,643,2.77,7.69,118,28.55,10
REC001249,2024-12-05,261.18,895,671,3.86,30.61,105,53.73,10
REC004592,2024-12-05,189.52,872,637,2.0,32.82,135,41.95,10
REC002513,2024-12-06,41.88,928,612,4.48,70.23,111,41.67,5
REC001900,2024-12-06,75.24,897,648,2.94,24.12,135,24.19,0
REC001917,2024-12-06,67.95,891,612,3.65,19.19,124,15.28,10
REC003596,2024-12-06,649.51,923,624,2.61,32.94,125,26.44,5
REC000645,2024-12-06,141.06,906,642,2.7,17.34,104,24.89,5
REC004735,2024-12-06,56.13,907,624,5.28,42.32,110,20.12,15
REC000705,2024-12-07,191.08,899,604,3.19,80.98,111,39.56,30
REC004243,2024-12-07,153.25,922,627,4.1,33.71,122,55.89,0
REC005200,2024-12-07,279.35,907,677,3.31,59.35,119,8.0,5
REC004266,2024-12-07,54.55,909,669,3.65,27.09,115,35.81,0
REC002400,2024-12-07,133.79,900,641,5.37,54.7,115,41.21,5
REC002143,2024-12-08,68.95,865,638,2.54,55.88,126,35.94,20
REC004310,2024-12-08,127.31,924,622,5.14,41.3,106,61.45,0
REC001960,2024-12-08,72.21,923,682,5.08,40.2,140,56.87,10
REC005485,2024-12-09,317.16,912,619,6.69,71.38,117,36.17,15
REC001182,2024-12-09,354.04,855,646,3.31,55.86,134,24.2,30
REC005826,2024-12-09,173.01,846,617,4.01,19.91,121,34.69,5
REC001672,2024-12-09,155.31,867,628,1.77,15.88,112,34.3,10
REC000446,2024-12-09,222.69,929,674,4.66,48.08,110,45.32,5
REC000518,2024-12-09,154.05,933,644,5.5,18.79,128,37.36,10
REC004650,2024-12-10,122.12,893,669,5.2,28.06,127,56.81,30
REC001370,2024-12-11,211.06,884,657,1.56,157.96,110,43.74,0
REC004902,2024-12-11,75.98,855,621,1.37,49.68,109,23.19,10
REC005556,2024-12-11,263.66,854,641,1.79,26.23,133,38.96,10
REC001916,2024-12-11,283.19,911,638,3.95,45.16,107,51.96,0
REC005754,2024-12-12,228.29,834,674,4.77,20.74,101,27.6,10
REC005064,2024-12-12,693.33,936,613,4.8,37.77,115,62.93,5
REC005307,2024-12-12,296.28,942,656,2.23,32.72,121,45.0,20
REC001212,2024-12-12,218.69,903,652,4.25,39.46,106,47.32,10
REC003309,2024-12-13,190.64,866,664,4.71,42.6,92,18.46,20
REC004942,2024-12-13,207.77,868,637,4.15,18.83,98,20.46,20
REC003946,2024-12-13,111.99,927,596,3.21,28.4,115,20.37,20
REC002253,2024-12-13,41.55,894,656,5.13,14.74,106,41.18,5
REC002117,2024-12-14,85.0,952,623,4.14,29.91,120,47.67,20
REC000814,2024-12-14,142.8,897,639,3.02,38.16,133,40.82,5
REC003910,2024-12-14,158.54,871,684,4.63,69.49,134,40.95,15
REC004383,2024-12-14,280.52,903,590,2.98,37.14,127,16.29,0
REC004952,2024-12-14,218.21,890,639,4.37,26.55,117,21.49,20
REC004197,2024-12-15,167.88,926,671,4.95,68.56,95,36.64,0
REC002782,2024-12-15,263.13,888,600,4.2,65.55,125,42.47,5
REC001718,2024-12-16,47.31,920,648,4.85,27.65,141,29.74,10
REC001383,2024-12-16,188.72,849,648,5.57,53.61,115,32.56,15
REC000078,2024-12-16,65.12,859,618,2.52,29.71,108,21.8,5
REC003981,2024-12-16,94.8,876,629,5.42,118.51,102,32.67,20
REC003233,2024-12-16,92.46,869,668,3.26,94.26,96,33.13,0
REC001316,2024-12-16,45.59,874,578,5.84,111.08,126,39.17,5
REC002353,2024-12-16,93.29,889,660,3.74,61.29,113,34.51,20
REC002903,2024-12-17,109.85,888,665,4.2,27.62,121,26.49,10
REC002365,2024-12-17,82.73,923,653,3.8,42.66,114,36.72,5
REC003955,2024-12-17,141.29,902,644,5.21,29.42,121,29.21,30
REC000915,2024-12-17,107.99,890,631,5.34,40.15,107,40.02,5
REC004577,2024-12-17,151.57,956,659,2.13,57.49,102,19.39,20
REC005470,2024-12-17,94.12,933,618,3.28,53.2,104,44.36,10
REC003323,2024-12-18,191.19,851,661,2.57,76.65,150,32.29,15
REC001082,2024-12-18,652.93,910,625,3.34,42.44,105,24.75,15
REC001287,2024-12-18,37.27,865,631,2.05,32.16,122,53.72,15
REC002558,2024-12-18,67.58,902,636,4.29,49.84,109,50.61,10
REC003422,2024-12-19,72.47,908,625,2.04,28.63,127,43.75,10
REC001876,2024-12-19,137.38,891,704,4.11,77.89,124,34.78,20
REC004833,2024-12-19,81.78,948,669,3.55,32.0,120,40.52,5
REC000495,2024-12-20,76.08,874,627,4.66,44.04,107,41.03,10
REC005175,2024-12-20,181.27,896,619,3.8,43.19,116,47.88,15
REC004739,2024-12-21,262.77,889,666,3.47,64.05,110,22.93,10
REC000343,2024-12-21,156.17,915,658,2.2,20.2,106,35.55,5
REC001635,2024-12-21,107.13,920,612,4.43,53.91,123,22.79,5
REC000340,2024-12-22,81.42,835,637,3.32,77.65,121,23.89,5
REC004074,2024-12-22,154.1,902,639,2.73,95.81,102,34.83,25
REC001518,2024-12-22,174.63,917,657,4.34,57.28,126,34.89,20
REC000522,2024-12-23,341.95,886,656,4.87,18.17,95,33.06,10
REC003960,2024-12-23,223.76,922,646,2.7,40.38,129,43.0,15
REC000676,2024-12-23,132.3,891,659,6.15,58.97,101,28.09,25
REC002541,2024-12-23,212.17,868,650,4.31,27.69,114,27.84,5
REC000641,2024-12-24,142.48,947,613,3.05,45.17,114,55.64,15
REC000906,2024-12-24,127.54,958,655,4.11,29.89,121,47.51,10
REC000148,2024-12-25,191.7,891,649,3.56,35.36,104,36.49,0
REC005854,2024-12-25,340.22,953,631,5.49,45.94,122,29.73,15
REC004548,2024-12-25,104.61,912,601,2.7,27.43,105,34.2,0
REC004194,2024-12-25,343.32,915,612,4.38,31.9,108,17.5,10
REC003846,2024-12-25,118.02,946,654,3.51,26.34,128,33.16,0
REC003598,2024-12-26,154.28,858,632,6.27,105.09,109,55.86,20
REC003552,2024-12-26,83.45,866,671,4.98,12.87,111,36.08,10
REC003711,2024-12-26,318.33,918,647,3.16,23.3,119,41.56,5
REC003847,2024-12-26,117.5,895,640,4.02,33.01,94,46.97,10
REC003514,2024-12-26,97.77,887,678,3.48,44.64,112,26.2,10
REC000081,2024-12-27,124.6,881,611,4.49,25.01,127,16.82,5
REC001147,2024-12-27,666.9,831,623,4.24,45.25,119,46.49,10
REC003128,2024-12-27,114.12,893,693,4.92,54.61,111,51.83,5
REC000024,2024-12-28,178.08,878,632,4.07,85.35,130,21.12,25
REC001076,2024-12-28,49.69,926,625,4.74,11.95,110,28.22,25
REC002937,2024-12-28,482.69,919,637,3.7,24.87,119,39.84,10
REC001258,2024-12-28,201.73,909,653,4.47,22.76,114,31.23,0
REC000214,2024-12-29,114.36,935,620,3.26,40.47,113,31.37,15
REC003646,2024-12-29,381.27,934,654,3.51,31.19,102,28.22,25
REC005436,2024-12-29,292.47,880,642,4.47,20.2,99,38.15,15
REC003722,2024-12-29,164.42,928,627,3.77,32.9,116,33.2,20
REC005076,2024-12-29,35.81,924,645,3.16,76.98,111,34.36,30
REC005000,2024-12-30,77.59,901,666,5.32,45.18,106,21.69,30
REC005669,2024-12-30,133.82,867,610,3.71,62.02,93,27.62,5
REC004315,2024-12-30,44.63,934,661,3.39,18.82,107,75.0,10
REC000455,2024-12-31,279.91,895,648,2.12,34.1,115,28.53,10
REC000506,2024-12-31,54.09,849,659,1.64,112.54,114,33.41,10
REC001908,2024-12-31,363.34,830,625,4.23,77.96,107,34.16,5
REC001310,2024-12-31,176.14,869,645,3.87,28.79,117,47.92,15
REC002263,2024-12-31,116.38,910,657,3.49,49.92,110,28.51,15
REC005605,2024-12-31,138.69,885,659,4.63,20.31,132,50.38,5
REC005508,2024-12-31,269.22,895,631,3.15,17.58,120,46.06,20
REC003144,2024-12-31,241.96,885,632,2.58,52.98,129,44.87,5
REC004213,2024-12-31,68.44,958,697,3.79,24.82,111,47.78,15
REC005661,2025-01-01,84.97,899,635,3.25,31.02,112,44.35,20
REC002219,2025-01-01,208.31,890,627,4.44,23.1,116,42.9,15
REC004001,2025-01-01,66.64,924,637,3.79,75.64,121,58.16,20
REC005259,2025-01-02,195.78,923,659,3.51,44.78,110,34.58,25
REC005908,2025-01-02,50.13,844,648,4.04,14.04,115,52.75,30
REC003184,2025-01-02,136.92,859,637,2.8,58.59,109,36.25,15
REC002395,2025-01-02,154.19,941,671,7.12,33.24,107,28.06,20
REC001755,2025-01-02,278.26,859,643,4.22,47.75,99,42.85,20
REC004184,2025-01-02,142.23,922,661,3.15,42.66,115,56.23,15
REC004162,2025-01-03,142.15,934,617,3.57,109.7,115,21.34,0
REC002031,2025-01-03,75.6,881,611,4.4,31.83,109,29.92,10
REC005633,2025-01-03,104.13,896,632,4.01,39.16,134,65.47,15
REC002841,2025-01-03,98.73,848,606,3.35,81.82,135,50.98,10
REC005503,2025-01-03,157.28,907,649,3.93,24.74,102,26.63,15
REC004629,2025-01-03,153.9,902,626,4.96,18.32,128,34.84,15
REC005141,2025-01-03,45.65,898,629,2.84,53.59,110,38.55,15
REC003997,2025-01-03,297.52,880,649,3.93,71.87,107,34.49,15
REC002356,2025-01-03,186.89,896,657,3.82,81.61,106,49.41,0
REC002361,2025-01-04,53.03,882,644,3.5,9.93,123,58.35,15
REC003029,2025-01-04,197.31,904,629,3.39,72.12,129,38.73,5
REC004500,2025-01-04,389.34,878,645,3.57,13.05,110,51.55,25
REC000760,2025-01-04,112.61,883,625,4.4,32.02,118,36.19,10
REC000152,2025-01-05,97.3,892,628,4.09,25.24,116,29.25,0
REC005492,2025-01-05,131.73,871,622,4.83,58.59,104,40.51,5
REC004106,2025-01-05,119.54,880,643,3.52,45.29,130,48.75,15
REC000431,2025-01-05,264.98,932,660,3.43,38.28,137,55.7,20
REC001430,2025-01-05,103.17,874,604,4.02,122.62,125,37.79,20
REC001589,2025-01-06,208.16,879,636,4.83,59.7,100,25.74,25
REC001757,2025-01-06,759.9,883,630,3.73,37.22,120,24.27,30
REC002649,2025-01-06,132.78,913,640,4.29,40.17,108,41.6,0
REC005490,2025-01-06,209.02,916,636,2.37,51.69,124,35.54,5
REC000717,2025-01-06,38.05,921,606,4.42,108.49,131,15.65,10
REC002562,2025-01-07,167.38,927,654,3.73,18.98,138,60.98,25
REC004666,2025-01-08,209.45,931,641,3.65,65.61,140,55.5,25
REC002860,2025-01-08,271.58,905,653,1.82,72.82,119,34.43,20
REC004604,2025-01-08,89.47,885,677,4.03,112.86,108,32.9,15
REC004993,2025-01-09,95.99,891,635,4.88,54.94,113,46.7,10
REC001994,2025-01-09,151.28,841,642,3.73,30.52,100,58.22,10
REC000579,2025-01-09,101.93,908,585,2.57,45.11,95,43.51,10
REC003775,2025-01-09,87.73,993,656,2.0,28.78,110,43.81,15
REC003817,2025-01-09,57.13,845,648,3.51,78.63,122,45.31,10
REC003889,2025-01-09,264.53,854,614,4.83,56.22,119,51.91,5
REC003513,2025-01-09,60.53,867,650,5.1,19.52,130,45.69,5
REC003441,2025-01-09,232.07,909,650,4.95,20.45,108,19.94,10
REC000312,2025-01-10,122.23,899,655,3.41,30.17,112,46.47,10
REC002072,2025-01-10,242.06,891,646,4.12,35.18,107,27.52,25
REC002787,2025-01-10,478.43,883,698,5.14,71.49,115,16.9,10
REC003522,2025-01-10,319.47,952,649,5.47,47.63,101,30.12,20
REC005439,2025-01-10,157.14,932,618,3.98,26.77,114,35.37,10
REC001136,2025-01-10,220.05,879,636,5.95,21.05,117,29.32,15
REC004513,2025-01-10,51.4,920,665,2.74,110.23,128,54.19,25
REC000346,2025-01-10,198.81,883,630,4.1,48.62,115,36.09,10
REC005619,2025-01-11,466.3,982,612,5.22,60.53,116,62.13,5
REC002075,2025-01-11,95.64,909,630,4.97,65.02,134,22.97,0
REC002017,2025-01-11,148.42,942,654,3.44,27.51,118,36.12,5
REC004939,2025-01-11,86.65,913,628,3.02,51.49,112,50.65,25
REC005161,2025-01-12,40.35,930,649,3.55,39.92,124,32.09,15
REC000300,2025-01-12,180.13,879,626,3.63,49.76,121,43.22,15
REC003145,2025-01-12,376.1,919,638,3.87,47.7,132,56.59,15
REC004745,2025-01-12,178.86,915,597,4.33,46.67,118,42.77,5
REC001304,2025-01-13,186.78,922,613,2.58,91.0,119,48.56,10
REC001686,2025-01-13,79.22,890,653,3.3,173.45,122,34.71,0
REC002008,2025-01-13,390.72,882,655,6.02,33.48,133,47.41,10
REC003584,2025-01-14,523.15,911,637,3.06,19.85,114,33.61,5
REC001412,2025-01-14,562.92,931,635,2.99,70.74,130,41.76,0
REC001765,2025-01-15,180.45,936,646,3.79,28.39,112,28.47,15
REC005240,2025-01-15,138.44,905,676,2.22,27.56,109,22.68,15
REC003088,2025-01-15,113.21,970,624,5.66,27.38,97,34.21,5
REC000111,2025-01-15,100.83,851,633,4.59,22.22,117,40.44,15
REC004059,2025-01-15,28.75,899,639,3.61,40.98,117,55.74,10
REC005327,2025-01-15,641.79,850,625,0.97,29.84,114,56.62,0
REC002738,2025-01-16,261.23,923,602,4.07,81.7,121,40.19,5
REC000753,2025-01-16,153.19,870,649,3.7,20.43,115,33.98,25
REC000093,2025-01-16,55.86,866,605,4.8,33.19,107,29.98,0
REC004299,2025-01-16,706.52,887,618,2.68,34.45,115,60.17,5
REC004680,2025-01-16,160.85,910,629,4.95,45.51,127,31.81,10
REC000957,2025-01-16,73.29,926,638,4.92,31.85,119,28.16,15
REC000166,2025-01-17,146.73,856,637,2.33,71.25,101,27.78,10
REC002178,2025-01-18,500.21,856,687,3.12,124.11,140,41.45,30
REC004033,2025-01-18,137.18,923,619,3.3,57.52,105,47.75,20
REC002744,2025-01-18,57.32,873,633,5.53,43.66,127,34.08,25
REC001688,2025-01-18,152.67,935,655,5.13,20.23,129,47.92,5
REC001958,2025-01-19,274.38,911,628,3.35,75.29,122,35.85,0
REC001058,2025-01-19,88.48,909,651,2.76,92.0,112,27.77,10
REC004951,2025-01-19,484.35,930,650,5.08,20.83,116,48.3,10
REC002187,2025-01-19,205.88,911,642,2.61,64.42,140,36.68,10
REC002999,2025-01-20,215.74,927,654,2.63,49.46,99,48.14,15
REC000764,2025-01-20,144.71,851,641,1.85,66.24,115,45.25,5
REC002893,2025-01-20,200.27,903,649,4.21,51.47,116,38.27,0
REC004034,2025-01-20,107.86,889,634,4.86,26.5,116,23.18,5
REC003933,2025-01-21,113.98,877,655,4.94,16.41,116,36.88,30
REC002032,2025-01-21,88.98,891,658,5.21,41.13,124,42.68,0
REC002958,2025-01-22,175.93,898,633,3.37,80.51,115,23.08,25
REC004822,2025-01-22,215.37,853,638,5.13,45.72,112,37.01,25
REC000636,2025-01-22,488.11,912,612,3.14,64.48,125,38.04,25
REC002712,2025-01-22,203.04,909,701,4.25,24.95,111,34.77,10
REC000678,2025-01-23,100.56,954,616,6.21,134.46,110,33.12,10
REC001824,2025-01-23,263.26,879,643,2.8,28.5,85,44.8,15
REC000546,2025-01-23,79.4,893,639,5.34,31.23,94,37.2,20
REC002875,2025-01-23,113.89,868,641,3.82,43.35,117,45.28,5
REC004670,2025-01-23,100.9,865,625,2.39,11.22,124,59.51,0
REC004008,2025-01-23,100.54,932,645,3.64,27.07,98,43.3,15
REC005128,2025-01-23,227.78,945,641,1.36,76.03,114,40.27,0
REC002753,2025-01-23,192.64,882,601,5.52,33.66,122,19.65,5
REC001868,2025-01-23,121.42,875,619,4.82,56.07,122,28.21,15
REC001789,2025-01-24,462.68,914,657,4.4,27.71,113,33.79,0
REC003575,2025-01-24,124.28,861,667,5.8,37.96,116,20.41,5
REC005596,2025-01-25,168.16,944,583,2.91,49.08,107,32.16,5
REC004417,2025-01-25,178.68,851,630,4.1,68.59,124,43.78,20
REC001544,2025-01-25,203.4,916,666,4.05,42.7,119,28.69,10
REC005575,2025-01-26,291.55,863,627,4.67,28.38,113,30.67,20
REC005339,2025-01-27,537.31,943,628,4.54,76.17,118,47.51,0
REC000004,2025-01-27,181.62,909,637,5.96,86.78,122,32.92,15
REC003426,2025-01-27,85.27,914,652,6.4,70.2,120,45.58,20
REC004895,2025-01-27,109.96,905,601,2.33,46.66,104,33.88,20
REC003394,2025-01-27,41.96,923,629,2.78,68.79,123,24.37,15
REC002318,2025-01-27,206.42,880,652,2.86,14.68,113,40.02,30
REC001324,2025-01-29,120.75,882,622,0.8,27.86,131,28.57,5
REC000878,2025-01-29,53.48,920,643,5.34,24.43,124,46.57,10
REC002645,2025-01-29,96.32,915,626,4.39,44.67,115,33.47,0
REC002831,2025-01-29,167.75,918,647,2.95,41.01,129,51.4,15
REC004965,2025-01-29,457.93,859,651,3.86,39.31,110,26.96,5
REC001770,2025-01-30,390.8,929,603,3.79,27.29,105,37.3,5
REC000688,2025-01-30,178.62,943,646,3.46,25.91,123,39.73,20
REC001040,2025-01-30,161.03,926,671,2.44,43.0,116,22.62,10
REC005447,2025-01-30,262.95,883,645,2.78,27.95,116,41.64,10
REC003072,2025-01-30,98.91,911,662,3.59,32.31,116,31.2,10
REC002050,2025-01-31,47.18,905,666,5.01,29.38,113,24.83,0
REC002460,2025-01-31,91.71,862,616,3.55,57.54,108,32.4,5
REC004531,2025-02-01,73.4,926,650,2.84,52.86,110,38.73,5
REC000358,2025-02-02,518.86,875,641,5.52,19.81,111,35.26,10
REC005132,2025-02-02,191.73,891,646,3.17,51.54,125,26.84,5
REC005582,2025-02-02,275.93,924,654,4.44,40.44,101,22.43,5
REC002908,2025-02-02,66.64,881,589,4.32,16.85,102,44.95,10
REC004510,2025-02-02,131.02,908,640,3.53,74.84,120,37.0,10
REC001840,2025-02-02,243.42,862,622,3.88,58.12,127,34.61,5
REC001457,2025-02-03,92.05,952,647,3.5,37.53,108,36.31,20
REC004212,2025-02-03,215.72,918,621,4.12,21.76,125,26.0,20
REC002964,2025-02-03,173.49,910,590,5.97,54.01,119,33.28,30
REC005413,2025-02-03,111.49,971,625,2.63,21.01,115,48.88,10
REC004613,2025-02-04,145.5,909,660,4.84,27.51,117,30.6,15
REC005607,2025-02-04,104.83,894,629,2.92,23.59,108,33.9,10
REC000380,2025-02-04,317.34,929,593,4.7,30.48,94,37.39,20
REC004915,2025-02-04,50.47,926,644,3.45,18.81,109,25.55,0
REC003807,2025-02-04,613.79,869,628,4.31,85.64,133,15.4,5
REC001701,2025-02-04,185.14,873,640,2.86,50.48,118,8.0,10
REC001568,2025-02-04,62.88,867,632,0.93,17.4,115,25.08,10
REC005909,2025-02-05,174.29,880,634,2.75,80.31,114,37.09,20
REC004601,2025-02-05,383.56,936,650,3.19,71.22,105,40.98,25
REC001988,2025-02-05,324.72,917,622,3.3,31.2,106,39.47,5
REC004848,2025-02-05,218.8,909,632,2.05,32.52,125,23.34,15
REC003621,2025-02-05,144.92,928,632,6.46,33.68,117,43.3,10
REC003944,2025-02-05,271.55,939,597,3.2,16.36,131,47.83,10
REC000260,2025-02-06,342.82,896,653,5.29,48.93,121,38.9,5
REC000971,2025-02-06,288.88,928,659,3.73,34.41,137,21.39,0
REC004309,2025-02-06,134.28,852,614,3.01,136.85,130,30.69,30
REC002597,2025-02-07,411.45,921,674,5.4,58.52,99,46.96,15
REC001629,2025-02-07,98.97,927,630,3.75,36.06,109,33.96,10
REC000110,2025-02-07,137.21,896,654,3.72,56.46,118,23.4,15
REC005973,2025-02-07,51.3,902,639,5.19,51.79,111,37.71,15
REC003138,2025-02-07,134.04,905,634,3.96,30.4,121,43.0,0
REC004330,2025-02-08,226.49,880,626,1.9,80.02,120,51.4,25
REC005590,2025-02-08,106.34,939,620,3.78,79.72,114,46.56,20
REC005834,2025-02-08,114.87,901,686,3.04,60.56,130,31.25,0
REC004835,2025-02-08,743.91,870,632,2.65,58.15,124,29.49,0
REC002737,2025-02-08,170.54,916,645,5.85,115.52,132,27.88,25
REC003064,2025-02-08,93.29,950,600,5.15,30.85,131,30.41,25
REC002949,2025-02-09,282.5,903,629,4.7,34.87,105,45.36,0
REC001495,2025-02-09,237.42,893,670,4.03,46.35,108,40.23,0
REC004031,2025-02-09,215.83,886,580,4.27,84.8,99,51.42,15
REC001710,2025-02-10,418.6,943,614,2.17,15.32,130,33.51,15
REC002211,2025-02-10,171.55,914,653,3.09,28.12,119,22.94,10
REC000944,2025-02-10,154.26,885,623,3.17,13.04,116,45.25,5
REC005632,2025-02-10,283.0,918,660,5.2,28.94,116,55.16,5
REC005712,2025-02-10,210.62,885,695,3.42,66.23,106,54.46,10
REC005980,2025-02-10,39.15,905,637,4.13,28.7,101,26.67,15
REC000946,2025-02-10,596.94,911,656,5.75,20.92,126,55.99,15
REC000207,2025-02-10,241.52,890,655,4.6,30.21,101,19.51,15
REC005878,2025-02-11,78.48,903,676,2.85,28.42,112,27.31,5
REC004122,2025-02-11,56.47,905,649,4.14,24.07,108,62.72,10
REC001683,2025-02-11,112.62,909,619,5.31,104.32,118,32.36,15
REC000898,2025-02-12,223.95,892,657,2.26,37.86,107,46.23,20
REC002605,2025-02-12,117.21,896,642,3.43,76.23,121,20.36,15
REC001752,2025-02-12,91.61,886,637,3.73,67.58,108,25.69,20
REC004241,2025-02-12,224.74,916,624,3.44,50.27,107,62.05,15
REC000484,2025-02-13,480.58,954,642,2.84,24.08,111,15.59,10
REC003141,2025-02-13,254.56,935,630,1.66,39.37,112,49.14,5
REC003275,2025-02-13,366.15,910,674,4.98,50.72,132,27.14,10
REC005020,2025-02-13,126.74,945,614,3.91,21.29,106,48.09,10
REC001980,2025-02-13,111.54,961,639,3.43,12.33,109,50.46,10
REC005822,2025-02-13,125.06,881,630,6.14,52.74,130,41.67,0
REC000635,2025-02-13,91.28,922,655,3.39,34.94,113,28.5,10
REC002415,2025-02-14,54.05,894,642,2.81,23.22,99,23.18,0
REC000500,2025-02-14,147.98,931,670,3.79,61.76,109,44.67,5
REC003947,2025-02-14,82.53,866,614,2.77,53.51,127,38.4,30
REC001338,2025-02-14,164.95,851,633,4.31,39.83,131,24.38,15
REC001851,2025-02-15,165.73,906,619,1.93,103.72,105,38.95,5
REC002111,2025-02-15,62.9,906,607,4.71,34.92,123,24.46,10
REC000813,2025-02-15,71.92,927,623,4.28,31.41,107,30.2,0
REC001449,2025-02-15,85.73,921,649,2.88,46.16,120,42.76,10
REC002583,2025-02-16,138.56,892,630,3.49,80.18,98,58.63,10
REC002057,2025-02-16,314.54,912,621,5.54,35.58,111,45.84,10
REC002771,2025-02-16,125.75,951,644,3.37,26.54,121,35.9,15
REC001460,2025-02-16,378.07,916,663,5.11,111.53,124,30.05,0
REC003743,2025-02-17,108.52,955,685,3.96,55.74,118,47.47,20
REC001832,2025-02-17,289.63,865,673,2.39,38.31,107,45.44,15
REC002730,2025-02-17,145.28,911,648,1.21,44.08,103,25.98,15
REC005881,2025-02-17,287.29,913,644,3.48,27.74,113,40.26,10
REC004354,2025-02-18,172.24,857,643,3.18,54.7,119,32.78,20
REC004768,2025-02-18,69.74,877,630,3.5,39.43,118,41.9,20
REC005612,2025-02-19,231.13,907,632,5.86,96.6,103,44.34,10
REC004922,2025-02-19,349.64,886,631,5.09,17.02,112,37.8,25
REC001128,2025-02-19,155.76,949,703,3.06,62.31,109,33.23,15
REC001334,2025-02-19,308.82,880,647,4.9,67.73,103,54.07,0
REC002297,2025-02-20,89.08,951,664,4.35,18.69,122,30.72,20
REC000566,2025-02-20,94.96,901,658,4.19,31.3,112,62.38,20
REC003724,2025-02-21,191.3,840,634,2.34,34.64,110,36.96,20
REC000007,2025-02-21,133.73,894,630,4.96,43.84,142,15.14,20
REC004514,2025-02-21,119.47,900,623,4.42,55.62,96,39.88,15
REC003457,2025-02-21,133.77,868,658,6.45,28.37,111,36.86,10
REC001436,2025-02-22,178.88,908,643,2.0,32.98,122,33.01,20
REC005338,2025-02-22,224.7,861,634,4.2,44.41,106,37.75,20
REC004901,2025-02-22,465.37,935,622,2.85,102.91,113,14.19,0
REC003367,2025-02-22,77.73,880,712,4.38,66.01,115,43.97,20
REC000939,2025-02-23,90.31,892,669,3.91,161.7,118,16.4,10
REC005693,2025-02-23,79.08,903,625,2.98,37.02,114,37.63,0
REC001548,2025-02-23,467.02,942,589,3.41,42.07,107,40.53,0
REC004051,2025-02-23,270.4,931,653,4.42,15.61,104,30.42,15
REC000272,2025-02-24,104.8,923,628,3.29,40.44,102,39.33,25
REC005879,2025-02-24,327.54,895,578,5.15,26.39,99,41.99,0
REC000359,2025-02-24,300.3,906,632,3.97,59.07,121,53.1,15
REC003022,2025-02-24,167.83,909,613,3.9,26.61,136,26.94,15
REC000621,2025-02-24,102.87,863,647,4.74,13.15,125,36.25,25
REC000779,2025-02-25,258.82,879,620,2.5,34.92,120,62.99,25
REC000583,2025-02-25,105.1,918,622,4.37,38.5,108,43.22,10
REC001358,2025-02-25,40.82,900,658,4.55,20.96,127,37.18,25
REC001247,2025-02-25,248.42,867,655,4.1,39.71,126,46.68,15
REC001165,2025-02-25,123.05,926,630,3.78,25.07,128,23.6,10
REC004713,2025-02-26,192.93,944,698,2.72,42.86,121,47.55,15
REC005855,2025-02-26,665.06,920,653,4.1,46.71,115,45.54,10
REC004781,2025-02-26,103.66,891,623,5.51,41.24,99,22.72,30
REC001411,2025-02-26,79.17,897,634,4.3,33.93,97,45.57,15
REC002366,2025-02-26,92.0,905,632,4.05,35.87,131,24.27,20
REC004975,2025-02-26,124.0,878,655,2.22,44.72,130,36.63,30
REC000357,2025-02-26,208.54,912,624,5.75,32.1,121,35.6,30
REC000066,2025-02-27,82.29,906,684,4.68,68.45,121,31.45,15
REC001619,2025-02-27,58.4,908,662,4.43,25.63,120,33.24,10
REC003648,2025-02-28,323.66,912,627,2.7,16.88,100,29.02,5
REC002825,2025-02-28,138.75,923,633,5.31,34.63,128,22.92,15
REC004219,2025-02-28,807.88,903,636,3.59,33.25,122,33.36,0
REC000173,2025-02-28,500.2,949,601,1.92,35.08,91,31.99,20
REC001514,2025-02-28,194.78,925,615,5.59,93.71,116,58.32,10
REC004728,2025-03-01,157.77,946,624,5.45,19.45,123,34.06,20
REC004796,2025-03-01,135.36,869,635,3.99,77.82,119,37.83,5
REC003082,2025-03-01,45.62,887,636,3.27,38.73,118,63.13,5
REC004647,2025-03-01,272.27,928,672,3.99,54.38,114,39.64,15
REC003348,2025-03-02,383.6,918,670,2.73,44.3,130,37.98,10
REC004062,2025-03-02,713.83,897,625,5.08,143.8,117,22.74,0
REC000648,2025-03-02,156.26,952,621,4.28,33.02,126,47.84,15
REC002479,2025-03-03,289.06,915,667,6.88,45.93,103,37.24,20
REC004277,2025-03-03,161.56,901,636,3.73,50.34,118,37.63,20
REC001329,2025-03-03,124.4,880,631,1.21,51.39,114,37.65,10
REC005718,2025-03-03,179.24,876,642,4.42,55.02,111,47.23,10
REC000634,2025-03-03,309.34,931,606,2.94,64.44,103,26.18,5
REC003106,2025-03-04,499.84,857,658,2.8,68.55,113,38.21,5
REC005872,2025-03-04,311.43,945,634,4.05,34.08,102,11.57,20
REC001813,2025-03-04,95.58,845,618,4.82,36.42,102,34.05,10
REC003840,2025-03-04,101.16,883,654,4.76,31.4,115,45.02,10
REC004883,2025-03-04,120.95,945,625,4.26,45.58,115,33.15,15
REC001528,2025-03-04,180.44,861,619,3.07,19.36,126,54.98,5
REC004818,2025-03-04,60.82,884,623,3.69,56.5,122,31.02,30
REC002061,2025-03-04,97.55,869,642,3.09,63.13,106,57.57,20
REC005193,2025-03-04,152.9,906,629,2.42,35.27,120,50.72,5
REC000033,2025-03-05,92.18,879,662,5.94,16.85,117,37.18,25
REC005922,2025-03-05,69.3,891,651,5.2,25.73,116,66.04,15
REC003793,2025-03-05,278.52,852,641,4.88,28.74,107,33.28,20
REC000397,2025-03-05,338.22,893,654,2.05,51.17,111,36.78,10
REC004094,2025-03-05,119.15,871,659,2.53,62.37,115,38.03,20
REC001181,2025-03-05,116.41,896,623,3.59,96.68,111,33.72,15
REC003649,2025-03-05,62.62,842,632,7.7,31.24,133,74.46,0
REC000233,2025-03-06,109.31,903,660,3.2,52.93,114,23.23,5
REC004055,2025-03-06,52.76,878,650,3.45,29.69,116,39.57,30
REC001500,2025-03-06,176.47,913,603,3.97,42.94,127,19.08,30
REC004937,2025-03-06,151.29,909,631,3.53,38.6,112,55.73,15
REC002767,2025-03-06,107.53,878,654,4.3,96.7,131,28.39,15
REC003164,2025-03-07,314.34,873,617,3.97,69.47,118,22.39,5
REC000588,2025-03-07,117.91,945,616,4.83,67.3,123,51.18,10
REC005812,2025-03-07,503.11,910,598,3.8,76.43,115,33.68,15
REC005816,2025-03-07,75.73,866,638,5.33,34.24,111,32.83,10
REC005937,2025-03-08,160.88,857,612,3.23,12.12,122,40.45,0
REC001254,2025-03-08,515.85,885,668,2.59,31.67,129,40.16,10
REC005594,2025-03-09,195.68,871,608,2.7,48.17,131,37.54,10
REC002191,2025-03-09,126.39,950,662,4.19,79.46,121,63.09,15
REC000756,2025-03-09,63.04,865,668,4.17,53.26,119,44.19,10
REC000985,2025-03-09,97.98,885,669,2.46,12.09,107,34.03,10
REC003705,2025-03-09,60.01,900,652,3.34,26.82,110,41.8,15
REC001270,2025-03-09,295.08,882,619,3.44,43.9,115,35.91,20
REC005437,2025-03-10,89.67,984,616,3.45,27.93,113,35.12,25
REC001615,2025-03-10,90.19,938,659,4.63,33.03,107,16.18,20
REC002691,2025-03-10,170.71,924,644,4.38,33.28,108,41.19,0
REC005738,2025-03-10,103.36,898,680,4.83,52.66,124,42.39,25
REC003447,2025-03-10,104.93,949,658,4.23,18.46,114,31.96,5
REC002532,2025-03-10,370.12,912,602,3.72,15.81,104,42.58,10
REC001448,2025-03-10,287.0,877,711,3.02,38.68,131,33.18,0
REC002785,2025-03-11,317.7,906,617,4.57,32.19,121,25.03,25
REC004929,2025-03-11,185.38,892,604,4.6,38.69,122,49.0,20
REC000131,2025-03-11,71.61,935,631,5.09,61.4,122,53.58,25
REC001298,2025-03-11,65.43,899,582,3.49,37.12,116,46.16,15
REC003079,2025-03-11,125.62,889,661,3.82,85.72,114,27.86,20
REC005006,2025-03-12,227.83,911,647,3.21,24.49,137,40.22,10
REC000538,2025-03-12,133.18,857,668,4.52,28.56,108,26.79,25
REC003808,2025-03-12,319.18,865,683,2.53,55.51,111,50.45,0
REC002289,2025-03-13,250.29,953,659,0.8,35.45,125,39.28,0
REC004484,2025-03-13,159.5,918,642,3.35,23.07,103,42.13,15
REC003193,2025-03-13,151.16,915,622,3.65,60.62,112,28.71,5
REC005804,2025-03-14,381.88,881,621,3.85,33.47,105,33.95,25
REC002206,2025-03-14,42.99,868,652,4.53,52.86,124,42.74,10
REC000323,2025-03-14,97.24,929,613,3.54,41.24,125,43.91,10
REC001646,2025-03-14,70.59,906,608,3.01,74.97,119,43.97,10
REC003958,2025-03-15,186.69,928,679,5.13,51.5,119,40.18,25
REC003851,2025-03-15,122.22,898,603,3.9,25.03,102,29.15,15
REC001420,2025-03-15,139.52,867,698,5.02,25.21,124,25.53,15
REC005670,2025-03-15,102.21,917,646,4.35,48.29,120,38.51,10
REC003628,2025-03-16,304.2,907,668,3.51,23.93,112,31.66,20
REC000783,2025-03-16,237.48,924,588,4.51,40.95,101,37.76,15
REC000866,2025-03-16,315.19,843,620,5.35,48.82,115,42.11,0
REC004954,2025-03-16,156.57,862,678,5.07,47.11,115,31.94,20
REC001889,2025-03-17,226.67,901,586,4.5,27.2,106,38.53,10
REC003186,2025-03-17,136.44,888,662,2.96,92.41,104,33.69,0
REC004014,2025-03-17,208.45,911,620,5.54,51.93,119,45.54,10
REC003084,2025-03-17,25.48,878,588,5.53,24.64,127,27.85,10
REC000695,2025-03-18,257.45,923,637,1.86,20.18,113,28.93,5
REC005965,2025-03-18,194.38,926,621,3.67,52.35,112,41.41,5
REC005291,2025-03-19,86.45,876,624,6.6,57.81,115,61.81,20
REC003036,2025-03-20,146.31,894,611,4.1,69.77,117,36.91,10
REC004967,2025-03-20,66.49,874,649,2.89,60.59,126,24.52,20
REC001496,2025-03-20,372.66,908,659,3.87,113.05,121,51.44,5
REC000890,2025-03-21,118.87,848,646,3.2,52.62,121,47.44,5
REC004089,2025-03-21,161.62,891,654,6.19,24.67,119,33.68,0
REC000894,2025-03-21,72.37,881,669,3.4,91.12,129,45.6,10
REC002488,2025-03-21,134.74,887,666,4.83,57.95,131,37.86,10
REC005210,2025-03-22,159.73,886,626,4.29,70.37,110,45.18,20
REC000481,2025-03-22,64.77,912,649,3.1,55.33,127,39.19,30
REC002110,2025-03-22,286.07,891,633,2.43,40.71,108,32.4,30
REC002571,2025-03-22,65.27,908,656,3.8,26.8,120,28.88,5
REC000271,2025-03-22,220.74,858,634,5.11,86.23,118,28.15,5
REC002622,2025-03-23,198.2,887,632,5.25,29.25,113,42.93,0
REC001604,2025-03-23,162.12,922,655,3.86,12.55,118,12.74,10
REC002326,2025-03-24,89.61,860,649,3.59,16.66,105,43.55,15
REC004872,2025-03-24,71.71,931,630,3.67,93.48,130,72.03,5
REC000059,2025-03-24,275.09,929,644,4.05,46.03,115,36.87,5
REC005998,2025-03-24,94.11,911,684,4.57,20.9,112,28.35,15
REC001791,2025-03-24,200.77,940,631,6.51,9.73,108,22.92,5
REC005616,2025-03-24,111.06,930,615,3.5,25.55,102,45.79,15
REC002916,2025-03-24,120.47,892,645,2.8,46.84,102,44.8,15
REC003921,2025-03-26,210.93,905,641,3.37,35.48,104,23.79,15
REC003908,2025-03-26,194.55,896,607,2.51,30.63,118,23.41,25
REC001577,2025-03-26,488.89,907,646,2.98,18.62,120,43.93,10
REC001715,2025-03-26,114.02,865,667,3.77,35.06,102,53.42,25
REC004085,2025-03-26,378.96,890,634,2.9,75.2,123,22.29,5
REC005567,2025-03-26,143.64,888,625,2.99,26.57,115,36.6,30
REC001232,2025-03-27,53.58,873,650,4.29,89.27,105,26.03,5
REC004224,2025-03-27,85.34,874,636,4.3,79.83,124,34.34,10
REC001995,2025-03-27,282.61,906,659,4.36,30.55,133,20.95,25
REC001523,2025-03-27,130.35,891,667,4.25,37.82,139,31.83,5
REC001244,2025-03-27,156.73,903,615,2.94,36.67,120,50.48,25
REC003502,2025-03-27,159.77,882,677,5.25,29.55,115,38.53,15
REC000327,2025-03-28,105.23,886,650,4.7,34.43,108,20.37,0
REC005360,2025-03-28,52.32,906,630,3.23,34.19,131,21.89,15
REC005212,2025-03-28,186.01,880,650,4.02,34.41,107,50.99,10
REC002458,2025-03-28,242.6,939,652,2.92,84.52,128,25.15,10
REC005968,2025-03-29,162.71,874,622,3.91,13.49,120,27.05,30
REC003644,2025-03-29,60.83,898,599,4.53,89.3,105,48.68,15
REC000595,2025-03-29,276.18,904,572,3.63,32.33,120,58.23,10
REC004468,2025-03-29,214.22,886,641,5.91,66.03,113,54.3,30
REC001062,2025-03-30,135.68,923,626,3.58,42.75,88,44.86,25
REC002301,2025-03-30,384.49,893,624,5.9,39.63,109,36.21,10
REC001838,2025-03-30,51.08,952,620,3.55,18.54,113,13.14,5
REC000586,2025-03-30,115.19,907,618,3.84,45.16,123,26.64,5
REC000796,2025-03-30,133.3,881,646,3.93,75.0,102,38.93,5
REC003382,2025-03-31,60.61,853,634,3.99,18.44,104,50.49,15
REC005585,2025-04-01,275.74,951,661,3.04,26.49,128,44.99,0
REC000803,2025-04-01,242.34,941,660,4.09,32.97,126,33.07,20
REC005997,2025-04-01,304.12,873,635,4.11,26.8,112,23.13,5
REC002251,2025-04-01,111.57,912,624,3.88,35.42,108,36.4,15
REC005430,2025-04-01,137.97,869,654,4.34,51.58,102,32.43,25
REC005971,2025-04-01,129.09,908,630,2.68,18.77,113,42.97,20
REC001873,2025-04-02,158.39,911,598,3.0,34.35,115,42.56,10
REC004324,2025-04-02,88.42,908,626,2.19,27.75,103,36.23,5
REC004230,2025-04-02,93.6,941,622,4.71,98.02,116,22.34,25
REC004172,2025-04-03,37.85,894,634,4.08,21.8,113,39.41,15
REC002855,2025-04-03,52.55,968,649,4.51,58.25,127,34.2,10
REC004228,2025-04-03,88.45,892,653,5.16,48.65,134,11.98,20
REC004671,2025-04-03,129.08,899,655,2.99,14.0,120,22.58,15
REC001115,2025-04-04,119.04,894,600,4.74,28.41,108,50.57,15
REC004263,2025-04-05,45.77,894,629,4.36,65.07,110,51.24,5
REC000822,2025-04-05,208.53,917,634,1.83,41.53,112,39.79,25
REC002589,2025-04-06,114.23,915,671,4.2,11.56,108,37.72,15
REC005985,2025-04-06,147.26,929,616,2.17,55.3,119,8.0,30
REC002425,2025-04-06,83.99,923,623,2.79,18.92,124,38.83,5
REC003723,2025-04-06,281.33,906,630,2.88,44.55,112,50.6,5
REC005278,2025-04-07,358.64,941,655,2.49,35.94,111,13.25,10
REC000736,2025-04-07,83.94,940,628,4.68,62.03,128,20.6,15
REC003519,2025-04-07,513.21,948,632,3.33,81.06,120,35.78,15
REC003415,2025-04-07,170.86,930,610,4.6,56.3,97,51.55,15
REC001892,2025-04-08,407.7,926,668,4.18,38.48,121,38.53,25
REC002624,2025-04-09,191.13,927,588,3.62,97.39,102,41.62,0
REC004461,2025-04-09,62.57,895,615,4.81,61.62,107,20.96,30
REC001322,2025-04-09,78.36,893,652,4.47,60.24,106,37.19,30
REC002310,2025-04-09,170.19,910,650,3.85,134.58,126,53.51,15
REC004746,2025-04-10,145.23,905,633,3.76,34.87,120,31.52,0
REC001950,2025-04-10,92.89,910,662,2.96,21.63,124,60.58,5
REC002257,2025-04-10,532.42,824,657,2.79,41.4,114,50.92,0
REC003789,2025-04-11,184.46,897,657,2.94,74.89,110,31.01,15
REC002650,2025-04-11,60.95,890,631,4.45,113.35,133,32.9,5
REC003844,2025-04-12,243.6,892,634,3.65,16.0,110,50.98,15
REC000812,2025-04-12,187.58,896,629,3.81,45.56,116,35.68,5
REC000293,2025-04-12,136.0,886,642,3.0,56.61,108,27.16,15
REC003021,2025-04-12,221.83,890,636,2.35,33.49,112,28.55,10
REC002127,2025-04-12,54.15,923,660,3.05,50.87,122,39.63,5
REC004473,2025-04-12,680.81,918,635,4.41,39.19,117,49.41,10
REC005039,2025-04-13,191.77,894,607,3.59,51.82,131,22.5,15
REC002760,2025-04-13,141.05,887,621,4.95,34.49,120,11.24,10
REC001327,2025-04-13,130.75,859,640,2.75,27.01,114,25.77,25
REC003916,2025-04-14,180.82,908,603,2.73,22.54,125,29.04,25
REC002867,2025-04-14,108.92,894,636,2.53,39.51,106,65.05,15
REC000032,2025-04-15,108.59,892,639,4.15,55.8,110,47.69,5
REC001795,2025-04-15,44.2,920,670,3.2,32.46,116,36.97,15
REC002761,2025-04-15,204.76,859,616,3.86,85.51,113,51.86,10
REC001680,2025-04-15,114.14,872,648,3.69,23.34,110,61.9,20
REC002022,2025-04-16,592.19,868,612,2.97,50.52,117,40.8,10
REC005785,2025-04-16,25.75,919,619,4.17,42.81,127,55.57,5
REC001150,2025-04-17,347.85,908,612,4.52,25.23,104,36.2,20
REC004183,2025-04-17,272.6,849,623,4.34,12.74,137,9.04,10
REC001176,2025-04-17,238.32,905,622,4.44,51.45,108,56.02,5
REC003274,2025-04-17,167.54,909,649,5.1,37.51,115,33.52,0
REC002483,2025-04-17,118.51,911,645,1.84,27.31,117,30.15,5
REC002899,2025-04-18,119.14,889,622,2.02,30.48,117,40.09,15
REC005454,2025-04-18,149.47,926,645,3.39,45.04,100,26.64,10
REC000442,2025-04-18,85.34,905,649,3.65,35.68,109,42.33,15
REC000473,2025-04-18,168.08,842,582,4.67,26.8,120,15.0,5
REC004071,2025-04-18,132.92,900,653,2.37,36.27,117,36.15,25
REC000056,2025-04-19,268.94,901,616,4.26,74.94,115,26.41,15
REC005893,2025-04-19,80.8,879,631,3.7,55.01,108,47.51,20
REC003972,2025-04-19,223.94,901,662,2.92,49.03,134,43.62,15
REC000036,2025-04-19,286.51,882,640,4.73,28.91,132,45.98,10
REC003014,2025-04-20,37.94,936,641,3.42,28.42,122,8.0,20
REC002145,2025-04-20,113.25,895,617,1.84,51.86,131,30.41,10
REC005167,2025-04-20,172.36,909,670,3.85,11.49,129,26.58,15
REC004181,2025-04-20,223.54,942,641,4.97,80.43,127,25.83,10
REC005512,2025-04-21,181.91,919,612,4.06,51.93,113,34.69,10
REC002536,2025-04-21,278.74,923,675,3.97,53.68,122,51.86,10
REC004415,2025-04-21,51.21,888,634,3.27,26.69,124,35.58,20
REC005481,2025-04-22,58.21,918,615,4.29,55.74,99,10.31,15
REC003440,2025-04-22,92.25,894,650,2.58,14.49,119,49.68,15
REC003544,2025-04-23,194.59,903,614,2.76,38.25,107,44.99,5
REC005683,2025-04-23,71.01,850,669,2.59,17.95,118,46.52,30
REC001975,2025-04-24,99.03,901,651,4.31,15.7,124,37.88,20
REC005417,2025-04-24,227.97,893,679,4.15,46.76,88,33.64,5
REC005404,2025-04-24,74.68,840,621,2.12,22.12,104,30.82,10
REC001419,2025-04-24,59.85,882,628,2.54,82.22,117,45.65,20
REC001452,2025-04-24,211.85,849,612,1.67,29.75,128,47.33,5
REC003165,2025-04-25,366.67,872,628,3.43,15.47,100,8.0,0
REC001126,2025-04-25,252.62,975,654,2.91,26.38,123,23.24,15
REC005478,2025-04-25,119.87,934,673,1.79,31.77,123,31.47,10
REC003967,2025-04-25,344.78,896,613,2.84,44.56,123,31.07,20
REC004765,2025-04-25,466.48,921,597,3.58,23.21,130,38.16,30
REC001731,2025-04-25,147.14,882,667,4.17,15.95,120,33.27,15
REC000229,2025-04-25,408.7,942,660,2.53,22.53,123,54.47,20
REC000068,2025-04-25,57.07,895,650,2.22,24.23,129,52.1,25
REC001102,2025-04-26,121.52,923,632,2.32,96.55,100,30.51,0
REC004982,2025-04-26,36.59,907,665,2.77,60.3,141,32.62,15
REC004457,2025-04-26,465.03,930,596,4.09,51.99,110,52.85,10
REC000577,2025-04-26,136.95,864,621,1.73,70.4,126,8.0,20
REC001395,2025-04-26,180.75,925,615,4.5,45.95,109,56.43,20
REC001051,2025-04-26,45.96,915,615,3.57,31.11,99,23.07,25
REC000190,2025-04-26,78.31,876,663,2.73,58.35,115,49.21,0
REC004264,2025-04-26,261.87,941,634,3.57,18.84,115,45.44,5
REC002950,2025-04-26,52.27,967,612,4.1,63.46,130,57.73,30
REC004282,2025-04-27,39.73,863,674,1.72,11.47,109,44.11,10
REC002073,2025-04-27,160.42,874,628,5.36,97.55,127,35.95,10
REC003114,2025-04-27,560.23,904,590,4.71,34.03,106,38.62,10
REC001319,2025-04-27,127.43,851,610,2.71,59.19,124,37.95,15
REC005572,2025-04-28,76.77,886,651,4.45,47.46,117,29.63,20
REC005889,2025-04-28,121.48,942,630,3.79,69.95,101,34.62,20
REC000389,2025-04-28,519.36,874,616,3.99,39.53,124,40.31,10
REC002626,2025-04-29,484.09,922,663,3.66,27.22,103,47.99,5
REC003040,2025-04-29,85.66,911,620,4.15,27.54,119,43.86,5
REC001042,2025-04-29,134.19,894,651,4.02,59.3,127,24.58,20
REC000949,2025-04-29,175.51,894,619,5.46,61.91,115,27.13,0
REC003175,2025-04-29,62.11,900,650,4.5,21.65,132,30.02,10
REC003420,2025-04-30,176.44,931,671,4.7,26.63,134,16.68,10
REC002646,2025-04-30,164.86,889,639,5.23,59.56,133,60.35,15
REC004908,2025-05-01,188.57,903,660,2.78,30.35,114,23.58,25
REC002334,2025-05-01,144.03,932,669,4.22,25.13,107,63.58,15
REC002851,2025-05-01,120.16,875,637,3.44,58.19,113,25.44,10
REC005150,2025-05-01,143.78,930,652,4.35,30.12,125,22.56,15
REC005301,2025-05-01,47.08,931,645,3.51,45.33,97,47.39,15
REC003055,2025-05-01,293.88,896,606,3.35,22.82,126,40.8,10
REC003915,2025-05-01,114.73,927,663,4.73,26.91,100,59.16,15
REC005983,2025-05-02,79.64,868,581,4.12,56.39,116,49.6,10
REC001425,2025-05-02,117.74,910,621,4.05,25.17,114,47.65,30
REC001991,2025-05-02,404.98,917,652,6.8,29.7,108,28.01,20
REC000211,2025-05-03,355.69,893,589,2.64,38.79,107,37.26,25
REC001654,2025-05-03,93.38,922,627,3.76,26.5,125,32.4,30
REC004097,2025-05-03,159.0,861,615,4.03,55.09,109,35.34,5
REC002336,2025-05-03,302.78,887,651,3.67,80.76,117,37.74,15
REC005322,2025-05-03,215.38,924,655,4.79,52.14,126,46.28,30
REC004300,2025-05-03,301.72,901,668,6.33,41.15,112,12.55,5
REC000775,2025-05-04,236.18,930,606,3.09,21.15,130,53.09,20
REC002122,2025-05-04,206.65,938,620,4.7,17.75,114,19.53,0
REC003028,2025-05-04,107.01,868,626,4.04,23.88,126,57.32,5
REC005191,2025-05-04,448.94,884,671,3.09,74.01,109,33.67,10
REC004147,2025-05-04,230.25,883,651,2.83,35.58,119,42.5,10
REC001526,2025-05-04,276.49,884,622,4.21,55.57,126,33.67,10
REC004962,2025-05-05,724.95,963,632,5.92,40.71,121,49.91,5
REC001505,2025-05-05,126.53,899,669,3.81,60.06,112,33.04,0
REC002433,2025-05-05,201.02,921,590,2.84,66.07,113,15.51,15
REC005604,2025-05-05,117.84,840,658,3.75,43.21,114,33.38,10
REC004161,2025-05-05,197.31,928,620,4.77,25.39,105,10.4,0
REC002986,2025-05-05,61.75,894,626,4.19,69.62,94,46.82,0
REC000434,2025-05-06,56.41,919,646,3.6,68.44,111,47.78,10
REC005042,2025-05-06,102.15,945,656,5.54,97.61,115,33.96,30
REC001026,2025-05-07,58.4,944,654,3.59,38.85,129,47.48,15
REC000097,2025-05-07,105.95,900,650,2.14,16.14,101,23.08,10
REC004641,2025-05-07,77.1,912,573,2.85,60.5,112,40.48,10
REC000150,2025-05-07,199.1,910,633,2.46,34.71,116,8.0,5
REC002091,2025-05-07,291.25,889,644,3.97,188.22,99,44.41,5
REC005277,2025-05-07,165.46,895,624,2.56,49.31,115,36.96,10
REC005856,2025-05-07,181.79,914,695,5.04,111.95,122,38.74,25
REC004293,2025-05-08,162.31,951,589,4.35,62.35,116,50.98,10
REC000610,2025-05-08,395.0,897,653,4.95,38.93,112,44.23,10
REC001011,2025-05-08,593.97,886,645,5.97,74.2,118,35.15,10
REC001983,2025-05-08,298.76,908,647,4.87,26.01,109,26.08,5
REC005708,2025-05-09,257.01,886,613,1.75,41.46,91,17.89,10
REC002895,2025-05-09,95.72,922,603,3.94,59.12,100,33.55,10
REC003399,2025-05-09,182.21,928,638,2.73,44.4,108,40.65,10
REC003673,2025-05-09,162.73,877,643,4.99,44.45,90,28.21,10
REC004511,2025-05-10,148.22,855,624,3.15,21.96,124,40.3,15
REC002208,2025-05-10,141.3,943,641,2.56,25.86,128,18.59,5
REC003167,2025-05-10,200.04,850,619,3.99,53.37,129,43.16,0
REC000943,2025-05-10,168.63,886,624,4.45,40.47,110,27.87,15
REC000441,2025-05-10,33.18,935,638,4.2,137.42,118,53.52,25
REC002911,2025-05-10,97.73,906,637,4.01,56.28,121,59.11,30
REC005458,2025-05-11,197.75,868,642,1.94,25.22,118,26.11,5
REC003763,2025-05-11,269.03,943,629,4.78,41.03,105,42.0,10
REC005397,2025-05-12,274.05,893,628,3.21,31.58,126,37.49,10
REC003429,2025-05-12,110.94,868,676,3.01,21.5,104,44.63,30
REC005502,2025-05-12,233.13,910,637,4.93,41.39,121,35.03,0
REC004663,2025-05-12,121.46,937,650,3.86,18.49,128,50.03,10
REC005143,2025-05-12,132.22,920,666,5.09,62.67,113,44.4,10
REC001837,2025-05-12,273.95,883,668,1.47,31.54,111,36.26,5
REC004755,2025-05-13,155.09,910,601,6.48,20.21,97,40.3,15
REC005730,2025-05-13,129.54,868,660,2.01,130.64,108,29.78,30
REC001778,2025-05-13,55.45,951,633,4.31,75.2,113,44.77,20
REC003836,2025-05-13,105.6,965,649,4.29,24.97,97,48.29,10
REC003497,2025-05-13,122.29,910,588,5.23,22.43,106,30.2,25
REC002040,2025-05-13,230.89,862,675,2.81,69.43,108,45.23,20
REC000475,2025-05-14,340.33,910,623,3.14,32.34,109,33.39,15
REC000861,2025-05-14,136.49,858,689,4.47,17.47,103,19.79,5
REC005233,2025-05-14,129.18,885,632,3.34,34.14,114,20.53,5
REC000146,2025-05-15,251.54,890,658,3.11,35.9,111,26.06,20
REC000160,2025-05-15,877.55,921,627,4.85,26.5,102,53.61,15
REC004598,2025-05-15,180.31,882,655,3.16,24.08,127,37.17,20
REC000217,2025-05-16,218.07,892,605,4.55,23.57,111,38.12,10
REC003795,2025-05-16,111.45,945,617,4.61,81.8,125,48.76,15
REC001550,2025-05-16,114.78,936,619,2.71,30.83,110,33.94,10
REC003285,2025-05-16,170.48,894,657,1.95,27.75,107,25.26,5
REC002320,2025-05-16,215.45,902,656,3.56,26.52,116,51.91,20
REC003166,2025-05-16,208.82,854,610,3.64,141.38,117,42.81,15
REC001570,2025-05-17,238.35,883,656,1.14,95.7,104,27.52,5
REC004947,2025-05-17,267.29,897,635,5.55,35.96,111,51.17,20
REC000901,2025-05-17,162.19,922,620,3.99,65.89,119,45.39,5
REC001192,2025-05-17,126.63,883,628,5.13,22.6,106,29.65,15
REC001333,2025-05-17,280.54,890,634,1.35,26.33,119,60.03,5
REC000023,2025-05-17,96.8,896,656,1.33,25.31,115,56.58,30
REC004313,2025-05-17,290.88,845,668,3.28,23.72,127,49.23,10
REC003637,2025-05-18,57.87,913,618,4.48,108.47,121,64.03,5
REC005363,2025-05-18,84.05,938,678,3.88,92.92,103,24.07,5
REC003461,2025-05-18,145.79,884,674,4.59,35.75,135,31.62,10
REC002846,2025-05-18,195.58,909,627,3.59,69.49,107,46.41,0
REC004943,2025-05-19,240.98,935,637,3.82,21.28,129,58.93,5
REC003961,2025-05-19,128.77,912,711,2.95,22.37,117,38.09,10
REC000406,2025-05-20,18.56,935,593,1.48,41.69,117,19.68,0
REC004432,2025-05-20,53.06,927,657,4.53,24.49,141,23.06,0
REC002576,2025-05-20,250.8,916,607,3.98,34.99,142,53.91,10
REC001522,2025-05-20,264.13,867,701,2.44,25.45,113,18.46,0
REC004878,2025-05-20,98.9,900,574,3.38,36.93,119,41.61,0
REC002307,2025-05-20,260.77,896,666,4.21,24.21,128,30.55,10
REC002703,2025-05-20,93.82,928,623,5.37,46.63,133,50.81,5
REC002402,2025-05-21,139.47,877,625,4.67,24.36,118,40.38,10
REC001501,2025-05-21,48.71,890,645,4.33,53.14,118,40.56,15
REC001248,2025-05-21,107.37,928,628,1.82,83.13,120,38.76,5
REC001530,2025-05-21,91.97,846,636,3.31,33.81,114,56.6,15
REC004286,2025-05-22,153.88,845,626,5.04,60.77,117,26.03,10
REC003657,2025-05-22,115.67,898,640,3.15,36.29,101,57.89,25
REC005796,2025-05-22,80.01,894,648,3.27,27.77,105,30.16,20
REC004394,2025-05-22,139.92,926,633,4.11,24.71,123,47.75,10
REC000008,2025-05-23,40.67,869,630,4.1,8.85,102,21.13,0
REC000787,2025-05-23,173.01,877,656,4.52,32.77,115,24.11,15
REC004400,2025-05-23,95.79,899,650,4.87,47.54,121,57.8,20
REC005181,2025-05-23,375.37,903,625,2.67,35.8,107,41.4,10
REC003377,2025-05-23,348.56,901,674,4.47,33.38,130,45.75,15
REC003855,2025-05-23,114.43,934,624,3.81,73.75,114,36.4,10
REC004485,2025-05-23,68.38,917,661,4.57,186.34,120,46.24,25
REC000168,2025-05-24,114.09,927,653,4.03,17.22,110,50.02,20
REC001461,2025-05-24,39.78,890,606,3.83,61.66,121,44.08,10
REC002563,2025-05-24,78.08,877,640,5.3,67.28,123,29.95,10
REC001197,2025-05-25,46.13,875,641,5.31,40.57,123,32.86,25
REC004421,2025-05-25,330.03,910,634,2.74,16.05,114,43.28,15
REC002195,2025-05-25,125.94,917,672,5.48,50.66,102,14.48,5
REC001788,2025-05-25,172.67,923,645,5.75,75.6,109,31.42,15
REC001235,2025-05-25,129.57,968,691,5.33,41.36,120,50.12,15
REC003897,2025-05-25,40.75,893,659,3.08,37.3,135,41.74,15
REC000391,2025-05-25,123.37,949,618,3.47,20.36,120,35.38,15
REC005446,2025-05-25,174.71,946,590,3.95,37.89,114,55.71,10
REC001343,2025-05-26,561.83,910,611,2.5,23.43,101,31.79,10
REC000833,2025-05-26,114.77,892,687,6.21,14.32,114,40.36,15
REC001736,2025-05-27,74.57,932,637,2.98,30.6,114,54.34,25
REC003491,2025-05-27,168.65,847,652,2.78,71.31,115,29.93,10
REC005586,2025-05-27,114.0,910,593,4.55,32.62,135,49.06,20
REC000279,2025-05-27,134.16,888,675,2.9,45.09,119,11.64,10
REC001054,2025-05-28,197.75,847,648,3.15,57.93,110,24.76,5
REC005104,2025-05-28,161.35,931,644,5.19,76.43,120,42.66,20
REC005075,2025-05-28,182.71,902,609,3.82,58.03,101,19.27,5
REC000377,2025-05-28,129.63,890,592,1.96,48.75,113,45.03,30
REC000876,2025-05-28,208.07,946,616,3.85,121.02,111,25.89,10
REC003178,2025-05-30,117.13,902,607,3.17,81.72,116,46.17,20
REC002459,2025-05-30,116.82,915,659,4.71,98.53,101,30.04,25
REC002406,2025-05-30,78.88,891,633,3.1,39.53,117,38.7,30
REC002701,2025-05-30,203.99,922,698,4.72,37.7,105,58.32,30
REC005747,2025-05-30,237.27,893,642,4.38,51.23,104,19.7,10
REC000149,2025-05-31,84.23,859,640,3.59,24.18,95,50.6,15
REC000090,2025-05-31,145.31,921,691,2.66,34.82,113,59.09,15
REC004624,2025-05-31,169.38,911,617,4.69,20.29,106,53.61,25
REC000797,2025-06-01,101.55,895,605,5.33,38.82,113,45.83,10
REC004854,2025-06-01,441.89,908,633,3.39,15.83,102,27.65,15
REC000427,2025-06-01,71.63,898,626,3.9,29.1,103,28.56,5
REC000392,2025-06-01,366.34,904,658,3.67,51.8,118,42.57,5
REC002783,2025-06-01,132.75,860,653,2.78,51.5,105,40.78,10
REC000354,2025-06-02,471.89,922,599,1.54,25.0,130,30.68,10
REC002833,2025-06-02,97.05,904,612,4.46,142.58,118,11.43,20
REC002615,2025-06-02,69.78,892,664,4.23,49.32,107,23.09,0
REC000364,2025-06-02,63.85,902,653,2.36,17.35,115,27.34,10
REC002396,2025-06-03,48.13,869,653,3.34,35.78,119,40.91,0
REC000241,2025-06-03,481.82,943,632,3.61,26.22,113,14.38,20
REC003207,2025-06-03,293.05,876,701,1.15,40.55,108,39.05,25
REC002295,2025-06-03,273.07,891,653,5.09,40.53,112,42.55,0
REC001979,2025-06-04,152.4,874,663,3.62,19.81,101,25.15,25
REC001234,2025-06-05,66.55,909,628,4.07,29.93,103,44.64,10
REC004640,2025-06-05,96.21,905,636,2.21,15.73,111,33.39,25
REC004156,2025-06-05,55.23,902,658,5.28,50.66,124,22.44,25
REC003713,2025-06-06,81.65,879,668,3.03,35.82,109,37.03,5
REC001067,2025-06-06,57.04,905,652,4.84,37.01,115,32.35,15
REC002147,2025-06-06,77.58,932,653,3.9,38.38,125,41.74,5
REC004724,2025-06-07,103.15,874,613,3.34,48.87,117,53.65,30
REC002561,2025-06-07,231.27,893,634,4.24,43.66,122,46.68,10
REC000659,2025-06-08,73.49,877,630,4.06,64.17,128,41.31,25
REC001381,2025-06-08,40.73,938,672,4.38,27.85,122,48.8,20
REC001198,2025-06-08,207.81,876,612,3.84,32.44,110,31.58,5
REC003937,2025-06-09,84.21,858,637,4.38,32.77,106,42.49,30
REC004418,2025-06-09,84.77,916,631,4.56,82.57,117,46.05,20
REC000820,2025-06-09,56.17,914,655,3.58,32.34,115,27.25,5
REC004237,2025-06-10,113.56,877,635,3.82,102.91,127,58.24,20
REC003493,2025-06-10,252.21,912,621,4.17,67.24,100,31.14,10
REC000376,2025-06-11,162.09,945,685,3.92,31.99,100,49.5,15
REC003823,2025-06-11,213.65,884,691,4.99,70.36,117,46.34,5
REC003899,2025-06-11,181.89,877,642,3.03,32.6,123,55.39,15
REC000430,2025-06-11,138.08,878,644,3.13,20.18,102,28.12,20
REC004959,2025-06-11,262.1,862,630,4.03,33.75,108,61.48,15
REC005839,2025-06-12,238.0,880,678,4.4,18.01,114,59.67,15
REC000514,2025-06-12,69.72,920,617,2.21,62.7,105,53.38,25
REC003349,2025-06-12,225.11,910,656,1.36,35.36,130,52.73,15
REC003339,2025-06-12,113.3,897,616,3.81,19.92,122,36.36,20
REC004173,2025-06-12,184.23,879,577,4.94,48.21,107,44.77,10
REC002527,2025-06-12,72.87,914,620,6.75,53.38,104,40.54,15
REC001932,2025-06-12,191.73,907,652,5.72,17.3,123,40.58,20
REC001175,2025-06-12,184.75,883,620,5.02,44.86,103,31.67,5
REC005609,2025-06-12,169.18,942,665,2.71,51.33,113,59.86,5
REC005477,2025-06-12,239.12,916,658,2.94,44.78,128,32.37,25
REC000454,2025-06-12,324.23,931,649,4.24,58.36,114,43.65,15
REC000530,2025-06-12,137.0,876,676,2.01,28.37,129,30.95,15
REC001104,2025-06-12,261.91,905,598,3.48,15.48,134,23.32,15
REC005201,2025-06-13,228.4,919,675,4.05,36.23,108,16.34,15
REC005018,2025-06-13,157.26,893,688,2.83,39.15,113,34.54,15
REC003896,2025-06-13,219.66,846,610,3.04,14.35,129,37.33,5
REC003962,2025-06-13,161.31,906,664,2.54,26.02,132,35.82,0
REC005333,2025-06-13,55.96,938,668,3.31,29.02,121,29.07,5
REC002030,2025-06-14,376.29,892,660,3.67,36.65,107,55.1,5
REC005166,2025-06-14,94.45,891,646,6.34,63.54,115,21.06,5
REC005264,2025-06-14,117.94,913,626,4.04,58.7,110,24.58,15
REC005276,2025-06-15,69.33,903,639,1.41,43.73,115,34.05,0
REC001211,2025-06-15,53.72,912,667,2.7,72.77,135,26.66,10
REC002013,2025-06-15,100.11,878,626,3.21,27.22,129,42.18,25
REC000681,2025-06-15,95.51,916,638,3.55,78.87,117,24.63,15
REC003810,2025-06-15,358.5,905,625,1.92,44.55,110,31.76,25
REC004038,2025-06-15,172.45,919,655,4.63,76.14,109,28.79,30
REC002035,2025-06-15,65.42,892,625,4.61,19.04,127,23.67,5
REC000369,2025-06-16,175.97,898,658,2.36,56.3,110,39.06,30
REC002789,2025-06-16,73.32,916,672,5.02,26.49,116,55.65,0
REC000697,2025-06-16,160.74,876,679,3.87,11.26,139,19.08,20
REC003527,2025-06-16,140.89,900,613,4.34,30.03,125,26.15,15
REC003224,2025-06-16,87.51,894,614,5.06,84.25,127,29.01,15
REC003486,2025-06-17,155.4,856,615,4.99,36.89,104,54.98,10
REC002373,2025-06-17,189.63,921,637,2.89,31.02,144,35.91,0
REC000805,2025-06-17,126.89,896,661,3.58,68.26,104,40.44,15
REC005364,2025-06-17,100.48,910,647,2.91,52.14,107,39.72,15
REC005426,2025-06-17,282.3,911,646,4.76,18.69,106,24.63,10
REC003720,2025-06-17,100.52,920,653,5.01,27.33,123,34.41,10
REC005677,2025-06-17,63.03,900,641,4.3,39.3,129,32.32,15
REC002674,2025-06-18,62.34,869,635,6.86,98.94,136,22.1,20
REC001191,2025-06-18,131.64,868,660,3.51,47.74,109,22.73,25
REC003358,2025-06-18,319.05,856,673,3.71,56.96,115,34.71,10
REC001382,2025-06-18,126.08,896,635,4.53,45.74,114,23.37,15
REC003986,2025-06-19,277.12,913,637,3.54,37.6,122,46.51,25
REC001507,2025-06-19,108.96,884,651,3.67,39.9,114,37.44,10
REC001888,2025-06-19,253.06,883,662,4.04,31.04,112,42.54,0
REC003664,2025-06-19,127.4,866,586,2.89,26.16,113,56.59,30
REC002690,2025-06-19,194.4,899,695,5.19,30.0,119,38.83,20
REC000685,2025-06-19,216.37,935,662,4.02,24.51,127,49.18,25
REC000656,2025-06-19,133.8,872,625,4.1,65.17,110,50.28,20
REC002931,2025-06-20,280.57,894,692,4.89,8.38,115,54.3,15
REC005388,2025-06-20,57.8,908,625,1.97,63.33,115,45.82,20
REC001006,2025-06-21,425.8,928,658,4.09,88.4,115,38.34,5
REC003992,2025-06-21,157.06,896,632,3.84,26.46,119,27.09,25
REC000947,2025-06-21,457.74,842,627,2.94,18.14,101,37.78,10
REC000063,2025-06-22,126.31,877,621,3.5,43.17,128,56.84,0
REC003272,2025-06-22,314.6,925,604,2.87,28.73,115,46.0,20
REC000962,2025-06-22,68.56,894,653,4.14,20.04,126,22.68,20
REC005649,2025-06-23,162.88,918,632,4.65,80.44,130,40.82,30
REC002000,2025-06-23,102.27,922,664,1.77,30.5,116,37.8,5
REC003071,2025-06-24,84.66,856,640,4.36,19.97,101,40.44,20
REC002324,2025-06-24,200.08,912,654,5.01,23.83,109,25.83,15
REC001296,2025-06-24,144.0,882,612,2.52,20.67,120,24.05,30
REC003663,2025-06-24,98.22,954,649,5.64,40.64,115,39.02,30
REC004080,2025-06-24,36.33,913,646,3.54,92.43,142,27.92,15
REC001674,2025-06-24,198.61,841,685,2.8,18.74,137,37.93,10
REC000378,2025-06-25,210.71,927,629,3.97,33.93,127,49.12,15
REC005098,2025-06-26,35.35,909,668,4.69,18.42,118,70.54,10
REC005117,2025-06-26,320.34,872,640,2.47,39.06,120,23.2,10
REC002199,2025-06-26,450.62,908,641,4.39,67.26,97,35.16,25
REC002150,2025-06-26,919.66,954,641,5.14,59.55,103,48.27,20
REC003965,2025-06-27,98.95,911,640,4.45,74.2,120,37.0,15
REC002776,2025-06-27,88.68,912,674,3.34,39.22,121,24.82,5
REC001508,2025-06-27,152.5,901,607,3.59,44.07,109,42.83,5
REC002175,2025-06-28,146.99,854,645,4.11,83.94,109,51.62,0
REC001266,2025-06-28,352.44,890,660,3.31,10.73,116,45.62,15
REC002113,2025-06-28,548.7,913,639,5.19,76.32,96,27.96,10
REC004827,2025-06-28,599.59,889,624,0.8,56.69,113,24.88,20
REC001733,2025-06-28,198.29,867,622,5.2,19.6,112,37.96,20
REC005197,2025-06-29,74.15,897,642,3.75,71.06,101,33.74,0
REC004220,2025-06-29,273.41,869,661,5.87,20.19,136,53.48,10
REC002968,2025-06-29,101.52,915,585,3.77,24.61,128,35.87,25
REC000218,2025-06-29,612.75,887,588,3.34,48.7,117,29.32,5
REC005256,2025-06-29,178.68,818,627,3.47,50.78,113,40.08,10
REC001647,2025-06-30,93.03,930,627,4.21,48.8,111,29.14,15
REC001652,2025-06-30,274.15,885,634,3.61,123.76,139,31.32,5
REC004107,2025-06-30,194.33,851,628,3.57,70.15,130,36.68,25
REC003133,2025-06-30,95.37,914,672,2.48,38.95,131,23.19,10
REC000602,2025-07-01,220.49,878,607,5.88,41.18,131,51.6,10
REC000020,2025-07-01,254.12,908,619,4.73,93.04,120,50.96,10
REC001543,2025-07-02,130.32,898,590,2.04,41.24,93,27.22,10
REC003070,2025-07-02,259.9,870,661,4.64,45.87,126,38.47,25
REC001776,2025-07-02,148.16,908,685,4.9,24.36,109,30.41,10
REC002758,2025-07-03,296.67,903,652,3.59,57.98,117,46.1,5
REC003601,2025-07-03,117.13,901,641,4.84,64.69,117,40.83,10
REC004389,2025-07-03,155.41,897,627,4.93,63.17,127,41.72,25
REC003702,2025-07-03,48.16,944,645,2.76,26.97,110,44.5,15
REC002805,2025-07-03,43.91,925,626,5.53,104.19,117,34.85,10
REC000410,2025-07-04,293.97,863,596,5.32,50.7,110,40.58,5
REC004626,2025-07-05,130.82,895,657,3.86,26.79,107,34.64,5
REC005847,2025-07-05,72.57,911,636,4.14,37.73,126,30.15,5
REC005318,2025-07-05,461.7,941,654,3.89,17.94,120,44.33,5
REC001560,2025-07-05,97.54,946,662,3.08,35.32,107,48.3,15
REC000159,2025-07-05,112.07,922,681,5.58,119.91,97,59.12,30
REC004295,2025-07-05,97.75,916,646,3.08,54.25,102,37.57,15
REC001681,2025-07-06,179.98,891,644,4.94,31.8,108,35.92,5
REC003833,2025-07-06,246.01,903,681,4.82,70.99,124,45.78,20
REC001367,2025-07-06,207.42,875,624,2.85,51.16,126,33.45,30
REC000468,2025-07-06,84.23,906,686,3.02,25.49,101,47.99,25
REC004718,2025-07-07,137.91,820,648,4.35,38.38,118,36.3,5
REC000516,2025-07-07,273.15,863,705,3.79,69.0,117,60.59,5
REC000087,2025-07-07,304.97,888,649,5.14,26.78,116,26.3,5
REC000356,2025-07-07,338.54,936,664,5.86,65.94,119,45.03,25
REC005696,2025-07-08,169.26,956,625,4.0,42.76,108,15.62,0
REC005642,2025-07-08,53.5,891,590,2.75,26.08,113,26.52,5
REC004691,2025-07-08,71.27,900,643,4.39,18.2,109,45.78,10
REC002745,2025-07-09,99.76,894,611,3.9,53.87,124,37.63,0
REC003611,2025-07-09,128.96,922,608,2.87,32.66,114,28.17,5
REC003229,2025-07-10,127.63,910,649,4.61,35.22,101,53.33,30
REC004584,2025-07-10,207.8,890,631,3.97,34.52,129,47.54,20
REC003412,2025-07-10,289.16,904,644,2.79,31.38,100,37.82,15
REC003853,2025-07-10,188.78,896,677,4.13,55.27,110,45.55,0
REC005468,2025-07-10,89.11,903,594,3.21,70.03,133,55.18,5
REC001440,2025-07-11,143.15,887,661,5.07,27.63,114,40.63,20
REC001874,2025-07-12,397.65,919,619,3.75,48.07,120,41.16,10
REC004507,2025-07-12,181.56,944,656,2.18,62.0,102,50.53,5
REC000723,2025-07-12,183.82,920,598,4.19,56.81,120,25.83,5
REC001784,2025-07-12,87.32,829,657,4.86,68.67,113,43.05,20
REC001878,2025-07-13,503.46,923,634,4.43,21.73,128,47.39,10
REC004314,2025-07-13,137.23,893,651,4.65,16.08,110,28.72,5
REC002155,2025-07-13,208.75,913,670,4.83,53.38,100,25.27,20
REC004037,2025-07-13,123.71,905,624,4.98,18.41,119,24.68,5
REC002709,2025-07-13,82.39,925,659,4.18,68.42,114,41.59,5
REC005427,2025-07-14,359.23,927,643,3.35,50.62,125,33.89,15
REC004301,2025-07-14,508.07,917,629,3.23,53.62,116,30.39,15
REC005627,2025-07-14,203.24,908,633,4.31,17.89,120,36.99,5
REC001320,2025-07-15,42.02,962,678,4.73,29.69,128,38.95,10
REC005610,2025-07-15,99.24,883,630,3.39,78.98,98,56.08,10
REC005925,2025-07-15,112.14,878,612,3.9,15.97,120,18.19,15
REC000960,2025-07-15,319.01,928,585,3.22,33.12,109,39.65,5
REC002567,2025-07-15,131.1,891,660,6.96,44.95,120,26.56,25
REC005895,2025-07-16,120.11,950,650,3.34,69.6,117,23.19,0
REC001524,2025-07-16,109.68,898,622,2.29,107.12,121,21.27,15
REC002309,2025-07-16,136.08,846,656,3.21,77.24,123,39.64,5
REC005676,2025-07-17,20.17,888,627,3.63,18.31,101,42.06,10
REC004252,2025-07-17,283.31,906,645,2.71,48.9,136,42.17,15
REC002822,2025-07-17,122.96,919,588,2.52,40.69,134,56.59,10
REC003239,2025-07-17,106.8,907,628,2.8,170.18,112,35.86,10
REC002403,2025-07-18,199.37,909,639,2.46,52.04,131,42.76,0
REC003388,2025-07-18,198.19,914,606,3.61,46.78,139,19.07,10
REC005943,2025-07-18,234.04,900,619,5.34,46.63,128,47.43,5
REC005614,2025-07-18,325.99,903,665,4.07,15.8,143,47.4,10
REC002593,2025-07-19,197.96,856,649,3.68,36.24,113,32.19,10
REC000052,2025-07-19,51.86,913,617,5.39,45.3,95,22.13,0
REC003742,2025-07-19,125.5,875,628,2.17,39.9,114,39.3,0
REC001300,2025-07-20,276.7,857,656,3.36,21.36,112,47.81,10
REC001767,2025-07-20,68.85,899,613,4.27,33.0,102,36.59,15
REC000841,2025-07-21,207.12,881,666,2.75,34.35,129,53.95,15
REC005297,2025-07-22,113.05,940,664,2.35,18.37,109,39.07,20
REC004754,2025-07-22,212.17,902,670,2.77,32.48,117,55.59,15
REC003560,2025-07-22,87.55,918,604,2.18,27.65,128,49.34,10
REC001447,2025-07-23,47.99,879,616,5.25,70.52,106,43.73,5
REC004886,2025-07-23,157.15,887,665,4.31,37.07,121,33.12,10
REC002053,2025-07-23,69.19,937,634,4.76,40.04,103,18.35,20
REC002275,2025-07-24,76.36,895,625,4.14,46.66,124,44.52,0
REC000599,2025-07-24,134.02,903,606,3.83,33.87,112,25.37,25
REC004931,2025-07-24,70.07,947,661,4.99,11.09,108,50.92,10
REC005324,2025-07-24,133.26,924,642,4.14,74.78,125,53.39,15
REC004930,2025-07-24,226.24,890,638,3.88,132.23,115,45.25,15
REC002049,2025-07-25,248.69,932,636,0.8,34.58,119,53.38,10
REC000766,2025-07-25,183.48,915,642,4.08,39.9,114,53.92,25
REC003119,2025-07-25,283.46,970,685,2.25,44.28,95,41.7,15
REC004661,2025-07-25,76.27,938,643,3.38,37.06,118,52.54,0
REC000414,2025-07-25,107.29,885,644,3.49,45.61,94,55.76,15
REC003504,2025-07-25,118.95,906,629,2.71,61.19,116,27.19,20
REC003120,2025-07-25,199.9,899,633,3.79,23.99,129,31.25,20
REC005651,2025-07-25,713.84,933,647,2.9,63.12,121,36.71,25
REC004144,2025-07-26,60.7,899,661,3.21,27.07,124,42.55,10
REC005399,2025-07-26,205.48,917,679,5.77,24.28,119,34.93,10
REC003240,2025-07-26,163.32,877,659,4.26,46.32,120,18.32,25
REC002491,2025-07-26,239.25,1003,624,3.6,37.18,112,25.25,5
REC005003,2025-07-26,207.72,880,648,4.48,14.33,105,61.98,15
REC003549,2025-07-26,103.34,951,656,3.58,21.69,131,42.53,10
REC004689,2025-07-27,149.01,863,644,1.46,40.44,121,44.62,10
REC002220,2025-07-27,249.65,899,629,1.04,95.36,116,33.25,5
REC002679,2025-07-27,228.64,959,624,2.43,24.36,112,40.3,15
REC005036,2025-07-27,159.5,928,635,3.78,92.32,116,36.97,0
REC004743,2025-07-27,267.33,891,612,4.53,26.78,116,45.75,25
REC001071,2025-07-27,396.56,901,639,4.21,43.92,114,13.8,5
REC001044,2025-07-28,120.62,912,616,4.0,87.79,103,51.06,15
REC004081,2025-07-28,216.82,889,616,3.18,52.07,108,35.22,15
REC001156,2025-07-29,190.05,905,636,3.1,65.91,104,35.27,0
REC005372,2025-07-29,154.11,922,661,5.12,24.62,106,73.29,25
REC002363,2025-07-29,176.1,884,631,3.03,40.05,111,29.61,20
REC004502,2025-07-29,211.88,906,625,2.57,61.77,128,31.91,5
REC000236,2025-07-29,47.12,912,646,4.77,43.52,125,24.52,25
REC005100,2025-07-29,74.42,931,655,4.06,17.21,127,35.03,10
REC002308,2025-07-30,130.78,913,638,2.9,31.76,128,39.8,25
REC003764,2025-07-30,276.39,954,606,4.12,71.2,135,45.15,25
REC005164,2025-07-31,145.96,943,635,2.3,34.5,111,26.31,5
REC000903,2025-07-31,47.99,918,625,2.32,45.58,114,65.12,15
REC000644,2025-07-31,195.47,921,651,2.96,65.4,122,32.57,30
REC001075,2025-07-31,830.09,928,644,2.55,47.78,107,37.24,15
REC004236,2025-07-31,207.48,889,640,2.37,56.36,104,36.79,30
REC001668,2025-07-31,187.13,953,625,3.89,35.14,118,41.41,5
REC004200,2025-07-31,127.9,905,648,1.34,71.81,124,37.12,15
REC004343,2025-07-31,202.17,923,620,4.45,52.51,113,43.34,25
REC000559,2025-08-01,105.12,874,671,4.11,22.75,118,28.0,10
REC002131,2025-08-01,46.6,874,685,4.07,67.58,100,49.34,15
REC005517,2025-08-01,427.22,920,647,3.14,39.73,110,18.58,15
REC000668,2025-08-01,49.64,897,643,5.43,20.13,117,25.35,15
REC005510,2025-08-01,106.74,938,657,1.38,40.13,112,24.98,20
REC001098,2025-08-02,73.78,873,677,3.56,90.24,106,56.31,25
REC002842,2025-08-02,127.56,863,623,4.41,60.02,106,36.35,15
REC002560,2025-08-02,310.66,921,628,5.79,33.6,121,49.99,10
REC001092,2025-08-02,79.62,889,635,7.54,75.26,121,34.72,10
REC000405,2025-08-03,169.95,867,630,4.08,38.69,116,31.49,30
REC000739,2025-08-03,481.86,904,653,3.71,11.07,106,36.36,15
REC004566,2025-08-03,180.51,921,616,4.41,37.63,108,53.15,10
REC000324,2025-08-03,158.85,893,661,3.23,29.63,113,24.32,15
REC002940,2025-08-03,274.38,922,669,4.24,15.96,115,46.17,20
REC005561,2025-08-03,250.09,907,665,3.07,19.61,121,54.33,0
REC004749,2025-08-04,72.62,885,625,5.4,20.44,113,17.28,20
REC005281,2025-08-04,74.05,871,654,1.72,41.08,133,29.86,10
REC001005,2025-08-04,187.05,925,637,3.88,32.89,118,30.73,0
REC003734,2025-08-04,52.7,883,650,2.66,73.34,125,32.06,5
REC000831,2025-08-04,166.12,899,638,3.74,39.21,118,29.49,10
REC000373,2025-08-05,37.49,919,653,2.65,33.46,113,48.39,5
REC002689,2025-08-05,138.11,930,671,3.75,61.74,111,44.63,15
REC005866,2025-08-05,29.03,974,622,5.22,32.1,129,14.4,10
REC005034,2025-08-05,201.63,881,633,4.24,61.34,115,60.96,20
REC001021,2025-08-06,304.92,921,611,3.51,62.32,109,28.47,20
REC000521,2025-08-07,172.37,933,613,3.96,50.53,115,32.16,5
REC004972,2025-08-07,75.46,897,658,3.23,51.91,95,38.48,20
REC005748,2025-08-07,273.82,889,636,5.19,24.97,112,28.6,5
REC003115,2025-08-08,77.14,929,641,2.24,31.01,132,29.83,25
REC005056,2025-08-08,61.98,886,631,4.18,28.29,117,50.94,15
REC003419,2025-08-08,94.75,881,622,4.07,17.07,102,41.89,15
REC000965,2025-08-08,109.91,940,670,4.58,184.25,115,50.48,20
REC004160,2025-08-08,197.83,902,648,3.77,40.75,123,46.54,5
REC004012,2025-08-09,342.19,903,648,1.7,23.77,124,41.62,10
REC000913,2025-08-09,399.7,847,646,5.73,60.87,100,34.67,0
REC005476,2025-08-09,450.38,922,650,5.1,56.32,101,49.11,25
REC001060,2025-08-09,157.93,877,627,3.79,78.82,126,44.01,10
REC000224,2025-08-10,183.13,920,657,3.4,23.03,114,14.64,10
REC004608,2025-08-11,109.01,908,665,4.95,52.16,113,34.28,10
REC001721,2025-08-12,56.55,916,617,3.76,45.76,105,61.97,5
REC003433,2025-08-12,226.86,961,585,3.97,66.58,121,58.71,15
REC000472,2025-08-12,234.66,915,620,4.11,14.56,119,39.22,5
REC002657,2025-08-12,66.62,855,669,5.02,19.17,119,48.3,0
REC003321,2025-08-12,168.37,926,633,3.18,83.31,106,40.2,15
REC004447,2025-08-13,131.2,912,641,2.46,46.0,125,50.28,25
REC001000,2025-08-13,140.24,896,649,3.92,41.15,112,51.36,5
REC001605,2025-08-13,849.75,874,643,3.14,52.28,121,42.08,5
REC002577,2025-08-13,215.52,908,636,6.31,16.93,115,12.7,10
REC002617,2025-08-14,58.14,910,682,4.04,29.64,125,38.4,5
REC000429,2025-08-14,63.75,890,661,4.89,52.69,118,33.08,5
REC002774,2025-08-14,65.33,961,651,3.0,26.98,120,48.03,30
REC001831,2025-08-15,50.28,912,630,3.54,50.5,117,35.27,10
REC001756,2025-08-15,126.17,876,674,3.22,37.97,118,44.67,10
REC000851,2025-08-15,227.8,824,647,3.99,27.61,104,44.99,15
REC004921,2025-08-15,67.0,908,659,2.67,70.74,117,9.03,20
REC005831,2025-08-15,111.1,857,692,5.43,35.98,109,44.58,15
REC005715,2025-08-15,84.21,928,639,4.54,41.54,95,12.83,0
REC001935,2025-08-15,281.81,943,684,3.16,47.87,99,32.05,20
REC001376,2025-08-16,74.93,945,628,4.17,65.84,111,44.09,15
REC000980,2025-08-16,108.16,926,664,3.13,46.66,126,24.67,20
REC004269,2025-08-16,118.6,843,597,3.08,25.27,108,27.85,20
REC005055,2025-08-17,296.89,920,646,4.19,57.01,109,36.11,10
REC002093,2025-08-17,327.28,935,660,3.81,29.81,119,41.53,0
REC003326,2025-08-17,254.06,927,660,1.2,68.65,129,56.68,15
REC005857,2025-08-17,397.74,923,643,3.92,41.16,107,47.03,10
REC000847,2025-08-18,134.54,882,636,3.99,77.47,108,19.08,5
REC004744,2025-08-18,228.2,945,628,4.27,48.16,103,24.92,5
REC000231,2025-08-18,200.05,910,650,2.23,81.65,129,52.24,20
REC000117,2025-08-18,50.17,882,637,3.32,21.97,129,35.01,5
REC005838,2025-08-18,59.07,912,636,5.3,23.61,105,34.14,10
REC004966,2025-08-19,193.86,889,595,3.93,86.72,134,21.44,25
REC002189,2025-08-19,187.55,899,624,2.61,75.33,130,42.23,30
REC004364,2025-08-19,226.29,847,634,3.71,28.27,112,40.1,10
REC000444,2025-08-19,77.52,873,664,2.52,43.29,120,40.7,0
REC004839,2025-08-19,197.71,899,602,4.44,31.28,128,27.6,20
REC002391,2025-08-19,126.73,927,654,2.4,37.11,112,58.75,20
REC003368,2025-08-19,63.51,893,653,4.13,31.07,123,45.37,10
REC003661,2025-08-20,35.33,899,670,5.35,17.47,106,35.99,20
REC001305,2025-08-20,170.42,887,598,4.98,32.51,121,28.73,0
REC002271,2025-08-20,71.32,874,682,3.26,15.35,119,44.33,5
REC005577,2025-08-20,404.36,888,642,2.15,25.37,124,40.47,10
REC003350,2025-08-20,96.97,883,657,4.24,47.42,113,33.38,20
REC002502,2025-08-21,444.74,881,611,2.36,27.73,104,55.2,20
REC000077,2025-08-21,174.63,878,633,3.87,17.95,120,42.48,20
REC004969,2025-08-21,91.01,916,643,2.33,63.44,124,52.43,10
REC000930,2025-08-22,221.93,910,648,1.64,14.05,104,47.5,10
REC005379,2025-08-22,274.88,875,642,3.53,116.73,127,54.2,15
REC000225,2025-08-22,327.29,878,623,4.35,25.02,114,30.68,0
REC004471,2025-08-22,143.75,915,655,3.9,56.37,107,36.93,20
REC004344,2025-08-22,331.17,874,649,4.0,38.43,105,42.55,10
REC005457,2025-08-22,278.83,865,667,3.7,62.41,112,39.86,10
REC000073,2025-08-22,52.44,972,649,2.97,18.21,114,59.94,15
REC005196,2025-08-23,51.57,881,631,4.07,20.18,114,69.12,30
REC003930,2025-08-23,125.28,874,627,2.49,106.42,121,39.44,10
REC001687,2025-08-23,560.87,875,605,4.24,44.31,99,39.03,30
REC005390,2025-08-23,455.68,821,645,3.41,32.33,125,8.03,15
REC005221,2025-08-23,108.24,861,612,5.4,53.76,120,29.32,20
REC002987,2025-08-24,44.74,975,599,2.75,54.92,92,56.55,10
REC001308,2025-08-24,1056.8,897,673,6.01,42.12,120,34.99,0
REC002052,2025-08-24,345.58,920,666,3.05,15.5,117,62.6,5
REC003370,2025-08-24,160.78,841,628,3.13,102.0,121,32.13,5
REC002196,2025-08-25,133.1,911,643,2.87,59.34,121,36.42,10
REC004431,2025-08-25,306.64,900,644,2.12,48.87,121,41.36,5
REC005392,2025-08-25,431.58,931,681,6.19,60.49,117,41.15,5
REC005428,2025-08-25,141.41,981,609,3.97,25.23,106,30.83,10
REC001926,2025-08-25,376.72,950,620,4.4,15.58,115,50.88,20
REC003658,2025-08-25,98.45,875,620,5.05,26.14,106,31.11,15
REC001691,2025-08-26,180.31,923,640,2.57,25.42,127,42.16,5
REC004491,2025-08-26,179.69,898,655,4.39,17.96,114,43.56,0
REC003871,2025-08-26,58.87,848,665,4.49,30.35,114,49.43,20
REC004377,2025-08-26,203.58,849,681,3.05,54.16,102,23.27,20
REC001902,2025-08-26,36.96,917,660,2.29,35.05,114,32.49,15
REC004918,2025-08-27,35.69,883,632,4.26,30.17,116,23.84,5
REC003456,2025-08-27,289.9,887,639,4.86,147.62,124,20.47,20
REC004497,2025-08-27,156.71,916,633,3.14,53.08,107,14.12,5
REC004753,2025-08-28,123.59,853,655,2.99,15.3,123,22.78,10
REC001963,2025-08-29,171.82,869,648,5.37,19.22,116,53.43,25
REC005300,2025-08-29,125.39,916,645,4.42,76.52,127,45.43,15
REC004254,2025-08-29,153.91,890,651,5.28,40.36,130,21.22,0
REC002454,2025-08-29,244.25,913,639,4.45,38.14,103,10.47,10
REC005395,2025-08-29,87.47,877,637,2.23,37.76,109,22.77,15
REC000201,2025-08-29,45.95,919,685,3.29,36.4,110,40.55,15
REC003364,2025-08-29,127.87,850,601,2.0,55.4,99,39.32,5
REC005380,2025-08-30,71.28,921,649,4.06,55.48,120,44.0,25
REC003968,2025-08-30,134.39,881,654,4.85,33.01,107,35.17,0
REC003095,2025-08-30,147.02,911,638,3.38,11.43,135,39.85,5
REC005650,2025-08-30,514.91,927,673,5.36,33.39,125,23.53,15
REC005654,2025-08-30,140.38,853,635,4.51,20.28,118,24.36,5
REC001920,2025-08-31,409.63,968,640,4.87,13.52,106,43.82,30
REC002723,2025-08-31,65.67,876,663,4.67,39.24,113,44.77,20
REC004811,2025-08-31,146.47,959,649,4.17,25.69,120,21.36,15
REC002166,2025-08-31,86.26,899,681,2.39,39.08,120,57.82,25
REC001640,2025-09-01,91.57,860,652,5.19,63.06,148,42.34,0
REC000114,2025-09-01,95.54,949,661,3.29,25.95,114,23.62,10
REC000925,2025-09-01,151.75,913,625,3.73,29.63,103,26.45,20
REC000883,2025-09-01,213.5,904,605,2.04,16.99,105,39.39,5
REC003002,2025-09-01,110.83,885,684,5.73,25.57,149,40.61,25
REC005966,2025-09-02,74.85,885,621,4.07,82.41,114,38.81,30
REC002051,2025-09-03,48.9,871,631,3.82,35.52,125,43.21,25
REC004512,2025-09-03,252.18,878,645,3.22,34.57,121,44.63,15
REC003049,2025-09-03,561.01,878,625,5.4,62.72,119,47.81,20
REC005112,2025-09-03,62.31,864,606,4.16,26.84,118,43.13,10
REC004656,2025-09-03,156.29,938,627,3.2,49.35,116,35.85,20
REC004128,2025-09-03,471.09,941,640,4.26,55.5,132,26.7,15
REC002205,2025-09-04,53.65,891,651,0.97,30.57,106,40.74,20
REC004422,2025-09-04,564.25,875,572,3.21,40.35,115,43.24,5
REC003247,2025-09-04,184.36,908,641,4.02,32.4,101,42.45,20
REC003496,2025-09-04,154.14,916,672,3.24,40.19,120,38.22,0
REC001571,2025-09-05,137.62,927,599,3.96,47.25,106,40.11,5
REC000134,2025-09-05,373.83,908,646,4.52,32.34,125,25.52,15
REC004459,2025-09-05,170.96,890,610,4.04,20.07,93,59.03,10
REC004318,2025-09-06,22.23,861,599,5.25,19.1,116,26.33,15
REC005900,2025-09-06,112.45,899,657,4.3,22.83,118,45.71,10
REC002915,2025-09-06,183.24,932,613,3.16,56.85,114,48.69,10
REC001302,2025-09-07,62.9,885,658,3.7,32.28,105,56.54,5
REC000238,2025-09-07,85.7,911,680,4.32,14.18,103,29.53,15
REC002651,2025-09-07,904.86,917,625,1.75,25.85,103,27.09,5
REC000394,2025-09-07,178.42,903,616,4.36,21.22,102,29.12,0
REC002156,2025-09-07,156.1,888,613,5.66,118.33,117,36.64,10
REC001738,2025-09-07,75.23,868,601,4.86,101.27,111,28.48,10
REC001545,2025-09-07,189.19,905,609,2.81,38.66,110,35.26,15
REC000003,2025-09-08,196.44,877,649,3.83,109.68,129,22.33,10
REC000029,2025-09-08,172.23,830,669,3.01,56.59,114,12.79,20
REC001881,2025-09-08,96.03,882,673,4.93,69.86,116,28.55,0
REC005743,2025-09-08,147.09,873,637,5.08,58.05,109,62.82,15
REC001431,2025-09-09,114.23,889,614,3.81,55.13,123,29.78,25
REC002506,2025-09-09,276.15,891,657,3.04,22.32,122,39.55,10
REC002747,2025-09-09,412.43,931,689,4.26,15.34,129,25.95,10
REC003293,2025-09-09,543.58,941,616,3.05,134.71,122,26.82,0
REC000248,2025-09-10,497.73,889,603,2.53,83.78,105,50.47,10
REC000834,2025-09-10,72.91,906,633,3.68,40.22,118,45.79,15
REC005015,2025-09-10,70.86,888,624,2.78,25.37,115,49.77,20
REC001118,2025-09-11,380.61,900,628,5.3,27.36,128,32.62,30
REC001321,2025-09-11,197.15,871,633,3.89,66.43,103,45.95,15
REC002184,2025-09-12,308.56,980,649,2.93,73.79,105,31.65,15
REC005740,2025-09-12,82.66,927,657,2.54,65.66,122,45.28,20
REC000917,2025-09-12,239.58,854,631,3.87,34.23,106,11.62,10
REC005279,2025-09-13,71.31,917,661,3.76,20.71,113,55.72,10
REC002684,2025-09-13,391.26,868,613,6.41,25.85,113,31.7,10
REC004955,2025-09-13,51.27,899,659,3.92,70.24,102,47.42,10
REC002339,2025-09-14,62.46,907,642,4.59,33.63,125,54.18,5
REC004990,2025-09-15,317.21,906,561,5.47,35.07,123,30.11,10
REC004651,2025-09-15,56.07,899,600,2.42,35.85,111,26.94,15
REC005415,2025-09-15,232.43,864,632,3.7,13.54,109,73.47,25
REC005786,2025-09-15,132.59,895,649,3.56,80.75,131,47.32,0
REC004404,2025-09-15,192.59,958,628,3.74,56.08,100,41.81,0
REC004456,2025-09-15,186.87,933,664,3.29,29.24,117,26.05,20
REC005041,2025-09-15,43.43,904,642,3.99,45.75,86,44.12,15
REC005153,2025-09-15,291.39,872,656,3.46,43.87,121,45.64,30
REC004174,2025-09-15,126.23,865,657,1.22,32.28,115,46.17,5
REC004672,2025-09-15,151.29,870,653,4.29,21.86,129,26.01,0
REC001236,2025-09-16,264.42,897,609,3.86,23.02,120,19.52,15
REC004889,2025-09-16,170.5,852,617,5.51,33.88,122,39.08,15
REC004894,2025-09-16,127.31,930,676,3.09,54.77,113,56.07,20
REC001504,2025-09-16,32.58,896,635,2.38,47.0,112,41.7,25
REC001139,2025-09-17,253.19,899,606,2.95,175.49,117,49.25,25
REC002103,2025-09-17,215.18,867,655,4.11,69.47,122,43.2,15
REC002379,2025-09-17,229.5,869,606,2.97,46.59,111,49.19,10
REC000555,2025-09-17,391.96,918,676,4.54,30.66,115,34.22,25
REC003511,2025-09-18,138.19,873,625,4.44,19.01,123,57.39,5
REC002811,2025-09-18,234.43,923,618,3.89,43.55,112,34.34,15
REC002871,2025-09-18,78.65,872,697,4.1,19.82,123,64.2,5
REC005837,2025-09-19,448.74,921,641,3.06,42.08,115,37.79,20
REC003302,2025-09-19,144.97,841,667,4.52,27.79,108,28.14,5
REC000832,2025-09-19,190.44,861,639,3.1,43.89,115,47.91,15
REC004193,2025-09-19,247.74,926,641,4.2,38.34,117,36.82,20
REC000305,2025-09-20,94.3,947,655,2.48,48.09,130,18.19,10
REC001819,2025-09-20,215.36,896,670,3.85,52.06,103,35.61,5
REC001384,2025-09-20,92.12,910,651,5.16,57.04,107,52.31,25
REC004556,2025-09-20,285.9,947,667,3.86,35.29,103,30.37,0
REC003988,2025-09-21,101.7,902,628,4.01,26.23,126,30.42,5
REC002742,2025-09-21,58.47,922,662,4.19,83.24,116,26.1,15
REC000929,2025-09-21,361.2,846,612,3.17,18.52,119,40.27,10
REC005639,2025-09-21,255.6,913,652,2.08,28.96,103,35.43,15
REC005548,2025-09-21,227.19,965,631,2.34,47.85,97,52.22,10
REC003430,2025-09-21,76.11,872,698,2.83,80.3,102,34.52,15
REC003317,2025-09-21,223.96,919,593,4.84,27.83,106,33.39,0
REC004660,2025-09-22,63.21,918,636,2.74,29.37,124,47.82,15
REC005229,2025-09-22,78.06,950,694,3.68,50.56,124,35.1,15
REC001698,2025-09-22,102.84,942,617,2.06,23.55,115,29.47,30
REC005589,2025-09-22,181.38,882,616,4.05,76.34,107,42.02,15
REC005783,2025-09-22,396.25,845,655,2.63,30.51,112,49.16,20
REC005081,2025-09-23,429.12,877,666,2.4,65.3,109,20.48,10
REC002633,2025-09-23,91.86,913,638,2.6,59.28,128,21.41,20
REC003756,2025-09-25,113.43,934,636,3.23,15.38,114,28.53,10
REC001049,2025-09-25,157.33,916,630,4.4,27.21,108,53.16,5
REC004296,2025-09-25,80.34,859,572,3.95,14.62,123,62.21,25
REC005714,2025-09-25,273.71,895,652,3.34,64.54,121,35.15,0
REC000018,2025-09-25,459.2,877,656,3.54,35.46,116,24.58,25
REC001808,2025-09-26,251.7,908,627,4.1,128.9,124,44.05,15
REC004568,2025-09-26,270.65,876,674,4.17,16.58,127,47.67,0
REC001611,2025-09-27,133.14,851,619,2.26,35.32,118,54.96,30
REC003815,2025-09-27,194.74,901,665,4.47,11.51,118,31.71,10
REC004164,2025-09-27,120.6,935,660,4.03,27.77,132,45.74,0
REC000198,2025-09-27,89.76,880,629,3.24,42.21,101,30.94,25
REC002954,2025-09-27,133.47,936,689,5.58,80.35,85,37.37,10
REC001261,2025-09-28,238.18,865,624,3.13,45.6,130,16.6,10
REC003296,2025-09-29,25.06,921,605,3.74,97.77,103,28.61,20
REC005189,2025-09-29,119.88,948,651,3.8,17.63,114,28.57,0
REC000647,2025-09-29,188.18,863,637,3.25,42.67,102,59.95,10
REC001617,2025-09-30,80.73,903,622,3.41,51.18,119,55.92,10
REC004355,2025-09-30,174.2,905,612,3.71,39.47,126,31.59,20
REC001842,2025-09-30,143.0,907,658,4.52,22.15,113,31.94,5
REC000920,2025-09-30,131.04,905,635,5.52,22.84,100,38.76,30
REC001763,2025-09-30,121.78,863,618,3.35,40.36,125,37.65,15
REC001872,2025-09-30,111.53,901,662,3.35,26.55,107,34.34,0
REC003977,2025-09-30,464.15,891,640,4.84,25.52,130,33.23,5
REC001387,2025-10-01,138.88,934,593,4.61,58.69,122,33.72,5
REC004052,2025-10-01,102.26,904,649,4.75,25.29,115,47.63,15
REC001393,2025-10-03,156.72,918,692,2.9,34.27,115,42.13,0
REC004517,2025-10-03,147.2,933,647,3.28,34.84,118,34.33,10
REC005239,2025-10-03,101.54,888,672,5.22,20.31,119,51.89,20
REC005207,2025-10-03,137.52,909,657,3.83,57.57,113,50.87,15
REC002591,2025-10-04,84.58,918,597,4.84,69.36,118,29.5,15
REC001303,2025-10-04,98.89,883,583,5.48,68.29,106,44.0,25
REC001849,2025-10-04,84.83,966,628,3.95,35.22,108,21.58,10
REC004413,2025-10-05,128.45,963,618,1.42,60.05,114,51.1,5
REC002923,2025-10-05,167.88,882,642,3.1,73.49,106,52.77,10
REC004458,2025-10-05,61.32,885,676,3.56,26.77,99,24.05,5
REC005244,2025-10-06,145.35,890,648,3.25,22.23,118,24.84,25
REC003736,2025-10-06,131.85,884,668,3.31,21.92,116,25.5,10
REC001474,2025-10-06,163.68,891,658,3.85,25.5,120,27.03,20
REC002020,2025-10-06,163.38,862,662,3.23,32.01,113,36.38,25
REC005551,2025-10-06,311.46,928,625,2.81,37.84,101,50.08,10
REC005443,2025-10-06,191.01,896,653,4.76,28.42,116,39.01,15
REC001601,2025-10-06,80.47,932,657,4.5,50.16,118,41.53,20
REC004501,2025-10-06,78.16,899,697,2.28,64.23,119,29.58,10
REC002162,2025-10-07,189.17,881,619,3.46,80.69,130,14.78,15
REC005258,2025-10-07,233.74,889,663,2.34,26.58,127,47.24,5
REC004579,2025-10-07,148.87,922,668,5.96,70.59,124,40.69,10
REC003304,2025-10-08,627.61,915,655,5.12,26.34,107,55.52,0
REC001188,2025-10-08,42.67,923,629,3.93,28.59,113,51.58,10
REC000701,2025-10-09,398.06,919,648,2.62,75.34,112,42.39,15
REC005876,2025-10-09,477.94,970,625,4.23,21.83,116,52.42,15
REC003820,2025-10-09,110.84,923,620,4.57,91.28,116,55.38,5
REC000859,2025-10-09,100.65,881,637,5.02,86.45,112,52.5,0
REC001257,2025-10-09,125.78,858,675,3.63,25.23,108,43.6,5
REC000331,2025-10-10,55.08,864,624,5.03,16.07,124,36.95,10
REC003957,2025-10-10,261.99,878,625,3.29,55.47,110,33.79,10
REC000085,2025-10-10,150.05,892,584,2.06,60.31,133,27.42,25
REC004875,2025-10-10,429.46,867,622,5.36,84.64,103,22.44,20
REC005383,2025-10-10,155.96,800,653,4.53,30.34,110,38.3,10
REC002420,2025-10-10,359.15,869,612,2.39,29.04,118,24.17,10
REC001426,2025-10-10,138.33,942,642,5.74,26.76,96,32.41,10
REC002509,2025-10-10,133.58,914,684,4.71,85.5,105,42.29,25
REC000614,2025-10-11,81.85,899,655,4.48,29.99,115,28.51,10
REC004450,2025-10-11,94.76,879,646,5.76,50.84,111,33.24,0
REC001927,2025-10-11,107.38,924,678,3.03,37.0,111,45.7,10
REC001929,2025-10-12,134.25,927,626,3.8,15.56,106,38.5,15
REC002849,2025-10-12,130.58,903,644,6.08,16.33,132,45.16,25
REC004997,2025-10-12,106.44,916,628,3.85,19.5,114,39.36,15
REC002033,2025-10-12,190.41,887,651,3.16,64.66,105,28.66,20
REC002765,2025-10-12,237.38,908,610,2.9,34.95,123,48.91,10
REC005387,2025-10-12,127.67,880,659,3.06,100.21,131,26.31,15
REC001684,2025-10-13,254.88,868,661,4.91,28.04,129,16.63,20
REC000746,2025-10-13,129.16,920,695,2.71,87.34,129,35.05,15
REC005093,2025-10-13,130.47,886,646,2.94,49.3,115,24.52,5
REC000069,2025-10-13,152.87,866,656,4.35,39.0,110,42.22,10
REC004065,2025-10-13,80.65,931,635,2.19,12.55,110,11.76,5
REC000172,2025-10-13,216.21,895,612,4.15,74.09,130,62.35,0
REC005077,2025-10-14,843.36,893,659,4.85,26.83,125,32.27,10
REC002474,2025-10-14,46.75,948,637,4.54,21.34,133,33.83,15
REC000037,2025-10-14,363.22,877,654,2.92,30.55,121,50.5,5
REC003842,2025-10-14,102.38,907,672,2.1,65.67,128,39.54,0
REC000692,2025-10-14,527.71,906,642,2.43,36.41,110,57.42,20
REC002590,2025-10-14,247.03,909,661,4.81,44.57,91,32.34,5
REC003524,2025-10-15,82.28,941,643,4.57,20.91,104,38.5,10
REC005319,2025-10-15,92.99,935,630,3.93,23.24,119,30.71,30
REC000535,2025-10-15,59.84,897,661,4.72,27.19,133,38.7,10
REC001748,2025-10-15,178.68,934,684,3.4,38.6,125,42.79,20
REC002095,2025-10-15,826.97,871,630,3.45,54.4,106,22.47,15
REC004731,2025-10-16,48.65,837,579,2.39,26.78,108,49.33,25
REC001032,2025-10-16,123.36,940,596,3.51,25.94,135,45.57,10
REC004722,2025-10-17,90.83,860,628,4.4,15.37,118,42.38,15
REC002586,2025-10-17,186.79,895,626,3.03,30.39,117,32.97,10
REC001634,2025-10-17,147.21,875,637,5.24,37.64,111,49.45,5
REC004386,2025-10-17,144.54,923,658,3.46,7.64,122,46.9,10
REC004349,2025-10-17,110.79,889,677,3.93,78.45,101,45.37,25
REC003614,2025-10-17,545.82,868,638,3.34,100.08,103,57.18,5
REC002087,2025-10-18,152.92,877,634,4.16,25.97,109,60.75,10
REC001046,2025-10-18,118.54,940,661,3.42,54.45,123,58.99,0
REC005802,2025-10-18,213.2,883,607,4.63,53.04,112,31.51,10
REC001806,2025-10-18,663.96,898,685,3.47,51.36,106,59.0,25
REC002436,2025-10-19,49.67,893,656,4.93,38.49,123,21.22,25
REC001410,2025-10-19,236.54,864,651,3.61,42.7,119,31.85,25
REC002070,2025-10-19,263.12,950,634,4.49,50.15,108,21.23,20
REC003963,2025-10-20,60.84,893,702,3.3,59.28,101,26.17,10
REC004239,2025-10-20,254.22,957,695,2.36,25.33,112,44.2,0
REC000133,2025-10-20,97.46,883,661,4.5,49.42,118,45.39,20
REC005825,2025-10-20,192.81,885,664,3.71,56.3,109,27.9,20
REC000057,2025-10-21,126.77,962,622,3.38,46.8,127,19.29,30
REC000001,2025-10-21,82.91,893,672,4.55,65.98,120,34.77,20
REC001584,2025-10-21,79.55,883,621,1.02,28.96,117,50.56,25
REC000825,2025-10-21,474.04,840,621,3.69,28.39,117,36.28,15
REC003904,2025-10-21,52.87,919,704,3.5,55.8,108,22.96,15
REC003684,2025-10-22,317.46,919,728,3.45,90.15,123,57.57,25
REC002124,2025-10-23,152.54,968,649,4.27,41.12,129,35.67,5
REC004302,2025-10-23,65.51,899,673,4.47,24.22,112,24.65,15
REC002448,2025-10-23,308.01,941,645,4.37,49.91,104,39.55,20
REC001621,2025-10-24,214.16,899,632,4.11,45.59,136,13.75,5
REC004674,2025-10-24,368.98,854,670,3.98,21.17,122,28.9,0
REC000821,2025-10-24,105.56,861,656,5.31,38.91,107,42.97,10
REC005323,2025-10-24,91.64,876,634,2.66,64.45,122,29.19,10
REC001047,2025-10-25,223.75,891,628,4.27,41.81,111,38.39,25
REC004117,2025-10-25,129.39,871,594,3.95,54.46,105,39.57,15
REC001467,2025-10-25,497.13,897,668,4.37,61.88,113,21.87,20
REC000784,2025-10-25,239.66,924,644,3.78,67.87,108,32.11,10
REC002242,2025-10-25,493.42,946,647,3.06,22.37,118,33.43,25
REC001696,2025-10-25,101.95,906,682,3.51,38.0,108,73.22,25
REC003332,2025-10-25,94.13,861,608,4.5,49.77,99,35.43,20
REC004448,2025-10-26,312.09,897,640,4.97,32.44,108,23.91,10
REC005433,2025-10-26,430.79,883,624,4.59,50.52,124,46.66,5
REC004732,2025-10-27,639.82,927,656,2.78,43.89,98,34.01,25
REC004234,2025-10-27,46.55,911,610,2.72,27.22,132,42.18,20
REC000828,2025-10-27,372.56,870,618,4.24,43.08,106,54.71,20
REC005127,2025-10-27,664.62,914,650,4.26,92.59,127,43.84,20
REC003452,2025-10-27,288.8,894,597,5.41,99.88,105,42.06,10
REC003418,2025-10-28,85.05,964,634,2.26,124.41,140,74.22,10
REC005265,2025-10-28,125.91,944,661,4.76,93.32,121,19.36,10
REC000948,2025-10-28,37.97,849,615,1.87,49.3,98,21.26,20
REC001711,2025-10-28,267.21,904,614,2.35,35.2,118,51.31,0
REC002494,2025-10-29,313.68,890,657,2.85,46.08,92,31.28,10
REC004637,2025-10-29,86.72,890,597,3.37,25.92,103,38.75,20
REC004158,2025-10-29,243.3,897,648,4.66,20.78,111,29.07,15
REC000619,2025-10-30,197.89,910,639,4.32,24.38,126,40.04,25
REC004758,2025-10-30,179.74,867,686,3.73,88.16,121,34.86,20
REC004612,2025-10-30,76.08,938,663,4.62,36.37,100,28.69,10
REC002492,2025-10-30,174.61,909,640,4.94,29.05,118,35.43,15
REC002625,2025-10-30,253.75,874,648,2.9,46.69,95,16.04,10
REC003480,2025-10-31,280.33,915,653,4.98,31.24,97,37.92,20
REC001292,2025-10-31,240.1,913,645,3.96,29.72,128,39.16,10
REC002023,2025-10-31,130.18,919,667,1.96,43.83,119,42.23,20
REC005529,2025-10-31,74.22,884,634,3.9,92.75,129,16.06,30
REC005771,2025-10-31,118.95,831,659,4.77,44.84,121,52.74,15
REC003469,2025-11-01,110.13,907,647,1.39,39.63,130,69.12,0
REC003671,2025-11-01,222.66,906,631,3.49,192.46,142,50.94,10
REC004662,2025-11-01,197.42,917,665,3.39,100.6,113,24.78,15
REC002281,2025-11-01,93.93,881,673,4.73,56.83,107,19.16,5
REC002385,2025-11-01,259.6,826,675,3.62,23.55,122,29.49,10
REC003574,2025-11-02,151.2,893,669,5.3,61.21,116,40.82,20
REC002673,2025-11-02,188.86,879,628,4.15,53.94,115,23.31,10
REC001492,2025-11-02,439.79,898,646,5.67,30.44,109,18.76,5
REC005862,2025-11-02,257.38,929,649,1.15,11.78,106,50.26,5
REC000447,2025-11-02,121.34,910,653,2.86,80.22,107,42.47,20
REC000719,2025-11-02,100.02,915,614,3.44,26.29,117,18.01,25
REC000138,2025-11-02,179.23,887,628,5.71,43.63,97,34.9,5
REC002401,2025-11-03,122.46,921,609,5.08,21.67,110,49.17,15
REC004594,2025-11-03,52.15,893,642,4.51,26.56,118,43.19,5
REC005480,2025-11-03,65.64,915,628,3.38,47.14,108,43.78,0
REC002280,2025-11-03,216.12,920,638,4.87,25.55,103,30.42,15
REC002934,2025-11-03,47.77,856,599,4.18,59.88,128,58.08,15
REC001443,2025-11-04,58.6,912,647,5.0,51.54,116,39.58,20
REC005140,2025-11-04,155.97,882,635,4.41,64.91,106,43.2,15
REC003747,2025-11-04,177.12,922,646,3.99,58.17,106,43.66,5
REC002969,2025-11-04,90.07,895,620,3.3,18.93,110,39.92,15
REC003383,2025-11-04,101.88,880,588,2.55,43.57,114,32.59,15
REC002369,2025-11-04,143.25,894,651,2.37,30.3,115,46.22,5
REC000887,2025-11-04,490.27,917,607,3.96,69.48,126,40.38,10
REC000714,2025-11-04,103.73,918,608,4.09,40.71,103,52.71,15
REC005821,2025-11-05,166.23,898,630,4.6,52.71,119,38.22,5
REC001345,2025-11-05,53.54,876,684,3.76,35.36,107,49.0,5
REC001414,2025-11-05,197.58,877,634,2.79,122.48,100,48.32,10
REC003498,2025-11-06,256.02,857,609,2.52,221.75,110,50.49,10
REC002881,2025-11-07,168.02,872,627,5.14,18.19,109,58.5,15
REC000606,2025-11-07,147.45,915,658,6.63,25.15,112,52.94,20
REC000002,2025-11-07,112.01,944,673,3.59,24.01,109,59.04,0
REC000871,2025-11-07,167.49,908,658,3.69,23.85,106,24.63,5
REC003676,2025-11-08,68.71,853,653,2.8,44.26,103,39.88,5
REC003696,2025-11-08,454.52,874,674,3.71,18.97,114,47.16,5
REC005123,2025-11-08,286.37,919,622,2.94,46.06,133,49.18,0
REC002629,2025-11-09,82.21,851,604,2.98,23.39,131,43.57,5
REC002960,2025-11-09,201.44,916,689,4.03,17.92,111,41.04,30
REC005994,2025-11-09,387.59,874,620,4.44,39.19,129,40.62,15
REC001957,2025-11-09,150.84,919,637,3.76,43.5,98,48.63,10
REC000120,2025-11-10,171.91,950,655,4.05,62.77,123,58.75,10
REC001340,2025-11-10,166.22,904,618,3.38,50.02,117,37.8,5
REC000285,2025-11-10,62.01,852,628,2.75,16.66,129,34.44,10
REC005979,2025-11-10,137.48,925,621,3.83,71.66,122,52.19,15
REC005453,2025-11-11,144.09,883,647,3.71,44.82,109,8.0,20
REC001109,2025-11-11,163.74,943,650,4.02,40.22,120,42.96,20
REC000556,2025-11-11,150.07,880,639,1.47,47.13,130,52.08,10
REC004017,2025-11-11,533.18,936,685,3.33,53.92,110,48.16,10
REC000445,2025-11-11,107.78,883,636,4.67,36.14,123,34.97,25
REC004788,2025-11-11,329.45,878,622,4.26,32.48,116,54.02,20
REC001148,2025-11-11,98.84,909,636,3.08,13.61,107,35.7,5
REC002707,2025-11-11,113.52,931,601,3.65,27.71,120,44.05,10
REC003975,2025-11-12,121.94,904,626,3.52,49.08,100,48.17,0
REC005280,2025-11-12,148.16,875,597,4.82,34.84,117,24.42,5
REC003089,2025-11-12,95.07,906,653,3.56,19.57,124,33.99,15
REC004007,2025-11-13,127.72,942,622,6.32,41.77,128,41.65,30
REC004041,2025-11-13,138.31,892,645,4.22,41.78,116,43.93,15
REC003316,2025-11-14,199.74,915,649,3.27,35.15,118,27.76,5
REC005770,2025-11-15,114.26,888,619,3.45,46.51,134,25.47,10
REC002806,2025-11-15,183.56,856,642,5.07,46.27,114,43.35,15
REC003281,2025-11-15,203.9,901,617,3.62,99.86,100,36.27,10
REC005283,2025-11-16,38.24,898,637,4.82,56.82,121,25.69,25
REC005461,2025-11-16,190.78,923,648,3.81,21.95,126,57.94,20
REC003236,2025-11-16,189.57,863,676,3.71,22.03,119,44.68,5
REC000387,2025-11-16,100.98,914,650,3.23,67.13,107,11.83,0
REC002614,2025-11-16,229.03,863,623,3.78,43.65,105,32.53,25
REC004245,2025-11-16,267.6,909,595,6.14,46.33,128,46.82,5
REC002667,2025-11-17,190.2,925,693,6.85,36.24,120,17.2,25
REC005381,2025-11-17,160.9,898,627,5.52,65.21,118,43.27,5
REC005674,2025-11-17,138.02,935,605,5.1,40.26,116,16.58,20
REC003308,2025-11-17,143.22,869,656,4.91,66.88,105,33.11,15
REC003860,2025-11-17,130.61,834,641,2.4,19.54,120,36.22,15
REC000768,2025-11-18,84.93,914,648,4.62,95.04,125,19.14,15
REC000216,2025-11-18,197.65,909,670,4.67,42.98,140,30.55,15
REC001511,2025-11-18,142.7,951,608,2.31,55.91,98,33.96,5
REC000810,2025-11-18,121.26,947,577,5.7,9.49,117,31.17,10
REC004655,2025-11-18,273.44,886,642,2.0,32.85,117,21.6,10
REC000049,2025-11-19,206.07,884,637,4.97,39.96,124,23.49,10
REC002407,2025-11-19,218.15,987,580,5.08,51.98,120,38.71,0
REC004837,2025-11-19,99.67,918,636,4.0,54.54,113,22.7,30
REC003949,2025-11-19,64.16,990,642,4.19,54.25,101,60.51,0
REC004782,2025-11-19,72.31,880,631,3.43,30.76,123,37.34,15
REC002683,2025-11-19,216.08,917,613,3.99,37.86,120,42.16,0
REC003169,2025-11-20,265.14,909,670,3.26,41.23,126,43.7,5
REC003103,2025-11-20,253.73,903,639,2.41,50.65,110,51.95,10
REC005764,2025-11-20,70.57,907,650,4.76,50.29,122,29.11,25
REC004860,2025-11-20,101.47,867,639,5.51,46.26,104,31.86,5
REC003157,2025-11-20,137.28,868,649,2.61,56.81,118,42.24,25
REC000802,2025-11-20,396.67,895,684,1.98,82.17,102,36.86,5
REC001132,2025-11-22,32.69,940,605,4.92,48.79,111,15.47,0
REC003099,2025-11-22,93.66,887,629,1.81,34.57,107,41.68,15
REC000853,2025-11-22,175.82,897,682,2.31,33.55,127,32.23,0
REC000713,2025-11-22,142.4,859,647,3.15,16.11,116,41.89,5
REC004748,2025-11-23,281.85,906,630,4.16,76.17,107,50.99,0
REC001078,2025-11-23,93.24,913,664,2.72,68.18,104,55.34,0
REC003825,2025-11-23,73.74,874,656,2.35,52.81,92,44.22,10
REC004913,2025-11-23,168.3,839,672,1.23,28.42,107,35.72,0
REC001464,2025-11-23,255.6,879,585,4.46,54.74,112,38.65,10
REC002247,2025-11-24,48.8,938,636,3.75,65.08,108,38.63,5
REC002663,2025-11-24,125.01,912,645,2.78,29.87,119,35.13,0
REC004273,2025-11-24,188.87,908,642,4.25,101.22,118,75.0,15
REC005198,2025-11-25,162.13,913,610,5.18,11.99,99,44.74,25
REC001201,2025-11-25,107.75,918,685,4.47,88.16,120,27.55,10
REC000329,2025-11-25,208.27,888,645,3.44,68.6,120,50.71,10
REC000438,2025-11-26,73.92,924,651,2.7,40.58,127,62.19,15
REC001990,2025-11-26,271.09,874,632,3.41,62.92,113,44.91,0
REC000543,2025-11-26,143.35,931,652,3.7,25.65,126,31.87,10
REC004897,2025-11-26,306.16,898,662,4.78,147.94,114,24.75,5
REC004588,2025-11-26,511.15,886,627,2.59,35.73,100,51.07,20
REC000102,2025-11-26,74.42,868,635,2.29,29.39,122,43.03,25
REC004250,2025-11-27,205.41,943,719,4.28,17.35,128,44.62,10
REC004720,2025-11-27,225.03,913,655,3.64,45.75,103,29.02,20
REC001493,2025-11-27,100.38,856,627,4.42,35.97,119,37.78,0
REC000399,2025-11-28,200.25,945,654,2.88,22.86,116,52.76,20
REC000349,2025-11-28,125.66,876,634,4.7,34.14,105,47.52,0
REC005442,2025-11-28,99.1,894,626,3.99,21.08,106,40.18,10
REC000560,2025-11-28,172.71,909,664,2.27,44.99,124,21.09,20
REC003482,2025-11-28,102.28,887,629,5.79,10.6,99,44.51,0
REC002498,2025-11-28,79.45,937,641,5.03,14.9,134,36.6,5
REC005159,2025-11-29,94.1,901,654,3.88,19.28,112,28.27,20
REC004043,2025-11-29,103.77,866,646,3.9,46.01,107,10.78,20
REC000403,2025-11-29,61.66,896,665,2.8,24.51,102,51.18,10
REC005089,2025-11-29,158.39,932,680,4.14,31.59,92,26.91,10
REC002140,2025-11-30,106.5,853,639,3.1,93.73,116,21.67,25
REC000251,2025-11-30,393.8,951,651,3.3,26.1,125,28.68,0
REC005568,2025-11-30,197.88,946,643,3.37,56.52,102,52.64,15
REC001256,2025-11-30,333.89,925,703,3.98,15.03,110,11.98,10
REC005932,2025-11-30,138.88,907,627,3.42,127.98,129,33.69,0
REC003268,2025-12-01,126.97,905,667,2.77,19.59,101,40.37,30
REC001361,2025-12-02,254.05,851,632,2.5,24.7,94,48.35,10
REC004290,2025-12-02,84.75,930,638,4.85,146.4,128,30.99,5
REC003062,2025-12-02,461.36,916,661,5.75,40.18,122,45.25,20
REC004483,2025-12-02,125.26,888,641,4.59,31.38,117,33.79,25
REC000749,2025-12-02,69.45,836,595,3.78,27.94,122,39.73,15
REC000734,2025-12-02,215.02,887,635,2.13,47.13,127,61.08,15
REC002991,2025-12-02,281.71,842,645,3.52,28.27,110,33.61,25
REC005753,2025-12-02,70.07,879,680,4.2,67.44,102,36.82,15
REC005806,2025-12-02,56.78,888,592,4.93,57.02,100,30.9,5
REC004384,2025-12-03,187.08,920,660,2.71,24.91,111,31.54,10
REC005029,2025-12-03,49.95,901,651,4.97,26.96,113,57.35,0
REC003074,2025-12-03,142.17,916,602,3.02,27.5,111,30.33,10
REC003539,2025-12-04,199.95,858,639,3.6,75.3,107,22.43,15
REC000116,2025-12-04,54.18,928,661,3.78,37.93,120,31.19,25
REC002751,2025-12-04,314.38,835,640,5.41,17.52,122,22.51,0
REC000017,2025-12-04,96.04,878,596,4.79,98.7,106,32.53,15
REC005350,2025-12-04,104.16,830,619,3.61,83.94,113,48.35,0
REC005010,2025-12-04,49.06,874,686,3.63,9.66,116,39.27,5
REC001160,2025-12-04,112.58,899,621,4.83,31.96,110,55.53,10
REC000183,2025-12-05,213.29,864,630,5.16,58.78,100,31.44,5
REC003726,2025-12-05,195.82,875,636,2.49,26.71,119,19.26,15
REC000466,2025-12-05,71.59,908,658,2.23,35.62,96,33.96,20
REC000978,2025-12-06,91.83,866,671,3.35,30.23,122,38.42,10
REC000040,2025-12-06,75.28,836,637,4.27,18.59,100,22.47,20
REC005105,2025-12-07,130.53,902,663,5.4,28.16,121,43.58,5
REC000320,2025-12-08,453.03,887,616,2.56,61.03,108,43.72,25
REC004606,2025-12-08,79.42,944,650,3.49,136.2,109,26.44,5
REC005345,2025-12-08,160.35,867,674,3.5,48.14,94,61.16,30
REC002450,2025-12-08,209.52,957,664,4.1,100.73,108,47.62,25
REC001790,2025-12-08,149.29,870,669,4.21,18.06,116,45.78,15
REC001639,2025-12-08,269.94,936,618,3.3,43.29,116,23.61,10
REC005638,2025-12-08,665.66,867,660,3.89,24.47,107,36.49,0
REC002065,2025-12-08,126.11,881,638,3.58,31.88,120,30.63,30
REC000597,2025-12-09,96.05,918,661,2.97,16.84,107,35.58,5
REC001719,2025-12-09,189.39,870,638,2.42,25.47,103,42.02,10
REC000990,2025-12-09,253.03,872,614,2.92,32.31,118,34.81,15
REC003848,2025-12-09,144.89,926,631,0.97,99.54,127,34.21,15
REC000374,2025-12-09,106.65,1002,614,3.97,46.51,109,28.56,15
REC001331,2025-12-09,68.81,941,654,3.5,70.52,87,35.31,10
REC004103,2025-12-10,185.45,891,631,2.76,29.85,109,25.82,20
REC000573,2025-12-10,133.69,912,671,3.75,24.42,105,31.82,0
REC005473,2025-12-10,164.68,909,640,3.77,57.34,100,42.65,10
REC001093,2025-12-10,72.69,884,593,3.18,29.01,117,30.01,25
REC004702,2025-12-11,339.43,841,684,3.62,36.29,113,34.59,10
REC005009,2025-12-11,132.36,900,635,4.28,45.96,126,58.97,15
REC004261,2025-12-11,78.95,891,663,4.25,33.45,112,15.03,5
REC003592,2025-12-12,103.54,935,656,5.39,26.41,103,35.99,10
REC002929,2025-12-12,136.15,916,664,3.06,38.75,129,53.66,20
REC004176,2025-12-12,142.31,904,657,3.99,65.4,124,22.46,20
REC001125,2025-12-12,51.3,905,621,5.65,71.84,104,40.02,15
REC000047,2025-12-13,193.15,928,608,3.4,23.75,120,35.02,10
REC004934,2025-12-13,248.89,855,683,3.16,48.09,103,36.85,5
REC001597,2025-12-13,156.25,967,628,3.64,16.75,100,57.61,25
REC005535,2025-12-13,229.77,888,637,3.67,72.07,125,31.41,5
REC004644,2025-12-14,519.64,900,609,5.08,66.91,116,20.78,0
REC005045,2025-12-14,388.73,880,643,5.78,41.45,115,8.84,20
REC000119,2025-12-14,144.01,929,638,4.24,24.72,118,43.38,15
REC000854,2025-12-14,131.08,907,599,4.21,39.09,107,8.0,5
REC002618,2025-12-14,340.0,909,643,2.46,38.01,124,32.75,0
REC000288,2025-12-14,48.99,924,683,3.28,99.99,125,42.02,10
REC004438,2025-12-14,111.62,867,625,3.4,59.76,110,41.53,15
REC004303,2025-12-15,323.86,893,640,1.39,22.3,136,45.51,20
REC000942,2025-12-15,717.05,923,598,3.83,29.55,107,36.11,30
REC004773,2025-12-15,106.44,960,654,2.02,37.76,104,47.39,5
REC005766,2025-12-15,414.47,897,634,2.25,34.35,127,29.16,15
REC001033,2025-12-15,278.38,924,642,4.02,37.18,126,37.28,15
REC003645,2025-12-17,197.59,886,630,2.43,22.56,113,45.84,5
REC002231,2025-12-17,85.78,924,642,4.46,18.61,114,49.89,15
REC001396,2025-12-18,223.69,898,694,4.6,42.32,118,56.88,5
REC003900,2025-12-18,133.29,866,660,4.41,43.96,97,55.35,0
REC001594,2025-12-18,137.39,889,609,4.77,72.65,127,50.17,5
REC005410,2025-12-18,284.22,895,610,4.44,43.0,108,26.6,25
REC001108,2025-12-18,155.94,919,651,3.86,26.05,105,51.15,5
REC000623,2025-12-18,249.98,933,607,3.04,18.53,123,34.93,10
REC003704,2025-12-18,164.24,917,586,5.04,37.62,124,31.01,15
REC003057,2025-12-18,85.28,872,638,1.21,11.96,95,21.79,10
REC000284,2025-12-18,86.37,868,660,3.27,21.75,118,30.04,10
REC003318,2025-12-18,138.07,862,626,2.15,48.1,101,50.09,15
REC003417,2025-12-19,170.53,830,621,4.95,25.22,132,45.01,15
REC004146,2025-12-20,185.36,904,631,3.95,48.03,110,26.38,5
REC005343,2025-12-20,71.9,997,651,5.91,116.3,110,8.0,20
REC005974,2025-12-20,293.07,861,667,5.82,76.35,136,52.64,0
REC003753,2025-12-21,108.11,934,627,3.97,50.76,116,8.0,15
REC005787,2025-12-21,214.88,902,655,4.1,46.64,119,33.05,15
REC005945,2025-12-21,156.01,897,683,4.63,36.78,108,47.38,10
REC004020,2025-12-22,92.29,925,605,3.87,43.21,127,28.82,15
REC002327,2025-12-22,451.66,913,639,5.57,90.59,116,39.76,15
REC005511,2025-12-22,134.06,904,624,2.9,50.11,125,48.48,15
REC004565,2025-12-22,74.28,919,616,4.42,15.69,133,35.51,10
REC001341,2025-12-23,117.49,942,653,2.08,16.59,109,28.91,20
REC000157,2025-12-23,179.79,859,629,2.38,34.42,114,31.0,5
REC004307,2025-12-23,182.91,947,571,3.97,63.22,110,16.25,15
REC003083,2025-12-23,116.37,945,620,3.87,36.47,108,62.79,0
REC001554,2025-12-23,45.0,918,636,3.04,14.74,115,24.2,10
REC004795,2025-12-23,54.35,909,634,2.21,36.54,121,28.23,5
REC002886,2025-12-24,126.16,923,634,3.29,77.83,119,30.8,10
REC002284,2025-12-24,235.39,917,643,2.3,56.4,121,49.56,0
REC005629,2025-12-24,79.33,859,620,3.66,28.38,97,25.81,10
REC002927,2025-12-24,226.77,946,659,3.62,81.36,118,32.58,10
REC004373,2025-12-25,188.75,910,638,4.93,55.47,124,43.78,25
REC002579,2025-12-25,161.75,883,688,4.45,25.49,118,41.54,0
REC003893,2025-12-25,56.26,826,594,4.3,51.72,110,34.94,15
REC000545,2025-12-25,183.87,915,622,3.4,21.12,129,41.45,5
REC002791,2025-12-25,133.58,924,687,3.92,15.84,128,56.02,25
REC002659,2025-12-25,36.26,943,640,3.96,13.33,129,41.72,5
REC004602,2025-12-26,312.28,896,645,3.65,29.05,105,22.07,5
REC005894,2025-12-26,36.96,888,652,3.98,38.07,132,47.52,10
REC003532,2025-12-26,112.49,906,640,3.17,31.24,144,59.6,15
REC005087,2025-12-26,121.66,888,594,2.98,54.06,124,22.82,10
REC001555,2025-12-26,88.36,911,648,4.71,30.37,110,47.33,25
REC001428,2025-12-26,82.67,923,677,3.46,54.34,107,47.17,25
REC004687,2025-12-27,189.7,905,640,4.28,89.45,118,37.78,5
REC005355,2025-12-27,147.1,935,651,4.05,44.77,123,18.56,20
REC003935,2025-12-27,158.33,876,596,2.76,83.26,105,28.05,15
REC002236,2025-12-27,208.6,965,604,5.15,48.84,107,30.12,15
REC002462,2025-12-28,252.93,898,617,5.04,109.69,118,25.37,0
REC002445,2025-12-28,60.71,949,617,3.04,62.01,116,25.09,20
REC001921,2025-12-28,86.24,945,650,3.91,121.5,105,30.54,10
REC003065,2025-12-28,177.76,921,615,2.48,48.0,130,38.41,10
REC000118,2025-12-28,120.02,920,635,3.66,35.22,104,46.88,25
REC002821,2025-12-28,140.29,895,642,4.09,52.53,110,48.48,15
REC000435,2025-12-29,96.42,906,616,4.15,41.67,129,38.33,5
REC003761,2025-12-30,267.12,847,647,5.11,22.32,94,30.38,10
REC001312,2025-12-31,260.2,967,679,4.33,56.58,108,16.16,0
REC001222,2025-12-31,70.79,914,650,2.83,76.35,119,17.9,20
REC004347,2025-12-31,347.95,955,653,3.07,30.93,102,31.67,10
REC005554,2025-12-31,696.04,994,702,3.59,42.17,117,42.8,15
REC000291,2025-12-31,168.1,909,639,2.2,73.75,109,39.86,20
